host,variant,test,runId,runWallMs,guestWorkUs,guestRawSampleMeanUs,canonicalMeanUs,runnerLeafCheck,guestOutcome,framebuffer,oracleFramebuffer,oraclePresent,comparison,rawOutputComplete,processExecution,fixedWork
deck,parent,busy_pfifo.pfifo_saturation,20261004-173927408-5ff9867216d744f791d3e7b56fe0a103,89384.1923,7345329,183632.9,,not evaluated,PASS,618832b1599bf211,1508607624bb8506,True,ineligible,True,completed,"{'revision': 1, 'iterations': 40, 'sample_count': 10, 'measurement_iterations_multiplier': 4, 'warmup_iterations': 3, 'gpu_completion_mode': 'per_iteration', 'unit': 'us', 'direction': 'lower_is_better'}"
deck,parent,busy_pfifo.pgraph_pattern_polling,20261004-173927408-5ff9867216d744f791d3e7b56fe0a103,89384.1923,35835140,8958785,,not evaluated,PASS,386d0f085e98c325,386d0f085e98c325,True,ineligible,True,completed,"{'revision': 1, 'iterations': 4, 'sample_count': 1, 'measurement_iterations_multiplier': 4, 'warmup_iterations': 3, 'gpu_completion_mode': 'per_iteration', 'unit': 'us', 'direction': 'lower_is_better'}"
deck,parent,pfifo_array_elements.array_element_pgr2,20261004-173927408-5ff9867216d744f791d3e7b56fe0a103,89384.1923,44370,1386.25,,not evaluated,PASS,bbc8b0702ffd0325,bbc8b0702ffd0325,True,ineligible,True,completed,"{'revision': 1, 'iterations': 32, 'sample_count': 8, 'measurement_iterations_multiplier': 4, 'warmup_iterations': 3, 'gpu_completion_mode': 'per_iteration', 'unit': 'us', 'direction': 'lower_is_better'}"
deck,parent,pfifo_array_elements.array_element16,20261004-173927408-5ff9867216d744f791d3e7b56fe0a103,89384.1923,63079,1970.75,,not evaluated,PASS,9c884de2a5d32325,9c884de2a5d32325,True,ineligible,True,completed,"{'revision': 1, 'iterations': 32, 'sample_count': 8, 'measurement_iterations_multiplier': 4, 'warmup_iterations': 3, 'gpu_completion_mode': 'per_iteration', 'unit': 'us', 'direction': 'lower_is_better'}"
deck,parent,pfifo_array_elements.array_element32,20261004-173927408-5ff9867216d744f791d3e7b56fe0a103,89384.1923,49595,1549.375,,not evaluated,PASS,e079f0cf1a994325,e079f0cf1a994325,True,ineligible,True,completed,"{'revision': 1, 'iterations': 32, 'sample_count': 8, 'measurement_iterations_multiplier': 4, 'warmup_iterations': 3, 'gpu_completion_mode': 'per_iteration', 'unit': 'us', 'direction': 'lower_is_better'}"
deck,parent,pfifo_packet_boundary.array_element16_overflow,20261004-173927408-5ff9867216d744f791d3e7b56fe0a103,89384.1923,178743,44685,,not evaluated,PASS,4d1756526f052325,,False,ineligible,True,completed,"{'revision': 1, 'iterations': 4, 'sample_count': 1, 'measurement_iterations_multiplier': 4, 'warmup_iterations': 3, 'gpu_completion_mode': 'per_iteration', 'unit': 'us', 'direction': 'lower_is_better'}"
deck,parent,pfifo_packet_boundary.array_element32_overflow,20261004-173927408-5ff9867216d744f791d3e7b56fe0a103,89384.1923,348824,87206,,not evaluated,PASS,6eb7071be692a325,,False,ineligible,True,completed,"{'revision': 1, 'iterations': 4, 'sample_count': 1, 'measurement_iterations_multiplier': 4, 'warmup_iterations': 3, 'gpu_completion_mode': 'per_iteration', 'unit': 'us', 'direction': 'lower_is_better'}"
deck,parent,pfifo_packet_boundary.inline_array_overflow,20261004-173927408-5ff9867216d744f791d3e7b56fe0a103,89384.1923,249506,62376,,not evaluated,PASS,847da1930526a325,,False,ineligible,True,completed,"{'revision': 1, 'iterations': 4, 'sample_count': 1, 'measurement_iterations_multiplier': 4, 'warmup_iterations': 3, 'gpu_completion_mode': 'per_iteration', 'unit': 'us', 'direction': 'lower_is_better'}"
deck,parent,pfifo_packet_boundary.incrementing_inline_fallback,20261004-173927408-5ff9867216d744f791d3e7b56fe0a103,89384.1923,248,62,,not evaluated,PASS,640439ee8ecd2325,,False,ineligible,True,completed,"{'revision': 1, 'iterations': 4, 'sample_count': 1, 'measurement_iterations_multiplier': 4, 'warmup_iterations': 3, 'gpu_completion_mode': 'per_iteration', 'unit': 'us', 'direction': 'lower_is_better'}"
deck,parent,cpu_floating_point.sse_scalar,20261004-174058828-13e24e0e230342f2ba05e5eb6c873629,177956.5825,47800976,1195024.2,1195024.2,passed,PASS,6962077c244da325,6962077c244da325,True,eligible,True,completed,"{'revision': 1, 'iterations': 40, 'sample_count': 10, 'measurement_iterations_multiplier': 4, 'warmup_iterations': 3, 'gpu_completion_mode': 'per_iteration', 'unit': 'us', 'direction': 'lower_is_better'}"
deck,parent,cpu_floating_point.x87_scalar,20261004-174058828-13e24e0e230342f2ba05e5eb6c873629,177956.5825,46389158,1159728.5,1159728.5,passed,PASS,6962077c244da325,6962077c244da325,True,eligible,True,completed,"{'revision': 1, 'iterations': 40, 'sample_count': 10, 'measurement_iterations_multiplier': 4, 'warmup_iterations': 3, 'gpu_completion_mode': 'per_iteration', 'unit': 'us', 'direction': 'lower_is_better'}"
deck,parent,cpu_translation_blocks.direct_loop,20261004-174058828-13e24e0e230342f2ba05e5eb6c873629,177956.5825,785003,19624.6,19624.6,passed,PASS,bd1fc9bf0c318325,bd1fc9bf0c318325,True,eligible,True,completed,"{'revision': 1, 'iterations': 40, 'sample_count': 10, 'measurement_iterations_multiplier': 4, 'warmup_iterations': 3, 'gpu_completion_mode': 'per_iteration', 'unit': 'us', 'direction': 'lower_is_better'}"
deck,parent,cpu_translation_blocks.indirect_dispatch,20261004-174058828-13e24e0e230342f2ba05e5eb6c873629,177956.5825,2702185,67554.3,67554.3,passed,PASS,c0426cf669a02325,c0426cf669a02325,True,eligible,True,completed,"{'revision': 1, 'iterations': 40, 'sample_count': 10, 'measurement_iterations_multiplier': 4, 'warmup_iterations': 3, 'gpu_completion_mode': 'per_iteration', 'unit': 'us', 'direction': 'lower_is_better'}"
deck,parent,cpu_translation_blocks.indirect_dispatch_stress,20261004-174058828-13e24e0e230342f2ba05e5eb6c873629,177956.5825,54465817,1361645.3,1361645.3,passed,PASS,fbd507cb0c622325,fbd507cb0c622325,True,eligible,True,completed,"{'revision': 1, 'iterations': 40, 'sample_count': 10, 'measurement_iterations_multiplier': 4, 'warmup_iterations': 3, 'gpu_completion_mode': 'per_iteration', 'unit': 'us', 'direction': 'lower_is_better'}"
deck,parent,fill_rate.solid,20261004-174358818-f8938301d0af41208195523fe4968452,15282.162,220611,5514.9,5514.9,failed,PASS,aa539e0bcd4e54b3,08b0f60773aac775,True,ineligible,True,completed,"{'revision': 1, 'iterations': 40, 'sample_count': 10, 'measurement_iterations_multiplier': 4, 'warmup_iterations': 3, 'gpu_completion_mode': 'per_iteration', 'unit': 'us', 'direction': 'lower_is_better'}"
deck,parent,fill_rate.textured,20261004-174358818-f8938301d0af41208195523fe4968452,15282.162,347246,8680.7,8680.7,failed,PASS,92f42c56c1fbe869,99b433323df1684d,True,ineligible,True,completed,"{'revision': 1, 'iterations': 40, 'sample_count': 10, 'measurement_iterations_multiplier': 4, 'warmup_iterations': 3, 'gpu_completion_mode': 'per_iteration', 'unit': 'us', 'direction': 'lower_is_better'}"
deck,parent,pipeline_texture_switch.clear_texture_normal,20261004-174416135-5898649e47b1494d883bd4dc0e0e1a80,24599.7828,1125327,35166,,not evaluated,PASS,22ba4f1405cda325,22ba4f1405cda325,True,ineligible,True,completed,"{'revision': 1, 'iterations': 32, 'sample_count': 8, 'measurement_iterations_multiplier': 4, 'warmup_iterations': 3, 'gpu_completion_mode': 'per_iteration', 'unit': 'us', 'direction': 'lower_is_better'}"
deck,parent,pipeline_texture_switch.palette_dma_remap,20261004-174416135-5898649e47b1494d883bd4dc0e0e1a80,24599.7828,66370,16592,,not evaluated,PASS,fbf687de65082325,,False,ineligible,True,completed,"{'revision': 1, 'iterations': 4, 'sample_count': 1, 'measurement_iterations_multiplier': 4, 'warmup_iterations': 3, 'gpu_completion_mode': 'per_iteration', 'unit': 'us', 'direction': 'lower_is_better'}"
deck,parent,pipeline_texture_switch.palette_only_update,20261004-174416135-5898649e47b1494d883bd4dc0e0e1a80,24599.7828,226773,56693,,not evaluated,PASS,467aab2f95cda325,,False,ineligible,True,completed,"{'revision': 1, 'iterations': 4, 'sample_count': 1, 'measurement_iterations_multiplier': 4, 'warmup_iterations': 3, 'gpu_completion_mode': 'per_iteration', 'unit': 'us', 'direction': 'lower_is_better'}"
deck,parent,pipeline_texture_switch.sampler_only_identity,20261004-174416135-5898649e47b1494d883bd4dc0e0e1a80,24599.7828,2044384,63886.5,,not evaluated,PASS,0b8438c8404da325,0b8438c8404da325,True,ineligible,True,completed,"{'revision': 1, 'iterations': 32, 'sample_count': 8, 'measurement_iterations_multiplier': 4, 'warmup_iterations': 3, 'gpu_completion_mode': 'per_iteration', 'unit': 'us', 'direction': 'lower_is_better'}"
deck,parent,pipeline_texture_switch.shader_negative_control,20261004-174416135-5898649e47b1494d883bd4dc0e0e1a80,24599.7828,1569107,49034.125,,not evaluated,PASS,f110c8bd6338c325,f110c8bd6338c325,True,ineligible,True,completed,"{'revision': 1, 'iterations': 32, 'sample_count': 8, 'measurement_iterations_multiplier': 4, 'warmup_iterations': 3, 'gpu_completion_mode': 'per_iteration', 'unit': 'us', 'direction': 'lower_is_better'}"
deck,parent,pipeline_texture_switch.shared_page_overlap,20261004-174416135-5898649e47b1494d883bd4dc0e0e1a80,24599.7828,219349,54837,,not evaluated,PASS,83bb59a8648da325,,False,ineligible,True,completed,"{'revision': 1, 'iterations': 4, 'sample_count': 1, 'measurement_iterations_multiplier': 4, 'warmup_iterations': 3, 'gpu_completion_mode': 'per_iteration', 'unit': 'us', 'direction': 'lower_is_better'}"
deck,parent,pipeline_texture_switch.texture_dma_remap,20261004-174416135-5898649e47b1494d883bd4dc0e0e1a80,24599.7828,66460,16615,,not evaluated,PASS,fbf687de65082325,,False,ineligible,True,completed,"{'revision': 1, 'iterations': 4, 'sample_count': 1, 'measurement_iterations_multiplier': 4, 'warmup_iterations': 3, 'gpu_completion_mode': 'per_iteration', 'unit': 'us', 'direction': 'lower_is_better'}"
deck,parent,pipeline_texture_switch.texture_switch,20261004-174416135-5898649e47b1494d883bd4dc0e0e1a80,24599.7828,1671074,52220.625,,not evaluated,PASS,8ae05d31fb00c325,8ae05d31fb00c325,True,ineligible,True,completed,"{'revision': 1, 'iterations': 32, 'sample_count': 8, 'measurement_iterations_multiplier': 4, 'warmup_iterations': 3, 'gpu_completion_mode': 'per_iteration', 'unit': 'us', 'direction': 'lower_is_better'}"
deck,parent,report_query.clear_boundary,20261004-174442771-081fe6d3e56e46f896936daa13c61d68,15431.7626,25991,1624,,not evaluated,PASS,b5eb7c4b9c8da325,,False,ineligible,True,completed,"{'revision': 2, 'iterations': 16, 'sample_count': 4, 'measurement_iterations_multiplier': 4, 'warmup_iterations': 3, 'gpu_completion_mode': 'per_iteration', 'unit': 'us', 'direction': 'lower_is_better'}"
deck,parent,report_query.dma_descriptor_rewrite,20261004-174442771-081fe6d3e56e46f896936daa13c61d68,15431.7626,12381,12381,,not evaluated,PASS,c0c0fdbececda325,,False,ineligible,True,completed,"{'revision': 2, 'iterations': 1, 'sample_count': 1, 'measurement_iterations_multiplier': 1, 'warmup_iterations': 0, 'gpu_completion_mode': 'per_iteration', 'unit': 'us', 'direction': 'lower_is_better'}"
deck,parent,report_query.dma_range_guard,20261004-174442771-081fe6d3e56e46f896936daa13c61d68,15431.7626,7576,7576,,not evaluated,PASS,3f648ce11a4da325,,False,ineligible,True,completed,"{'revision': 2, 'iterations': 1, 'sample_count': 1, 'measurement_iterations_multiplier': 1, 'warmup_iterations': 0, 'gpu_completion_mode': 'per_iteration', 'unit': 'us', 'direction': 'lower_is_better'}"
deck,parent,report_query.dma_target_switch,20261004-174442771-081fe6d3e56e46f896936daa13c61d68,15431.7626,86391,5399,,not evaluated,PASS,4c4bd8cd440da325,,False,ineligible,True,completed,"{'revision': 2, 'iterations': 16, 'sample_count': 4, 'measurement_iterations_multiplier': 4, 'warmup_iterations': 3, 'gpu_completion_mode': 'per_iteration', 'unit': 'us', 'direction': 'lower_is_better'}"
deck,parent,report_query.fifo_producer_ordering,20261004-174442771-081fe6d3e56e46f896936daa13c61d68,15431.7626,20398,1274.5,,not evaluated,PASS,0d907c24a88da325,,False,ineligible,True,completed,"{'revision': 2, 'iterations': 16, 'sample_count': 4, 'measurement_iterations_multiplier': 4, 'warmup_iterations': 3, 'gpu_completion_mode': 'per_iteration', 'unit': 'us', 'direction': 'lower_is_better'}"
deck,parent,report_query.multiple_boundaries,20261004-174442771-081fe6d3e56e46f896936daa13c61d68,15431.7626,17204,1075,,not evaluated,PASS,0c966fc9ba4da325,,False,ineligible,True,completed,"{'revision': 2, 'iterations': 16, 'sample_count': 4, 'measurement_iterations_multiplier': 4, 'warmup_iterations': 3, 'gpu_completion_mode': 'per_iteration', 'unit': 'us', 'direction': 'lower_is_better'}"
deck,parent,report_query.single_boundary,20261004-174442771-081fe6d3e56e46f896936daa13c61d68,15431.7626,7743,483.5,,not evaluated,PASS,60e674c9fecda325,,False,ineligible,True,completed,"{'revision': 2, 'iterations': 16, 'sample_count': 4, 'measurement_iterations_multiplier': 4, 'warmup_iterations': 3, 'gpu_completion_mode': 'per_iteration', 'unit': 'us', 'direction': 'lower_is_better'}"
deck,parent,report_query.zero_query,20261004-174442771-081fe6d3e56e46f896936daa13c61d68,15431.7626,11461,715.75,,not evaluated,PASS,23875dfeb40da325,,False,ineligible,True,completed,"{'revision': 2, 'iterations': 16, 'sample_count': 4, 'measurement_iterations_multiplier': 4, 'warmup_iterations': 3, 'gpu_completion_mode': 'per_iteration', 'unit': 'us', 'direction': 'lower_is_better'}"
deck,parent,shader_lifecycle.readiness_train_visible,20261004-174459736-a6206d2ca02646148d6074b969863b65,24108.5028,65085,16271,,not evaluated,PASS,d4c939c4f0ce4325,,False,ineligible,True,completed,"{'revision': 1, 'iterations': 4, 'sample_count': 1, 'measurement_iterations_multiplier': 4, 'warmup_iterations': 3, 'gpu_completion_mode': 'per_iteration', 'unit': 'us', 'direction': 'lower_is_better'}"
deck,parent,shader_lifecycle.readiness_replay_visible,20261004-174525878-e295acc3467d43e7a2a3c8b90a5975e2,24047.9993,66810,16702,,not evaluated,PASS,d4c939c4f0ce4325,,False,ineligible,True,completed,"{'revision': 1, 'iterations': 4, 'sample_count': 1, 'measurement_iterations_multiplier': 4, 'warmup_iterations': 3, 'gpu_completion_mode': 'per_iteration', 'unit': 'us', 'direction': 'lower_is_better'}"
deck,parent,shader_lifecycle.readiness_identical_replay,20261004-174551965-0d841666e2c143c697820683008a6f20,52267.8156,16099350,4024837,,not evaluated,PASS,70615ec6b77f8325,,False,ineligible,True,completed,"{'revision': 1, 'iterations': 4, 'sample_count': 1, 'measurement_iterations_multiplier': 4, 'warmup_iterations': 3, 'gpu_completion_mode': 'per_iteration', 'unit': 'us', 'direction': 'lower_is_better'}"
deck,parent,shader_lifecycle.readiness_uniform_only,20261004-174646270-c6a3a938dba94a49bbe27e34316d812a,24140.6847,66973,16743,,not evaluated,PASS,113d534d51f95325,,False,ineligible,True,completed,"{'revision': 1, 'iterations': 4, 'sample_count': 1, 'measurement_iterations_multiplier': 4, 'warmup_iterations': 3, 'gpu_completion_mode': 'per_iteration', 'unit': 'us', 'direction': 'lower_is_better'}"
deck,parent,shader_lifecycle.readiness_early_demand,20261004-174711945-820e26d73d6d42b29039b5d09423f937,24000.053,64987,16246,,not evaluated,PASS,d4c939c4f0ce4325,,False,ineligible,True,completed,"{'revision': 1, 'iterations': 4, 'sample_count': 1, 'measurement_iterations_multiplier': 4, 'warmup_iterations': 3, 'gpu_completion_mode': 'per_iteration', 'unit': 'us', 'direction': 'lower_is_better'}"
deck,parent,game_load.long_unlocked_scene.cpu,20261004-174737980-481638fe91d142ba913748d5fd18dd60,264725.1741,1290686,40333.625,40333.625,passed,PASS,7c59a4dc0f8ba325,7c59a4dc0f8ba325,True,eligible,True,completed,"{'revision': 1, 'iterations': 32, 'sample_count': 8, 'measurement_iterations_multiplier': 4, 'warmup_iterations': 3, 'gpu_completion_mode': 'per_iteration', 'unit': 'us', 'direction': 'lower_is_better'}"
deck,parent,game_load.long_unlocked_scene.pfifo,20261004-174737980-481638fe91d142ba913748d5fd18dd60,264725.1741,315123,9847.25,9847.25,passed,PASS,7c59a4dc0f8ba325,7c59a4dc0f8ba325,True,eligible,True,completed,"{'revision': 1, 'iterations': 32, 'sample_count': 8, 'measurement_iterations_multiplier': 4, 'warmup_iterations': 3, 'gpu_completion_mode': 'per_iteration', 'unit': 'us', 'direction': 'lower_is_better'}"
deck,parent,game_load.long_unlocked_scene.alpha_overdraw,20261004-174737980-481638fe91d142ba913748d5fd18dd60,264725.1741,3460623,108144.125,108144.125,passed,PASS,7c59a4dc0f8ba325,7c59a4dc0f8ba325,True,eligible,True,completed,"{'revision': 1, 'iterations': 32, 'sample_count': 8, 'measurement_iterations_multiplier': 4, 'warmup_iterations': 3, 'gpu_completion_mode': 'per_iteration', 'unit': 'us', 'direction': 'lower_is_better'}"
deck,parent,game_load.long_unlocked_scene.streaming_surface_reuse,20261004-174737980-481638fe91d142ba913748d5fd18dd60,264725.1741,815362,25479.625,25479.625,passed,PASS,7c59a4dc0f8ba325,7c59a4dc0f8ba325,True,eligible,True,completed,"{'revision': 1, 'iterations': 32, 'sample_count': 8, 'measurement_iterations_multiplier': 4, 'warmup_iterations': 3, 'gpu_completion_mode': 'per_iteration', 'unit': 'us', 'direction': 'lower_is_better'}"
deck,parent,game_load.long_unlocked_scene.combined,20261004-174737980-481638fe91d142ba913748d5fd18dd60,264725.1741,6251315,195353.125,195353.125,passed,PASS,7c59a4dc0f8ba325,7c59a4dc0f8ba325,True,eligible,True,completed,"{'revision': 1, 'iterations': 32, 'sample_count': 8, 'measurement_iterations_multiplier': 4, 'warmup_iterations': 3, 'gpu_completion_mode': 'per_iteration', 'unit': 'us', 'direction': 'lower_is_better'}"
deck,parent,game_load.long_unlocked_scene.full_system,20261004-174737980-481638fe91d142ba913748d5fd18dd60,264725.1741,6314171,197317.5,197317.5,passed,PASS,7c59a4dc0f8ba325,7c59a4dc0f8ba325,True,eligible,True,completed,"{'revision': 1, 'iterations': 32, 'sample_count': 8, 'measurement_iterations_multiplier': 4, 'warmup_iterations': 3, 'gpu_completion_mode': 'per_iteration', 'unit': 'us', 'direction': 'lower_is_better'}"
deck,parent,game_load.cross_title_hotpath.queued_vertex_cpu_writes,20261004-174737980-481638fe91d142ba913748d5fd18dd60,264725.1741,4680458,146264,146264,passed,PASS,cf19c8d27e2aa325,cf19c8d27e2aa325,True,eligible,True,completed,"{'revision': 1, 'iterations': 32, 'sample_count': 8, 'measurement_iterations_multiplier': 4, 'warmup_iterations': 3, 'gpu_completion_mode': 'per_iteration', 'unit': 'us', 'direction': 'lower_is_better'}"
deck,parent,game_load.cross_title_hotpath.pgr2_small_draws,20261004-174737980-481638fe91d142ba913748d5fd18dd60,264725.1741,9483644,296363.375,296363.375,passed,PASS,2a1e0148d2c0e325,2a1e0148d2c0e325,True,eligible,True,completed,"{'revision': 1, 'iterations': 32, 'sample_count': 8, 'measurement_iterations_multiplier': 4, 'warmup_iterations': 3, 'gpu_completion_mode': 'per_iteration', 'unit': 'us', 'direction': 'lower_is_better'}"
deck,parent,game_load.cross_title_hotpath.texture_update_reuse,20261004-174737980-481638fe91d142ba913748d5fd18dd60,264725.1741,145733,4553.75,4553.75,passed,PASS,5612bef321a56325,5612bef321a56325,True,eligible,True,completed,"{'revision': 1, 'iterations': 32, 'sample_count': 8, 'measurement_iterations_multiplier': 4, 'warmup_iterations': 3, 'gpu_completion_mode': 'per_iteration', 'unit': 'us', 'direction': 'lower_is_better'}"
deck,parent,game_load.cross_title_hotpath.surface_reuse,20261004-174737980-481638fe91d142ba913748d5fd18dd60,264725.1741,621455,19420.125,19420.125,passed,PASS,846d9f21b7c6a325,846d9f21b7c6a325,True,eligible,True,completed,"{'revision': 1, 'iterations': 32, 'sample_count': 8, 'measurement_iterations_multiplier': 4, 'warmup_iterations': 3, 'gpu_completion_mode': 'per_iteration', 'unit': 'us', 'direction': 'lower_is_better'}"
deck,parent,game_load.cross_title_hotpath.pipeline_state_churn,20261004-174737980-481638fe91d142ba913748d5fd18dd60,264725.1741,5174219,161693.875,161693.875,passed,PASS,22f040b2add4a325,22f040b2add4a325,True,eligible,True,completed,"{'revision': 1, 'iterations': 32, 'sample_count': 8, 'measurement_iterations_multiplier': 4, 'warmup_iterations': 3, 'gpu_completion_mode': 'per_iteration', 'unit': 'us', 'direction': 'lower_is_better'}"
deck,parent,game_load.cross_title_hotpath.blend_constant_reuse,20261004-174737980-481638fe91d142ba913748d5fd18dd60,264725.1741,10409995,325312.125,325312.125,passed,PASS,a08ca118008fa325,a08ca118008fa325,True,eligible,True,completed,"{'revision': 1, 'iterations': 32, 'sample_count': 8, 'measurement_iterations_multiplier': 4, 'warmup_iterations': 3, 'gpu_completion_mode': 'per_iteration', 'unit': 'us', 'direction': 'lower_is_better'}"
deck,parent,game_load.cross_title_hotpath.texture_binding_reuse,20261004-174737980-481638fe91d142ba913748d5fd18dd60,264725.1741,13771842,430369.75,430369.75,passed,PASS,dfaaa3022df6a325,dfaaa3022df6a325,True,eligible,True,completed,"{'revision': 1, 'iterations': 32, 'sample_count': 8, 'measurement_iterations_multiplier': 4, 'warmup_iterations': 3, 'gpu_completion_mode': 'per_iteration', 'unit': 'us', 'direction': 'lower_is_better'}"
deck,parent,game_load.cross_title_hotpath.pgr2_lagspot_inline_elements,20261004-174737980-481638fe91d142ba913748d5fd18dd60,264725.1741,7420311,231884.25,231884.25,passed,PASS,1289219c28d5a325,1289219c28d5a325,True,eligible,True,completed,"{'revision': 1, 'iterations': 32, 'sample_count': 8, 'measurement_iterations_multiplier': 4, 'warmup_iterations': 3, 'gpu_completion_mode': 'per_iteration', 'unit': 'us', 'direction': 'lower_is_better'}"
deck,parent,game_load.cross_title_hotpath.scaled_surface_pressure,20261004-174737980-481638fe91d142ba913748d5fd18dd60,264725.1741,63087703,1971490.375,1971490.375,passed,PASS,e81e5b4a4675a325,e81e5b4a4675a325,True,eligible,True,completed,"{'revision': 1, 'iterations': 32, 'sample_count': 8, 'measurement_iterations_multiplier': 4, 'warmup_iterations': 3, 'gpu_completion_mode': 'per_iteration', 'unit': 'us', 'direction': 'lower_is_better'}"
deck,parent,game_load.cross_title_hotpath.s3tc_streaming_fenced_draws,20261004-174737980-481638fe91d142ba913748d5fd18dd60,264725.1741,92273040,2883532.125,2883532.125,passed,PASS,a0f51c6c46a52325,a0f51c6c46a52325,True,eligible,True,completed,"{'revision': 1, 'iterations': 32, 'sample_count': 8, 'measurement_iterations_multiplier': 4, 'warmup_iterations': 3, 'gpu_completion_mode': 'per_iteration', 'unit': 'us', 'direction': 'lower_is_better'}"
deck,parent,game_load.cross_title_hotpath.gpu_wait_control,20261004-174737980-481638fe91d142ba913748d5fd18dd60,264725.1741,166355,5198.375,5198.375,passed,PASS,828855c0a34e2325,828855c0a34e2325,True,eligible,True,completed,"{'revision': 1, 'iterations': 32, 'sample_count': 8, 'measurement_iterations_multiplier': 4, 'warmup_iterations': 3, 'gpu_completion_mode': 'per_iteration', 'unit': 'us', 'direction': 'lower_is_better'}"
deck,parent,game_load.s3tc_sync_factor.dxt1_same_address_wait,20261004-175204744-fad8df18d1594cb5929181687b345669,56528.7724,563413,17606.375,17606.375,failed,PASS,3403675459d4d3d5,db28300321744de5,True,ineligible,True,completed,"{'revision': 1, 'iterations': 32, 'sample_count': 8, 'measurement_iterations_multiplier': 4, 'warmup_iterations': 3, 'gpu_completion_mode': 'per_iteration', 'unit': 'us', 'direction': 'lower_is_better'}"
deck,parent,game_load.s3tc_sync_factor.dxt1_same_address_queued,20261004-175204744-fad8df18d1594cb5929181687b345669,56528.7724,549817,17181.5,17181.5,failed,PASS,81c0cc1ebbadbdac,9998993e8dcf6939,True,ineligible,True,completed,"{'revision': 1, 'iterations': 32, 'sample_count': 8, 'measurement_iterations_multiplier': 4, 'warmup_iterations': 3, 'gpu_completion_mode': 'per_iteration', 'unit': 'us', 'direction': 'lower_is_better'}"
deck,parent,game_load.s3tc_sync_factor.dxt1_ring_payload_generations,20261004-175204744-fad8df18d1594cb5929181687b345669,56528.7724,1599255,49976.25,49976.25,failed,PASS,3403675459d4d3d5,db28300321744de5,True,ineligible,True,completed,"{'revision': 1, 'iterations': 32, 'sample_count': 8, 'measurement_iterations_multiplier': 4, 'warmup_iterations': 3, 'gpu_completion_mode': 'per_iteration', 'unit': 'us', 'direction': 'lower_is_better'}"
deck,parent,game_load.s3tc_sync_factor.dxt1_dirty_once_redraw,20261004-175204744-fad8df18d1594cb5929181687b345669,56528.7724,533145,16660.25,16660.25,passed,PASS,428c04bbb0a62725,428c04bbb0a62725,True,ineligible,True,completed,"{'revision': 1, 'iterations': 32, 'sample_count': 8, 'measurement_iterations_multiplier': 4, 'warmup_iterations': 3, 'gpu_completion_mode': 'per_iteration', 'unit': 'us', 'direction': 'lower_is_better'}"
deck,parent,game_load.s3tc_sync_factor.rgba8_same_address_wait,20261004-175204744-fad8df18d1594cb5929181687b345669,56528.7724,2231832,69744.375,69744.375,passed,PASS,3403675459d4d3d5,3403675459d4d3d5,True,ineligible,True,completed,"{'revision': 1, 'iterations': 32, 'sample_count': 8, 'measurement_iterations_multiplier': 4, 'warmup_iterations': 3, 'gpu_completion_mode': 'per_iteration', 'unit': 'us', 'direction': 'lower_is_better'}"
deck,parent,game_load.s3tc_sync_factor.rgba8_same_address_queued,20261004-175204744-fad8df18d1594cb5929181687b345669,56528.7724,2165294,67665.25,67665.25,failed,PASS,5f8b563832ee1d2a,719d8f45c46b69f6,True,ineligible,True,completed,"{'revision': 1, 'iterations': 32, 'sample_count': 8, 'measurement_iterations_multiplier': 4, 'warmup_iterations': 3, 'gpu_completion_mode': 'per_iteration', 'unit': 'us', 'direction': 'lower_is_better'}"
deck,parent,game_load.s3tc_sync_factor.rgba8_ring_payload_generations,20261004-175204744-fad8df18d1594cb5929181687b345669,56528.7724,9289178,290286.375,290286.375,passed,PASS,3403675459d4d3d5,3403675459d4d3d5,True,ineligible,True,completed,"{'revision': 1, 'iterations': 32, 'sample_count': 8, 'measurement_iterations_multiplier': 4, 'warmup_iterations': 3, 'gpu_completion_mode': 'per_iteration', 'unit': 'us', 'direction': 'lower_is_better'}"
deck,parent,game_load.s3tc_sync_factor.rgba8_dirty_once_redraw,20261004-175204744-fad8df18d1594cb5929181687b345669,56528.7724,532157,16629.5,16629.5,passed,PASS,428c04bbb0a62725,428c04bbb0a62725,True,ineligible,True,completed,"{'revision': 1, 'iterations': 32, 'sample_count': 8, 'measurement_iterations_multiplier': 4, 'warmup_iterations': 3, 'gpu_completion_mode': 'per_iteration', 'unit': 'us', 'direction': 'lower_is_better'}"
deck,parent,game_load.s3tc_sync_factor.bc2_native_eligible,20261004-175204744-fad8df18d1594cb5929181687b345669,56528.7724,2662264,83195.25,83195.25,failed,PASS,3403675459d4d3d5,db28300321744de5,True,ineligible,True,completed,"{'revision': 1, 'iterations': 32, 'sample_count': 8, 'measurement_iterations_multiplier': 4, 'warmup_iterations': 3, 'gpu_completion_mode': 'per_iteration', 'unit': 'us', 'direction': 'lower_is_better'}"
deck,parent,game_load.s3tc_sync_factor.bc2_bordered_fallback,20261004-175204744-fad8df18d1594cb5929181687b345669,56528.7724,7134102,222940.375,222940.375,passed,PASS,db28300321744de5,db28300321744de5,True,ineligible,True,completed,"{'revision': 1, 'iterations': 32, 'sample_count': 8, 'measurement_iterations_multiplier': 4, 'warmup_iterations': 3, 'gpu_completion_mode': 'per_iteration', 'unit': 'us', 'direction': 'lower_is_better'}"
deck,parent,game_load.s3tc_sync_factor.bc3_native_eligible,20261004-175204744-fad8df18d1594cb5929181687b345669,56528.7724,2668744,83397.75,83397.75,failed,PASS,3403675459d4d3d5,db28300321744de5,True,ineligible,True,completed,"{'revision': 1, 'iterations': 32, 'sample_count': 8, 'measurement_iterations_multiplier': 4, 'warmup_iterations': 3, 'gpu_completion_mode': 'per_iteration', 'unit': 'us', 'direction': 'lower_is_better'}"
deck,parent,game_load.s3tc_sync_factor.bc3_bordered_fallback,20261004-175204744-fad8df18d1594cb5929181687b345669,56528.7724,7088044,221501.125,221501.125,passed,PASS,db28300321744de5,db28300321744de5,True,ineligible,True,completed,"{'revision': 1, 'iterations': 32, 'sample_count': 8, 'measurement_iterations_multiplier': 4, 'warmup_iterations': 3, 'gpu_completion_mode': 'per_iteration', 'unit': 'us', 'direction': 'lower_is_better'}"
deck,parent,game_load.repeated_display,20261004-175302808-50faaad7b37e4143a2f547021ecd08f6,36925.141,532157,16629.5,16629.5,passed,PASS,36f446003b9d6325,36f446003b9d6325,True,ineligible,True,completed,"{'revision': 1, 'iterations': 32, 'sample_count': 8, 'measurement_iterations_multiplier': 4, 'warmup_iterations': 3, 'gpu_completion_mode': 'per_iteration', 'unit': 'us', 'direction': 'lower_is_better'}"
deck,parent,game_load.repeated_display_boosted,20261004-175302808-50faaad7b37e4143a2f547021ecd08f6,36925.141,1599620,49987.75,49987.75,passed,PASS,b2bc760cb1fba325,b2bc760cb1fba325,True,ineligible,True,completed,"{'revision': 1, 'iterations': 32, 'sample_count': 8, 'measurement_iterations_multiplier': 4, 'warmup_iterations': 3, 'gpu_completion_mode': 'per_iteration', 'unit': 'us', 'direction': 'lower_is_better'}"
deck,parent,game_load.doax_menu_representative.cpu_only,20261004-175302808-50faaad7b37e4143a2f547021ecd08f6,36925.141,784371,24511.125,24511.125,passed,PASS,5abb9d9faaa22325,5abb9d9faaa22325,True,ineligible,True,completed,"{'revision': 1, 'iterations': 32, 'sample_count': 8, 'measurement_iterations_multiplier': 4, 'warmup_iterations': 3, 'gpu_completion_mode': 'per_iteration', 'unit': 'us', 'direction': 'lower_is_better'}"
deck,parent,game_load.doax_menu_representative.pfifo_only,20261004-175302808-50faaad7b37e4143a2f547021ecd08f6,36925.141,153527,4797.375,4797.375,passed,PASS,f9826bbdd7912325,f9826bbdd7912325,True,ineligible,True,completed,"{'revision': 1, 'iterations': 32, 'sample_count': 8, 'measurement_iterations_multiplier': 4, 'warmup_iterations': 3, 'gpu_completion_mode': 'per_iteration', 'unit': 'us', 'direction': 'lower_is_better'}"
deck,parent,game_load.doax_menu_representative.gpu_only,20261004-175302808-50faaad7b37e4143a2f547021ecd08f6,36925.141,1788706,55896.5,55896.5,passed,PASS,d3984ab7dcb8e325,d3984ab7dcb8e325,True,ineligible,True,completed,"{'revision': 1, 'iterations': 32, 'sample_count': 8, 'measurement_iterations_multiplier': 4, 'warmup_iterations': 3, 'gpu_completion_mode': 'per_iteration', 'unit': 'us', 'direction': 'lower_is_better'}"
deck,parent,game_load.doax_menu_representative.streaming_only,20261004-175302808-50faaad7b37e4143a2f547021ecd08f6,36925.141,502685,15708.5,15708.5,passed,PASS,491294aadc23a325,491294aadc23a325,True,ineligible,True,completed,"{'revision': 1, 'iterations': 32, 'sample_count': 8, 'measurement_iterations_multiplier': 4, 'warmup_iterations': 3, 'gpu_completion_mode': 'per_iteration', 'unit': 'us', 'direction': 'lower_is_better'}"
deck,parent,game_load.doax_menu_representative.cpu_pfifo_gpu,20261004-175302808-50faaad7b37e4143a2f547021ecd08f6,36925.141,2466555,77079.625,77079.625,failed,PASS,5d530c66b8da2325,302026d9f9232325,True,ineligible,True,completed,"{'revision': 1, 'iterations': 32, 'sample_count': 8, 'measurement_iterations_multiplier': 4, 'warmup_iterations': 3, 'gpu_completion_mode': 'per_iteration', 'unit': 'us', 'direction': 'lower_is_better'}"
deck,parent,game_load.doax_menu_representative.cpu_pfifo_gpu_streaming,20261004-175302808-50faaad7b37e4143a2f547021ecd08f6,36925.141,2960749,92523,92523,passed,PASS,9e98944350a52325,9e98944350a52325,True,ineligible,True,completed,"{'revision': 1, 'iterations': 32, 'sample_count': 8, 'measurement_iterations_multiplier': 4, 'warmup_iterations': 3, 'gpu_completion_mode': 'per_iteration', 'unit': 'us', 'direction': 'lower_is_better'}"
deck,parent,game_load.doax_menu_representative.full_system,20261004-175302808-50faaad7b37e4143a2f547021ecd08f6,36925.141,2894527,90453.5,90453.5,passed,PASS,7896e875a8ad2325,7896e875a8ad2325,True,ineligible,True,completed,"{'revision': 1, 'iterations': 32, 'sample_count': 8, 'measurement_iterations_multiplier': 4, 'warmup_iterations': 3, 'gpu_completion_mode': 'per_iteration', 'unit': 'us', 'direction': 'lower_is_better'}"
deck,parent,game_load.doax_menu_stress.cpu_only,20261004-175302808-50faaad7b37e4143a2f547021ecd08f6,36925.141,1529326,47791.25,47791.25,passed,PASS,4b7c157e1e9ce325,4b7c157e1e9ce325,True,ineligible,True,completed,"{'revision': 1, 'iterations': 32, 'sample_count': 8, 'measurement_iterations_multiplier': 4, 'warmup_iterations': 3, 'gpu_completion_mode': 'per_iteration', 'unit': 'us', 'direction': 'lower_is_better'}"
deck,parent,game_load.doax_menu_stress.pfifo_only,20261004-175302808-50faaad7b37e4143a2f547021ecd08f6,36925.141,289316,9041,9041,passed,PASS,f46d8f2a39a6e325,f46d8f2a39a6e325,True,ineligible,True,completed,"{'revision': 1, 'iterations': 32, 'sample_count': 8, 'measurement_iterations_multiplier': 4, 'warmup_iterations': 3, 'gpu_completion_mode': 'per_iteration', 'unit': 'us', 'direction': 'lower_is_better'}"
deck,parent,game_load.doax_menu_stress.gpu_only,20261004-175302808-50faaad7b37e4143a2f547021ecd08f6,36925.141,3310682,103458.625,103458.625,passed,PASS,bcaf8b0e8de5a325,bcaf8b0e8de5a325,True,ineligible,True,completed,"{'revision': 1, 'iterations': 32, 'sample_count': 8, 'measurement_iterations_multiplier': 4, 'warmup_iterations': 3, 'gpu_completion_mode': 'per_iteration', 'unit': 'us', 'direction': 'lower_is_better'}"
deck,parent,game_load.doax_menu_stress.streaming_only,20261004-175341774-6aef37b2d46f4d79ae9d75ed01c0a01d,86635.0179,927515,28984.375,28984.375,passed,PASS,06e0eccda97d2325,06e0eccda97d2325,True,ineligible,True,completed,"{'revision': 1, 'iterations': 32, 'sample_count': 8, 'measurement_iterations_multiplier': 4, 'warmup_iterations': 3, 'gpu_completion_mode': 'per_iteration', 'unit': 'us', 'direction': 'lower_is_better'}"
deck,parent,game_load.doax_menu_stress.cpu_pfifo_gpu,20261004-175341774-6aef37b2d46f4d79ae9d75ed01c0a01d,86635.0179,4889947,152810.5,152810.5,failed,PASS,30f332d7669ba325,7707cd4649e4a325,True,ineligible,True,completed,"{'revision': 1, 'iterations': 32, 'sample_count': 8, 'measurement_iterations_multiplier': 4, 'warmup_iterations': 3, 'gpu_completion_mode': 'per_iteration', 'unit': 'us', 'direction': 'lower_is_better'}"
deck,parent,game_load.doax_menu_stress.cpu_pfifo_gpu_streaming,20261004-175341774-6aef37b2d46f4d79ae9d75ed01c0a01d,86635.0179,5585123,174535,174535,passed,PASS,d4d9dedf3ef06325,d4d9dedf3ef06325,True,ineligible,True,completed,"{'revision': 1, 'iterations': 32, 'sample_count': 8, 'measurement_iterations_multiplier': 4, 'warmup_iterations': 3, 'gpu_completion_mode': 'per_iteration', 'unit': 'us', 'direction': 'lower_is_better'}"
deck,parent,game_load.doax_menu_stress.full_system,20261004-175341774-6aef37b2d46f4d79ae9d75ed01c0a01d,86635.0179,5532049,172876,172876,passed,PASS,8cf51e8eb67fa325,8cf51e8eb67fa325,True,ineligible,True,completed,"{'revision': 1, 'iterations': 32, 'sample_count': 8, 'measurement_iterations_multiplier': 4, 'warmup_iterations': 3, 'gpu_completion_mode': 'per_iteration', 'unit': 'us', 'direction': 'lower_is_better'}"
deck,parent,game_load.pgr2_ai_backup.cpu_only,20261004-175341774-6aef37b2d46f4d79ae9d75ed01c0a01d,86635.0179,2335423,72981.5,72981.5,passed,PASS,e6df98b3e513a325,e6df98b3e513a325,True,ineligible,True,completed,"{'revision': 1, 'iterations': 32, 'sample_count': 8, 'measurement_iterations_multiplier': 4, 'warmup_iterations': 3, 'gpu_completion_mode': 'per_iteration', 'unit': 'us', 'direction': 'lower_is_better'}"
deck,parent,game_load.pgr2_ai_backup.pfifo_only,20261004-175341774-6aef37b2d46f4d79ae9d75ed01c0a01d,86635.0179,1029702,32177.75,32177.75,passed,PASS,e57ef83b3a66e325,e57ef83b3a66e325,True,ineligible,True,completed,"{'revision': 1, 'iterations': 32, 'sample_count': 8, 'measurement_iterations_multiplier': 4, 'warmup_iterations': 3, 'gpu_completion_mode': 'per_iteration', 'unit': 'us', 'direction': 'lower_is_better'}"
deck,parent,game_load.pgr2_ai_backup.gpu_only,20261004-175341774-6aef37b2d46f4d79ae9d75ed01c0a01d,86635.0179,8139289,254352.5,254352.5,passed,PASS,02ffd9b12aa96325,02ffd9b12aa96325,True,ineligible,True,completed,"{'revision': 1, 'iterations': 32, 'sample_count': 8, 'measurement_iterations_multiplier': 4, 'warmup_iterations': 3, 'gpu_completion_mode': 'per_iteration', 'unit': 'us', 'direction': 'lower_is_better'}"
deck,parent,game_load.pgr2_ai_backup.streaming_only,20261004-175341774-6aef37b2d46f4d79ae9d75ed01c0a01d,86635.0179,332886,10402.125,10402.125,passed,PASS,155df5f182392325,155df5f182392325,True,ineligible,True,completed,"{'revision': 1, 'iterations': 32, 'sample_count': 8, 'measurement_iterations_multiplier': 4, 'warmup_iterations': 3, 'gpu_completion_mode': 'per_iteration', 'unit': 'us', 'direction': 'lower_is_better'}"
deck,parent,game_load.pgr2_ai_backup.cpu_pfifo_gpu,20261004-175341774-6aef37b2d46f4d79ae9d75ed01c0a01d,86635.0179,11617555,363048.25,363048.25,failed,PASS,519ce083c370e325,ab22104929b9e325,True,ineligible,True,completed,"{'revision': 1, 'iterations': 32, 'sample_count': 8, 'measurement_iterations_multiplier': 4, 'warmup_iterations': 3, 'gpu_completion_mode': 'per_iteration', 'unit': 'us', 'direction': 'lower_is_better'}"
deck,parent,game_load.pgr2_ai_backup.cpu_pfifo_gpu_streaming,20261004-175341774-6aef37b2d46f4d79ae9d75ed01c0a01d,86635.0179,11912186,372255.375,372255.375,passed,PASS,66a43765efc02325,66a43765efc02325,True,ineligible,True,completed,"{'revision': 1, 'iterations': 32, 'sample_count': 8, 'measurement_iterations_multiplier': 4, 'warmup_iterations': 3, 'gpu_completion_mode': 'per_iteration', 'unit': 'us', 'direction': 'lower_is_better'}"
deck,parent,game_load.pgr2_ai_backup.full_system,20261004-175341774-6aef37b2d46f4d79ae9d75ed01c0a01d,86635.0179,11909158,372160.75,372160.75,passed,PASS,55485325870d6325,55485325870d6325,True,ineligible,True,completed,"{'revision': 1, 'iterations': 32, 'sample_count': 8, 'measurement_iterations_multiplier': 4, 'warmup_iterations': 3, 'gpu_completion_mode': 'per_iteration', 'unit': 'us', 'direction': 'lower_is_better'}"
deck,parent,high_vertex_count.arrays,20261004-175510455-e481dbac0a6f46b78f36cbe8cdc5aab7,39975.8433,68417,170.66,170.66,failed,PASS,e67a1ce72784a588,cd6d0d64451d191b,True,ineligible,True,completed,"{'revision': 1, 'iterations': 400, 'sample_count': 100, 'measurement_iterations_multiplier': 4, 'warmup_iterations': 3, 'gpu_completion_mode': 'per_iteration', 'unit': 'us', 'direction': 'lower_is_better'}"
deck,parent,high_vertex_count.inline_arrays,20261004-175510455-e481dbac0a6f46b78f36cbe8cdc5aab7,39975.8433,4657488,116436.9,116436.9,failed,PASS,e67a1ce72784a588,31a890c7f71db193,True,ineligible,True,completed,"{'revision': 1, 'iterations': 40, 'sample_count': 10, 'measurement_iterations_multiplier': 4, 'warmup_iterations': 3, 'gpu_completion_mode': 'per_iteration', 'unit': 'us', 'direction': 'lower_is_better'}"
deck,parent,high_vertex_count.inline_buffers,20261004-175510455-e481dbac0a6f46b78f36cbe8cdc5aab7,39975.8433,13972871,698643.4,698643.4,failed,PASS,e67a1ce72784a588,f320b0df5ba62943,True,ineligible,True,completed,"{'revision': 1, 'iterations': 20, 'sample_count': 5, 'measurement_iterations_multiplier': 4, 'warmup_iterations': 3, 'gpu_completion_mode': 'per_iteration', 'unit': 'us', 'direction': 'lower_is_better'}"
deck,parent,high_vertex_count.inline_elements,20261004-175510455-e481dbac0a6f46b78f36cbe8cdc5aab7,39975.8433,1349011,6744.7,6744.7,failed,PASS,e67a1ce72784a588,b24516b5372da0f3,True,ineligible,True,completed,"{'revision': 1, 'iterations': 200, 'sample_count': 50, 'measurement_iterations_multiplier': 4, 'warmup_iterations': 3, 'gpu_completion_mode': 'per_iteration', 'unit': 'us', 'direction': 'lower_is_better'}"
deck,parent,primitive_type.line_loop.fixed_function,20261004-175510455-e481dbac0a6f46b78f36cbe8cdc5aab7,39975.8433,86894,2171.9,2171.9,failed,PASS,4024a5cb9bd0fa4e,d48f43c09e534094,True,ineligible,True,completed,"{'revision': 1, 'iterations': 40, 'sample_count': 10, 'measurement_iterations_multiplier': 4, 'warmup_iterations': 3, 'gpu_completion_mode': 'per_iteration', 'unit': 'us', 'direction': 'lower_is_better'}"
deck,parent,primitive_type.line_loop.vertex_shader,20261004-175510455-e481dbac0a6f46b78f36cbe8cdc5aab7,39975.8433,94549,2363.4,2363.4,failed,PASS,4024a5cb9bd0fa4e,47373dc0c7be28f8,True,ineligible,True,completed,"{'revision': 1, 'iterations': 40, 'sample_count': 10, 'measurement_iterations_multiplier': 4, 'warmup_iterations': 3, 'gpu_completion_mode': 'per_iteration', 'unit': 'us', 'direction': 'lower_is_better'}"
deck,parent,primitive_type.line_strip.fixed_function,20261004-175510455-e481dbac0a6f46b78f36cbe8cdc5aab7,39975.8433,54358,1358.7,1358.7,failed,PASS,4024a5cb9bd0fa4e,0964935c28234a4a,True,ineligible,True,completed,"{'revision': 1, 'iterations': 40, 'sample_count': 10, 'measurement_iterations_multiplier': 4, 'warmup_iterations': 3, 'gpu_completion_mode': 'per_iteration', 'unit': 'us', 'direction': 'lower_is_better'}"
deck,parent,primitive_type.line_strip.vertex_shader,20261004-175510455-e481dbac0a6f46b78f36cbe8cdc5aab7,39975.8433,43916,1097.5,1097.5,failed,PASS,4024a5cb9bd0fa4e,94b433237d71b182,True,ineligible,True,completed,"{'revision': 1, 'iterations': 40, 'sample_count': 10, 'measurement_iterations_multiplier': 4, 'warmup_iterations': 3, 'gpu_completion_mode': 'per_iteration', 'unit': 'us', 'direction': 'lower_is_better'}"
deck,parent,primitive_type.lines.fixed_function,20261004-175510455-e481dbac0a6f46b78f36cbe8cdc5aab7,39975.8433,173952,4348.5,4348.5,failed,PASS,5440c372c6a2a101,6c16b2698ec4e26b,True,ineligible,True,completed,"{'revision': 1, 'iterations': 40, 'sample_count': 10, 'measurement_iterations_multiplier': 4, 'warmup_iterations': 3, 'gpu_completion_mode': 'per_iteration', 'unit': 'us', 'direction': 'lower_is_better'}"
deck,parent,primitive_type.lines.vertex_shader,20261004-175510455-e481dbac0a6f46b78f36cbe8cdc5aab7,39975.8433,170937,4273.2,4273.2,failed,PASS,5440c372c6a2a101,53924aa6f5e55b57,True,ineligible,True,completed,"{'revision': 1, 'iterations': 40, 'sample_count': 10, 'measurement_iterations_multiplier': 4, 'warmup_iterations': 3, 'gpu_completion_mode': 'per_iteration', 'unit': 'us', 'direction': 'lower_is_better'}"
deck,parent,primitive_type.points.fixed_function,20261004-175510455-e481dbac0a6f46b78f36cbe8cdc5aab7,39975.8433,89530,2238,2238,failed,PASS,6813f0dbe94bac3c,7400f7a8ac9d8c86,True,ineligible,True,completed,"{'revision': 1, 'iterations': 40, 'sample_count': 10, 'measurement_iterations_multiplier': 4, 'warmup_iterations': 3, 'gpu_completion_mode': 'per_iteration', 'unit': 'us', 'direction': 'lower_is_better'}"
deck,parent,primitive_type.points.vertex_shader,20261004-175510455-e481dbac0a6f46b78f36cbe8cdc5aab7,39975.8433,86426,2160.3,2160.3,failed,PASS,6813f0dbe94bac3c,f1d83724373d0036,True,ineligible,True,completed,"{'revision': 1, 'iterations': 40, 'sample_count': 10, 'measurement_iterations_multiplier': 4, 'warmup_iterations': 3, 'gpu_completion_mode': 'per_iteration', 'unit': 'us', 'direction': 'lower_is_better'}"
deck,parent,primitive_type.polygon.fixed_function,20261004-175552465-7c885e4e99854eef8ded5f08d230a534,18442.0191,100097,2502,2502,failed,PASS,e0d0b9dbefa71269,515407015a00c880,True,ineligible,True,completed,"{'revision': 1, 'iterations': 40, 'sample_count': 10, 'measurement_iterations_multiplier': 4, 'warmup_iterations': 3, 'gpu_completion_mode': 'per_iteration', 'unit': 'us', 'direction': 'lower_is_better'}"
deck,parent,primitive_type.polygon.vertex_shader,20261004-175552465-7c885e4e99854eef8ded5f08d230a534,18442.0191,232012,5799.8,5799.8,failed,PASS,e0d0b9dbefa71269,4376cbfa562c7d14,True,ineligible,True,completed,"{'revision': 1, 'iterations': 40, 'sample_count': 10, 'measurement_iterations_multiplier': 4, 'warmup_iterations': 3, 'gpu_completion_mode': 'per_iteration', 'unit': 'us', 'direction': 'lower_is_better'}"
deck,parent,primitive_type.quad_strip.fixed_function,20261004-175552465-7c885e4e99854eef8ded5f08d230a534,18442.0191,286674,7166.5,7166.5,failed,PASS,e1f46a0779ee1f21,190c4f06474f8467,True,ineligible,True,completed,"{'revision': 1, 'iterations': 40, 'sample_count': 10, 'measurement_iterations_multiplier': 4, 'warmup_iterations': 3, 'gpu_completion_mode': 'per_iteration', 'unit': 'us', 'direction': 'lower_is_better'}"
deck,parent,primitive_type.quad_strip.vertex_shader,20261004-175552465-7c885e4e99854eef8ded5f08d230a534,18442.0191,167556,4188.6,4188.6,failed,PASS,e1f46a0779ee1f21,d5cf212c5788c3df,True,ineligible,True,completed,"{'revision': 1, 'iterations': 40, 'sample_count': 10, 'measurement_iterations_multiplier': 4, 'warmup_iterations': 3, 'gpu_completion_mode': 'per_iteration', 'unit': 'us', 'direction': 'lower_is_better'}"
deck,parent,primitive_type.quads.fixed_function,20261004-175552465-7c885e4e99854eef8ded5f08d230a534,18442.0191,284500,7112.1,7112.1,failed,PASS,d14f30833e638324,b52448622bc1c001,True,ineligible,True,completed,"{'revision': 1, 'iterations': 40, 'sample_count': 10, 'measurement_iterations_multiplier': 4, 'warmup_iterations': 3, 'gpu_completion_mode': 'per_iteration', 'unit': 'us', 'direction': 'lower_is_better'}"
deck,parent,primitive_type.quads.vertex_shader,20261004-175552465-7c885e4e99854eef8ded5f08d230a534,18442.0191,291571,7288.8,7288.8,failed,PASS,d14f30833e638324,fbac823960948b69,True,ineligible,True,completed,"{'revision': 1, 'iterations': 40, 'sample_count': 10, 'measurement_iterations_multiplier': 4, 'warmup_iterations': 3, 'gpu_completion_mode': 'per_iteration', 'unit': 'us', 'direction': 'lower_is_better'}"
deck,parent,primitive_type.triangle_fan.fixed_function,20261004-175552465-7c885e4e99854eef8ded5f08d230a534,18442.0191,57028,1425.3,1425.3,failed,PASS,eadb3b4945fe25df,ba0d8daf7940c5d2,True,ineligible,True,completed,"{'revision': 1, 'iterations': 40, 'sample_count': 10, 'measurement_iterations_multiplier': 4, 'warmup_iterations': 3, 'gpu_completion_mode': 'per_iteration', 'unit': 'us', 'direction': 'lower_is_better'}"
deck,parent,primitive_type.triangle_fan.vertex_shader,20261004-175552465-7c885e4e99854eef8ded5f08d230a534,18442.0191,50661,1266.1,1266.1,failed,PASS,eadb3b4945fe25df,134a22bd3882e48e,True,ineligible,True,completed,"{'revision': 1, 'iterations': 40, 'sample_count': 10, 'measurement_iterations_multiplier': 4, 'warmup_iterations': 3, 'gpu_completion_mode': 'per_iteration', 'unit': 'us', 'direction': 'lower_is_better'}"
deck,parent,primitive_type.triangle_strip.fixed_function,20261004-175552465-7c885e4e99854eef8ded5f08d230a534,18442.0191,93786,2344.2,2344.2,failed,PASS,ee7f6eeeb2263031,d15b03d8ead6bb03,True,ineligible,True,completed,"{'revision': 1, 'iterations': 40, 'sample_count': 10, 'measurement_iterations_multiplier': 4, 'warmup_iterations': 3, 'gpu_completion_mode': 'per_iteration', 'unit': 'us', 'direction': 'lower_is_better'}"
deck,parent,primitive_type.triangle_strip.vertex_shader,20261004-175552465-7c885e4e99854eef8ded5f08d230a534,18442.0191,89378,2234.1,2234.1,failed,PASS,ee7f6eeeb2263031,f7cfda74a4111eff,True,ineligible,True,completed,"{'revision': 1, 'iterations': 40, 'sample_count': 10, 'measurement_iterations_multiplier': 4, 'warmup_iterations': 3, 'gpu_completion_mode': 'per_iteration', 'unit': 'us', 'direction': 'lower_is_better'}"
deck,parent,primitive_type.triangles.fixed_function,20261004-175552465-7c885e4e99854eef8ded5f08d230a534,18442.0191,242037,6050.6,6050.6,failed,PASS,a53b3ecbc7019828,4521bcfbdb43e248,True,ineligible,True,completed,"{'revision': 1, 'iterations': 40, 'sample_count': 10, 'measurement_iterations_multiplier': 4, 'warmup_iterations': 3, 'gpu_completion_mode': 'per_iteration', 'unit': 'us', 'direction': 'lower_is_better'}"
deck,parent,primitive_type.triangles.vertex_shader,20261004-175552465-7c885e4e99854eef8ded5f08d230a534,18442.0191,244748,6118.2,6118.2,failed,PASS,a53b3ecbc7019828,d86abc6e019e36fc,True,ineligible,True,completed,"{'revision': 1, 'iterations': 40, 'sample_count': 10, 'measurement_iterations_multiplier': 4, 'warmup_iterations': 3, 'gpu_completion_mode': 'per_iteration', 'unit': 'us', 'direction': 'lower_is_better'}"
deck,parent,texture_cubemap_fallback.bordered_palette_size1,20261004-175612948-eb642751bef44210b3f1ff9f01869581,132808.5832,532536,16641.5,16641.5,failed,FAIL,56d00ed89334a325,,True,ineligible,True,completed,"{'revision': 1, 'iterations': 32, 'sample_count': 8, 'measurement_iterations_multiplier': 4, 'warmup_iterations': 3, 'gpu_completion_mode': 'per_iteration', 'unit': 'us', 'direction': 'lower_is_better'}"
deck,parent,texture_cubemap_fallback.bordered_palette_size2,20261004-175612948-eb642751bef44210b3f1ff9f01869581,132808.5832,531399,16605.875,16605.875,failed,FAIL,bb93d50a6b1ba325,,True,ineligible,True,completed,"{'revision': 1, 'iterations': 32, 'sample_count': 8, 'measurement_iterations_multiplier': 4, 'warmup_iterations': 3, 'gpu_completion_mode': 'per_iteration', 'unit': 'us', 'direction': 'lower_is_better'}"
deck,parent,texture_cubemap_fallback.bordered_palette_size4,20261004-175612948-eb642751bef44210b3f1ff9f01869581,132808.5832,533064,16657.875,16657.875,failed,FAIL,55460e1d2302a325,,True,ineligible,True,completed,"{'revision': 1, 'iterations': 32, 'sample_count': 8, 'measurement_iterations_multiplier': 4, 'warmup_iterations': 3, 'gpu_completion_mode': 'per_iteration', 'unit': 'us', 'direction': 'lower_is_better'}"
deck,parent,texture_cubemap_fallback.bordered_palette_size8,20261004-175612948-eb642751bef44210b3f1ff9f01869581,132808.5832,532905,16652.875,16652.875,failed,FAIL,53ccfb3cac5633d3,,True,ineligible,True,completed,"{'revision': 1, 'iterations': 32, 'sample_count': 8, 'measurement_iterations_multiplier': 4, 'warmup_iterations': 3, 'gpu_completion_mode': 'per_iteration', 'unit': 'us', 'direction': 'lower_is_better'}"
deck,parent,texture_cubemap_fallback.bordered_r6g5b5_size1,20261004-175612948-eb642751bef44210b3f1ff9f01869581,132808.5832,532845,16651,16651,failed,FAIL,56d00ed89334a325,,True,ineligible,True,completed,"{'revision': 1, 'iterations': 32, 'sample_count': 8, 'measurement_iterations_multiplier': 4, 'warmup_iterations': 3, 'gpu_completion_mode': 'per_iteration', 'unit': 'us', 'direction': 'lower_is_better'}"
deck,parent,texture_cubemap_fallback.bordered_r6g5b5_size2,20261004-175612948-eb642751bef44210b3f1ff9f01869581,132808.5832,533232,16663.125,16663.125,failed,FAIL,0e8ba11521b73f45,,True,ineligible,True,completed,"{'revision': 1, 'iterations': 32, 'sample_count': 8, 'measurement_iterations_multiplier': 4, 'warmup_iterations': 3, 'gpu_completion_mode': 'per_iteration', 'unit': 'us', 'direction': 'lower_is_better'}"
deck,parent,texture_cubemap_fallback.bordered_r6g5b5_size4,20261004-175612948-eb642751bef44210b3f1ff9f01869581,132808.5832,533483,16670.875,16670.875,failed,FAIL,31dbcc2110e01525,,True,ineligible,True,completed,"{'revision': 1, 'iterations': 32, 'sample_count': 8, 'measurement_iterations_multiplier': 4, 'warmup_iterations': 3, 'gpu_completion_mode': 'per_iteration', 'unit': 'us', 'direction': 'lower_is_better'}"
deck,parent,texture_cubemap_fallback.bordered_rgba8_size1,20261004-175612948-eb642751bef44210b3f1ff9f01869581,132808.5832,532981,16655.375,16655.375,failed,FAIL,56d00ed89334a325,,True,ineligible,True,completed,"{'revision': 1, 'iterations': 32, 'sample_count': 8, 'measurement_iterations_multiplier': 4, 'warmup_iterations': 3, 'gpu_completion_mode': 'per_iteration', 'unit': 'us', 'direction': 'lower_is_better'}"
deck,parent,texture_cubemap_fallback.bordered_rgba8_size2,20261004-175612948-eb642751bef44210b3f1ff9f01869581,132808.5832,533095,16658.75,16658.75,failed,FAIL,bb93d50a6b1ba325,,True,ineligible,True,completed,"{'revision': 1, 'iterations': 32, 'sample_count': 8, 'measurement_iterations_multiplier': 4, 'warmup_iterations': 3, 'gpu_completion_mode': 'per_iteration', 'unit': 'us', 'direction': 'lower_is_better'}"
deck,parent,texture_cubemap_fallback.bordered_rgba8_size4,20261004-175612948-eb642751bef44210b3f1ff9f01869581,132808.5832,533056,16657.875,16657.875,failed,FAIL,55460e1d2302a325,,True,ineligible,True,completed,"{'revision': 1, 'iterations': 32, 'sample_count': 8, 'measurement_iterations_multiplier': 4, 'warmup_iterations': 3, 'gpu_completion_mode': 'per_iteration', 'unit': 'us', 'direction': 'lower_is_better'}"
deck,parent,texture_cubemap_fallback.bordered_rgba8_size8,20261004-175612948-eb642751bef44210b3f1ff9f01869581,132808.5832,533022,16656.5,16656.5,failed,FAIL,f3129198a7b005f5,,True,ineligible,True,completed,"{'revision': 1, 'iterations': 32, 'sample_count': 8, 'measurement_iterations_multiplier': 4, 'warmup_iterations': 3, 'gpu_completion_mode': 'per_iteration', 'unit': 'us', 'direction': 'lower_is_better'}"
deck,parent,texture_cubemap_fallback.unbordered_subblock_dxt1,20261004-175612948-eb642751bef44210b3f1ff9f01869581,132808.5832,532882,16652.25,16652.25,passed,PASS,be0f2013c1997ca5,,True,ineligible,True,completed,"{'revision': 1, 'iterations': 32, 'sample_count': 8, 'measurement_iterations_multiplier': 4, 'warmup_iterations': 3, 'gpu_completion_mode': 'per_iteration', 'unit': 'us', 'direction': 'lower_is_better'}"
deck,parent,texture_cubemap_fallback.bordered_r6g5b5_size8,20261004-175827794-16d5dff5940d42adb180ceb4586c6adb,24618.2844,531933,16622.375,16622.375,failed,FAIL,72ca2acdd1d976a5,,True,ineligible,True,completed,"{'revision': 1, 'iterations': 32, 'sample_count': 8, 'measurement_iterations_multiplier': 4, 'warmup_iterations': 3, 'gpu_completion_mode': 'per_iteration', 'unit': 'us', 'direction': 'lower_is_better'}"
deck,parent,surface.basic,20261004-175854448-a13ea019e99141f5856c248a4424bed8,36356.7389,1620716,40517.6,40517.6,failed,PASS,cf6533efef4c476e,6f90d43f59b710fa,True,ineligible,True,completed,"{'revision': 1, 'iterations': 40, 'sample_count': 10, 'measurement_iterations_multiplier': 4, 'warmup_iterations': 3, 'gpu_completion_mode': 'per_iteration', 'unit': 'us', 'direction': 'lower_is_better'}"
deck,parent,surface.cpu_read_after_gpu_write,20261004-175854448-a13ea019e99141f5856c248a4424bed8,36356.7389,287929,3598.8,3598.8,passed,PASS,572720976b602325,572720976b602325,True,ineligible,True,completed,"{'revision': 1, 'iterations': 80, 'sample_count': 20, 'measurement_iterations_multiplier': 4, 'warmup_iterations': 3, 'gpu_completion_mode': 'per_iteration', 'unit': 'us', 'direction': 'lower_is_better'}"
deck,parent,surface.cpu_read_clean_surface,20261004-175854448-a13ea019e99141f5856c248a4424bed8,36356.7389,175386,438.04,438.04,passed,PASS,aa32af524aa52325,aa32af524aa52325,True,ineligible,True,completed,"{'revision': 1, 'iterations': 400, 'sample_count': 100, 'measurement_iterations_multiplier': 4, 'warmup_iterations': 3, 'gpu_completion_mode': 'per_iteration', 'unit': 'us', 'direction': 'lower_is_better'}"
deck,parent,surface.framebuffer_working_set_002,20261004-175854448-a13ea019e99141f5856c248a4424bed8,36356.7389,383571,4794.15,4794.15,failed,PASS,cb732f2ae5736b2d,ab1fa4b103c05f05,True,ineligible,True,completed,"{'revision': 1, 'iterations': 80, 'sample_count': 20, 'measurement_iterations_multiplier': 4, 'warmup_iterations': 3, 'gpu_completion_mode': 'per_iteration', 'unit': 'us', 'direction': 'lower_is_better'}"
deck,parent,surface.framebuffer_working_set_008,20261004-175854448-a13ea019e99141f5856c248a4424bed8,36356.7389,402915,5036,5036,failed,PASS,7ffda0d97cce712d,8393e7935b67da71,True,ineligible,True,completed,"{'revision': 1, 'iterations': 80, 'sample_count': 20, 'measurement_iterations_multiplier': 4, 'warmup_iterations': 3, 'gpu_completion_mode': 'per_iteration', 'unit': 'us', 'direction': 'lower_is_better'}"
deck,parent,surface.framebuffer_working_set_032,20261004-175854448-a13ea019e99141f5856c248a4424bed8,36356.7389,379270,4740.45,4740.45,failed,PASS,2baad45ae0ed71a5,4e53301a279a7e09,True,ineligible,True,completed,"{'revision': 1, 'iterations': 80, 'sample_count': 20, 'measurement_iterations_multiplier': 4, 'warmup_iterations': 3, 'gpu_completion_mode': 'per_iteration', 'unit': 'us', 'direction': 'lower_is_better'}"
deck,parent,surface.framebuffer_working_set_064,20261004-175854448-a13ea019e99141f5856c248a4424bed8,36356.7389,336396,4204.55,4204.55,failed,PASS,2baad45ae0ed71a5,dbdfafa7ed2f28c9,True,ineligible,True,completed,"{'revision': 1, 'iterations': 80, 'sample_count': 20, 'measurement_iterations_multiplier': 4, 'warmup_iterations': 3, 'gpu_completion_mode': 'per_iteration', 'unit': 'us', 'direction': 'lower_is_better'}"
deck,parent,surface.full_clear_elision_guard,20261004-175854448-a13ea019e99141f5856c248a4424bed8,36356.7389,2816165,7040.01,7040.01,failed,PASS,49bc2d7eec9c4725,01a1571033aa9dfd,True,ineligible,True,completed,"{'revision': 1, 'iterations': 400, 'sample_count': 100, 'measurement_iterations_multiplier': 4, 'warmup_iterations': 3, 'gpu_completion_mode': 'per_iteration', 'unit': 'us', 'direction': 'lower_is_better'}"
deck,parent,surface.overlapping_surface_churn_representative,20261004-175854448-a13ea019e99141f5856c248a4424bed8,36356.7389,2879927,7199.45,7199.45,failed,PASS,7a8c35cdc9c70725,7b4f2884714177a5,True,ineligible,True,completed,"{'revision': 1, 'iterations': 400, 'sample_count': 100, 'measurement_iterations_multiplier': 4, 'warmup_iterations': 3, 'gpu_completion_mode': 'per_iteration', 'unit': 'us', 'direction': 'lower_is_better'}"
deck,parent,surface.overlapping_surface_churn_stress,20261004-175854448-a13ea019e99141f5856c248a4424bed8,36356.7389,2942583,73564.3,73564.3,failed,PASS,7a8c35cdc9c70725,19890b325809498d,True,ineligible,True,completed,"{'revision': 1, 'iterations': 40, 'sample_count': 10, 'measurement_iterations_multiplier': 4, 'warmup_iterations': 3, 'gpu_completion_mode': 'per_iteration', 'unit': 'us', 'direction': 'lower_is_better'}"
deck,parent,surface.partial_channel_clear_guard,20261004-175854448-a13ea019e99141f5856c248a4424bed8,36356.7389,2514865,6286.79,6286.79,failed,PASS,b52bc22d6eedd725,31d730ce613f92bd,True,ineligible,True,completed,"{'revision': 1, 'iterations': 400, 'sample_count': 100, 'measurement_iterations_multiplier': 4, 'warmup_iterations': 3, 'gpu_completion_mode': 'per_iteration', 'unit': 'us', 'direction': 'lower_is_better'}"
deck,parent,surface.surface_download_path,20261004-175854448-a13ea019e99141f5856c248a4424bed8,36356.7389,1851221,46280,46280,failed,PASS,3a281ef8b6b324c2,eb6604c45975bcec,True,ineligible,True,completed,"{'revision': 1, 'iterations': 40, 'sample_count': 10, 'measurement_iterations_multiplier': 4, 'warmup_iterations': 3, 'gpu_completion_mode': 'per_iteration', 'unit': 'us', 'direction': 'lower_is_better'}"
deck,parent,surface.surface_list_lookup_002,20261004-175932339-e86d3c7b58af45f28de51dbeb7ce6d9b,71647.0225,302584,3781.95,3781.95,failed,PASS,fa475bc695046525,26ff617c53458a53,True,ineligible,True,completed,"{'revision': 1, 'iterations': 80, 'sample_count': 20, 'measurement_iterations_multiplier': 4, 'warmup_iterations': 3, 'gpu_completion_mode': 'per_iteration', 'unit': 'us', 'direction': 'lower_is_better'}"
deck,parent,surface.surface_list_lookup_008,20261004-175932339-e86d3c7b58af45f28de51dbeb7ce6d9b,71647.0225,469115,5863.6,5863.6,failed,PASS,9489ca620c4f97a5,18e8676fcc804922,True,ineligible,True,completed,"{'revision': 1, 'iterations': 80, 'sample_count': 20, 'measurement_iterations_multiplier': 4, 'warmup_iterations': 3, 'gpu_completion_mode': 'per_iteration', 'unit': 'us', 'direction': 'lower_is_better'}"
deck,parent,surface.surface_list_lookup_032,20261004-175932339-e86d3c7b58af45f28de51dbeb7ce6d9b,71647.0225,409903,5123.5,5123.5,failed,PASS,8cdf93e7e3e6ce25,1bc652a47e609cf5,True,ineligible,True,completed,"{'revision': 1, 'iterations': 80, 'sample_count': 20, 'measurement_iterations_multiplier': 4, 'warmup_iterations': 3, 'gpu_completion_mode': 'per_iteration', 'unit': 'us', 'direction': 'lower_is_better'}"
deck,parent,surface.surface_list_lookup_128,20261004-175932339-e86d3c7b58af45f28de51dbeb7ce6d9b,71647.0225,414600,5182.1,5182.1,failed,PASS,8cdf93e7e3e6ce25,4b4650aa45e0be8d,True,ineligible,True,completed,"{'revision': 1, 'iterations': 80, 'sample_count': 20, 'measurement_iterations_multiplier': 4, 'warmup_iterations': 3, 'gpu_completion_mode': 'per_iteration', 'unit': 'us', 'direction': 'lower_is_better'}"
deck,parent,surface.vulkan_memory_pressure.representative.growth,20261004-175932339-e86d3c7b58af45f28de51dbeb7ce6d9b,71647.0225,2231722,139482.25,139482.25,failed,PASS,17046af640418325,a1ce1e9182d42125,True,ineligible,True,completed,"{'revision': 1, 'iterations': 16, 'sample_count': 4, 'measurement_iterations_multiplier': 4, 'warmup_iterations': 3, 'gpu_completion_mode': 'per_iteration', 'unit': 'us', 'direction': 'lower_is_better'}"
deck,parent,surface.vulkan_memory_pressure.representative.plateau,20261004-175932339-e86d3c7b58af45f28de51dbeb7ce6d9b,71647.0225,2055830,128489,128489,failed,PASS,490075aafd91af25,c00be5b19acc4e6f,True,ineligible,True,completed,"{'revision': 1, 'iterations': 16, 'sample_count': 4, 'measurement_iterations_multiplier': 4, 'warmup_iterations': 3, 'gpu_completion_mode': 'per_iteration', 'unit': 'us', 'direction': 'lower_is_better'}"
deck,parent,surface.vulkan_memory_pressure.representative.alias_resize,20261004-175932339-e86d3c7b58af45f28de51dbeb7ce6d9b,71647.0225,1041813,65113,65113,failed,PASS,ed56b68868e2f325,0247ea98d29062c5,True,ineligible,True,completed,"{'revision': 1, 'iterations': 16, 'sample_count': 4, 'measurement_iterations_multiplier': 4, 'warmup_iterations': 3, 'gpu_completion_mode': 'per_iteration', 'unit': 'us', 'direction': 'lower_is_better'}"
deck,parent,surface.vulkan_memory_pressure.representative.reuse,20261004-175932339-e86d3c7b58af45f28de51dbeb7ce6d9b,71647.0225,2172430,135776.5,135776.5,failed,PASS,b8b4854297220f25,d885d846be04bb3d,True,ineligible,True,completed,"{'revision': 1, 'iterations': 16, 'sample_count': 4, 'measurement_iterations_multiplier': 4, 'warmup_iterations': 3, 'gpu_completion_mode': 'per_iteration', 'unit': 'us', 'direction': 'lower_is_better'}"
deck,parent,surface.vulkan_memory_pressure.representative.idle_retention,20261004-175932339-e86d3c7b58af45f28de51dbeb7ce6d9b,71647.0225,25761,1609.75,1609.75,failed,PASS,dfa4d6a81f791525,4ab34638455a76e1,True,ineligible,True,completed,"{'revision': 1, 'iterations': 16, 'sample_count': 4, 'measurement_iterations_multiplier': 4, 'warmup_iterations': 3, 'gpu_completion_mode': 'per_iteration', 'unit': 'us', 'direction': 'lower_is_better'}"
deck,parent,surface.vulkan_memory_pressure.stress.growth,20261004-175932339-e86d3c7b58af45f28de51dbeb7ce6d9b,71647.0225,10731362,670709.75,670709.75,failed,PASS,17a43e09af9b8325,063949c8ff1686f9,True,ineligible,True,completed,"{'revision': 1, 'iterations': 16, 'sample_count': 4, 'measurement_iterations_multiplier': 4, 'warmup_iterations': 3, 'gpu_completion_mode': 'per_iteration', 'unit': 'us', 'direction': 'lower_is_better'}"
deck,parent,surface.vulkan_memory_pressure.stress.plateau,20261004-175932339-e86d3c7b58af45f28de51dbeb7ce6d9b,71647.0225,11487081,717942.25,717942.25,failed,PASS,4732cd7c1520a325,769bf225e8cc48d5,True,ineligible,True,completed,"{'revision': 1, 'iterations': 16, 'sample_count': 4, 'measurement_iterations_multiplier': 4, 'warmup_iterations': 3, 'gpu_completion_mode': 'per_iteration', 'unit': 'us', 'direction': 'lower_is_better'}"
deck,parent,surface.vulkan_memory_pressure.stress.alias_resize,20261004-175932339-e86d3c7b58af45f28de51dbeb7ce6d9b,71647.0225,4237325,264832.25,264832.25,failed,PASS,34e2ce9b25a3bf25,c1ab77f18dbbc86d,True,ineligible,True,completed,"{'revision': 1, 'iterations': 16, 'sample_count': 4, 'measurement_iterations_multiplier': 4, 'warmup_iterations': 3, 'gpu_completion_mode': 'per_iteration', 'unit': 'us', 'direction': 'lower_is_better'}"
deck,parent,surface.vulkan_memory_pressure.stress.reuse,20261004-175932339-e86d3c7b58af45f28de51dbeb7ce6d9b,71647.0225,10561064,660066,660066,failed,PASS,0a989678bb57ff25,837b6a123bb12a09,True,ineligible,True,completed,"{'revision': 1, 'iterations': 16, 'sample_count': 4, 'measurement_iterations_multiplier': 4, 'warmup_iterations': 3, 'gpu_completion_mode': 'per_iteration', 'unit': 'us', 'direction': 'lower_is_better'}"
deck,parent,surface.vulkan_memory_pressure.stress.idle_retention,20261004-175932339-e86d3c7b58af45f28de51dbeb7ce6d9b,71647.0225,50661,3165.75,3165.75,failed,PASS,c60ef78ce0171b25,a24e2d9ee2191cd8,True,ineligible,True,completed,"{'revision': 1, 'iterations': 16, 'sample_count': 4, 'measurement_iterations_multiplier': 4, 'warmup_iterations': 3, 'gpu_completion_mode': 'per_iteration', 'unit': 'us', 'direction': 'lower_is_better'}"
deck,parent,tiny_draw.arrays.fixed_function,20261004-180046029-b26bc4859b754e859e16ae900aa07c74,40340.1495,2908553,72713.5,72713.5,failed,PASS,acf025546cf667b5,5636eabc173a3691,True,ineligible,True,completed,"{'revision': 1, 'iterations': 40, 'sample_count': 10, 'measurement_iterations_multiplier': 4, 'warmup_iterations': 3, 'gpu_completion_mode': 'per_iteration', 'unit': 'us', 'direction': 'lower_is_better'}"
deck,parent,tiny_draw.arrays.vertex_shader,20261004-180046029-b26bc4859b754e859e16ae900aa07c74,40340.1495,2661559,66538.5,66538.5,failed,PASS,acf025546cf667b5,5528df4b56e8f75d,True,ineligible,True,completed,"{'revision': 1, 'iterations': 40, 'sample_count': 10, 'measurement_iterations_multiplier': 4, 'warmup_iterations': 3, 'gpu_completion_mode': 'per_iteration', 'unit': 'us', 'direction': 'lower_is_better'}"
deck,parent,tiny_draw.inline_arrays.fixed_function,20261004-180046029-b26bc4859b754e859e16ae900aa07c74,40340.1495,3384666,84616.3,84616.3,failed,PASS,acf025546cf667b5,24f378fc9981dad5,True,ineligible,True,completed,"{'revision': 1, 'iterations': 40, 'sample_count': 10, 'measurement_iterations_multiplier': 4, 'warmup_iterations': 3, 'gpu_completion_mode': 'per_iteration', 'unit': 'us', 'direction': 'lower_is_better'}"
deck,parent,tiny_draw.inline_arrays.vertex_shader,20261004-180046029-b26bc4859b754e859e16ae900aa07c74,40340.1495,3307887,82696.9,82696.9,failed,PASS,acf025546cf667b5,1f7bd52bdb2ddb2d,True,ineligible,True,completed,"{'revision': 1, 'iterations': 40, 'sample_count': 10, 'measurement_iterations_multiplier': 4, 'warmup_iterations': 3, 'gpu_completion_mode': 'per_iteration', 'unit': 'us', 'direction': 'lower_is_better'}"
deck,parent,tiny_draw.inline_buffers.fixed_function,20261004-180046029-b26bc4859b754e859e16ae900aa07c74,40340.1495,2741230,68530.4,68530.4,failed,PASS,acf025546cf667b5,1d33c1f03f3df5d5,True,ineligible,True,completed,"{'revision': 1, 'iterations': 40, 'sample_count': 10, 'measurement_iterations_multiplier': 4, 'warmup_iterations': 3, 'gpu_completion_mode': 'per_iteration', 'unit': 'us', 'direction': 'lower_is_better'}"
deck,parent,tiny_draw.inline_buffers.vertex_shader,20261004-180046029-b26bc4859b754e859e16ae900aa07c74,40340.1495,2717587,67939.1,67939.1,failed,PASS,acf025546cf667b5,98123d79a8ae06a5,True,ineligible,True,completed,"{'revision': 1, 'iterations': 40, 'sample_count': 10, 'measurement_iterations_multiplier': 4, 'warmup_iterations': 3, 'gpu_completion_mode': 'per_iteration', 'unit': 'us', 'direction': 'lower_is_better'}"
deck,parent,tiny_draw.inline_elements.fixed_function,20261004-180046029-b26bc4859b754e859e16ae900aa07c74,40340.1495,2590710,64767.4,64767.4,failed,PASS,acf025546cf667b5,cd0e5481b375a40d,True,ineligible,True,completed,"{'revision': 1, 'iterations': 40, 'sample_count': 10, 'measurement_iterations_multiplier': 4, 'warmup_iterations': 3, 'gpu_completion_mode': 'per_iteration', 'unit': 'us', 'direction': 'lower_is_better'}"
deck,parent,tiny_draw.inline_elements.vertex_shader,20261004-180046029-b26bc4859b754e859e16ae900aa07c74,40340.1495,2701370,67533.9,67533.9,failed,PASS,acf025546cf667b5,0539f844d85cc73d,True,ineligible,True,completed,"{'revision': 1, 'iterations': 40, 'sample_count': 10, 'measurement_iterations_multiplier': 4, 'warmup_iterations': 3, 'gpu_completion_mode': 'per_iteration', 'unit': 'us', 'direction': 'lower_is_better'}"
deck,parent,uniform_thrash.uniform_thrash,20261004-180128405-e446023250cd44418149b793b7e09a70,14069.9616,172901,4322.1,4322.1,failed,PASS,ad445c59f8b11925,e643e886c2ebbdd5,True,ineligible,True,completed,"{'revision': 1, 'iterations': 40, 'sample_count': 10, 'measurement_iterations_multiplier': 4, 'warmup_iterations': 3, 'gpu_completion_mode': 'per_iteration', 'unit': 'us', 'direction': 'lower_is_better'}"
deck,parent,vertex_buffer_allocation.mixed.arrays,20261004-180144520-31cab26fd7894da3af5ad25f268be77d,147149.8893,2274097,56852.1,,not evaluated,PASS,377e6c029807f325,377e6c029807f325,True,ineligible,True,completed,"{'revision': 1, 'iterations': 40, 'sample_count': 10, 'measurement_iterations_multiplier': 4, 'warmup_iterations': 3, 'gpu_completion_mode': 'per_iteration', 'unit': 'us', 'direction': 'lower_is_better'}"
deck,parent,vertex_buffer_allocation.mixed.inline_arrays,20261004-180144520-31cab26fd7894da3af5ad25f268be77d,147149.8893,19193490,479836.8,,not evaluated,PASS,377e6c029807f325,377e6c029807f325,True,ineligible,True,completed,"{'revision': 1, 'iterations': 40, 'sample_count': 10, 'measurement_iterations_multiplier': 4, 'warmup_iterations': 3, 'gpu_completion_mode': 'per_iteration', 'unit': 'us', 'direction': 'lower_is_better'}"
deck,parent,vertex_buffer_allocation.mixed.inline_buffers,20261004-180144520-31cab26fd7894da3af5ad25f268be77d,147149.8893,73579876,1839496.6,,not evaluated,PASS,377e6c029807f325,377e6c029807f325,True,ineligible,True,completed,"{'revision': 1, 'iterations': 40, 'sample_count': 10, 'measurement_iterations_multiplier': 4, 'warmup_iterations': 3, 'gpu_completion_mode': 'per_iteration', 'unit': 'us', 'direction': 'lower_is_better'}"
deck,parent,vertex_buffer_allocation.mixed.inline_elements,20261004-180144520-31cab26fd7894da3af5ad25f268be77d,147149.8893,2173071,54326.5,,not evaluated,PASS,377e6c029807f325,377e6c029807f325,True,ineligible,True,completed,"{'revision': 1, 'iterations': 40, 'sample_count': 10, 'measurement_iterations_multiplier': 4, 'warmup_iterations': 3, 'gpu_completion_mode': 'per_iteration', 'unit': 'us', 'direction': 'lower_is_better'}"
deck,parent,vertex_buffer_allocation.tiny.arrays,20261004-180144520-31cab26fd7894da3af5ad25f268be77d,147149.8893,2926389,73159.5,,not evaluated,PASS,377e6c029807f325,377e6c029807f325,True,ineligible,True,completed,"{'revision': 1, 'iterations': 40, 'sample_count': 10, 'measurement_iterations_multiplier': 4, 'warmup_iterations': 3, 'gpu_completion_mode': 'per_iteration', 'unit': 'us', 'direction': 'lower_is_better'}"
deck,parent,vertex_buffer_allocation.tiny.inline_arrays,20261004-180144520-31cab26fd7894da3af5ad25f268be77d,147149.8893,3336340,83408.1,,not evaluated,PASS,377e6c029807f325,377e6c029807f325,True,ineligible,True,completed,"{'revision': 1, 'iterations': 40, 'sample_count': 10, 'measurement_iterations_multiplier': 4, 'warmup_iterations': 3, 'gpu_completion_mode': 'per_iteration', 'unit': 'us', 'direction': 'lower_is_better'}"
deck,parent,vertex_buffer_allocation.tiny.inline_buffers,20261004-180144520-31cab26fd7894da3af5ad25f268be77d,147149.8893,3434679,85866.5,,not evaluated,PASS,377e6c029807f325,377e6c029807f325,True,ineligible,True,completed,"{'revision': 1, 'iterations': 40, 'sample_count': 10, 'measurement_iterations_multiplier': 4, 'warmup_iterations': 3, 'gpu_completion_mode': 'per_iteration', 'unit': 'us', 'direction': 'lower_is_better'}"
deck,parent,vertex_buffer_allocation.tiny.inline_elements,20261004-180144520-31cab26fd7894da3af5ad25f268be77d,147149.8893,2928534,73212.9,,not evaluated,PASS,377e6c029807f325,377e6c029807f325,True,ineligible,True,completed,"{'revision': 1, 'iterations': 40, 'sample_count': 10, 'measurement_iterations_multiplier': 4, 'warmup_iterations': 3, 'gpu_completion_mode': 'per_iteration', 'unit': 'us', 'direction': 'lower_is_better'}"
deck,parent,vertex_buffer_allocation.rising_transient_growth,20261004-180144520-31cab26fd7894da3af5ad25f268be77d,147149.8893,5398497,1349624,,not evaluated,PASS,377e6c029807f325,,False,ineligible,True,completed,"{'revision': 1, 'iterations': 4, 'sample_count': 1, 'measurement_iterations_multiplier': 4, 'warmup_iterations': 3, 'gpu_completion_mode': 'per_iteration', 'unit': 'us', 'direction': 'lower_is_better'}"
deck,parent,vertex_buffer_allocation.disjoint_same_page,20261004-180144520-31cab26fd7894da3af5ad25f268be77d,147149.8893,2902284,72556.7,,not evaluated,PASS,fdcd25a37910bb25,d93bb411fee61f6d,True,ineligible,True,completed,"{'revision': 1, 'iterations': 40, 'sample_count': 10, 'measurement_iterations_multiplier': 4, 'warmup_iterations': 3, 'gpu_completion_mode': 'per_iteration', 'unit': 'us', 'direction': 'lower_is_better'}"
deck,candidate,busy_pfifo.pfifo_saturation,20261004-180422235-7ab4b6fcd3b84614a8744a683d3e4a14,87005.4323,6974488,174361.8,,not evaluated,PASS,618832b1599bf211,1508607624bb8506,True,ineligible,True,completed,"{'revision': 1, 'iterations': 40, 'sample_count': 10, 'measurement_iterations_multiplier': 4, 'warmup_iterations': 3, 'gpu_completion_mode': 'per_iteration', 'unit': 'us', 'direction': 'lower_is_better'}"
deck,candidate,busy_pfifo.pgraph_pattern_polling,20261004-180422235-7ab4b6fcd3b84614a8744a683d3e4a14,87005.4323,34820856,8705214,,not evaluated,PASS,386d0f085e98c325,386d0f085e98c325,True,ineligible,True,completed,"{'revision': 1, 'iterations': 4, 'sample_count': 1, 'measurement_iterations_multiplier': 4, 'warmup_iterations': 3, 'gpu_completion_mode': 'per_iteration', 'unit': 'us', 'direction': 'lower_is_better'}"
deck,candidate,pfifo_array_elements.array_element_pgr2,20261004-180422235-7ab4b6fcd3b84614a8744a683d3e4a14,87005.4323,45139,1410.25,,not evaluated,PASS,bbc8b0702ffd0325,bbc8b0702ffd0325,True,ineligible,True,completed,"{'revision': 1, 'iterations': 32, 'sample_count': 8, 'measurement_iterations_multiplier': 4, 'warmup_iterations': 3, 'gpu_completion_mode': 'per_iteration', 'unit': 'us', 'direction': 'lower_is_better'}"
deck,candidate,pfifo_array_elements.array_element16,20261004-180422235-7ab4b6fcd3b84614a8744a683d3e4a14,87005.4323,57666,1801.75,,not evaluated,PASS,9c884de2a5d32325,9c884de2a5d32325,True,ineligible,True,completed,"{'revision': 1, 'iterations': 32, 'sample_count': 8, 'measurement_iterations_multiplier': 4, 'warmup_iterations': 3, 'gpu_completion_mode': 'per_iteration', 'unit': 'us', 'direction': 'lower_is_better'}"
deck,candidate,pfifo_array_elements.array_element32,20261004-180422235-7ab4b6fcd3b84614a8744a683d3e4a14,87005.4323,61753,1929.375,,not evaluated,PASS,e079f0cf1a994325,e079f0cf1a994325,True,ineligible,True,completed,"{'revision': 1, 'iterations': 32, 'sample_count': 8, 'measurement_iterations_multiplier': 4, 'warmup_iterations': 3, 'gpu_completion_mode': 'per_iteration', 'unit': 'us', 'direction': 'lower_is_better'}"
deck,candidate,pfifo_packet_boundary.array_element16_overflow,20261004-180422235-7ab4b6fcd3b84614a8744a683d3e4a14,87005.4323,164405,41101,,not evaluated,PASS,4d1756526f052325,,False,ineligible,True,completed,"{'revision': 1, 'iterations': 4, 'sample_count': 1, 'measurement_iterations_multiplier': 4, 'warmup_iterations': 3, 'gpu_completion_mode': 'per_iteration', 'unit': 'us', 'direction': 'lower_is_better'}"
deck,candidate,pfifo_packet_boundary.array_element32_overflow,20261004-180422235-7ab4b6fcd3b84614a8744a683d3e4a14,87005.4323,301976,75494,,not evaluated,PASS,6eb7071be692a325,,False,ineligible,True,completed,"{'revision': 1, 'iterations': 4, 'sample_count': 1, 'measurement_iterations_multiplier': 4, 'warmup_iterations': 3, 'gpu_completion_mode': 'per_iteration', 'unit': 'us', 'direction': 'lower_is_better'}"
deck,candidate,pfifo_packet_boundary.inline_array_overflow,20261004-180422235-7ab4b6fcd3b84614a8744a683d3e4a14,87005.4323,244280,61070,,not evaluated,PASS,847da1930526a325,,False,ineligible,True,completed,"{'revision': 1, 'iterations': 4, 'sample_count': 1, 'measurement_iterations_multiplier': 4, 'warmup_iterations': 3, 'gpu_completion_mode': 'per_iteration', 'unit': 'us', 'direction': 'lower_is_better'}"
deck,candidate,pfifo_packet_boundary.incrementing_inline_fallback,20261004-180422235-7ab4b6fcd3b84614a8744a683d3e4a14,87005.4323,240,60,,not evaluated,PASS,640439ee8ecd2325,,False,ineligible,True,completed,"{'revision': 1, 'iterations': 4, 'sample_count': 1, 'measurement_iterations_multiplier': 4, 'warmup_iterations': 3, 'gpu_completion_mode': 'per_iteration', 'unit': 'us', 'direction': 'lower_is_better'}"
deck,candidate,cpu_floating_point.sse_scalar,20261004-180551276-dacc6473beba48e5b03781540df323e9,178547.4066,48534836,1213370.7,1213370.7,passed,PASS,6962077c244da325,6962077c244da325,True,eligible,True,completed,"{'revision': 1, 'iterations': 40, 'sample_count': 10, 'measurement_iterations_multiplier': 4, 'warmup_iterations': 3, 'gpu_completion_mode': 'per_iteration', 'unit': 'us', 'direction': 'lower_is_better'}"
deck,candidate,cpu_floating_point.x87_scalar,20261004-180551276-dacc6473beba48e5b03781540df323e9,178547.4066,46349881,1158746.9,1158746.9,passed,PASS,6962077c244da325,6962077c244da325,True,eligible,True,completed,"{'revision': 1, 'iterations': 40, 'sample_count': 10, 'measurement_iterations_multiplier': 4, 'warmup_iterations': 3, 'gpu_completion_mode': 'per_iteration', 'unit': 'us', 'direction': 'lower_is_better'}"
deck,candidate,cpu_translation_blocks.direct_loop,20261004-180551276-dacc6473beba48e5b03781540df323e9,178547.4066,824226,20605.3,20605.3,passed,PASS,bd1fc9bf0c318325,bd1fc9bf0c318325,True,eligible,True,completed,"{'revision': 1, 'iterations': 40, 'sample_count': 10, 'measurement_iterations_multiplier': 4, 'warmup_iterations': 3, 'gpu_completion_mode': 'per_iteration', 'unit': 'us', 'direction': 'lower_is_better'}"
deck,candidate,cpu_translation_blocks.indirect_dispatch,20261004-180551276-dacc6473beba48e5b03781540df323e9,178547.4066,2693318,67332.6,67332.6,passed,PASS,c0426cf669a02325,c0426cf669a02325,True,eligible,True,completed,"{'revision': 1, 'iterations': 40, 'sample_count': 10, 'measurement_iterations_multiplier': 4, 'warmup_iterations': 3, 'gpu_completion_mode': 'per_iteration', 'unit': 'us', 'direction': 'lower_is_better'}"
deck,candidate,cpu_translation_blocks.indirect_dispatch_stress,20261004-180551276-dacc6473beba48e5b03781540df323e9,178547.4066,54023716,1350592.6,1350592.6,passed,PASS,fbd507cb0c622325,fbd507cb0c622325,True,eligible,True,completed,"{'revision': 1, 'iterations': 40, 'sample_count': 10, 'measurement_iterations_multiplier': 4, 'warmup_iterations': 3, 'gpu_completion_mode': 'per_iteration', 'unit': 'us', 'direction': 'lower_is_better'}"
deck,candidate,fill_rate.solid,20261004-180851859-c6f96be23f03459cbe3b11bc0a4823a6,15217.1238,181067,4526.4,4526.4,failed,PASS,aa539e0bcd4e54b3,08b0f60773aac775,True,ineligible,True,completed,"{'revision': 1, 'iterations': 40, 'sample_count': 10, 'measurement_iterations_multiplier': 4, 'warmup_iterations': 3, 'gpu_completion_mode': 'per_iteration', 'unit': 'us', 'direction': 'lower_is_better'}"
deck,candidate,fill_rate.textured,20261004-180851859-c6f96be23f03459cbe3b11bc0a4823a6,15217.1238,320311,8007.3,8007.3,failed,PASS,92f42c56c1fbe869,99b433323df1684d,True,ineligible,True,completed,"{'revision': 1, 'iterations': 40, 'sample_count': 10, 'measurement_iterations_multiplier': 4, 'warmup_iterations': 3, 'gpu_completion_mode': 'per_iteration', 'unit': 'us', 'direction': 'lower_is_better'}"
deck,candidate,pipeline_texture_switch.clear_texture_normal,20261004-180909112-5247b77377cc4a9b9193975c185b417c,24728.2395,1112583,34767.75,,not evaluated,PASS,22ba4f1405cda325,22ba4f1405cda325,True,ineligible,True,completed,"{'revision': 1, 'iterations': 32, 'sample_count': 8, 'measurement_iterations_multiplier': 4, 'warmup_iterations': 3, 'gpu_completion_mode': 'per_iteration', 'unit': 'us', 'direction': 'lower_is_better'}"
deck,candidate,pipeline_texture_switch.palette_dma_remap,20261004-180909112-5247b77377cc4a9b9193975c185b417c,24728.2395,66344,16586,,not evaluated,PASS,fbf687de65082325,,False,ineligible,True,completed,"{'revision': 1, 'iterations': 4, 'sample_count': 1, 'measurement_iterations_multiplier': 4, 'warmup_iterations': 3, 'gpu_completion_mode': 'per_iteration', 'unit': 'us', 'direction': 'lower_is_better'}"
deck,candidate,pipeline_texture_switch.palette_only_update,20261004-180909112-5247b77377cc4a9b9193975c185b417c,24728.2395,270011,67502,,not evaluated,PASS,467aab2f95cda325,,False,ineligible,True,completed,"{'revision': 1, 'iterations': 4, 'sample_count': 1, 'measurement_iterations_multiplier': 4, 'warmup_iterations': 3, 'gpu_completion_mode': 'per_iteration', 'unit': 'us', 'direction': 'lower_is_better'}"
deck,candidate,pipeline_texture_switch.sampler_only_identity,20261004-180909112-5247b77377cc4a9b9193975c185b417c,24728.2395,2060745,64397.875,,not evaluated,PASS,0b8438c8404da325,0b8438c8404da325,True,ineligible,True,completed,"{'revision': 1, 'iterations': 32, 'sample_count': 8, 'measurement_iterations_multiplier': 4, 'warmup_iterations': 3, 'gpu_completion_mode': 'per_iteration', 'unit': 'us', 'direction': 'lower_is_better'}"
deck,candidate,pipeline_texture_switch.shader_negative_control,20261004-180909112-5247b77377cc4a9b9193975c185b417c,24728.2395,1561726,48803.625,,not evaluated,PASS,f110c8bd6338c325,f110c8bd6338c325,True,ineligible,True,completed,"{'revision': 1, 'iterations': 32, 'sample_count': 8, 'measurement_iterations_multiplier': 4, 'warmup_iterations': 3, 'gpu_completion_mode': 'per_iteration', 'unit': 'us', 'direction': 'lower_is_better'}"
deck,candidate,pipeline_texture_switch.shared_page_overlap,20261004-180909112-5247b77377cc4a9b9193975c185b417c,24728.2395,200758,50189,,not evaluated,PASS,83bb59a8648da325,,False,ineligible,True,completed,"{'revision': 1, 'iterations': 4, 'sample_count': 1, 'measurement_iterations_multiplier': 4, 'warmup_iterations': 3, 'gpu_completion_mode': 'per_iteration', 'unit': 'us', 'direction': 'lower_is_better'}"
deck,candidate,pipeline_texture_switch.texture_dma_remap,20261004-180909112-5247b77377cc4a9b9193975c185b417c,24728.2395,66475,16618,,not evaluated,PASS,fbf687de65082325,,False,ineligible,True,completed,"{'revision': 1, 'iterations': 4, 'sample_count': 1, 'measurement_iterations_multiplier': 4, 'warmup_iterations': 3, 'gpu_completion_mode': 'per_iteration', 'unit': 'us', 'direction': 'lower_is_better'}"
deck,candidate,pipeline_texture_switch.texture_switch,20261004-180909112-5247b77377cc4a9b9193975c185b417c,24728.2395,1691206,52849.75,,not evaluated,PASS,8ae05d31fb00c325,8ae05d31fb00c325,True,ineligible,True,completed,"{'revision': 1, 'iterations': 32, 'sample_count': 8, 'measurement_iterations_multiplier': 4, 'warmup_iterations': 3, 'gpu_completion_mode': 'per_iteration', 'unit': 'us', 'direction': 'lower_is_better'}"
deck,candidate,report_query.clear_boundary,20261004-180935375-b0a624ecddb841a7a3da7150cd5e19ef,15390.8581,41570,2597.5,,not evaluated,PASS,b5eb7c4b9c8da325,,False,ineligible,True,completed,"{'revision': 2, 'iterations': 16, 'sample_count': 4, 'measurement_iterations_multiplier': 4, 'warmup_iterations': 3, 'gpu_completion_mode': 'per_iteration', 'unit': 'us', 'direction': 'lower_is_better'}"
deck,candidate,report_query.dma_descriptor_rewrite,20261004-180935375-b0a624ecddb841a7a3da7150cd5e19ef,15390.8581,14617,14617,,not evaluated,PASS,c0c0fdbececda325,,False,ineligible,True,completed,"{'revision': 2, 'iterations': 1, 'sample_count': 1, 'measurement_iterations_multiplier': 1, 'warmup_iterations': 0, 'gpu_completion_mode': 'per_iteration', 'unit': 'us', 'direction': 'lower_is_better'}"
deck,candidate,report_query.dma_range_guard,20261004-180935375-b0a624ecddb841a7a3da7150cd5e19ef,15390.8581,7869,7869,,not evaluated,PASS,3f648ce11a4da325,,False,ineligible,True,completed,"{'revision': 2, 'iterations': 1, 'sample_count': 1, 'measurement_iterations_multiplier': 1, 'warmup_iterations': 0, 'gpu_completion_mode': 'per_iteration', 'unit': 'us', 'direction': 'lower_is_better'}"
deck,candidate,report_query.dma_target_switch,20261004-180935375-b0a624ecddb841a7a3da7150cd5e19ef,15390.8581,28910,1806.5,,not evaluated,PASS,4c4bd8cd440da325,,False,ineligible,True,completed,"{'revision': 2, 'iterations': 16, 'sample_count': 4, 'measurement_iterations_multiplier': 4, 'warmup_iterations': 3, 'gpu_completion_mode': 'per_iteration', 'unit': 'us', 'direction': 'lower_is_better'}"
deck,candidate,report_query.fifo_producer_ordering,20261004-180935375-b0a624ecddb841a7a3da7150cd5e19ef,15390.8581,33868,2116.5,,not evaluated,PASS,0d907c24a88da325,,False,ineligible,True,completed,"{'revision': 2, 'iterations': 16, 'sample_count': 4, 'measurement_iterations_multiplier': 4, 'warmup_iterations': 3, 'gpu_completion_mode': 'per_iteration', 'unit': 'us', 'direction': 'lower_is_better'}"
deck,candidate,report_query.multiple_boundaries,20261004-180935375-b0a624ecddb841a7a3da7150cd5e19ef,15390.8581,27698,1730.75,,not evaluated,PASS,0c966fc9ba4da325,,False,ineligible,True,completed,"{'revision': 2, 'iterations': 16, 'sample_count': 4, 'measurement_iterations_multiplier': 4, 'warmup_iterations': 3, 'gpu_completion_mode': 'per_iteration', 'unit': 'us', 'direction': 'lower_is_better'}"
deck,candidate,report_query.single_boundary,20261004-180935375-b0a624ecddb841a7a3da7150cd5e19ef,15390.8581,23859,1491,,not evaluated,PASS,60e674c9fecda325,,False,ineligible,True,completed,"{'revision': 2, 'iterations': 16, 'sample_count': 4, 'measurement_iterations_multiplier': 4, 'warmup_iterations': 3, 'gpu_completion_mode': 'per_iteration', 'unit': 'us', 'direction': 'lower_is_better'}"
deck,candidate,report_query.zero_query,20261004-180935375-b0a624ecddb841a7a3da7150cd5e19ef,15390.8581,7918,494.5,,not evaluated,PASS,23875dfeb40da325,,False,ineligible,True,completed,"{'revision': 2, 'iterations': 16, 'sample_count': 4, 'measurement_iterations_multiplier': 4, 'warmup_iterations': 3, 'gpu_completion_mode': 'per_iteration', 'unit': 'us', 'direction': 'lower_is_better'}"
deck,candidate,shader_lifecycle.readiness_train_visible,20261004-180952802-b16d2a4fd4d84b3b81cb4b9d4e17517e,27579.4365,65032,16258,,not evaluated,PASS,d4c939c4f0ce4325,,False,ineligible,True,completed,"{'revision': 1, 'iterations': 4, 'sample_count': 1, 'measurement_iterations_multiplier': 4, 'warmup_iterations': 3, 'gpu_completion_mode': 'per_iteration', 'unit': 'us', 'direction': 'lower_is_better'}"
deck,candidate,shader_lifecycle.readiness_replay_visible,20261004-181022416-e4e78cc276f9465db509a44315840e88,24029.2258,65205,16301,,not evaluated,PASS,d4c939c4f0ce4325,,False,ineligible,True,completed,"{'revision': 1, 'iterations': 4, 'sample_count': 1, 'measurement_iterations_multiplier': 4, 'warmup_iterations': 3, 'gpu_completion_mode': 'per_iteration', 'unit': 'us', 'direction': 'lower_is_better'}"
deck,candidate,shader_lifecycle.readiness_identical_replay,20261004-181048481-c36298f77991415faddcdcd2fd19d0bf,52048.552,16117002,4029250,,not evaluated,PASS,70615ec6b77f8325,,False,ineligible,True,completed,"{'revision': 1, 'iterations': 4, 'sample_count': 1, 'measurement_iterations_multiplier': 4, 'warmup_iterations': 3, 'gpu_completion_mode': 'per_iteration', 'unit': 'us', 'direction': 'lower_is_better'}"
deck,candidate,shader_lifecycle.readiness_uniform_only,20261004-181142061-7d3f8dc1bf774abda0010252841051cc,24144.8181,65161,16290,,not evaluated,PASS,113d534d51f95325,,False,ineligible,True,completed,"{'revision': 1, 'iterations': 4, 'sample_count': 1, 'measurement_iterations_multiplier': 4, 'warmup_iterations': 3, 'gpu_completion_mode': 'per_iteration', 'unit': 'us', 'direction': 'lower_is_better'}"
deck,candidate,shader_lifecycle.readiness_early_demand,20261004-181208243-1aa69008af7548f2a91ef391fc064e6b,24102.7524,66360,16590,,not evaluated,PASS,d4c939c4f0ce4325,,False,ineligible,True,completed,"{'revision': 1, 'iterations': 4, 'sample_count': 1, 'measurement_iterations_multiplier': 4, 'warmup_iterations': 3, 'gpu_completion_mode': 'per_iteration', 'unit': 'us', 'direction': 'lower_is_better'}"
deck,candidate,game_load.long_unlocked_scene.cpu,20261004-181234427-3828d3296074429a8649c1262c10b246,253050.394,1317245,41163.625,41163.625,passed,PASS,7c59a4dc0f8ba325,7c59a4dc0f8ba325,True,eligible,True,completed,"{'revision': 1, 'iterations': 32, 'sample_count': 8, 'measurement_iterations_multiplier': 4, 'warmup_iterations': 3, 'gpu_completion_mode': 'per_iteration', 'unit': 'us', 'direction': 'lower_is_better'}"
deck,candidate,game_load.long_unlocked_scene.pfifo,20261004-181234427-3828d3296074429a8649c1262c10b246,253050.394,321947,10060.125,10060.125,passed,PASS,7c59a4dc0f8ba325,7c59a4dc0f8ba325,True,eligible,True,completed,"{'revision': 1, 'iterations': 32, 'sample_count': 8, 'measurement_iterations_multiplier': 4, 'warmup_iterations': 3, 'gpu_completion_mode': 'per_iteration', 'unit': 'us', 'direction': 'lower_is_better'}"
deck,candidate,game_load.long_unlocked_scene.alpha_overdraw,20261004-181234427-3828d3296074429a8649c1262c10b246,253050.394,3422520,106953.25,106953.25,passed,PASS,7c59a4dc0f8ba325,7c59a4dc0f8ba325,True,eligible,True,completed,"{'revision': 1, 'iterations': 32, 'sample_count': 8, 'measurement_iterations_multiplier': 4, 'warmup_iterations': 3, 'gpu_completion_mode': 'per_iteration', 'unit': 'us', 'direction': 'lower_is_better'}"
deck,candidate,game_load.long_unlocked_scene.streaming_surface_reuse,20261004-181234427-3828d3296074429a8649c1262c10b246,253050.394,862830,26963.125,26963.125,passed,PASS,7c59a4dc0f8ba325,7c59a4dc0f8ba325,True,eligible,True,completed,"{'revision': 1, 'iterations': 32, 'sample_count': 8, 'measurement_iterations_multiplier': 4, 'warmup_iterations': 3, 'gpu_completion_mode': 'per_iteration', 'unit': 'us', 'direction': 'lower_is_better'}"
deck,candidate,game_load.long_unlocked_scene.combined,20261004-181234427-3828d3296074429a8649c1262c10b246,253050.394,6206500,193952.75,193952.75,passed,PASS,7c59a4dc0f8ba325,7c59a4dc0f8ba325,True,eligible,True,completed,"{'revision': 1, 'iterations': 32, 'sample_count': 8, 'measurement_iterations_multiplier': 4, 'warmup_iterations': 3, 'gpu_completion_mode': 'per_iteration', 'unit': 'us', 'direction': 'lower_is_better'}"
deck,candidate,game_load.long_unlocked_scene.full_system,20261004-181234427-3828d3296074429a8649c1262c10b246,253050.394,6225886,194558.625,194558.625,passed,PASS,7c59a4dc0f8ba325,7c59a4dc0f8ba325,True,eligible,True,completed,"{'revision': 1, 'iterations': 32, 'sample_count': 8, 'measurement_iterations_multiplier': 4, 'warmup_iterations': 3, 'gpu_completion_mode': 'per_iteration', 'unit': 'us', 'direction': 'lower_is_better'}"
deck,candidate,game_load.cross_title_hotpath.queued_vertex_cpu_writes,20261004-181234427-3828d3296074429a8649c1262c10b246,253050.394,4704763,147023.375,147023.375,passed,PASS,cf19c8d27e2aa325,cf19c8d27e2aa325,True,eligible,True,completed,"{'revision': 1, 'iterations': 32, 'sample_count': 8, 'measurement_iterations_multiplier': 4, 'warmup_iterations': 3, 'gpu_completion_mode': 'per_iteration', 'unit': 'us', 'direction': 'lower_is_better'}"
deck,candidate,game_load.cross_title_hotpath.pgr2_small_draws,20261004-181234427-3828d3296074429a8649c1262c10b246,253050.394,9343240,291975.875,291975.875,passed,PASS,2a1e0148d2c0e325,2a1e0148d2c0e325,True,eligible,True,completed,"{'revision': 1, 'iterations': 32, 'sample_count': 8, 'measurement_iterations_multiplier': 4, 'warmup_iterations': 3, 'gpu_completion_mode': 'per_iteration', 'unit': 'us', 'direction': 'lower_is_better'}"
deck,candidate,game_load.cross_title_hotpath.texture_update_reuse,20261004-181234427-3828d3296074429a8649c1262c10b246,253050.394,131091,4096.375,4096.375,passed,PASS,5612bef321a56325,5612bef321a56325,True,eligible,True,completed,"{'revision': 1, 'iterations': 32, 'sample_count': 8, 'measurement_iterations_multiplier': 4, 'warmup_iterations': 3, 'gpu_completion_mode': 'per_iteration', 'unit': 'us', 'direction': 'lower_is_better'}"
deck,candidate,game_load.cross_title_hotpath.surface_reuse,20261004-181234427-3828d3296074429a8649c1262c10b246,253050.394,618390,19324.375,19324.375,passed,PASS,846d9f21b7c6a325,846d9f21b7c6a325,True,eligible,True,completed,"{'revision': 1, 'iterations': 32, 'sample_count': 8, 'measurement_iterations_multiplier': 4, 'warmup_iterations': 3, 'gpu_completion_mode': 'per_iteration', 'unit': 'us', 'direction': 'lower_is_better'}"
deck,candidate,game_load.cross_title_hotpath.pipeline_state_churn,20261004-181234427-3828d3296074429a8649c1262c10b246,253050.394,4479765,139992.125,139992.125,passed,PASS,22f040b2add4a325,22f040b2add4a325,True,eligible,True,completed,"{'revision': 1, 'iterations': 32, 'sample_count': 8, 'measurement_iterations_multiplier': 4, 'warmup_iterations': 3, 'gpu_completion_mode': 'per_iteration', 'unit': 'us', 'direction': 'lower_is_better'}"
deck,candidate,game_load.cross_title_hotpath.blend_constant_reuse,20261004-181234427-3828d3296074429a8649c1262c10b246,253050.394,9002678,281333.375,281333.375,passed,PASS,a08ca118008fa325,a08ca118008fa325,True,eligible,True,completed,"{'revision': 1, 'iterations': 32, 'sample_count': 8, 'measurement_iterations_multiplier': 4, 'warmup_iterations': 3, 'gpu_completion_mode': 'per_iteration', 'unit': 'us', 'direction': 'lower_is_better'}"
deck,candidate,game_load.cross_title_hotpath.texture_binding_reuse,20261004-181234427-3828d3296074429a8649c1262c10b246,253050.394,11650423,364075.375,364075.375,passed,PASS,dfaaa3022df6a325,dfaaa3022df6a325,True,eligible,True,completed,"{'revision': 1, 'iterations': 32, 'sample_count': 8, 'measurement_iterations_multiplier': 4, 'warmup_iterations': 3, 'gpu_completion_mode': 'per_iteration', 'unit': 'us', 'direction': 'lower_is_better'}"
deck,candidate,game_load.cross_title_hotpath.pgr2_lagspot_inline_elements,20261004-181234427-3828d3296074429a8649c1262c10b246,253050.394,7244182,226380.5,226380.5,passed,PASS,1289219c28d5a325,1289219c28d5a325,True,eligible,True,completed,"{'revision': 1, 'iterations': 32, 'sample_count': 8, 'measurement_iterations_multiplier': 4, 'warmup_iterations': 3, 'gpu_completion_mode': 'per_iteration', 'unit': 'us', 'direction': 'lower_is_better'}"
deck,candidate,game_load.cross_title_hotpath.scaled_surface_pressure,20261004-181234427-3828d3296074429a8649c1262c10b246,253050.394,62674325,1958572.375,1958572.375,passed,PASS,e81e5b4a4675a325,e81e5b4a4675a325,True,eligible,True,completed,"{'revision': 1, 'iterations': 32, 'sample_count': 8, 'measurement_iterations_multiplier': 4, 'warmup_iterations': 3, 'gpu_completion_mode': 'per_iteration', 'unit': 'us', 'direction': 'lower_is_better'}"
deck,candidate,game_load.cross_title_hotpath.s3tc_streaming_fenced_draws,20261004-181234427-3828d3296074429a8649c1262c10b246,253050.394,86291900,2696621.625,2696621.625,passed,PASS,a0f51c6c46a52325,a0f51c6c46a52325,True,eligible,True,completed,"{'revision': 1, 'iterations': 32, 'sample_count': 8, 'measurement_iterations_multiplier': 4, 'warmup_iterations': 3, 'gpu_completion_mode': 'per_iteration', 'unit': 'us', 'direction': 'lower_is_better'}"
deck,candidate,game_load.cross_title_hotpath.gpu_wait_control,20261004-181234427-3828d3296074429a8649c1262c10b246,253050.394,160383,5011.5,5011.5,passed,PASS,828855c0a34e2325,828855c0a34e2325,True,eligible,True,completed,"{'revision': 1, 'iterations': 32, 'sample_count': 8, 'measurement_iterations_multiplier': 4, 'warmup_iterations': 3, 'gpu_completion_mode': 'per_iteration', 'unit': 'us', 'direction': 'lower_is_better'}"
deck,candidate,game_load.s3tc_sync_factor.dxt1_same_address_wait,20261004-181649013-ed133732552949aaa3697f19adf23786,53585.3275,591926,18497.375,18497.375,failed,PASS,3403675459d4d3d5,db28300321744de5,True,ineligible,True,completed,"{'revision': 1, 'iterations': 32, 'sample_count': 8, 'measurement_iterations_multiplier': 4, 'warmup_iterations': 3, 'gpu_completion_mode': 'per_iteration', 'unit': 'us', 'direction': 'lower_is_better'}"
deck,candidate,game_load.s3tc_sync_factor.dxt1_same_address_queued,20261004-181649013-ed133732552949aaa3697f19adf23786,53585.3275,585112,18284.375,18284.375,failed,PASS,a9a48a3570f2fa3b,9998993e8dcf6939,True,ineligible,True,completed,"{'revision': 1, 'iterations': 32, 'sample_count': 8, 'measurement_iterations_multiplier': 4, 'warmup_iterations': 3, 'gpu_completion_mode': 'per_iteration', 'unit': 'us', 'direction': 'lower_is_better'}"
deck,candidate,game_load.s3tc_sync_factor.dxt1_ring_payload_generations,20261004-181649013-ed133732552949aaa3697f19adf23786,53585.3275,1598830,49962.75,49962.75,failed,PASS,3403675459d4d3d5,db28300321744de5,True,ineligible,True,completed,"{'revision': 1, 'iterations': 32, 'sample_count': 8, 'measurement_iterations_multiplier': 4, 'warmup_iterations': 3, 'gpu_completion_mode': 'per_iteration', 'unit': 'us', 'direction': 'lower_is_better'}"
deck,candidate,game_load.s3tc_sync_factor.dxt1_dirty_once_redraw,20261004-181649013-ed133732552949aaa3697f19adf23786,53585.3275,532374,16636.375,16636.375,passed,PASS,428c04bbb0a62725,428c04bbb0a62725,True,ineligible,True,completed,"{'revision': 1, 'iterations': 32, 'sample_count': 8, 'measurement_iterations_multiplier': 4, 'warmup_iterations': 3, 'gpu_completion_mode': 'per_iteration', 'unit': 'us', 'direction': 'lower_is_better'}"
deck,candidate,game_load.s3tc_sync_factor.rgba8_same_address_wait,20261004-181649013-ed133732552949aaa3697f19adf23786,53585.3275,2217727,69303.5,69303.5,passed,PASS,3403675459d4d3d5,3403675459d4d3d5,True,ineligible,True,completed,"{'revision': 1, 'iterations': 32, 'sample_count': 8, 'measurement_iterations_multiplier': 4, 'warmup_iterations': 3, 'gpu_completion_mode': 'per_iteration', 'unit': 'us', 'direction': 'lower_is_better'}"
deck,candidate,game_load.s3tc_sync_factor.rgba8_same_address_queued,20261004-181649013-ed133732552949aaa3697f19adf23786,53585.3275,2133430,66669.25,66669.25,failed,PASS,33649757eaf8f36a,719d8f45c46b69f6,True,ineligible,True,completed,"{'revision': 1, 'iterations': 32, 'sample_count': 8, 'measurement_iterations_multiplier': 4, 'warmup_iterations': 3, 'gpu_completion_mode': 'per_iteration', 'unit': 'us', 'direction': 'lower_is_better'}"
deck,candidate,game_load.s3tc_sync_factor.rgba8_ring_payload_generations,20261004-181649013-ed133732552949aaa3697f19adf23786,53585.3275,8564982,267655.375,267655.375,passed,PASS,3403675459d4d3d5,3403675459d4d3d5,True,ineligible,True,completed,"{'revision': 1, 'iterations': 32, 'sample_count': 8, 'measurement_iterations_multiplier': 4, 'warmup_iterations': 3, 'gpu_completion_mode': 'per_iteration', 'unit': 'us', 'direction': 'lower_is_better'}"
deck,candidate,game_load.s3tc_sync_factor.rgba8_dirty_once_redraw,20261004-181649013-ed133732552949aaa3697f19adf23786,53585.3275,534354,16698,16698,passed,PASS,428c04bbb0a62725,428c04bbb0a62725,True,ineligible,True,completed,"{'revision': 1, 'iterations': 32, 'sample_count': 8, 'measurement_iterations_multiplier': 4, 'warmup_iterations': 3, 'gpu_completion_mode': 'per_iteration', 'unit': 'us', 'direction': 'lower_is_better'}"
deck,candidate,game_load.s3tc_sync_factor.bc2_native_eligible,20261004-181649013-ed133732552949aaa3697f19adf23786,53585.3275,2549098,79659,79659,failed,PASS,3403675459d4d3d5,db28300321744de5,True,ineligible,True,completed,"{'revision': 1, 'iterations': 32, 'sample_count': 8, 'measurement_iterations_multiplier': 4, 'warmup_iterations': 3, 'gpu_completion_mode': 'per_iteration', 'unit': 'us', 'direction': 'lower_is_better'}"
deck,candidate,game_load.s3tc_sync_factor.bc2_bordered_fallback,20261004-181649013-ed133732552949aaa3697f19adf23786,53585.3275,6410518,200328.375,200328.375,passed,PASS,db28300321744de5,db28300321744de5,True,ineligible,True,completed,"{'revision': 1, 'iterations': 32, 'sample_count': 8, 'measurement_iterations_multiplier': 4, 'warmup_iterations': 3, 'gpu_completion_mode': 'per_iteration', 'unit': 'us', 'direction': 'lower_is_better'}"
deck,candidate,game_load.s3tc_sync_factor.bc3_native_eligible,20261004-181649013-ed133732552949aaa3697f19adf23786,53585.3275,2603746,81366.5,81366.5,failed,PASS,3403675459d4d3d5,db28300321744de5,True,ineligible,True,completed,"{'revision': 1, 'iterations': 32, 'sample_count': 8, 'measurement_iterations_multiplier': 4, 'warmup_iterations': 3, 'gpu_completion_mode': 'per_iteration', 'unit': 'us', 'direction': 'lower_is_better'}"
deck,candidate,game_load.s3tc_sync_factor.bc3_bordered_fallback,20261004-181649013-ed133732552949aaa3697f19adf23786,53585.3275,6081997,190062.125,190062.125,passed,PASS,db28300321744de5,db28300321744de5,True,ineligible,True,completed,"{'revision': 1, 'iterations': 32, 'sample_count': 8, 'measurement_iterations_multiplier': 4, 'warmup_iterations': 3, 'gpu_completion_mode': 'per_iteration', 'unit': 'us', 'direction': 'lower_is_better'}"
deck,candidate,game_load.repeated_display,20261004-181744635-1f167f5dba464bc0aace48a1554d2d72,37863.4003,532625,16644.125,16644.125,passed,PASS,36f446003b9d6325,36f446003b9d6325,True,ineligible,True,completed,"{'revision': 1, 'iterations': 32, 'sample_count': 8, 'measurement_iterations_multiplier': 4, 'warmup_iterations': 3, 'gpu_completion_mode': 'per_iteration', 'unit': 'us', 'direction': 'lower_is_better'}"
deck,candidate,game_load.repeated_display_boosted,20261004-181744635-1f167f5dba464bc0aace48a1554d2d72,37863.4003,1599514,49984.5,49984.5,passed,PASS,b2bc760cb1fba325,b2bc760cb1fba325,True,ineligible,True,completed,"{'revision': 1, 'iterations': 32, 'sample_count': 8, 'measurement_iterations_multiplier': 4, 'warmup_iterations': 3, 'gpu_completion_mode': 'per_iteration', 'unit': 'us', 'direction': 'lower_is_better'}"
deck,candidate,game_load.doax_menu_representative.cpu_only,20261004-181744635-1f167f5dba464bc0aace48a1554d2d72,37863.4003,797909,24934.25,24934.25,passed,PASS,5abb9d9faaa22325,5abb9d9faaa22325,True,ineligible,True,completed,"{'revision': 1, 'iterations': 32, 'sample_count': 8, 'measurement_iterations_multiplier': 4, 'warmup_iterations': 3, 'gpu_completion_mode': 'per_iteration', 'unit': 'us', 'direction': 'lower_is_better'}"
deck,candidate,game_load.doax_menu_representative.pfifo_only,20261004-181744635-1f167f5dba464bc0aace48a1554d2d72,37863.4003,150695,4708.875,4708.875,passed,PASS,f9826bbdd7912325,f9826bbdd7912325,True,ineligible,True,completed,"{'revision': 1, 'iterations': 32, 'sample_count': 8, 'measurement_iterations_multiplier': 4, 'warmup_iterations': 3, 'gpu_completion_mode': 'per_iteration', 'unit': 'us', 'direction': 'lower_is_better'}"
deck,candidate,game_load.doax_menu_representative.gpu_only,20261004-181744635-1f167f5dba464bc0aace48a1554d2d72,37863.4003,1569029,49031.625,49031.625,passed,PASS,d3984ab7dcb8e325,d3984ab7dcb8e325,True,ineligible,True,completed,"{'revision': 1, 'iterations': 32, 'sample_count': 8, 'measurement_iterations_multiplier': 4, 'warmup_iterations': 3, 'gpu_completion_mode': 'per_iteration', 'unit': 'us', 'direction': 'lower_is_better'}"
deck,candidate,game_load.doax_menu_representative.streaming_only,20261004-181744635-1f167f5dba464bc0aace48a1554d2d72,37863.4003,418665,13082.875,13082.875,passed,PASS,491294aadc23a325,491294aadc23a325,True,ineligible,True,completed,"{'revision': 1, 'iterations': 32, 'sample_count': 8, 'measurement_iterations_multiplier': 4, 'warmup_iterations': 3, 'gpu_completion_mode': 'per_iteration', 'unit': 'us', 'direction': 'lower_is_better'}"
deck,candidate,game_load.doax_menu_representative.cpu_pfifo_gpu,20261004-181744635-1f167f5dba464bc0aace48a1554d2d72,37863.4003,2527503,78984.125,78984.125,failed,PASS,5d530c66b8da2325,302026d9f9232325,True,ineligible,True,completed,"{'revision': 1, 'iterations': 32, 'sample_count': 8, 'measurement_iterations_multiplier': 4, 'warmup_iterations': 3, 'gpu_completion_mode': 'per_iteration', 'unit': 'us', 'direction': 'lower_is_better'}"
deck,candidate,game_load.doax_menu_representative.cpu_pfifo_gpu_streaming,20261004-181744635-1f167f5dba464bc0aace48a1554d2d72,37863.4003,2822491,88202.5,88202.5,passed,PASS,9e98944350a52325,9e98944350a52325,True,ineligible,True,completed,"{'revision': 1, 'iterations': 32, 'sample_count': 8, 'measurement_iterations_multiplier': 4, 'warmup_iterations': 3, 'gpu_completion_mode': 'per_iteration', 'unit': 'us', 'direction': 'lower_is_better'}"
deck,candidate,game_load.doax_menu_representative.full_system,20261004-181744635-1f167f5dba464bc0aace48a1554d2d72,37863.4003,2907241,90851,90851,passed,PASS,7896e875a8ad2325,7896e875a8ad2325,True,ineligible,True,completed,"{'revision': 1, 'iterations': 32, 'sample_count': 8, 'measurement_iterations_multiplier': 4, 'warmup_iterations': 3, 'gpu_completion_mode': 'per_iteration', 'unit': 'us', 'direction': 'lower_is_better'}"
deck,candidate,game_load.doax_menu_stress.cpu_only,20261004-181744635-1f167f5dba464bc0aace48a1554d2d72,37863.4003,1460953,45654.375,45654.375,passed,PASS,4b7c157e1e9ce325,4b7c157e1e9ce325,True,ineligible,True,completed,"{'revision': 1, 'iterations': 32, 'sample_count': 8, 'measurement_iterations_multiplier': 4, 'warmup_iterations': 3, 'gpu_completion_mode': 'per_iteration', 'unit': 'us', 'direction': 'lower_is_better'}"
deck,candidate,game_load.doax_menu_stress.pfifo_only,20261004-181744635-1f167f5dba464bc0aace48a1554d2d72,37863.4003,302566,9454.875,9454.875,passed,PASS,f46d8f2a39a6e325,f46d8f2a39a6e325,True,ineligible,True,completed,"{'revision': 1, 'iterations': 32, 'sample_count': 8, 'measurement_iterations_multiplier': 4, 'warmup_iterations': 3, 'gpu_completion_mode': 'per_iteration', 'unit': 'us', 'direction': 'lower_is_better'}"
deck,candidate,game_load.doax_menu_stress.gpu_only,20261004-181744635-1f167f5dba464bc0aace48a1554d2d72,37863.4003,3242881,101339.5,101339.5,passed,PASS,bcaf8b0e8de5a325,bcaf8b0e8de5a325,True,ineligible,True,completed,"{'revision': 1, 'iterations': 32, 'sample_count': 8, 'measurement_iterations_multiplier': 4, 'warmup_iterations': 3, 'gpu_completion_mode': 'per_iteration', 'unit': 'us', 'direction': 'lower_is_better'}"
deck,candidate,game_load.doax_menu_stress.streaming_only,20261004-181824536-e1199a2c9af34682874117e62e9cb162,86706.6231,891282,27852.125,27852.125,passed,PASS,06e0eccda97d2325,06e0eccda97d2325,True,ineligible,True,completed,"{'revision': 1, 'iterations': 32, 'sample_count': 8, 'measurement_iterations_multiplier': 4, 'warmup_iterations': 3, 'gpu_completion_mode': 'per_iteration', 'unit': 'us', 'direction': 'lower_is_better'}"
deck,candidate,game_load.doax_menu_stress.cpu_pfifo_gpu,20261004-181824536-e1199a2c9af34682874117e62e9cb162,86706.6231,4946693,154583.875,154583.875,failed,PASS,30f332d7669ba325,7707cd4649e4a325,True,ineligible,True,completed,"{'revision': 1, 'iterations': 32, 'sample_count': 8, 'measurement_iterations_multiplier': 4, 'warmup_iterations': 3, 'gpu_completion_mode': 'per_iteration', 'unit': 'us', 'direction': 'lower_is_better'}"
deck,candidate,game_load.doax_menu_stress.cpu_pfifo_gpu_streaming,20261004-181824536-e1199a2c9af34682874117e62e9cb162,86706.6231,5522177,172567.625,172567.625,passed,PASS,d4d9dedf3ef06325,d4d9dedf3ef06325,True,ineligible,True,completed,"{'revision': 1, 'iterations': 32, 'sample_count': 8, 'measurement_iterations_multiplier': 4, 'warmup_iterations': 3, 'gpu_completion_mode': 'per_iteration', 'unit': 'us', 'direction': 'lower_is_better'}"
deck,candidate,game_load.doax_menu_stress.full_system,20261004-181824536-e1199a2c9af34682874117e62e9cb162,86706.6231,5543464,173233,173233,passed,PASS,8cf51e8eb67fa325,8cf51e8eb67fa325,True,ineligible,True,completed,"{'revision': 1, 'iterations': 32, 'sample_count': 8, 'measurement_iterations_multiplier': 4, 'warmup_iterations': 3, 'gpu_completion_mode': 'per_iteration', 'unit': 'us', 'direction': 'lower_is_better'}"
deck,candidate,game_load.pgr2_ai_backup.cpu_only,20261004-181824536-e1199a2c9af34682874117e62e9cb162,86706.6231,2427168,75848.5,75848.5,passed,PASS,e6df98b3e513a325,e6df98b3e513a325,True,ineligible,True,completed,"{'revision': 1, 'iterations': 32, 'sample_count': 8, 'measurement_iterations_multiplier': 4, 'warmup_iterations': 3, 'gpu_completion_mode': 'per_iteration', 'unit': 'us', 'direction': 'lower_is_better'}"
deck,candidate,game_load.pgr2_ai_backup.pfifo_only,20261004-181824536-e1199a2c9af34682874117e62e9cb162,86706.6231,1082726,33834.875,33834.875,passed,PASS,e57ef83b3a66e325,e57ef83b3a66e325,True,ineligible,True,completed,"{'revision': 1, 'iterations': 32, 'sample_count': 8, 'measurement_iterations_multiplier': 4, 'warmup_iterations': 3, 'gpu_completion_mode': 'per_iteration', 'unit': 'us', 'direction': 'lower_is_better'}"
deck,candidate,game_load.pgr2_ai_backup.gpu_only,20261004-181824536-e1199a2c9af34682874117e62e9cb162,86706.6231,8228534,257141.5,257141.5,passed,PASS,02ffd9b12aa96325,02ffd9b12aa96325,True,ineligible,True,completed,"{'revision': 1, 'iterations': 32, 'sample_count': 8, 'measurement_iterations_multiplier': 4, 'warmup_iterations': 3, 'gpu_completion_mode': 'per_iteration', 'unit': 'us', 'direction': 'lower_is_better'}"
deck,candidate,game_load.pgr2_ai_backup.streaming_only,20261004-181824536-e1199a2c9af34682874117e62e9cb162,86706.6231,284606,8893.5,8893.5,passed,PASS,155df5f182392325,155df5f182392325,True,ineligible,True,completed,"{'revision': 1, 'iterations': 32, 'sample_count': 8, 'measurement_iterations_multiplier': 4, 'warmup_iterations': 3, 'gpu_completion_mode': 'per_iteration', 'unit': 'us', 'direction': 'lower_is_better'}"
deck,candidate,game_load.pgr2_ai_backup.cpu_pfifo_gpu,20261004-181824536-e1199a2c9af34682874117e62e9cb162,86706.6231,11387739,355866.5,355866.5,failed,PASS,519ce083c370e325,ab22104929b9e325,True,ineligible,True,completed,"{'revision': 1, 'iterations': 32, 'sample_count': 8, 'measurement_iterations_multiplier': 4, 'warmup_iterations': 3, 'gpu_completion_mode': 'per_iteration', 'unit': 'us', 'direction': 'lower_is_better'}"
deck,candidate,game_load.pgr2_ai_backup.cpu_pfifo_gpu_streaming,20261004-181824536-e1199a2c9af34682874117e62e9cb162,86706.6231,11968494,374015,374015,passed,PASS,66a43765efc02325,66a43765efc02325,True,ineligible,True,completed,"{'revision': 1, 'iterations': 32, 'sample_count': 8, 'measurement_iterations_multiplier': 4, 'warmup_iterations': 3, 'gpu_completion_mode': 'per_iteration', 'unit': 'us', 'direction': 'lower_is_better'}"
deck,candidate,game_load.pgr2_ai_backup.full_system,20261004-181824536-e1199a2c9af34682874117e62e9cb162,86706.6231,11809541,369047.5,369047.5,passed,PASS,55485325870d6325,55485325870d6325,True,ineligible,True,completed,"{'revision': 1, 'iterations': 32, 'sample_count': 8, 'measurement_iterations_multiplier': 4, 'warmup_iterations': 3, 'gpu_completion_mode': 'per_iteration', 'unit': 'us', 'direction': 'lower_is_better'}"
deck,candidate,high_vertex_count.arrays,20261004-181953284-621bc649c19048689864106c2071e339,39687.6303,76473,190.84,190.84,failed,PASS,e67a1ce72784a588,cd6d0d64451d191b,True,ineligible,True,completed,"{'revision': 1, 'iterations': 400, 'sample_count': 100, 'measurement_iterations_multiplier': 4, 'warmup_iterations': 3, 'gpu_completion_mode': 'per_iteration', 'unit': 'us', 'direction': 'lower_is_better'}"
deck,candidate,high_vertex_count.inline_arrays,20261004-181953284-621bc649c19048689864106c2071e339,39687.6303,4766778,119169.1,119169.1,failed,PASS,e67a1ce72784a588,31a890c7f71db193,True,ineligible,True,completed,"{'revision': 1, 'iterations': 40, 'sample_count': 10, 'measurement_iterations_multiplier': 4, 'warmup_iterations': 3, 'gpu_completion_mode': 'per_iteration', 'unit': 'us', 'direction': 'lower_is_better'}"
deck,candidate,high_vertex_count.inline_buffers,20261004-181953284-621bc649c19048689864106c2071e339,39687.6303,13339210,666960,666960,failed,PASS,e67a1ce72784a588,f320b0df5ba62943,True,ineligible,True,completed,"{'revision': 1, 'iterations': 20, 'sample_count': 5, 'measurement_iterations_multiplier': 4, 'warmup_iterations': 3, 'gpu_completion_mode': 'per_iteration', 'unit': 'us', 'direction': 'lower_is_better'}"
deck,candidate,high_vertex_count.inline_elements,20261004-181953284-621bc649c19048689864106c2071e339,39687.6303,1364951,6824.42,6824.42,failed,PASS,e67a1ce72784a588,b24516b5372da0f3,True,ineligible,True,completed,"{'revision': 1, 'iterations': 200, 'sample_count': 50, 'measurement_iterations_multiplier': 4, 'warmup_iterations': 3, 'gpu_completion_mode': 'per_iteration', 'unit': 'us', 'direction': 'lower_is_better'}"
deck,candidate,primitive_type.line_loop.fixed_function,20261004-181953284-621bc649c19048689864106c2071e339,39687.6303,92329,2307.9,2307.9,failed,PASS,4024a5cb9bd0fa4e,d48f43c09e534094,True,ineligible,True,completed,"{'revision': 1, 'iterations': 40, 'sample_count': 10, 'measurement_iterations_multiplier': 4, 'warmup_iterations': 3, 'gpu_completion_mode': 'per_iteration', 'unit': 'us', 'direction': 'lower_is_better'}"
deck,candidate,primitive_type.line_loop.vertex_shader,20261004-181953284-621bc649c19048689864106c2071e339,39687.6303,92873,2321.3,2321.3,failed,PASS,4024a5cb9bd0fa4e,47373dc0c7be28f8,True,ineligible,True,completed,"{'revision': 1, 'iterations': 40, 'sample_count': 10, 'measurement_iterations_multiplier': 4, 'warmup_iterations': 3, 'gpu_completion_mode': 'per_iteration', 'unit': 'us', 'direction': 'lower_is_better'}"
deck,candidate,primitive_type.line_strip.fixed_function,20261004-181953284-621bc649c19048689864106c2071e339,39687.6303,49808,1244.9,1244.9,failed,PASS,4024a5cb9bd0fa4e,0964935c28234a4a,True,ineligible,True,completed,"{'revision': 1, 'iterations': 40, 'sample_count': 10, 'measurement_iterations_multiplier': 4, 'warmup_iterations': 3, 'gpu_completion_mode': 'per_iteration', 'unit': 'us', 'direction': 'lower_is_better'}"
deck,candidate,primitive_type.line_strip.vertex_shader,20261004-181953284-621bc649c19048689864106c2071e339,39687.6303,47662,1191.1,1191.1,failed,PASS,4024a5cb9bd0fa4e,94b433237d71b182,True,ineligible,True,completed,"{'revision': 1, 'iterations': 40, 'sample_count': 10, 'measurement_iterations_multiplier': 4, 'warmup_iterations': 3, 'gpu_completion_mode': 'per_iteration', 'unit': 'us', 'direction': 'lower_is_better'}"
deck,candidate,primitive_type.lines.fixed_function,20261004-181953284-621bc649c19048689864106c2071e339,39687.6303,172561,4313.6,4313.6,failed,PASS,5440c372c6a2a101,6c16b2698ec4e26b,True,ineligible,True,completed,"{'revision': 1, 'iterations': 40, 'sample_count': 10, 'measurement_iterations_multiplier': 4, 'warmup_iterations': 3, 'gpu_completion_mode': 'per_iteration', 'unit': 'us', 'direction': 'lower_is_better'}"
deck,candidate,primitive_type.lines.vertex_shader,20261004-181953284-621bc649c19048689864106c2071e339,39687.6303,164427,4110.3,4110.3,failed,PASS,5440c372c6a2a101,53924aa6f5e55b57,True,ineligible,True,completed,"{'revision': 1, 'iterations': 40, 'sample_count': 10, 'measurement_iterations_multiplier': 4, 'warmup_iterations': 3, 'gpu_completion_mode': 'per_iteration', 'unit': 'us', 'direction': 'lower_is_better'}"
deck,candidate,primitive_type.points.fixed_function,20261004-181953284-621bc649c19048689864106c2071e339,39687.6303,95171,2378.8,2378.8,failed,PASS,6813f0dbe94bac3c,7400f7a8ac9d8c86,True,ineligible,True,completed,"{'revision': 1, 'iterations': 40, 'sample_count': 10, 'measurement_iterations_multiplier': 4, 'warmup_iterations': 3, 'gpu_completion_mode': 'per_iteration', 'unit': 'us', 'direction': 'lower_is_better'}"
deck,candidate,primitive_type.points.vertex_shader,20261004-181953284-621bc649c19048689864106c2071e339,39687.6303,91917,2297.6,2297.6,failed,PASS,6813f0dbe94bac3c,f1d83724373d0036,True,ineligible,True,completed,"{'revision': 1, 'iterations': 40, 'sample_count': 10, 'measurement_iterations_multiplier': 4, 'warmup_iterations': 3, 'gpu_completion_mode': 'per_iteration', 'unit': 'us', 'direction': 'lower_is_better'}"
deck,candidate,primitive_type.polygon.fixed_function,20261004-182035008-9dd780347c1c4f4f8a3c4be3653e86f5,18843.1233,95780,2394.1,2394.1,failed,PASS,e0d0b9dbefa71269,515407015a00c880,True,ineligible,True,completed,"{'revision': 1, 'iterations': 40, 'sample_count': 10, 'measurement_iterations_multiplier': 4, 'warmup_iterations': 3, 'gpu_completion_mode': 'per_iteration', 'unit': 'us', 'direction': 'lower_is_better'}"
deck,candidate,primitive_type.polygon.vertex_shader,20261004-182035008-9dd780347c1c4f4f8a3c4be3653e86f5,18843.1233,231616,5790.1,5790.1,failed,PASS,e0d0b9dbefa71269,4376cbfa562c7d14,True,ineligible,True,completed,"{'revision': 1, 'iterations': 40, 'sample_count': 10, 'measurement_iterations_multiplier': 4, 'warmup_iterations': 3, 'gpu_completion_mode': 'per_iteration', 'unit': 'us', 'direction': 'lower_is_better'}"
deck,candidate,primitive_type.quad_strip.fixed_function,20261004-182035008-9dd780347c1c4f4f8a3c4be3653e86f5,18843.1233,296679,7416.6,7416.6,failed,PASS,e1f46a0779ee1f21,190c4f06474f8467,True,ineligible,True,completed,"{'revision': 1, 'iterations': 40, 'sample_count': 10, 'measurement_iterations_multiplier': 4, 'warmup_iterations': 3, 'gpu_completion_mode': 'per_iteration', 'unit': 'us', 'direction': 'lower_is_better'}"
deck,candidate,primitive_type.quad_strip.vertex_shader,20261004-182035008-9dd780347c1c4f4f8a3c4be3653e86f5,18843.1233,159299,3982,3982,failed,PASS,e1f46a0779ee1f21,d5cf212c5788c3df,True,ineligible,True,completed,"{'revision': 1, 'iterations': 40, 'sample_count': 10, 'measurement_iterations_multiplier': 4, 'warmup_iterations': 3, 'gpu_completion_mode': 'per_iteration', 'unit': 'us', 'direction': 'lower_is_better'}"
deck,candidate,primitive_type.quads.fixed_function,20261004-182035008-9dd780347c1c4f4f8a3c4be3653e86f5,18843.1233,280630,7015.5,7015.5,failed,PASS,d14f30833e638324,b52448622bc1c001,True,ineligible,True,completed,"{'revision': 1, 'iterations': 40, 'sample_count': 10, 'measurement_iterations_multiplier': 4, 'warmup_iterations': 3, 'gpu_completion_mode': 'per_iteration', 'unit': 'us', 'direction': 'lower_is_better'}"
deck,candidate,primitive_type.quads.vertex_shader,20261004-182035008-9dd780347c1c4f4f8a3c4be3653e86f5,18843.1233,302599,7564.8,7564.8,failed,PASS,d14f30833e638324,fbac823960948b69,True,ineligible,True,completed,"{'revision': 1, 'iterations': 40, 'sample_count': 10, 'measurement_iterations_multiplier': 4, 'warmup_iterations': 3, 'gpu_completion_mode': 'per_iteration', 'unit': 'us', 'direction': 'lower_is_better'}"
deck,candidate,primitive_type.triangle_fan.fixed_function,20261004-182035008-9dd780347c1c4f4f8a3c4be3653e86f5,18843.1233,51753,1293.5,1293.5,failed,PASS,eadb3b4945fe25df,ba0d8daf7940c5d2,True,ineligible,True,completed,"{'revision': 1, 'iterations': 40, 'sample_count': 10, 'measurement_iterations_multiplier': 4, 'warmup_iterations': 3, 'gpu_completion_mode': 'per_iteration', 'unit': 'us', 'direction': 'lower_is_better'}"
deck,candidate,primitive_type.triangle_fan.vertex_shader,20261004-182035008-9dd780347c1c4f4f8a3c4be3653e86f5,18843.1233,51763,1293.8,1293.8,failed,PASS,eadb3b4945fe25df,134a22bd3882e48e,True,ineligible,True,completed,"{'revision': 1, 'iterations': 40, 'sample_count': 10, 'measurement_iterations_multiplier': 4, 'warmup_iterations': 3, 'gpu_completion_mode': 'per_iteration', 'unit': 'us', 'direction': 'lower_is_better'}"
deck,candidate,primitive_type.triangle_strip.fixed_function,20261004-182035008-9dd780347c1c4f4f8a3c4be3653e86f5,18843.1233,95275,2381.6,2381.6,failed,PASS,ee7f6eeeb2263031,d15b03d8ead6bb03,True,ineligible,True,completed,"{'revision': 1, 'iterations': 40, 'sample_count': 10, 'measurement_iterations_multiplier': 4, 'warmup_iterations': 3, 'gpu_completion_mode': 'per_iteration', 'unit': 'us', 'direction': 'lower_is_better'}"
deck,candidate,primitive_type.triangle_strip.vertex_shader,20261004-182035008-9dd780347c1c4f4f8a3c4be3653e86f5,18843.1233,87223,2180.2,2180.2,failed,PASS,ee7f6eeeb2263031,f7cfda74a4111eff,True,ineligible,True,completed,"{'revision': 1, 'iterations': 40, 'sample_count': 10, 'measurement_iterations_multiplier': 4, 'warmup_iterations': 3, 'gpu_completion_mode': 'per_iteration', 'unit': 'us', 'direction': 'lower_is_better'}"
deck,candidate,primitive_type.triangles.fixed_function,20261004-182035008-9dd780347c1c4f4f8a3c4be3653e86f5,18843.1233,199947,4998.3,4998.3,failed,PASS,a53b3ecbc7019828,4521bcfbdb43e248,True,ineligible,True,completed,"{'revision': 1, 'iterations': 40, 'sample_count': 10, 'measurement_iterations_multiplier': 4, 'warmup_iterations': 3, 'gpu_completion_mode': 'per_iteration', 'unit': 'us', 'direction': 'lower_is_better'}"
deck,candidate,primitive_type.triangles.vertex_shader,20261004-182035008-9dd780347c1c4f4f8a3c4be3653e86f5,18843.1233,211060,5276.1,5276.1,failed,PASS,a53b3ecbc7019828,d86abc6e019e36fc,True,ineligible,True,completed,"{'revision': 1, 'iterations': 40, 'sample_count': 10, 'measurement_iterations_multiplier': 4, 'warmup_iterations': 3, 'gpu_completion_mode': 'per_iteration', 'unit': 'us', 'direction': 'lower_is_better'}"
deck,candidate,texture_cubemap_fallback.bordered_palette_size1,20261004-182056493-6f1c0034adc04f1f96149895cb47e161,133062.3626,531963,16623.625,16623.625,failed,FAIL,56d00ed89334a325,,True,ineligible,True,completed,"{'revision': 1, 'iterations': 32, 'sample_count': 8, 'measurement_iterations_multiplier': 4, 'warmup_iterations': 3, 'gpu_completion_mode': 'per_iteration', 'unit': 'us', 'direction': 'lower_is_better'}"
deck,candidate,texture_cubemap_fallback.bordered_palette_size2,20261004-182056493-6f1c0034adc04f1f96149895cb47e161,133062.3626,532322,16634.75,16634.75,failed,FAIL,bb93d50a6b1ba325,,True,ineligible,True,completed,"{'revision': 1, 'iterations': 32, 'sample_count': 8, 'measurement_iterations_multiplier': 4, 'warmup_iterations': 3, 'gpu_completion_mode': 'per_iteration', 'unit': 'us', 'direction': 'lower_is_better'}"
deck,candidate,texture_cubemap_fallback.bordered_palette_size4,20261004-182056493-6f1c0034adc04f1f96149895cb47e161,133062.3626,566660,17707.5,17707.5,failed,FAIL,55460e1d2302a325,,True,ineligible,True,completed,"{'revision': 1, 'iterations': 32, 'sample_count': 8, 'measurement_iterations_multiplier': 4, 'warmup_iterations': 3, 'gpu_completion_mode': 'per_iteration', 'unit': 'us', 'direction': 'lower_is_better'}"
deck,candidate,texture_cubemap_fallback.bordered_palette_size8,20261004-182056493-6f1c0034adc04f1f96149895cb47e161,133062.3626,533145,16660.5,16660.5,failed,FAIL,53ccfb3cac5633d3,,True,ineligible,True,completed,"{'revision': 1, 'iterations': 32, 'sample_count': 8, 'measurement_iterations_multiplier': 4, 'warmup_iterations': 3, 'gpu_completion_mode': 'per_iteration', 'unit': 'us', 'direction': 'lower_is_better'}"
deck,candidate,texture_cubemap_fallback.bordered_r6g5b5_size1,20261004-182056493-6f1c0034adc04f1f96149895cb47e161,133062.3626,533085,16658.5,16658.5,failed,FAIL,56d00ed89334a325,,True,ineligible,True,completed,"{'revision': 1, 'iterations': 32, 'sample_count': 8, 'measurement_iterations_multiplier': 4, 'warmup_iterations': 3, 'gpu_completion_mode': 'per_iteration', 'unit': 'us', 'direction': 'lower_is_better'}"
deck,candidate,texture_cubemap_fallback.bordered_r6g5b5_size2,20261004-182056493-6f1c0034adc04f1f96149895cb47e161,133062.3626,532725,16647.25,16647.25,failed,FAIL,0e8ba11521b73f45,,True,ineligible,True,completed,"{'revision': 1, 'iterations': 32, 'sample_count': 8, 'measurement_iterations_multiplier': 4, 'warmup_iterations': 3, 'gpu_completion_mode': 'per_iteration', 'unit': 'us', 'direction': 'lower_is_better'}"
deck,candidate,texture_cubemap_fallback.bordered_r6g5b5_size4,20261004-182056493-6f1c0034adc04f1f96149895cb47e161,133062.3626,533072,16658,16658,failed,FAIL,31dbcc2110e01525,,True,ineligible,True,completed,"{'revision': 1, 'iterations': 32, 'sample_count': 8, 'measurement_iterations_multiplier': 4, 'warmup_iterations': 3, 'gpu_completion_mode': 'per_iteration', 'unit': 'us', 'direction': 'lower_is_better'}"
deck,candidate,texture_cubemap_fallback.bordered_rgba8_size1,20261004-182056493-6f1c0034adc04f1f96149895cb47e161,133062.3626,532922,16653.5,16653.5,failed,FAIL,56d00ed89334a325,,True,ineligible,True,completed,"{'revision': 1, 'iterations': 32, 'sample_count': 8, 'measurement_iterations_multiplier': 4, 'warmup_iterations': 3, 'gpu_completion_mode': 'per_iteration', 'unit': 'us', 'direction': 'lower_is_better'}"
deck,candidate,texture_cubemap_fallback.bordered_rgba8_size2,20261004-182056493-6f1c0034adc04f1f96149895cb47e161,133062.3626,532835,16650.875,16650.875,failed,FAIL,bb93d50a6b1ba325,,True,ineligible,True,completed,"{'revision': 1, 'iterations': 32, 'sample_count': 8, 'measurement_iterations_multiplier': 4, 'warmup_iterations': 3, 'gpu_completion_mode': 'per_iteration', 'unit': 'us', 'direction': 'lower_is_better'}"
deck,candidate,texture_cubemap_fallback.bordered_rgba8_size4,20261004-182056493-6f1c0034adc04f1f96149895cb47e161,133062.3626,532584,16642.875,16642.875,failed,FAIL,55460e1d2302a325,,True,ineligible,True,completed,"{'revision': 1, 'iterations': 32, 'sample_count': 8, 'measurement_iterations_multiplier': 4, 'warmup_iterations': 3, 'gpu_completion_mode': 'per_iteration', 'unit': 'us', 'direction': 'lower_is_better'}"
deck,candidate,texture_cubemap_fallback.bordered_rgba8_size8,20261004-182056493-6f1c0034adc04f1f96149895cb47e161,133062.3626,533618,16675.375,16675.375,failed,FAIL,f3129198a7b005f5,,True,ineligible,True,completed,"{'revision': 1, 'iterations': 32, 'sample_count': 8, 'measurement_iterations_multiplier': 4, 'warmup_iterations': 3, 'gpu_completion_mode': 'per_iteration', 'unit': 'us', 'direction': 'lower_is_better'}"
deck,candidate,texture_cubemap_fallback.unbordered_subblock_dxt1,20261004-182056493-6f1c0034adc04f1f96149895cb47e161,133062.3626,533168,16661.125,16661.125,passed,PASS,be0f2013c1997ca5,,True,ineligible,True,completed,"{'revision': 1, 'iterations': 32, 'sample_count': 8, 'measurement_iterations_multiplier': 4, 'warmup_iterations': 3, 'gpu_completion_mode': 'per_iteration', 'unit': 'us', 'direction': 'lower_is_better'}"
deck,candidate,texture_cubemap_fallback.bordered_r6g5b5_size8,20261004-182311592-a74f154b8b8949e1b1342581de3011c8,24405.829,532261,16632.875,16632.875,failed,FAIL,72ca2acdd1d976a5,,True,ineligible,True,completed,"{'revision': 1, 'iterations': 32, 'sample_count': 8, 'measurement_iterations_multiplier': 4, 'warmup_iterations': 3, 'gpu_completion_mode': 'per_iteration', 'unit': 'us', 'direction': 'lower_is_better'}"
deck,candidate,surface.basic,20261004-182338033-c2a044557735469e8131ab371bfe85b1,34950.8772,1667689,41691.8,41691.8,failed,PASS,cf6533efef4c476e,6f90d43f59b710fa,True,ineligible,True,completed,"{'revision': 1, 'iterations': 40, 'sample_count': 10, 'measurement_iterations_multiplier': 4, 'warmup_iterations': 3, 'gpu_completion_mode': 'per_iteration', 'unit': 'us', 'direction': 'lower_is_better'}"
deck,candidate,surface.cpu_read_after_gpu_write,20261004-182338033-c2a044557735469e8131ab371bfe85b1,34950.8772,291141,3639,3639,passed,PASS,572720976b602325,572720976b602325,True,ineligible,True,completed,"{'revision': 1, 'iterations': 80, 'sample_count': 20, 'measurement_iterations_multiplier': 4, 'warmup_iterations': 3, 'gpu_completion_mode': 'per_iteration', 'unit': 'us', 'direction': 'lower_is_better'}"
deck,candidate,surface.cpu_read_clean_surface,20261004-182338033-c2a044557735469e8131ab371bfe85b1,34950.8772,153688,383.88,383.88,passed,PASS,aa32af524aa52325,aa32af524aa52325,True,ineligible,True,completed,"{'revision': 1, 'iterations': 400, 'sample_count': 100, 'measurement_iterations_multiplier': 4, 'warmup_iterations': 3, 'gpu_completion_mode': 'per_iteration', 'unit': 'us', 'direction': 'lower_is_better'}"
deck,candidate,surface.framebuffer_working_set_002,20261004-182338033-c2a044557735469e8131ab371bfe85b1,34950.8772,372428,4654.85,4654.85,failed,PASS,cb732f2ae5736b2d,ab1fa4b103c05f05,True,ineligible,True,completed,"{'revision': 1, 'iterations': 80, 'sample_count': 20, 'measurement_iterations_multiplier': 4, 'warmup_iterations': 3, 'gpu_completion_mode': 'per_iteration', 'unit': 'us', 'direction': 'lower_is_better'}"
deck,candidate,surface.framebuffer_working_set_008,20261004-182338033-c2a044557735469e8131ab371bfe85b1,34950.8772,383416,4792.35,4792.35,failed,PASS,7ffda0d97cce712d,8393e7935b67da71,True,ineligible,True,completed,"{'revision': 1, 'iterations': 80, 'sample_count': 20, 'measurement_iterations_multiplier': 4, 'warmup_iterations': 3, 'gpu_completion_mode': 'per_iteration', 'unit': 'us', 'direction': 'lower_is_better'}"
deck,candidate,surface.framebuffer_working_set_032,20261004-182338033-c2a044557735469e8131ab371bfe85b1,34950.8772,301491,3768.25,3768.25,failed,PASS,2baad45ae0ed71a5,4e53301a279a7e09,True,ineligible,True,completed,"{'revision': 1, 'iterations': 80, 'sample_count': 20, 'measurement_iterations_multiplier': 4, 'warmup_iterations': 3, 'gpu_completion_mode': 'per_iteration', 'unit': 'us', 'direction': 'lower_is_better'}"
deck,candidate,surface.framebuffer_working_set_064,20261004-182338033-c2a044557735469e8131ab371bfe85b1,34950.8772,433155,5413.95,5413.95,failed,PASS,2baad45ae0ed71a5,dbdfafa7ed2f28c9,True,ineligible,True,completed,"{'revision': 1, 'iterations': 80, 'sample_count': 20, 'measurement_iterations_multiplier': 4, 'warmup_iterations': 3, 'gpu_completion_mode': 'per_iteration', 'unit': 'us', 'direction': 'lower_is_better'}"
deck,candidate,surface.full_clear_elision_guard,20261004-182338033-c2a044557735469e8131ab371bfe85b1,34950.8772,2934739,7336.46,7336.46,failed,PASS,49bc2d7eec9c4725,01a1571033aa9dfd,True,ineligible,True,completed,"{'revision': 1, 'iterations': 400, 'sample_count': 100, 'measurement_iterations_multiplier': 4, 'warmup_iterations': 3, 'gpu_completion_mode': 'per_iteration', 'unit': 'us', 'direction': 'lower_is_better'}"
deck,candidate,surface.overlapping_surface_churn_representative,20261004-182338033-c2a044557735469e8131ab371bfe85b1,34950.8772,2620939,6551.96,6551.96,failed,PASS,7a8c35cdc9c70725,7b4f2884714177a5,True,ineligible,True,completed,"{'revision': 1, 'iterations': 400, 'sample_count': 100, 'measurement_iterations_multiplier': 4, 'warmup_iterations': 3, 'gpu_completion_mode': 'per_iteration', 'unit': 'us', 'direction': 'lower_is_better'}"
deck,candidate,surface.overlapping_surface_churn_stress,20261004-182338033-c2a044557735469e8131ab371bfe85b1,34950.8772,2892154,72303.5,72303.5,failed,PASS,7a8c35cdc9c70725,19890b325809498d,True,ineligible,True,completed,"{'revision': 1, 'iterations': 40, 'sample_count': 10, 'measurement_iterations_multiplier': 4, 'warmup_iterations': 3, 'gpu_completion_mode': 'per_iteration', 'unit': 'us', 'direction': 'lower_is_better'}"
deck,candidate,surface.partial_channel_clear_guard,20261004-182338033-c2a044557735469e8131ab371bfe85b1,34950.8772,3004114,7509.9,7509.9,failed,PASS,b52bc22d6eedd725,31d730ce613f92bd,True,ineligible,True,completed,"{'revision': 1, 'iterations': 400, 'sample_count': 100, 'measurement_iterations_multiplier': 4, 'warmup_iterations': 3, 'gpu_completion_mode': 'per_iteration', 'unit': 'us', 'direction': 'lower_is_better'}"
deck,candidate,surface.surface_download_path,20261004-182338033-c2a044557735469e8131ab371bfe85b1,34950.8772,2263633,56590.5,56590.5,failed,PASS,3a281ef8b6b324c2,eb6604c45975bcec,True,ineligible,True,completed,"{'revision': 1, 'iterations': 40, 'sample_count': 10, 'measurement_iterations_multiplier': 4, 'warmup_iterations': 3, 'gpu_completion_mode': 'per_iteration', 'unit': 'us', 'direction': 'lower_is_better'}"
deck,candidate,surface.surface_list_lookup_002,20261004-182415020-fa36878c7f874c3a8fc3495c3dce6a3e,76362.4115,312368,3904.2,3904.2,failed,PASS,fa475bc695046525,26ff617c53458a53,True,ineligible,True,completed,"{'revision': 1, 'iterations': 80, 'sample_count': 20, 'measurement_iterations_multiplier': 4, 'warmup_iterations': 3, 'gpu_completion_mode': 'per_iteration', 'unit': 'us', 'direction': 'lower_is_better'}"
deck,candidate,surface.surface_list_lookup_008,20261004-182415020-fa36878c7f874c3a8fc3495c3dce6a3e,76362.4115,467997,5849.6,5849.6,failed,PASS,9489ca620c4f97a5,18e8676fcc804922,True,ineligible,True,completed,"{'revision': 1, 'iterations': 80, 'sample_count': 20, 'measurement_iterations_multiplier': 4, 'warmup_iterations': 3, 'gpu_completion_mode': 'per_iteration', 'unit': 'us', 'direction': 'lower_is_better'}"
deck,candidate,surface.surface_list_lookup_032,20261004-182415020-fa36878c7f874c3a8fc3495c3dce6a3e,76362.4115,404575,5056.8,5056.8,failed,PASS,8cdf93e7e3e6ce25,1bc652a47e609cf5,True,ineligible,True,completed,"{'revision': 1, 'iterations': 80, 'sample_count': 20, 'measurement_iterations_multiplier': 4, 'warmup_iterations': 3, 'gpu_completion_mode': 'per_iteration', 'unit': 'us', 'direction': 'lower_is_better'}"
deck,candidate,surface.surface_list_lookup_128,20261004-182415020-fa36878c7f874c3a8fc3495c3dce6a3e,76362.4115,393039,4912.5,4912.5,failed,PASS,8cdf93e7e3e6ce25,4b4650aa45e0be8d,True,ineligible,True,completed,"{'revision': 1, 'iterations': 80, 'sample_count': 20, 'measurement_iterations_multiplier': 4, 'warmup_iterations': 3, 'gpu_completion_mode': 'per_iteration', 'unit': 'us', 'direction': 'lower_is_better'}"
deck,candidate,surface.vulkan_memory_pressure.representative.growth,20261004-182415020-fa36878c7f874c3a8fc3495c3dce6a3e,76362.4115,2591103,161943.5,161943.5,failed,PASS,17046af640418325,a1ce1e9182d42125,True,ineligible,True,completed,"{'revision': 1, 'iterations': 16, 'sample_count': 4, 'measurement_iterations_multiplier': 4, 'warmup_iterations': 3, 'gpu_completion_mode': 'per_iteration', 'unit': 'us', 'direction': 'lower_is_better'}"
deck,candidate,surface.vulkan_memory_pressure.representative.plateau,20261004-182415020-fa36878c7f874c3a8fc3495c3dce6a3e,76362.4115,2747606,171725.25,171725.25,failed,PASS,490075aafd91af25,c00be5b19acc4e6f,True,ineligible,True,completed,"{'revision': 1, 'iterations': 16, 'sample_count': 4, 'measurement_iterations_multiplier': 4, 'warmup_iterations': 3, 'gpu_completion_mode': 'per_iteration', 'unit': 'us', 'direction': 'lower_is_better'}"
deck,candidate,surface.vulkan_memory_pressure.representative.alias_resize,20261004-182415020-fa36878c7f874c3a8fc3495c3dce6a3e,76362.4115,1841631,115101.5,115101.5,failed,PASS,ed56b68868e2f325,0247ea98d29062c5,True,ineligible,True,completed,"{'revision': 1, 'iterations': 16, 'sample_count': 4, 'measurement_iterations_multiplier': 4, 'warmup_iterations': 3, 'gpu_completion_mode': 'per_iteration', 'unit': 'us', 'direction': 'lower_is_better'}"
deck,candidate,surface.vulkan_memory_pressure.representative.reuse,20261004-182415020-fa36878c7f874c3a8fc3495c3dce6a3e,76362.4115,2262062,141378.5,141378.5,failed,PASS,b8b4854297220f25,d885d846be04bb3d,True,ineligible,True,completed,"{'revision': 1, 'iterations': 16, 'sample_count': 4, 'measurement_iterations_multiplier': 4, 'warmup_iterations': 3, 'gpu_completion_mode': 'per_iteration', 'unit': 'us', 'direction': 'lower_is_better'}"
deck,candidate,surface.vulkan_memory_pressure.representative.idle_retention,20261004-182415020-fa36878c7f874c3a8fc3495c3dce6a3e,76362.4115,26200,1637.25,1637.25,failed,PASS,dfa4d6a81f791525,4ab34638455a76e1,True,ineligible,True,completed,"{'revision': 1, 'iterations': 16, 'sample_count': 4, 'measurement_iterations_multiplier': 4, 'warmup_iterations': 3, 'gpu_completion_mode': 'per_iteration', 'unit': 'us', 'direction': 'lower_is_better'}"
deck,candidate,surface.vulkan_memory_pressure.stress.growth,20261004-182415020-fa36878c7f874c3a8fc3495c3dce6a3e,76362.4115,9925967,620372.5,620372.5,failed,PASS,17a43e09af9b8325,063949c8ff1686f9,True,ineligible,True,completed,"{'revision': 1, 'iterations': 16, 'sample_count': 4, 'measurement_iterations_multiplier': 4, 'warmup_iterations': 3, 'gpu_completion_mode': 'per_iteration', 'unit': 'us', 'direction': 'lower_is_better'}"
deck,candidate,surface.vulkan_memory_pressure.stress.plateau,20261004-182415020-fa36878c7f874c3a8fc3495c3dce6a3e,76362.4115,9412438,588277,588277,failed,PASS,4732cd7c1520a325,769bf225e8cc48d5,True,ineligible,True,completed,"{'revision': 1, 'iterations': 16, 'sample_count': 4, 'measurement_iterations_multiplier': 4, 'warmup_iterations': 3, 'gpu_completion_mode': 'per_iteration', 'unit': 'us', 'direction': 'lower_is_better'}"
deck,candidate,surface.vulkan_memory_pressure.stress.alias_resize,20261004-182415020-fa36878c7f874c3a8fc3495c3dce6a3e,76362.4115,8318270,519891.5,519891.5,failed,PASS,34e2ce9b25a3bf25,c1ab77f18dbbc86d,True,ineligible,True,completed,"{'revision': 1, 'iterations': 16, 'sample_count': 4, 'measurement_iterations_multiplier': 4, 'warmup_iterations': 3, 'gpu_completion_mode': 'per_iteration', 'unit': 'us', 'direction': 'lower_is_better'}"
deck,candidate,surface.vulkan_memory_pressure.stress.reuse,20261004-182415020-fa36878c7f874c3a8fc3495c3dce6a3e,76362.4115,12002100,750130.75,750130.75,failed,PASS,0a989678bb57ff25,837b6a123bb12a09,True,ineligible,True,completed,"{'revision': 1, 'iterations': 16, 'sample_count': 4, 'measurement_iterations_multiplier': 4, 'warmup_iterations': 3, 'gpu_completion_mode': 'per_iteration', 'unit': 'us', 'direction': 'lower_is_better'}"
deck,candidate,surface.vulkan_memory_pressure.stress.idle_retention,20261004-182415020-fa36878c7f874c3a8fc3495c3dce6a3e,76362.4115,52202,3262.25,3262.25,failed,PASS,c60ef78ce0171b25,a24e2d9ee2191cd8,True,ineligible,True,completed,"{'revision': 1, 'iterations': 16, 'sample_count': 4, 'measurement_iterations_multiplier': 4, 'warmup_iterations': 3, 'gpu_completion_mode': 'per_iteration', 'unit': 'us', 'direction': 'lower_is_better'}"
deck,candidate,tiny_draw.arrays.fixed_function,20261004-182532918-3161bfe1a2534741beb4cbb8aca098de,39551.9687,2841352,71033.5,71033.5,failed,PASS,acf025546cf667b5,5636eabc173a3691,True,ineligible,True,completed,"{'revision': 1, 'iterations': 40, 'sample_count': 10, 'measurement_iterations_multiplier': 4, 'warmup_iterations': 3, 'gpu_completion_mode': 'per_iteration', 'unit': 'us', 'direction': 'lower_is_better'}"
deck,candidate,tiny_draw.arrays.vertex_shader,20261004-182532918-3161bfe1a2534741beb4cbb8aca098de,39551.9687,2574315,64357.6,64357.6,failed,PASS,acf025546cf667b5,5528df4b56e8f75d,True,ineligible,True,completed,"{'revision': 1, 'iterations': 40, 'sample_count': 10, 'measurement_iterations_multiplier': 4, 'warmup_iterations': 3, 'gpu_completion_mode': 'per_iteration', 'unit': 'us', 'direction': 'lower_is_better'}"
deck,candidate,tiny_draw.inline_arrays.fixed_function,20261004-182532918-3161bfe1a2534741beb4cbb8aca098de,39551.9687,3322308,83057.3,83057.3,failed,PASS,acf025546cf667b5,24f378fc9981dad5,True,ineligible,True,completed,"{'revision': 1, 'iterations': 40, 'sample_count': 10, 'measurement_iterations_multiplier': 4, 'warmup_iterations': 3, 'gpu_completion_mode': 'per_iteration', 'unit': 'us', 'direction': 'lower_is_better'}"
deck,candidate,tiny_draw.inline_arrays.vertex_shader,20261004-182532918-3161bfe1a2534741beb4cbb8aca098de,39551.9687,3155890,78896.9,78896.9,failed,PASS,acf025546cf667b5,1f7bd52bdb2ddb2d,True,ineligible,True,completed,"{'revision': 1, 'iterations': 40, 'sample_count': 10, 'measurement_iterations_multiplier': 4, 'warmup_iterations': 3, 'gpu_completion_mode': 'per_iteration', 'unit': 'us', 'direction': 'lower_is_better'}"
deck,candidate,tiny_draw.inline_buffers.fixed_function,20261004-182532918-3161bfe1a2534741beb4cbb8aca098de,39551.9687,2626261,65656.1,65656.1,failed,PASS,acf025546cf667b5,1d33c1f03f3df5d5,True,ineligible,True,completed,"{'revision': 1, 'iterations': 40, 'sample_count': 10, 'measurement_iterations_multiplier': 4, 'warmup_iterations': 3, 'gpu_completion_mode': 'per_iteration', 'unit': 'us', 'direction': 'lower_is_better'}"
deck,candidate,tiny_draw.inline_buffers.vertex_shader,20261004-182532918-3161bfe1a2534741beb4cbb8aca098de,39551.9687,2696594,67414.5,67414.5,failed,PASS,acf025546cf667b5,98123d79a8ae06a5,True,ineligible,True,completed,"{'revision': 1, 'iterations': 40, 'sample_count': 10, 'measurement_iterations_multiplier': 4, 'warmup_iterations': 3, 'gpu_completion_mode': 'per_iteration', 'unit': 'us', 'direction': 'lower_is_better'}"
deck,candidate,tiny_draw.inline_elements.fixed_function,20261004-182532918-3161bfe1a2534741beb4cbb8aca098de,39551.9687,2533615,63340,63340,failed,PASS,acf025546cf667b5,cd0e5481b375a40d,True,ineligible,True,completed,"{'revision': 1, 'iterations': 40, 'sample_count': 10, 'measurement_iterations_multiplier': 4, 'warmup_iterations': 3, 'gpu_completion_mode': 'per_iteration', 'unit': 'us', 'direction': 'lower_is_better'}"
deck,candidate,tiny_draw.inline_elements.vertex_shader,20261004-182532918-3161bfe1a2534741beb4cbb8aca098de,39551.9687,2559643,63990.7,63990.7,failed,PASS,acf025546cf667b5,0539f844d85cc73d,True,ineligible,True,completed,"{'revision': 1, 'iterations': 40, 'sample_count': 10, 'measurement_iterations_multiplier': 4, 'warmup_iterations': 3, 'gpu_completion_mode': 'per_iteration', 'unit': 'us', 'direction': 'lower_is_better'}"
deck,candidate,uniform_thrash.uniform_thrash,20261004-182614505-e48a52536c1f4fa58060074d48d7e2ac,19298.4716,167242,4180.6,4180.6,failed,PASS,ad445c59f8b11925,e643e886c2ebbdd5,True,ineligible,True,completed,"{'revision': 1, 'iterations': 40, 'sample_count': 10, 'measurement_iterations_multiplier': 4, 'warmup_iterations': 3, 'gpu_completion_mode': 'per_iteration', 'unit': 'us', 'direction': 'lower_is_better'}"
deck,candidate,vertex_buffer_allocation.mixed.arrays,20261004-182636477-e1acd60f66dd47d79753711ca3bbd379,144649.9848,2277084,56926.7,,not evaluated,PASS,377e6c029807f325,377e6c029807f325,True,ineligible,True,completed,"{'revision': 1, 'iterations': 40, 'sample_count': 10, 'measurement_iterations_multiplier': 4, 'warmup_iterations': 3, 'gpu_completion_mode': 'per_iteration', 'unit': 'us', 'direction': 'lower_is_better'}"
deck,candidate,vertex_buffer_allocation.mixed.inline_arrays,20261004-182636477-e1acd60f66dd47d79753711ca3bbd379,144649.9848,18374470,459361.4,,not evaluated,PASS,377e6c029807f325,377e6c029807f325,True,ineligible,True,completed,"{'revision': 1, 'iterations': 40, 'sample_count': 10, 'measurement_iterations_multiplier': 4, 'warmup_iterations': 3, 'gpu_completion_mode': 'per_iteration', 'unit': 'us', 'direction': 'lower_is_better'}"
deck,candidate,vertex_buffer_allocation.mixed.inline_buffers,20261004-182636477-e1acd60f66dd47d79753711ca3bbd379,144649.9848,72136199,1803404.7,,not evaluated,PASS,377e6c029807f325,377e6c029807f325,True,ineligible,True,completed,"{'revision': 1, 'iterations': 40, 'sample_count': 10, 'measurement_iterations_multiplier': 4, 'warmup_iterations': 3, 'gpu_completion_mode': 'per_iteration', 'unit': 'us', 'direction': 'lower_is_better'}"
deck,candidate,vertex_buffer_allocation.mixed.inline_elements,20261004-182636477-e1acd60f66dd47d79753711ca3bbd379,144649.9848,2257621,56440,,not evaluated,PASS,377e6c029807f325,377e6c029807f325,True,ineligible,True,completed,"{'revision': 1, 'iterations': 40, 'sample_count': 10, 'measurement_iterations_multiplier': 4, 'warmup_iterations': 3, 'gpu_completion_mode': 'per_iteration', 'unit': 'us', 'direction': 'lower_is_better'}"
deck,candidate,vertex_buffer_allocation.tiny.arrays,20261004-182636477-e1acd60f66dd47d79753711ca3bbd379,144649.9848,2835753,70893.5,,not evaluated,PASS,377e6c029807f325,377e6c029807f325,True,ineligible,True,completed,"{'revision': 1, 'iterations': 40, 'sample_count': 10, 'measurement_iterations_multiplier': 4, 'warmup_iterations': 3, 'gpu_completion_mode': 'per_iteration', 'unit': 'us', 'direction': 'lower_is_better'}"
deck,candidate,vertex_buffer_allocation.tiny.inline_arrays,20261004-182636477-e1acd60f66dd47d79753711ca3bbd379,144649.9848,3289855,82246.1,,not evaluated,PASS,377e6c029807f325,377e6c029807f325,True,ineligible,True,completed,"{'revision': 1, 'iterations': 40, 'sample_count': 10, 'measurement_iterations_multiplier': 4, 'warmup_iterations': 3, 'gpu_completion_mode': 'per_iteration', 'unit': 'us', 'direction': 'lower_is_better'}"
deck,candidate,vertex_buffer_allocation.tiny.inline_buffers,20261004-182636477-e1acd60f66dd47d79753711ca3bbd379,144649.9848,3476283,86906.7,,not evaluated,PASS,377e6c029807f325,377e6c029807f325,True,ineligible,True,completed,"{'revision': 1, 'iterations': 40, 'sample_count': 10, 'measurement_iterations_multiplier': 4, 'warmup_iterations': 3, 'gpu_completion_mode': 'per_iteration', 'unit': 'us', 'direction': 'lower_is_better'}"
deck,candidate,vertex_buffer_allocation.tiny.inline_elements,20261004-182636477-e1acd60f66dd47d79753711ca3bbd379,144649.9848,2918938,72973.1,,not evaluated,PASS,377e6c029807f325,377e6c029807f325,True,ineligible,True,completed,"{'revision': 1, 'iterations': 40, 'sample_count': 10, 'measurement_iterations_multiplier': 4, 'warmup_iterations': 3, 'gpu_completion_mode': 'per_iteration', 'unit': 'us', 'direction': 'lower_is_better'}"
deck,candidate,vertex_buffer_allocation.rising_transient_growth,20261004-182636477-e1acd60f66dd47d79753711ca3bbd379,144649.9848,5407930,1351982,,not evaluated,PASS,377e6c029807f325,,False,ineligible,True,completed,"{'revision': 1, 'iterations': 4, 'sample_count': 1, 'measurement_iterations_multiplier': 4, 'warmup_iterations': 3, 'gpu_completion_mode': 'per_iteration', 'unit': 'us', 'direction': 'lower_is_better'}"
deck,candidate,vertex_buffer_allocation.disjoint_same_page,20261004-182636477-e1acd60f66dd47d79753711ca3bbd379,144649.9848,2883926,72097.7,,not evaluated,PASS,fdcd25a37910bb25,d93bb411fee61f6d,True,ineligible,True,completed,"{'revision': 1, 'iterations': 40, 'sample_count': 10, 'measurement_iterations_multiplier': 4, 'warmup_iterations': 3, 'gpu_completion_mode': 'per_iteration', 'unit': 'us', 'direction': 'lower_is_better'}"
win,parent,busy_pfifo.pfifo_saturation,20261004-173236233-58c5f76eae92404dbdc3d0bbc6582be2,50379.6231,3543819,88595.1,,not evaluated,PASS,1508607624bb8506,1508607624bb8506,True,ineligible,True,completed,"{'revision': 1, 'iterations': 40, 'sample_count': 10, 'measurement_iterations_multiplier': 4, 'warmup_iterations': 3, 'gpu_completion_mode': 'per_iteration', 'unit': 'us', 'direction': 'lower_is_better'}"
win,parent,busy_pfifo.pgraph_pattern_polling,20261004-173236233-58c5f76eae92404dbdc3d0bbc6582be2,50379.6231,19041930,4760482,,not evaluated,PASS,386d0f085e98c325,386d0f085e98c325,True,ineligible,True,completed,"{'revision': 1, 'iterations': 4, 'sample_count': 1, 'measurement_iterations_multiplier': 4, 'warmup_iterations': 3, 'gpu_completion_mode': 'per_iteration', 'unit': 'us', 'direction': 'lower_is_better'}"
win,parent,pfifo_array_elements.array_element_pgr2,20261004-173236233-58c5f76eae92404dbdc3d0bbc6582be2,50379.6231,15510,484.125,,not evaluated,PASS,bbc8b0702ffd0325,bbc8b0702ffd0325,True,ineligible,True,completed,"{'revision': 1, 'iterations': 32, 'sample_count': 8, 'measurement_iterations_multiplier': 4, 'warmup_iterations': 3, 'gpu_completion_mode': 'per_iteration', 'unit': 'us', 'direction': 'lower_is_better'}"
win,parent,pfifo_array_elements.array_element16,20261004-173236233-58c5f76eae92404dbdc3d0bbc6582be2,50379.6231,17195,537,,not evaluated,PASS,9c884de2a5d32325,9c884de2a5d32325,True,ineligible,True,completed,"{'revision': 1, 'iterations': 32, 'sample_count': 8, 'measurement_iterations_multiplier': 4, 'warmup_iterations': 3, 'gpu_completion_mode': 'per_iteration', 'unit': 'us', 'direction': 'lower_is_better'}"
win,parent,pfifo_array_elements.array_element32,20261004-173236233-58c5f76eae92404dbdc3d0bbc6582be2,50379.6231,30804,962.25,,not evaluated,PASS,e079f0cf1a994325,e079f0cf1a994325,True,ineligible,True,completed,"{'revision': 1, 'iterations': 32, 'sample_count': 8, 'measurement_iterations_multiplier': 4, 'warmup_iterations': 3, 'gpu_completion_mode': 'per_iteration', 'unit': 'us', 'direction': 'lower_is_better'}"
win,parent,pfifo_packet_boundary.array_element16_overflow,20261004-173236233-58c5f76eae92404dbdc3d0bbc6582be2,50379.6231,62505,15626,,not evaluated,PASS,4d1756526f052325,,False,ineligible,True,completed,"{'revision': 1, 'iterations': 4, 'sample_count': 1, 'measurement_iterations_multiplier': 4, 'warmup_iterations': 3, 'gpu_completion_mode': 'per_iteration', 'unit': 'us', 'direction': 'lower_is_better'}"
win,parent,pfifo_packet_boundary.array_element32_overflow,20261004-173236233-58c5f76eae92404dbdc3d0bbc6582be2,50379.6231,123983,30995,,not evaluated,PASS,6eb7071be692a325,,False,ineligible,True,completed,"{'revision': 1, 'iterations': 4, 'sample_count': 1, 'measurement_iterations_multiplier': 4, 'warmup_iterations': 3, 'gpu_completion_mode': 'per_iteration', 'unit': 'us', 'direction': 'lower_is_better'}"
win,parent,pfifo_packet_boundary.inline_array_overflow,20261004-173236233-58c5f76eae92404dbdc3d0bbc6582be2,50379.6231,123340,30835,,not evaluated,PASS,847da1930526a325,,False,ineligible,True,completed,"{'revision': 1, 'iterations': 4, 'sample_count': 1, 'measurement_iterations_multiplier': 4, 'warmup_iterations': 3, 'gpu_completion_mode': 'per_iteration', 'unit': 'us', 'direction': 'lower_is_better'}"
win,parent,pfifo_packet_boundary.incrementing_inline_fallback,20261004-173236233-58c5f76eae92404dbdc3d0bbc6582be2,50379.6231,110,27,,not evaluated,PASS,640439ee8ecd2325,,False,ineligible,True,completed,"{'revision': 1, 'iterations': 4, 'sample_count': 1, 'measurement_iterations_multiplier': 4, 'warmup_iterations': 3, 'gpu_completion_mode': 'per_iteration', 'unit': 'us', 'direction': 'lower_is_better'}"
win,parent,cpu_floating_point.sse_scalar,20261004-173329221-b51f511720054424a86b3e421f0dc734,108715.9773,21049069,526226.3,526226.3,passed,PASS,6962077c244da325,6962077c244da325,True,ineligible,True,completed,"{'revision': 1, 'iterations': 40, 'sample_count': 10, 'measurement_iterations_multiplier': 4, 'warmup_iterations': 3, 'gpu_completion_mode': 'per_iteration', 'unit': 'us', 'direction': 'lower_is_better'}"
win,parent,cpu_floating_point.x87_scalar,20261004-173329221-b51f511720054424a86b3e421f0dc734,108715.9773,33794455,844861,844861,passed,PASS,6962077c244da325,6962077c244da325,True,ineligible,True,completed,"{'revision': 1, 'iterations': 40, 'sample_count': 10, 'measurement_iterations_multiplier': 4, 'warmup_iterations': 3, 'gpu_completion_mode': 'per_iteration', 'unit': 'us', 'direction': 'lower_is_better'}"
win,parent,cpu_translation_blocks.direct_loop,20261004-173329221-b51f511720054424a86b3e421f0dc734,108715.9773,409352,10233.4,10233.4,passed,PASS,bd1fc9bf0c318325,bd1fc9bf0c318325,True,ineligible,True,completed,"{'revision': 1, 'iterations': 40, 'sample_count': 10, 'measurement_iterations_multiplier': 4, 'warmup_iterations': 3, 'gpu_completion_mode': 'per_iteration', 'unit': 'us', 'direction': 'lower_is_better'}"
win,parent,cpu_translation_blocks.indirect_dispatch,20261004-173329221-b51f511720054424a86b3e421f0dc734,108715.9773,1653231,41330.4,41330.4,passed,PASS,c0426cf669a02325,c0426cf669a02325,True,ineligible,True,completed,"{'revision': 1, 'iterations': 40, 'sample_count': 10, 'measurement_iterations_multiplier': 4, 'warmup_iterations': 3, 'gpu_completion_mode': 'per_iteration', 'unit': 'us', 'direction': 'lower_is_better'}"
win,parent,cpu_translation_blocks.indirect_dispatch_stress,20261004-173329221-b51f511720054424a86b3e421f0dc734,108715.9773,32757475,818936.6,818936.6,passed,PASS,fbd507cb0c622325,fbd507cb0c622325,True,ineligible,True,completed,"{'revision': 1, 'iterations': 40, 'sample_count': 10, 'measurement_iterations_multiplier': 4, 'warmup_iterations': 3, 'gpu_completion_mode': 'per_iteration', 'unit': 'us', 'direction': 'lower_is_better'}"
win,parent,fill_rate.solid,20261004-173520568-b6a7db53de9c42d1af39adc4afd04760,12637.2189,68518,1712.4,1712.4,passed,PASS,08b0f60773aac775,08b0f60773aac775,True,ineligible,True,completed,"{'revision': 1, 'iterations': 40, 'sample_count': 10, 'measurement_iterations_multiplier': 4, 'warmup_iterations': 3, 'gpu_completion_mode': 'per_iteration', 'unit': 'us', 'direction': 'lower_is_better'}"
win,parent,fill_rate.textured,20261004-173520568-b6a7db53de9c42d1af39adc4afd04760,12637.2189,50034,1250.6,1250.6,passed,PASS,99b433323df1684d,99b433323df1684d,True,ineligible,True,completed,"{'revision': 1, 'iterations': 40, 'sample_count': 10, 'measurement_iterations_multiplier': 4, 'warmup_iterations': 3, 'gpu_completion_mode': 'per_iteration', 'unit': 'us', 'direction': 'lower_is_better'}"
win,parent,pipeline_texture_switch.clear_texture_normal,20261004-173535813-a38b4eaba64f438aa39016fb1a2d1765,15710.8678,436925,13653.5,,not evaluated,PASS,22ba4f1405cda325,22ba4f1405cda325,True,ineligible,True,completed,"{'revision': 1, 'iterations': 32, 'sample_count': 8, 'measurement_iterations_multiplier': 4, 'warmup_iterations': 3, 'gpu_completion_mode': 'per_iteration', 'unit': 'us', 'direction': 'lower_is_better'}"
win,parent,pipeline_texture_switch.palette_dma_remap,20261004-173535813-a38b4eaba64f438aa39016fb1a2d1765,15710.8678,66506,16626,,not evaluated,PASS,fbf687de65082325,,False,ineligible,True,completed,"{'revision': 1, 'iterations': 4, 'sample_count': 1, 'measurement_iterations_multiplier': 4, 'warmup_iterations': 3, 'gpu_completion_mode': 'per_iteration', 'unit': 'us', 'direction': 'lower_is_better'}"
win,parent,pipeline_texture_switch.palette_only_update,20261004-173535813-a38b4eaba64f438aa39016fb1a2d1765,15710.8678,73647,18411,,not evaluated,PASS,467aab2f95cda325,,False,ineligible,True,completed,"{'revision': 1, 'iterations': 4, 'sample_count': 1, 'measurement_iterations_multiplier': 4, 'warmup_iterations': 3, 'gpu_completion_mode': 'per_iteration', 'unit': 'us', 'direction': 'lower_is_better'}"
win,parent,pipeline_texture_switch.sampler_only_identity,20261004-173535813-a38b4eaba64f438aa39016fb1a2d1765,15710.8678,723174,22598.75,,not evaluated,PASS,0b8438c8404da325,0b8438c8404da325,True,ineligible,True,completed,"{'revision': 1, 'iterations': 32, 'sample_count': 8, 'measurement_iterations_multiplier': 4, 'warmup_iterations': 3, 'gpu_completion_mode': 'per_iteration', 'unit': 'us', 'direction': 'lower_is_better'}"
win,parent,pipeline_texture_switch.shader_negative_control,20261004-173535813-a38b4eaba64f438aa39016fb1a2d1765,15710.8678,585678,18302,,not evaluated,PASS,f110c8bd6338c325,f110c8bd6338c325,True,ineligible,True,completed,"{'revision': 1, 'iterations': 32, 'sample_count': 8, 'measurement_iterations_multiplier': 4, 'warmup_iterations': 3, 'gpu_completion_mode': 'per_iteration', 'unit': 'us', 'direction': 'lower_is_better'}"
win,parent,pipeline_texture_switch.shared_page_overlap,20261004-173535813-a38b4eaba64f438aa39016fb1a2d1765,15710.8678,73391,18347,,not evaluated,PASS,83bb59a8648da325,,False,ineligible,True,completed,"{'revision': 1, 'iterations': 4, 'sample_count': 1, 'measurement_iterations_multiplier': 4, 'warmup_iterations': 3, 'gpu_completion_mode': 'per_iteration', 'unit': 'us', 'direction': 'lower_is_better'}"
win,parent,pipeline_texture_switch.texture_dma_remap,20261004-173535813-a38b4eaba64f438aa39016fb1a2d1765,15710.8678,66510,16627,,not evaluated,PASS,fbf687de65082325,,False,ineligible,True,completed,"{'revision': 1, 'iterations': 4, 'sample_count': 1, 'measurement_iterations_multiplier': 4, 'warmup_iterations': 3, 'gpu_completion_mode': 'per_iteration', 'unit': 'us', 'direction': 'lower_is_better'}"
win,parent,pipeline_texture_switch.texture_switch,20261004-173535813-a38b4eaba64f438aa39016fb1a2d1765,15710.8678,597559,18673.5,,not evaluated,PASS,8ae05d31fb00c325,8ae05d31fb00c325,True,ineligible,True,completed,"{'revision': 1, 'iterations': 32, 'sample_count': 8, 'measurement_iterations_multiplier': 4, 'warmup_iterations': 3, 'gpu_completion_mode': 'per_iteration', 'unit': 'us', 'direction': 'lower_is_better'}"
win,parent,report_query.clear_boundary,20261004-173554137-993d754f034c4ca0901562516a4ce1c9,12554.4265,16449,1027.5,,not evaluated,PASS,b5eb7c4b9c8da325,,False,ineligible,True,completed,"{'revision': 2, 'iterations': 16, 'sample_count': 4, 'measurement_iterations_multiplier': 4, 'warmup_iterations': 3, 'gpu_completion_mode': 'per_iteration', 'unit': 'us', 'direction': 'lower_is_better'}"
win,parent,report_query.dma_descriptor_rewrite,20261004-173554137-993d754f034c4ca0901562516a4ce1c9,12554.4265,4900,4900,,not evaluated,PASS,c0c0fdbececda325,,False,ineligible,True,completed,"{'revision': 2, 'iterations': 1, 'sample_count': 1, 'measurement_iterations_multiplier': 1, 'warmup_iterations': 0, 'gpu_completion_mode': 'per_iteration', 'unit': 'us', 'direction': 'lower_is_better'}"
win,parent,report_query.dma_range_guard,20261004-173554137-993d754f034c4ca0901562516a4ce1c9,12554.4265,1702,1702,,not evaluated,PASS,3f648ce11a4da325,,False,ineligible,True,completed,"{'revision': 2, 'iterations': 1, 'sample_count': 1, 'measurement_iterations_multiplier': 1, 'warmup_iterations': 0, 'gpu_completion_mode': 'per_iteration', 'unit': 'us', 'direction': 'lower_is_better'}"
win,parent,report_query.dma_target_switch,20261004-173554137-993d754f034c4ca0901562516a4ce1c9,12554.4265,21620,1350.5,,not evaluated,PASS,4c4bd8cd440da325,,False,ineligible,True,completed,"{'revision': 2, 'iterations': 16, 'sample_count': 4, 'measurement_iterations_multiplier': 4, 'warmup_iterations': 3, 'gpu_completion_mode': 'per_iteration', 'unit': 'us', 'direction': 'lower_is_better'}"
win,parent,report_query.fifo_producer_ordering,20261004-173554137-993d754f034c4ca0901562516a4ce1c9,12554.4265,19937,1245.75,,not evaluated,PASS,0d907c24a88da325,,False,ineligible,True,completed,"{'revision': 2, 'iterations': 16, 'sample_count': 4, 'measurement_iterations_multiplier': 4, 'warmup_iterations': 3, 'gpu_completion_mode': 'per_iteration', 'unit': 'us', 'direction': 'lower_is_better'}"
win,parent,report_query.multiple_boundaries,20261004-173554137-993d754f034c4ca0901562516a4ce1c9,12554.4265,11516,719.25,,not evaluated,PASS,0c966fc9ba4da325,,False,ineligible,True,completed,"{'revision': 2, 'iterations': 16, 'sample_count': 4, 'measurement_iterations_multiplier': 4, 'warmup_iterations': 3, 'gpu_completion_mode': 'per_iteration', 'unit': 'us', 'direction': 'lower_is_better'}"
win,parent,report_query.single_boundary,20261004-173554137-993d754f034c4ca0901562516a4ce1c9,12554.4265,11479,717,,not evaluated,PASS,60e674c9fecda325,,False,ineligible,True,completed,"{'revision': 2, 'iterations': 16, 'sample_count': 4, 'measurement_iterations_multiplier': 4, 'warmup_iterations': 3, 'gpu_completion_mode': 'per_iteration', 'unit': 'us', 'direction': 'lower_is_better'}"
win,parent,report_query.zero_query,20261004-173554137-993d754f034c4ca0901562516a4ce1c9,12554.4265,8935,558.25,,not evaluated,PASS,23875dfeb40da325,,False,ineligible,True,completed,"{'revision': 2, 'iterations': 16, 'sample_count': 4, 'measurement_iterations_multiplier': 4, 'warmup_iterations': 3, 'gpu_completion_mode': 'per_iteration', 'unit': 'us', 'direction': 'lower_is_better'}"
win,parent,shader_lifecycle.readiness_train_visible,20261004-173609344-6a4c2648a344468d948521e9d13cd814,22238.3372,65990,16497,,not evaluated,PASS,d4c939c4f0ce4325,,False,ineligible,True,completed,"{'revision': 1, 'iterations': 4, 'sample_count': 1, 'measurement_iterations_multiplier': 4, 'warmup_iterations': 3, 'gpu_completion_mode': 'per_iteration', 'unit': 'us', 'direction': 'lower_is_better'}"
win,parent,shader_lifecycle.readiness_replay_visible,20261004-173634190-c372d9a4de784895be2fd168d352349e,22108.4219,65746,16436,,not evaluated,PASS,d4c939c4f0ce4325,,False,ineligible,True,completed,"{'revision': 1, 'iterations': 4, 'sample_count': 1, 'measurement_iterations_multiplier': 4, 'warmup_iterations': 3, 'gpu_completion_mode': 'per_iteration', 'unit': 'us', 'direction': 'lower_is_better'}"
win,parent,shader_lifecycle.readiness_identical_replay,20261004-173658914-55b1fd5108a04804ba60572f15a3262e,50292.1831,16149353,4037338,,not evaluated,PASS,70615ec6b77f8325,,False,ineligible,True,completed,"{'revision': 1, 'iterations': 4, 'sample_count': 1, 'measurement_iterations_multiplier': 4, 'warmup_iterations': 3, 'gpu_completion_mode': 'per_iteration', 'unit': 'us', 'direction': 'lower_is_better'}"
win,parent,shader_lifecycle.readiness_uniform_only,20261004-173751811-ecd7cc90bb0445e3877da07f38e3ee86,22152.1508,66252,16563,,not evaluated,PASS,113d534d51f95325,,False,ineligible,True,completed,"{'revision': 1, 'iterations': 4, 'sample_count': 1, 'measurement_iterations_multiplier': 4, 'warmup_iterations': 3, 'gpu_completion_mode': 'per_iteration', 'unit': 'us', 'direction': 'lower_is_better'}"
win,parent,shader_lifecycle.readiness_early_demand,20261004-173816571-072ffbeb399a4ca1b4906e179e3f3f03,22123.4416,66008,16502,,not evaluated,PASS,d4c939c4f0ce4325,,False,ineligible,True,completed,"{'revision': 1, 'iterations': 4, 'sample_count': 1, 'measurement_iterations_multiplier': 4, 'warmup_iterations': 3, 'gpu_completion_mode': 'per_iteration', 'unit': 'us', 'direction': 'lower_is_better'}"
win,parent,game_load.long_unlocked_scene.cpu,20261004-173841296-899563f8b2b34882a20bc244143268d6,91730.9281,784503,24515.25,24515.25,passed,PASS,7c59a4dc0f8ba325,7c59a4dc0f8ba325,True,ineligible,True,completed,"{'revision': 1, 'iterations': 32, 'sample_count': 8, 'measurement_iterations_multiplier': 4, 'warmup_iterations': 3, 'gpu_completion_mode': 'per_iteration', 'unit': 'us', 'direction': 'lower_is_better'}"
win,parent,game_load.long_unlocked_scene.pfifo,20261004-173841296-899563f8b2b34882a20bc244143268d6,91730.9281,196400,6137,6137,passed,PASS,7c59a4dc0f8ba325,7c59a4dc0f8ba325,True,ineligible,True,completed,"{'revision': 1, 'iterations': 32, 'sample_count': 8, 'measurement_iterations_multiplier': 4, 'warmup_iterations': 3, 'gpu_completion_mode': 'per_iteration', 'unit': 'us', 'direction': 'lower_is_better'}"
win,parent,game_load.long_unlocked_scene.alpha_overdraw,20261004-173841296-899563f8b2b34882a20bc244143268d6,91730.9281,1671877,52245.625,52245.625,passed,PASS,7c59a4dc0f8ba325,7c59a4dc0f8ba325,True,ineligible,True,completed,"{'revision': 1, 'iterations': 32, 'sample_count': 8, 'measurement_iterations_multiplier': 4, 'warmup_iterations': 3, 'gpu_completion_mode': 'per_iteration', 'unit': 'us', 'direction': 'lower_is_better'}"
win,parent,game_load.long_unlocked_scene.streaming_surface_reuse,20261004-173841296-899563f8b2b34882a20bc244143268d6,91730.9281,528120,16503.375,16503.375,passed,PASS,7c59a4dc0f8ba325,7c59a4dc0f8ba325,True,ineligible,True,completed,"{'revision': 1, 'iterations': 32, 'sample_count': 8, 'measurement_iterations_multiplier': 4, 'warmup_iterations': 3, 'gpu_completion_mode': 'per_iteration', 'unit': 'us', 'direction': 'lower_is_better'}"
win,parent,game_load.long_unlocked_scene.combined,20261004-173841296-899563f8b2b34882a20bc244143268d6,91730.9281,3199492,99983.75,99983.75,passed,PASS,7c59a4dc0f8ba325,7c59a4dc0f8ba325,True,ineligible,True,completed,"{'revision': 1, 'iterations': 32, 'sample_count': 8, 'measurement_iterations_multiplier': 4, 'warmup_iterations': 3, 'gpu_completion_mode': 'per_iteration', 'unit': 'us', 'direction': 'lower_is_better'}"
win,parent,game_load.long_unlocked_scene.full_system,20261004-173841296-899563f8b2b34882a20bc244143268d6,91730.9281,3192972,99780,99780,passed,PASS,7c59a4dc0f8ba325,7c59a4dc0f8ba325,True,ineligible,True,completed,"{'revision': 1, 'iterations': 32, 'sample_count': 8, 'measurement_iterations_multiplier': 4, 'warmup_iterations': 3, 'gpu_completion_mode': 'per_iteration', 'unit': 'us', 'direction': 'lower_is_better'}"
win,parent,game_load.cross_title_hotpath.queued_vertex_cpu_writes,20261004-173841296-899563f8b2b34882a20bc244143268d6,91730.9281,2132881,66652.125,66652.125,passed,PASS,cf19c8d27e2aa325,cf19c8d27e2aa325,True,ineligible,True,completed,"{'revision': 1, 'iterations': 32, 'sample_count': 8, 'measurement_iterations_multiplier': 4, 'warmup_iterations': 3, 'gpu_completion_mode': 'per_iteration', 'unit': 'us', 'direction': 'lower_is_better'}"
win,parent,game_load.cross_title_hotpath.pgr2_small_draws,20261004-173841296-899563f8b2b34882a20bc244143268d6,91730.9281,4128403,129012.125,129012.125,passed,PASS,2a1e0148d2c0e325,2a1e0148d2c0e325,True,ineligible,True,completed,"{'revision': 1, 'iterations': 32, 'sample_count': 8, 'measurement_iterations_multiplier': 4, 'warmup_iterations': 3, 'gpu_completion_mode': 'per_iteration', 'unit': 'us', 'direction': 'lower_is_better'}"
win,parent,game_load.cross_title_hotpath.texture_update_reuse,20261004-173841296-899563f8b2b34882a20bc244143268d6,91730.9281,94701,2959.25,2959.25,passed,PASS,5612bef321a56325,5612bef321a56325,True,ineligible,True,completed,"{'revision': 1, 'iterations': 32, 'sample_count': 8, 'measurement_iterations_multiplier': 4, 'warmup_iterations': 3, 'gpu_completion_mode': 'per_iteration', 'unit': 'us', 'direction': 'lower_is_better'}"
win,parent,game_load.cross_title_hotpath.surface_reuse,20261004-173841296-899563f8b2b34882a20bc244143268d6,91730.9281,211412,6606.25,6606.25,passed,PASS,846d9f21b7c6a325,846d9f21b7c6a325,True,ineligible,True,completed,"{'revision': 1, 'iterations': 32, 'sample_count': 8, 'measurement_iterations_multiplier': 4, 'warmup_iterations': 3, 'gpu_completion_mode': 'per_iteration', 'unit': 'us', 'direction': 'lower_is_better'}"
win,parent,game_load.cross_title_hotpath.pipeline_state_churn,20261004-173841296-899563f8b2b34882a20bc244143268d6,91730.9281,2134448,66701.125,66701.125,passed,PASS,22f040b2add4a325,22f040b2add4a325,True,ineligible,True,completed,"{'revision': 1, 'iterations': 32, 'sample_count': 8, 'measurement_iterations_multiplier': 4, 'warmup_iterations': 3, 'gpu_completion_mode': 'per_iteration', 'unit': 'us', 'direction': 'lower_is_better'}"
win,parent,game_load.cross_title_hotpath.blend_constant_reuse,20261004-173841296-899563f8b2b34882a20bc244143268d6,91730.9281,3731511,116609.375,116609.375,passed,PASS,a08ca118008fa325,a08ca118008fa325,True,ineligible,True,completed,"{'revision': 1, 'iterations': 32, 'sample_count': 8, 'measurement_iterations_multiplier': 4, 'warmup_iterations': 3, 'gpu_completion_mode': 'per_iteration', 'unit': 'us', 'direction': 'lower_is_better'}"
win,parent,game_load.cross_title_hotpath.texture_binding_reuse,20261004-173841296-899563f8b2b34882a20bc244143268d6,91730.9281,4798651,149957.375,149957.375,passed,PASS,dfaaa3022df6a325,dfaaa3022df6a325,True,ineligible,True,completed,"{'revision': 1, 'iterations': 32, 'sample_count': 8, 'measurement_iterations_multiplier': 4, 'warmup_iterations': 3, 'gpu_completion_mode': 'per_iteration', 'unit': 'us', 'direction': 'lower_is_better'}"
win,parent,game_load.cross_title_hotpath.pgr2_lagspot_inline_elements,20261004-173841296-899563f8b2b34882a20bc244143268d6,91730.9281,3316542,103641.625,103641.625,passed,PASS,1289219c28d5a325,1289219c28d5a325,True,ineligible,True,completed,"{'revision': 1, 'iterations': 32, 'sample_count': 8, 'measurement_iterations_multiplier': 4, 'warmup_iterations': 3, 'gpu_completion_mode': 'per_iteration', 'unit': 'us', 'direction': 'lower_is_better'}"
win,parent,game_load.cross_title_hotpath.scaled_surface_pressure,20261004-173841296-899563f8b2b34882a20bc244143268d6,91730.9281,9509992,297186.625,297186.625,passed,PASS,e81e5b4a4675a325,e81e5b4a4675a325,True,ineligible,True,completed,"{'revision': 1, 'iterations': 32, 'sample_count': 8, 'measurement_iterations_multiplier': 4, 'warmup_iterations': 3, 'gpu_completion_mode': 'per_iteration', 'unit': 'us', 'direction': 'lower_is_better'}"
win,parent,game_load.cross_title_hotpath.s3tc_streaming_fenced_draws,20261004-173841296-899563f8b2b34882a20bc244143268d6,91730.9281,32022844,1000713.375,1000713.375,passed,PASS,a0f51c6c46a52325,a0f51c6c46a52325,True,ineligible,True,completed,"{'revision': 1, 'iterations': 32, 'sample_count': 8, 'measurement_iterations_multiplier': 4, 'warmup_iterations': 3, 'gpu_completion_mode': 'per_iteration', 'unit': 'us', 'direction': 'lower_is_better'}"
win,parent,game_load.cross_title_hotpath.gpu_wait_control,20261004-173841296-899563f8b2b34882a20bc244143268d6,91730.9281,34746,1085.5,1085.5,passed,PASS,828855c0a34e2325,828855c0a34e2325,True,ineligible,True,completed,"{'revision': 1, 'iterations': 32, 'sample_count': 8, 'measurement_iterations_multiplier': 4, 'warmup_iterations': 3, 'gpu_completion_mode': 'per_iteration', 'unit': 'us', 'direction': 'lower_is_better'}"
win,parent,game_load.s3tc_sync_factor.dxt1_same_address_wait,20261004-174015636-70dcdc3d9d4b40cea200f82fb4c51d83,34055.9,532614,16643.625,16643.625,failed,PASS,3403675459d4d3d5,db28300321744de5,True,ineligible,True,completed,"{'revision': 1, 'iterations': 32, 'sample_count': 8, 'measurement_iterations_multiplier': 4, 'warmup_iterations': 3, 'gpu_completion_mode': 'per_iteration', 'unit': 'us', 'direction': 'lower_is_better'}"
win,parent,game_load.s3tc_sync_factor.dxt1_same_address_queued,20261004-174015636-70dcdc3d9d4b40cea200f82fb4c51d83,34055.9,533886,16683.75,16683.75,failed,PASS,f87e5a36411578b2,9998993e8dcf6939,True,ineligible,True,completed,"{'revision': 1, 'iterations': 32, 'sample_count': 8, 'measurement_iterations_multiplier': 4, 'warmup_iterations': 3, 'gpu_completion_mode': 'per_iteration', 'unit': 'us', 'direction': 'lower_is_better'}"
win,parent,game_load.s3tc_sync_factor.dxt1_ring_payload_generations,20261004-174015636-70dcdc3d9d4b40cea200f82fb4c51d83,34055.9,1049957,32810.75,32810.75,failed,PASS,3403675459d4d3d5,db28300321744de5,True,ineligible,True,completed,"{'revision': 1, 'iterations': 32, 'sample_count': 8, 'measurement_iterations_multiplier': 4, 'warmup_iterations': 3, 'gpu_completion_mode': 'per_iteration', 'unit': 'us', 'direction': 'lower_is_better'}"
win,parent,game_load.s3tc_sync_factor.dxt1_dirty_once_redraw,20261004-174015636-70dcdc3d9d4b40cea200f82fb4c51d83,34055.9,533229,16663.25,16663.25,passed,PASS,428c04bbb0a62725,428c04bbb0a62725,True,ineligible,True,completed,"{'revision': 1, 'iterations': 32, 'sample_count': 8, 'measurement_iterations_multiplier': 4, 'warmup_iterations': 3, 'gpu_completion_mode': 'per_iteration', 'unit': 'us', 'direction': 'lower_is_better'}"
win,parent,game_load.s3tc_sync_factor.rgba8_same_address_wait,20261004-174015636-70dcdc3d9d4b40cea200f82fb4c51d83,34055.9,1599517,49984.625,49984.625,passed,PASS,3403675459d4d3d5,3403675459d4d3d5,True,ineligible,True,completed,"{'revision': 1, 'iterations': 32, 'sample_count': 8, 'measurement_iterations_multiplier': 4, 'warmup_iterations': 3, 'gpu_completion_mode': 'per_iteration', 'unit': 'us', 'direction': 'lower_is_better'}"
win,parent,game_load.s3tc_sync_factor.rgba8_same_address_queued,20261004-174015636-70dcdc3d9d4b40cea200f82fb4c51d83,34055.9,1600664,50020.375,50020.375,failed,PASS,b42fbd7b8f8b30e0,719d8f45c46b69f6,True,ineligible,True,completed,"{'revision': 1, 'iterations': 32, 'sample_count': 8, 'measurement_iterations_multiplier': 4, 'warmup_iterations': 3, 'gpu_completion_mode': 'per_iteration', 'unit': 'us', 'direction': 'lower_is_better'}"
win,parent,game_load.s3tc_sync_factor.rgba8_ring_payload_generations,20261004-174015636-70dcdc3d9d4b40cea200f82fb4c51d83,34055.9,4266086,133314.625,133314.625,passed,PASS,3403675459d4d3d5,3403675459d4d3d5,True,ineligible,True,completed,"{'revision': 1, 'iterations': 32, 'sample_count': 8, 'measurement_iterations_multiplier': 4, 'warmup_iterations': 3, 'gpu_completion_mode': 'per_iteration', 'unit': 'us', 'direction': 'lower_is_better'}"
win,parent,game_load.s3tc_sync_factor.rgba8_dirty_once_redraw,20261004-174015636-70dcdc3d9d4b40cea200f82fb4c51d83,34055.9,532684,16646,16646,passed,PASS,428c04bbb0a62725,428c04bbb0a62725,True,ineligible,True,completed,"{'revision': 1, 'iterations': 32, 'sample_count': 8, 'measurement_iterations_multiplier': 4, 'warmup_iterations': 3, 'gpu_completion_mode': 'per_iteration', 'unit': 'us', 'direction': 'lower_is_better'}"
win,parent,game_load.s3tc_sync_factor.bc2_native_eligible,20261004-174015636-70dcdc3d9d4b40cea200f82fb4c51d83,34055.9,1215871,37995.625,37995.625,failed,PASS,3403675459d4d3d5,db28300321744de5,True,ineligible,True,completed,"{'revision': 1, 'iterations': 32, 'sample_count': 8, 'measurement_iterations_multiplier': 4, 'warmup_iterations': 3, 'gpu_completion_mode': 'per_iteration', 'unit': 'us', 'direction': 'lower_is_better'}"
win,parent,game_load.s3tc_sync_factor.bc2_bordered_fallback,20261004-174015636-70dcdc3d9d4b40cea200f82fb4c51d83,34055.9,3196540,99891.625,99891.625,passed,PASS,db28300321744de5,db28300321744de5,True,ineligible,True,completed,"{'revision': 1, 'iterations': 32, 'sample_count': 8, 'measurement_iterations_multiplier': 4, 'warmup_iterations': 3, 'gpu_completion_mode': 'per_iteration', 'unit': 'us', 'direction': 'lower_is_better'}"
win,parent,game_load.s3tc_sync_factor.bc3_native_eligible,20261004-174015636-70dcdc3d9d4b40cea200f82fb4c51d83,34055.9,1149645,35926.125,35926.125,failed,PASS,3403675459d4d3d5,db28300321744de5,True,ineligible,True,completed,"{'revision': 1, 'iterations': 32, 'sample_count': 8, 'measurement_iterations_multiplier': 4, 'warmup_iterations': 3, 'gpu_completion_mode': 'per_iteration', 'unit': 'us', 'direction': 'lower_is_better'}"
win,parent,game_load.s3tc_sync_factor.bc3_bordered_fallback,20261004-174015636-70dcdc3d9d4b40cea200f82fb4c51d83,34055.9,3215390,100480.5,100480.5,passed,PASS,db28300321744de5,db28300321744de5,True,ineligible,True,completed,"{'revision': 1, 'iterations': 32, 'sample_count': 8, 'measurement_iterations_multiplier': 4, 'warmup_iterations': 3, 'gpu_completion_mode': 'per_iteration', 'unit': 'us', 'direction': 'lower_is_better'}"
win,parent,game_load.repeated_display,20261004-174052311-10a7a2ece5bc454a94946c0d46e39572,23170.8017,532832,16650.5,16650.5,passed,PASS,36f446003b9d6325,36f446003b9d6325,True,ineligible,True,completed,"{'revision': 1, 'iterations': 32, 'sample_count': 8, 'measurement_iterations_multiplier': 4, 'warmup_iterations': 3, 'gpu_completion_mode': 'per_iteration', 'unit': 'us', 'direction': 'lower_is_better'}"
win,parent,game_load.repeated_display_boosted,20261004-174052311-10a7a2ece5bc454a94946c0d46e39572,23170.8017,1582572,49455.125,49455.125,passed,PASS,b2bc760cb1fba325,b2bc760cb1fba325,True,ineligible,True,completed,"{'revision': 1, 'iterations': 32, 'sample_count': 8, 'measurement_iterations_multiplier': 4, 'warmup_iterations': 3, 'gpu_completion_mode': 'per_iteration', 'unit': 'us', 'direction': 'lower_is_better'}"
win,parent,game_load.doax_menu_representative.cpu_only,20261004-174052311-10a7a2ece5bc454a94946c0d46e39572,23170.8017,455174,14223.75,14223.75,passed,PASS,5abb9d9faaa22325,5abb9d9faaa22325,True,ineligible,True,completed,"{'revision': 1, 'iterations': 32, 'sample_count': 8, 'measurement_iterations_multiplier': 4, 'warmup_iterations': 3, 'gpu_completion_mode': 'per_iteration', 'unit': 'us', 'direction': 'lower_is_better'}"
win,parent,game_load.doax_menu_representative.pfifo_only,20261004-174052311-10a7a2ece5bc454a94946c0d46e39572,23170.8017,82558,2579.625,2579.625,passed,PASS,f9826bbdd7912325,f9826bbdd7912325,True,ineligible,True,completed,"{'revision': 1, 'iterations': 32, 'sample_count': 8, 'measurement_iterations_multiplier': 4, 'warmup_iterations': 3, 'gpu_completion_mode': 'per_iteration', 'unit': 'us', 'direction': 'lower_is_better'}"
win,parent,game_load.doax_menu_representative.gpu_only,20261004-174052311-10a7a2ece5bc454a94946c0d46e39572,23170.8017,579400,18105.875,18105.875,passed,PASS,d3984ab7dcb8e325,d3984ab7dcb8e325,True,ineligible,True,completed,"{'revision': 1, 'iterations': 32, 'sample_count': 8, 'measurement_iterations_multiplier': 4, 'warmup_iterations': 3, 'gpu_completion_mode': 'per_iteration', 'unit': 'us', 'direction': 'lower_is_better'}"
win,parent,game_load.doax_menu_representative.streaming_only,20261004-174052311-10a7a2ece5bc454a94946c0d46e39572,23170.8017,176364,5511,5511,passed,PASS,491294aadc23a325,491294aadc23a325,True,ineligible,True,completed,"{'revision': 1, 'iterations': 32, 'sample_count': 8, 'measurement_iterations_multiplier': 4, 'warmup_iterations': 3, 'gpu_completion_mode': 'per_iteration', 'unit': 'us', 'direction': 'lower_is_better'}"
win,parent,game_load.doax_menu_representative.cpu_pfifo_gpu,20261004-174052311-10a7a2ece5bc454a94946c0d46e39572,23170.8017,1119839,34994.75,34994.75,passed,PASS,302026d9f9232325,302026d9f9232325,True,ineligible,True,completed,"{'revision': 1, 'iterations': 32, 'sample_count': 8, 'measurement_iterations_multiplier': 4, 'warmup_iterations': 3, 'gpu_completion_mode': 'per_iteration', 'unit': 'us', 'direction': 'lower_is_better'}"
win,parent,game_load.doax_menu_representative.cpu_pfifo_gpu_streaming,20261004-174052311-10a7a2ece5bc454a94946c0d46e39572,23170.8017,1244233,38881.875,38881.875,passed,PASS,9e98944350a52325,9e98944350a52325,True,ineligible,True,completed,"{'revision': 1, 'iterations': 32, 'sample_count': 8, 'measurement_iterations_multiplier': 4, 'warmup_iterations': 3, 'gpu_completion_mode': 'per_iteration', 'unit': 'us', 'direction': 'lower_is_better'}"
win,parent,game_load.doax_menu_representative.full_system,20261004-174052311-10a7a2ece5bc454a94946c0d46e39572,23170.8017,1258307,39321.75,39321.75,passed,PASS,7896e875a8ad2325,7896e875a8ad2325,True,ineligible,True,completed,"{'revision': 1, 'iterations': 32, 'sample_count': 8, 'measurement_iterations_multiplier': 4, 'warmup_iterations': 3, 'gpu_completion_mode': 'per_iteration', 'unit': 'us', 'direction': 'lower_is_better'}"
win,parent,game_load.doax_menu_stress.cpu_only,20261004-174052311-10a7a2ece5bc454a94946c0d46e39572,23170.8017,905519,28296.875,28296.875,passed,PASS,4b7c157e1e9ce325,4b7c157e1e9ce325,True,ineligible,True,completed,"{'revision': 1, 'iterations': 32, 'sample_count': 8, 'measurement_iterations_multiplier': 4, 'warmup_iterations': 3, 'gpu_completion_mode': 'per_iteration', 'unit': 'us', 'direction': 'lower_is_better'}"
win,parent,game_load.doax_menu_stress.pfifo_only,20261004-174052311-10a7a2ece5bc454a94946c0d46e39572,23170.8017,161824,5056.5,5056.5,passed,PASS,f46d8f2a39a6e325,f46d8f2a39a6e325,True,ineligible,True,completed,"{'revision': 1, 'iterations': 32, 'sample_count': 8, 'measurement_iterations_multiplier': 4, 'warmup_iterations': 3, 'gpu_completion_mode': 'per_iteration', 'unit': 'us', 'direction': 'lower_is_better'}"
win,parent,game_load.doax_menu_stress.gpu_only,20261004-174052311-10a7a2ece5bc454a94946c0d46e39572,23170.8017,1164676,36395.75,36395.75,passed,PASS,bcaf8b0e8de5a325,bcaf8b0e8de5a325,True,ineligible,True,completed,"{'revision': 1, 'iterations': 32, 'sample_count': 8, 'measurement_iterations_multiplier': 4, 'warmup_iterations': 3, 'gpu_completion_mode': 'per_iteration', 'unit': 'us', 'direction': 'lower_is_better'}"
win,parent,game_load.doax_menu_stress.streaming_only,20261004-174118090-55c32d12d5b040d9a5d322ca305db13c,43017.4363,529824,16556.5,16556.5,passed,PASS,06e0eccda97d2325,06e0eccda97d2325,True,ineligible,True,completed,"{'revision': 1, 'iterations': 32, 'sample_count': 8, 'measurement_iterations_multiplier': 4, 'warmup_iterations': 3, 'gpu_completion_mode': 'per_iteration', 'unit': 'us', 'direction': 'lower_is_better'}"
win,parent,game_load.doax_menu_stress.cpu_pfifo_gpu,20261004-174118090-55c32d12d5b040d9a5d322ca305db13c,43017.4363,2202171,68817.5,68817.5,passed,PASS,7707cd4649e4a325,7707cd4649e4a325,True,ineligible,True,completed,"{'revision': 1, 'iterations': 32, 'sample_count': 8, 'measurement_iterations_multiplier': 4, 'warmup_iterations': 3, 'gpu_completion_mode': 'per_iteration', 'unit': 'us', 'direction': 'lower_is_better'}"
win,parent,game_load.doax_menu_stress.cpu_pfifo_gpu_streaming,20261004-174118090-55c32d12d5b040d9a5d322ca305db13c,43017.4363,2372827,74150.625,74150.625,passed,PASS,d4d9dedf3ef06325,d4d9dedf3ef06325,True,ineligible,True,completed,"{'revision': 1, 'iterations': 32, 'sample_count': 8, 'measurement_iterations_multiplier': 4, 'warmup_iterations': 3, 'gpu_completion_mode': 'per_iteration', 'unit': 'us', 'direction': 'lower_is_better'}"
win,parent,game_load.doax_menu_stress.full_system,20261004-174118090-55c32d12d5b040d9a5d322ca305db13c,43017.4363,2401828,75056.75,75056.75,passed,PASS,8cf51e8eb67fa325,8cf51e8eb67fa325,True,ineligible,True,completed,"{'revision': 1, 'iterations': 32, 'sample_count': 8, 'measurement_iterations_multiplier': 4, 'warmup_iterations': 3, 'gpu_completion_mode': 'per_iteration', 'unit': 'us', 'direction': 'lower_is_better'}"
win,parent,game_load.pgr2_ai_backup.cpu_only,20261004-174118090-55c32d12d5b040d9a5d322ca305db13c,43017.4363,1385137,43285.125,43285.125,passed,PASS,e6df98b3e513a325,e6df98b3e513a325,True,ineligible,True,completed,"{'revision': 1, 'iterations': 32, 'sample_count': 8, 'measurement_iterations_multiplier': 4, 'warmup_iterations': 3, 'gpu_completion_mode': 'per_iteration', 'unit': 'us', 'direction': 'lower_is_better'}"
win,parent,game_load.pgr2_ai_backup.pfifo_only,20261004-174118090-55c32d12d5b040d9a5d322ca305db13c,43017.4363,538965,16842.25,16842.25,passed,PASS,e57ef83b3a66e325,e57ef83b3a66e325,True,ineligible,True,completed,"{'revision': 1, 'iterations': 32, 'sample_count': 8, 'measurement_iterations_multiplier': 4, 'warmup_iterations': 3, 'gpu_completion_mode': 'per_iteration', 'unit': 'us', 'direction': 'lower_is_better'}"
win,parent,game_load.pgr2_ai_backup.gpu_only,20261004-174118090-55c32d12d5b040d9a5d322ca305db13c,43017.4363,2954152,92317,92317,passed,PASS,02ffd9b12aa96325,02ffd9b12aa96325,True,ineligible,True,completed,"{'revision': 1, 'iterations': 32, 'sample_count': 8, 'measurement_iterations_multiplier': 4, 'warmup_iterations': 3, 'gpu_completion_mode': 'per_iteration', 'unit': 'us', 'direction': 'lower_is_better'}"
win,parent,game_load.pgr2_ai_backup.streaming_only,20261004-174118090-55c32d12d5b040d9a5d322ca305db13c,43017.4363,129237,4038.25,4038.25,passed,PASS,155df5f182392325,155df5f182392325,True,ineligible,True,completed,"{'revision': 1, 'iterations': 32, 'sample_count': 8, 'measurement_iterations_multiplier': 4, 'warmup_iterations': 3, 'gpu_completion_mode': 'per_iteration', 'unit': 'us', 'direction': 'lower_is_better'}"
win,parent,game_load.pgr2_ai_backup.cpu_pfifo_gpu,20261004-174118090-55c32d12d5b040d9a5d322ca305db13c,43017.4363,4895812,152993.75,152993.75,passed,PASS,ab22104929b9e325,ab22104929b9e325,True,ineligible,True,completed,"{'revision': 1, 'iterations': 32, 'sample_count': 8, 'measurement_iterations_multiplier': 4, 'warmup_iterations': 3, 'gpu_completion_mode': 'per_iteration', 'unit': 'us', 'direction': 'lower_is_better'}"
win,parent,game_load.pgr2_ai_backup.cpu_pfifo_gpu_streaming,20261004-174118090-55c32d12d5b040d9a5d322ca305db13c,43017.4363,5008000,156499.625,156499.625,passed,PASS,66a43765efc02325,66a43765efc02325,True,ineligible,True,completed,"{'revision': 1, 'iterations': 32, 'sample_count': 8, 'measurement_iterations_multiplier': 4, 'warmup_iterations': 3, 'gpu_completion_mode': 'per_iteration', 'unit': 'us', 'direction': 'lower_is_better'}"
win,parent,game_load.pgr2_ai_backup.full_system,20261004-174118090-55c32d12d5b040d9a5d322ca305db13c,43017.4363,5000331,156259.875,156259.875,passed,PASS,55485325870d6325,55485325870d6325,True,ineligible,True,completed,"{'revision': 1, 'iterations': 32, 'sample_count': 8, 'measurement_iterations_multiplier': 4, 'warmup_iterations': 3, 'gpu_completion_mode': 'per_iteration', 'unit': 'us', 'direction': 'lower_is_better'}"
win,parent,high_vertex_count.arrays,20261004-174203720-1e0a908d57c24d59b0f667259b1f3e78,22028.9575,35802,89.12,89.12,failed,PASS,a27c67890c2d9083,cd6d0d64451d191b,True,ineligible,True,completed,"{'revision': 1, 'iterations': 400, 'sample_count': 100, 'measurement_iterations_multiplier': 4, 'warmup_iterations': 3, 'gpu_completion_mode': 'per_iteration', 'unit': 'us', 'direction': 'lower_is_better'}"
win,parent,high_vertex_count.inline_arrays,20261004-174203720-1e0a908d57c24d59b0f667259b1f3e78,22028.9575,2352520,58812.6,58812.6,failed,PASS,a27c67890c2d9083,31a890c7f71db193,True,ineligible,True,completed,"{'revision': 1, 'iterations': 40, 'sample_count': 10, 'measurement_iterations_multiplier': 4, 'warmup_iterations': 3, 'gpu_completion_mode': 'per_iteration', 'unit': 'us', 'direction': 'lower_is_better'}"
win,parent,high_vertex_count.inline_buffers,20261004-174203720-1e0a908d57c24d59b0f667259b1f3e78,22028.9575,4704173,235208.4,235208.4,failed,PASS,a27c67890c2d9083,f320b0df5ba62943,True,ineligible,True,completed,"{'revision': 1, 'iterations': 20, 'sample_count': 5, 'measurement_iterations_multiplier': 4, 'warmup_iterations': 3, 'gpu_completion_mode': 'per_iteration', 'unit': 'us', 'direction': 'lower_is_better'}"
win,parent,high_vertex_count.inline_elements,20261004-174203720-1e0a908d57c24d59b0f667259b1f3e78,22028.9575,798209,3990.62,3990.62,failed,PASS,a27c67890c2d9083,b24516b5372da0f3,True,ineligible,True,completed,"{'revision': 1, 'iterations': 200, 'sample_count': 50, 'measurement_iterations_multiplier': 4, 'warmup_iterations': 3, 'gpu_completion_mode': 'per_iteration', 'unit': 'us', 'direction': 'lower_is_better'}"
win,parent,primitive_type.line_loop.fixed_function,20261004-174203720-1e0a908d57c24d59b0f667259b1f3e78,22028.9575,23753,593.4,593.4,failed,PASS,f2158581ac6e3919,d48f43c09e534094,True,ineligible,True,completed,"{'revision': 1, 'iterations': 40, 'sample_count': 10, 'measurement_iterations_multiplier': 4, 'warmup_iterations': 3, 'gpu_completion_mode': 'per_iteration', 'unit': 'us', 'direction': 'lower_is_better'}"
win,parent,primitive_type.line_loop.vertex_shader,20261004-174203720-1e0a908d57c24d59b0f667259b1f3e78,22028.9575,24434,610.4,610.4,failed,PASS,f2158581ac6e3919,47373dc0c7be28f8,True,ineligible,True,completed,"{'revision': 1, 'iterations': 40, 'sample_count': 10, 'measurement_iterations_multiplier': 4, 'warmup_iterations': 3, 'gpu_completion_mode': 'per_iteration', 'unit': 'us', 'direction': 'lower_is_better'}"
win,parent,primitive_type.line_strip.fixed_function,20261004-174203720-1e0a908d57c24d59b0f667259b1f3e78,22028.9575,24752,618.3,618.3,failed,PASS,f2158581ac6e3919,0964935c28234a4a,True,ineligible,True,completed,"{'revision': 1, 'iterations': 40, 'sample_count': 10, 'measurement_iterations_multiplier': 4, 'warmup_iterations': 3, 'gpu_completion_mode': 'per_iteration', 'unit': 'us', 'direction': 'lower_is_better'}"
win,parent,primitive_type.line_strip.vertex_shader,20261004-174203720-1e0a908d57c24d59b0f667259b1f3e78,22028.9575,23309,582.3,582.3,failed,PASS,f2158581ac6e3919,94b433237d71b182,True,ineligible,True,completed,"{'revision': 1, 'iterations': 40, 'sample_count': 10, 'measurement_iterations_multiplier': 4, 'warmup_iterations': 3, 'gpu_completion_mode': 'per_iteration', 'unit': 'us', 'direction': 'lower_is_better'}"
win,parent,primitive_type.lines.fixed_function,20261004-174203720-1e0a908d57c24d59b0f667259b1f3e78,22028.9575,46576,1164.1,1164.1,failed,PASS,1766a7f93aa72a14,6c16b2698ec4e26b,True,ineligible,True,completed,"{'revision': 1, 'iterations': 40, 'sample_count': 10, 'measurement_iterations_multiplier': 4, 'warmup_iterations': 3, 'gpu_completion_mode': 'per_iteration', 'unit': 'us', 'direction': 'lower_is_better'}"
win,parent,primitive_type.lines.vertex_shader,20261004-174203720-1e0a908d57c24d59b0f667259b1f3e78,22028.9575,48629,1215.4,1215.4,failed,PASS,1766a7f93aa72a14,53924aa6f5e55b57,True,ineligible,True,completed,"{'revision': 1, 'iterations': 40, 'sample_count': 10, 'measurement_iterations_multiplier': 4, 'warmup_iterations': 3, 'gpu_completion_mode': 'per_iteration', 'unit': 'us', 'direction': 'lower_is_better'}"
win,parent,primitive_type.points.fixed_function,20261004-174203720-1e0a908d57c24d59b0f667259b1f3e78,22028.9575,22714,567.3,567.3,failed,PASS,5b296619f665c070,7400f7a8ac9d8c86,True,ineligible,True,completed,"{'revision': 1, 'iterations': 40, 'sample_count': 10, 'measurement_iterations_multiplier': 4, 'warmup_iterations': 3, 'gpu_completion_mode': 'per_iteration', 'unit': 'us', 'direction': 'lower_is_better'}"
win,parent,primitive_type.points.vertex_shader,20261004-174203720-1e0a908d57c24d59b0f667259b1f3e78,22028.9575,23536,588.1,588.1,failed,PASS,5b296619f665c070,f1d83724373d0036,True,ineligible,True,completed,"{'revision': 1, 'iterations': 40, 'sample_count': 10, 'measurement_iterations_multiplier': 4, 'warmup_iterations': 3, 'gpu_completion_mode': 'per_iteration', 'unit': 'us', 'direction': 'lower_is_better'}"
win,parent,primitive_type.polygon.fixed_function,20261004-174228865-aa1b9ea4a19e47789e295883d9a622e2,13313.2585,50344,1258.4,1258.4,failed,PASS,2c4beaa06aba1000,515407015a00c880,True,ineligible,True,completed,"{'revision': 1, 'iterations': 40, 'sample_count': 10, 'measurement_iterations_multiplier': 4, 'warmup_iterations': 3, 'gpu_completion_mode': 'per_iteration', 'unit': 'us', 'direction': 'lower_is_better'}"
win,parent,primitive_type.polygon.vertex_shader,20261004-174228865-aa1b9ea4a19e47789e295883d9a622e2,13313.2585,34681,866.6,866.6,failed,PASS,2c4beaa06aba1000,4376cbfa562c7d14,True,ineligible,True,completed,"{'revision': 1, 'iterations': 40, 'sample_count': 10, 'measurement_iterations_multiplier': 4, 'warmup_iterations': 3, 'gpu_completion_mode': 'per_iteration', 'unit': 'us', 'direction': 'lower_is_better'}"
win,parent,primitive_type.quad_strip.fixed_function,20261004-174228865-aa1b9ea4a19e47789e295883d9a622e2,13313.2585,71656,1791.2,1791.2,failed,PASS,f64b4495347cec73,190c4f06474f8467,True,ineligible,True,completed,"{'revision': 1, 'iterations': 40, 'sample_count': 10, 'measurement_iterations_multiplier': 4, 'warmup_iterations': 3, 'gpu_completion_mode': 'per_iteration', 'unit': 'us', 'direction': 'lower_is_better'}"
win,parent,primitive_type.quad_strip.vertex_shader,20261004-174228865-aa1b9ea4a19e47789e295883d9a622e2,13313.2585,45827,1145.2,1145.2,failed,PASS,f64b4495347cec73,d5cf212c5788c3df,True,ineligible,True,completed,"{'revision': 1, 'iterations': 40, 'sample_count': 10, 'measurement_iterations_multiplier': 4, 'warmup_iterations': 3, 'gpu_completion_mode': 'per_iteration', 'unit': 'us', 'direction': 'lower_is_better'}"
win,parent,primitive_type.quads.fixed_function,20261004-174228865-aa1b9ea4a19e47789e295883d9a622e2,13313.2585,90898,2272.1,2272.1,failed,PASS,114a1419338256e5,b52448622bc1c001,True,ineligible,True,completed,"{'revision': 1, 'iterations': 40, 'sample_count': 10, 'measurement_iterations_multiplier': 4, 'warmup_iterations': 3, 'gpu_completion_mode': 'per_iteration', 'unit': 'us', 'direction': 'lower_is_better'}"
win,parent,primitive_type.quads.vertex_shader,20261004-174228865-aa1b9ea4a19e47789e295883d9a622e2,13313.2585,89975,2248.9,2248.9,failed,PASS,114a1419338256e5,fbac823960948b69,True,ineligible,True,completed,"{'revision': 1, 'iterations': 40, 'sample_count': 10, 'measurement_iterations_multiplier': 4, 'warmup_iterations': 3, 'gpu_completion_mode': 'per_iteration', 'unit': 'us', 'direction': 'lower_is_better'}"
win,parent,primitive_type.triangle_fan.fixed_function,20261004-174228865-aa1b9ea4a19e47789e295883d9a622e2,13313.2585,22738,568.2,568.2,failed,PASS,36644f0fd11db166,ba0d8daf7940c5d2,True,ineligible,True,completed,"{'revision': 1, 'iterations': 40, 'sample_count': 10, 'measurement_iterations_multiplier': 4, 'warmup_iterations': 3, 'gpu_completion_mode': 'per_iteration', 'unit': 'us', 'direction': 'lower_is_better'}"
win,parent,primitive_type.triangle_fan.vertex_shader,20261004-174228865-aa1b9ea4a19e47789e295883d9a622e2,13313.2585,22754,568.4,568.4,failed,PASS,36644f0fd11db166,134a22bd3882e48e,True,ineligible,True,completed,"{'revision': 1, 'iterations': 40, 'sample_count': 10, 'measurement_iterations_multiplier': 4, 'warmup_iterations': 3, 'gpu_completion_mode': 'per_iteration', 'unit': 'us', 'direction': 'lower_is_better'}"
win,parent,primitive_type.triangle_strip.fixed_function,20261004-174228865-aa1b9ea4a19e47789e295883d9a622e2,13313.2585,22766,568.7,568.7,failed,PASS,d7b289579fdaa1ab,d15b03d8ead6bb03,True,ineligible,True,completed,"{'revision': 1, 'iterations': 40, 'sample_count': 10, 'measurement_iterations_multiplier': 4, 'warmup_iterations': 3, 'gpu_completion_mode': 'per_iteration', 'unit': 'us', 'direction': 'lower_is_better'}"
win,parent,primitive_type.triangle_strip.vertex_shader,20261004-174228865-aa1b9ea4a19e47789e295883d9a622e2,13313.2585,22786,569.2,569.2,failed,PASS,d7b289579fdaa1ab,f7cfda74a4111eff,True,ineligible,True,completed,"{'revision': 1, 'iterations': 40, 'sample_count': 10, 'measurement_iterations_multiplier': 4, 'warmup_iterations': 3, 'gpu_completion_mode': 'per_iteration', 'unit': 'us', 'direction': 'lower_is_better'}"
win,parent,primitive_type.triangles.fixed_function,20261004-174228865-aa1b9ea4a19e47789e295883d9a622e2,13313.2585,70832,1770.5,1770.5,failed,PASS,72f05baf369ceb60,4521bcfbdb43e248,True,ineligible,True,completed,"{'revision': 1, 'iterations': 40, 'sample_count': 10, 'measurement_iterations_multiplier': 4, 'warmup_iterations': 3, 'gpu_completion_mode': 'per_iteration', 'unit': 'us', 'direction': 'lower_is_better'}"
win,parent,primitive_type.triangles.vertex_shader,20261004-174228865-aa1b9ea4a19e47789e295883d9a622e2,13313.2585,67184,1679.2,1679.2,failed,PASS,72f05baf369ceb60,d86abc6e019e36fc,True,ineligible,True,completed,"{'revision': 1, 'iterations': 40, 'sample_count': 10, 'measurement_iterations_multiplier': 4, 'warmup_iterations': 3, 'gpu_completion_mode': 'per_iteration', 'unit': 'us', 'direction': 'lower_is_better'}"
win,parent,texture_cubemap_fallback.bordered_palette_size1,20261004-174244797-3959af53a53648178002ffa3f15288b7,27482.9367,532789,16649.25,,not evaluated,FAIL,56d00ed89334a325,,True,ineligible,False,failed,"{'revision': 1, 'iterations': 32, 'sample_count': 8, 'measurement_iterations_multiplier': 4, 'warmup_iterations': 3, 'gpu_completion_mode': 'per_iteration', 'unit': 'us', 'direction': 'lower_is_better'}"
win,parent,surface.basic,20261004-174334433-9a5c9134630b48efa3ba6b1912683d15,17938.669,798926,19972.7,19972.7,failed,PASS,42459952797c47fa,6f90d43f59b710fa,True,ineligible,True,completed,"{'revision': 1, 'iterations': 40, 'sample_count': 10, 'measurement_iterations_multiplier': 4, 'warmup_iterations': 3, 'gpu_completion_mode': 'per_iteration', 'unit': 'us', 'direction': 'lower_is_better'}"
win,parent,surface.cpu_read_after_gpu_write,20261004-174334433-9a5c9134630b48efa3ba6b1912683d15,17938.669,71468,892.95,892.95,passed,PASS,572720976b602325,572720976b602325,True,ineligible,True,completed,"{'revision': 1, 'iterations': 80, 'sample_count': 20, 'measurement_iterations_multiplier': 4, 'warmup_iterations': 3, 'gpu_completion_mode': 'per_iteration', 'unit': 'us', 'direction': 'lower_is_better'}"
win,parent,surface.cpu_read_clean_surface,20261004-174334433-9a5c9134630b48efa3ba6b1912683d15,17938.669,24033,59.7,59.7,passed,PASS,aa32af524aa52325,aa32af524aa52325,True,ineligible,True,completed,"{'revision': 1, 'iterations': 400, 'sample_count': 100, 'measurement_iterations_multiplier': 4, 'warmup_iterations': 3, 'gpu_completion_mode': 'per_iteration', 'unit': 'us', 'direction': 'lower_is_better'}"
win,parent,surface.framebuffer_working_set_002,20261004-174334433-9a5c9134630b48efa3ba6b1912683d15,17938.669,104924,1311.2,1311.2,failed,PASS,9f3b0609a42777d5,ab1fa4b103c05f05,True,ineligible,True,completed,"{'revision': 1, 'iterations': 80, 'sample_count': 20, 'measurement_iterations_multiplier': 4, 'warmup_iterations': 3, 'gpu_completion_mode': 'per_iteration', 'unit': 'us', 'direction': 'lower_is_better'}"
win,parent,surface.framebuffer_working_set_008,20261004-174334433-9a5c9134630b48efa3ba6b1912683d15,17938.669,108669,1358.05,1358.05,failed,PASS,64cbf95dec8f59e5,8393e7935b67da71,True,ineligible,True,completed,"{'revision': 1, 'iterations': 80, 'sample_count': 20, 'measurement_iterations_multiplier': 4, 'warmup_iterations': 3, 'gpu_completion_mode': 'per_iteration', 'unit': 'us', 'direction': 'lower_is_better'}"
win,parent,surface.framebuffer_working_set_032,20261004-174334433-9a5c9134630b48efa3ba6b1912683d15,17938.669,107223,1340,1340,failed,PASS,a6116feb11a28c25,4e53301a279a7e09,True,ineligible,True,completed,"{'revision': 1, 'iterations': 80, 'sample_count': 20, 'measurement_iterations_multiplier': 4, 'warmup_iterations': 3, 'gpu_completion_mode': 'per_iteration', 'unit': 'us', 'direction': 'lower_is_better'}"
win,parent,surface.framebuffer_working_set_064,20261004-174334433-9a5c9134630b48efa3ba6b1912683d15,17938.669,120941,1511.45,1511.45,failed,PASS,a6116feb11a28c25,dbdfafa7ed2f28c9,True,ineligible,True,completed,"{'revision': 1, 'iterations': 80, 'sample_count': 20, 'measurement_iterations_multiplier': 4, 'warmup_iterations': 3, 'gpu_completion_mode': 'per_iteration', 'unit': 'us', 'direction': 'lower_is_better'}"
win,parent,surface.full_clear_elision_guard,20261004-174334433-9a5c9134630b48efa3ba6b1912683d15,17938.669,636097,1589.84,1589.84,failed,PASS,d91a0e75979a1f25,01a1571033aa9dfd,True,ineligible,True,completed,"{'revision': 1, 'iterations': 400, 'sample_count': 100, 'measurement_iterations_multiplier': 4, 'warmup_iterations': 3, 'gpu_completion_mode': 'per_iteration', 'unit': 'us', 'direction': 'lower_is_better'}"
win,parent,surface.overlapping_surface_churn_representative,20261004-174334433-9a5c9134630b48efa3ba6b1912683d15,17938.669,841677,2103.8,2103.8,failed,PASS,caf66d4bf5691525,7b4f2884714177a5,True,ineligible,True,completed,"{'revision': 1, 'iterations': 400, 'sample_count': 100, 'measurement_iterations_multiplier': 4, 'warmup_iterations': 3, 'gpu_completion_mode': 'per_iteration', 'unit': 'us', 'direction': 'lower_is_better'}"
win,parent,surface.overlapping_surface_churn_stress,20261004-174334433-9a5c9134630b48efa3ba6b1912683d15,17938.669,928801,23219.6,23219.6,failed,PASS,caf66d4bf5691525,19890b325809498d,True,ineligible,True,completed,"{'revision': 1, 'iterations': 40, 'sample_count': 10, 'measurement_iterations_multiplier': 4, 'warmup_iterations': 3, 'gpu_completion_mode': 'per_iteration', 'unit': 'us', 'direction': 'lower_is_better'}"
win,parent,surface.partial_channel_clear_guard,20261004-174334433-9a5c9134630b48efa3ba6b1912683d15,17938.669,630567,1576.08,1576.08,failed,PASS,eb2cb498aa73af25,31d730ce613f92bd,True,ineligible,True,completed,"{'revision': 1, 'iterations': 400, 'sample_count': 100, 'measurement_iterations_multiplier': 4, 'warmup_iterations': 3, 'gpu_completion_mode': 'per_iteration', 'unit': 'us', 'direction': 'lower_is_better'}"
win,parent,surface.surface_download_path,20261004-174334433-9a5c9134630b48efa3ba6b1912683d15,17938.669,550030,13750.4,13750.4,failed,PASS,2b0e8aac0f8838e8,eb6604c45975bcec,True,ineligible,True,completed,"{'revision': 1, 'iterations': 40, 'sample_count': 10, 'measurement_iterations_multiplier': 4, 'warmup_iterations': 3, 'gpu_completion_mode': 'per_iteration', 'unit': 'us', 'direction': 'lower_is_better'}"
win,parent,surface.surface_list_lookup_002,20261004-174354989-751f0cd29c8742febbe714a3e120700a,18614.4323,140585,1756.9,1756.9,failed,PASS,fa475bc695046525,26ff617c53458a53,True,ineligible,True,completed,"{'revision': 1, 'iterations': 80, 'sample_count': 20, 'measurement_iterations_multiplier': 4, 'warmup_iterations': 3, 'gpu_completion_mode': 'per_iteration', 'unit': 'us', 'direction': 'lower_is_better'}"
win,parent,surface.surface_list_lookup_008,20261004-174354989-751f0cd29c8742febbe714a3e120700a,18614.4323,110309,1378.55,1378.55,failed,PASS,eaf6788dfe8d2f25,18e8676fcc804922,True,ineligible,True,completed,"{'revision': 1, 'iterations': 80, 'sample_count': 20, 'measurement_iterations_multiplier': 4, 'warmup_iterations': 3, 'gpu_completion_mode': 'per_iteration', 'unit': 'us', 'direction': 'lower_is_better'}"
win,parent,surface.surface_list_lookup_032,20261004-174354989-751f0cd29c8742febbe714a3e120700a,18614.4323,117376,1466.8,1466.8,failed,PASS,c6275b91195a5325,1bc652a47e609cf5,True,ineligible,True,completed,"{'revision': 1, 'iterations': 80, 'sample_count': 20, 'measurement_iterations_multiplier': 4, 'warmup_iterations': 3, 'gpu_completion_mode': 'per_iteration', 'unit': 'us', 'direction': 'lower_is_better'}"
win,parent,surface.surface_list_lookup_128,20261004-174354989-751f0cd29c8742febbe714a3e120700a,18614.4323,110239,1377.7,1377.7,failed,PASS,c6275b91195a5325,4b4650aa45e0be8d,True,ineligible,True,completed,"{'revision': 1, 'iterations': 80, 'sample_count': 20, 'measurement_iterations_multiplier': 4, 'warmup_iterations': 3, 'gpu_completion_mode': 'per_iteration', 'unit': 'us', 'direction': 'lower_is_better'}"
win,parent,surface.vulkan_memory_pressure.representative.growth,20261004-174354989-751f0cd29c8742febbe714a3e120700a,18614.4323,203385,12711.25,12711.25,failed,PASS,1b85a83206804325,a1ce1e9182d42125,True,ineligible,True,completed,"{'revision': 1, 'iterations': 16, 'sample_count': 4, 'measurement_iterations_multiplier': 4, 'warmup_iterations': 3, 'gpu_completion_mode': 'per_iteration', 'unit': 'us', 'direction': 'lower_is_better'}"
win,parent,surface.vulkan_memory_pressure.representative.plateau,20261004-174354989-751f0cd29c8742febbe714a3e120700a,18614.4323,203742,12733.5,12733.5,failed,PASS,94973dc83ee12325,c00be5b19acc4e6f,True,ineligible,True,completed,"{'revision': 1, 'iterations': 16, 'sample_count': 4, 'measurement_iterations_multiplier': 4, 'warmup_iterations': 3, 'gpu_completion_mode': 'per_iteration', 'unit': 'us', 'direction': 'lower_is_better'}"
win,parent,surface.vulkan_memory_pressure.representative.alias_resize,20261004-174354989-751f0cd29c8742febbe714a3e120700a,18614.4323,201790,12611.5,12611.5,failed,PASS,7e3cba40d2e56b25,0247ea98d29062c5,True,ineligible,True,completed,"{'revision': 1, 'iterations': 16, 'sample_count': 4, 'measurement_iterations_multiplier': 4, 'warmup_iterations': 3, 'gpu_completion_mode': 'per_iteration', 'unit': 'us', 'direction': 'lower_is_better'}"
win,parent,surface.vulkan_memory_pressure.representative.reuse,20261004-174354989-751f0cd29c8742febbe714a3e120700a,18614.4323,203872,12741.5,12741.5,failed,PASS,834dc31dcb46cb25,d885d846be04bb3d,True,ineligible,True,completed,"{'revision': 1, 'iterations': 16, 'sample_count': 4, 'measurement_iterations_multiplier': 4, 'warmup_iterations': 3, 'gpu_completion_mode': 'per_iteration', 'unit': 'us', 'direction': 'lower_is_better'}"
win,parent,surface.vulkan_memory_pressure.representative.idle_retention,20261004-174354989-751f0cd29c8742febbe714a3e120700a,18614.4323,14923,932.5,932.5,failed,PASS,e45ec923aeb05125,4ab34638455a76e1,True,ineligible,True,completed,"{'revision': 1, 'iterations': 16, 'sample_count': 4, 'measurement_iterations_multiplier': 4, 'warmup_iterations': 3, 'gpu_completion_mode': 'per_iteration', 'unit': 'us', 'direction': 'lower_is_better'}"
win,parent,surface.vulkan_memory_pressure.stress.growth,20261004-174354989-751f0cd29c8742febbe714a3e120700a,18614.4323,777177,48573.25,48573.25,failed,PASS,16b728a467be7f25,063949c8ff1686f9,True,ineligible,True,completed,"{'revision': 1, 'iterations': 16, 'sample_count': 4, 'measurement_iterations_multiplier': 4, 'warmup_iterations': 3, 'gpu_completion_mode': 'per_iteration', 'unit': 'us', 'direction': 'lower_is_better'}"
win,parent,surface.vulkan_memory_pressure.stress.plateau,20261004-174354989-751f0cd29c8742febbe714a3e120700a,18614.4323,778471,48654,48654,failed,PASS,2936a367d6aa6725,769bf225e8cc48d5,True,ineligible,True,completed,"{'revision': 1, 'iterations': 16, 'sample_count': 4, 'measurement_iterations_multiplier': 4, 'warmup_iterations': 3, 'gpu_completion_mode': 'per_iteration', 'unit': 'us', 'direction': 'lower_is_better'}"
win,parent,surface.vulkan_memory_pressure.stress.alias_resize,20261004-174354989-751f0cd29c8742febbe714a3e120700a,18614.4323,828788,51798.75,51798.75,failed,PASS,d5ab377572e54f25,c1ab77f18dbbc86d,True,ineligible,True,completed,"{'revision': 1, 'iterations': 16, 'sample_count': 4, 'measurement_iterations_multiplier': 4, 'warmup_iterations': 3, 'gpu_completion_mode': 'per_iteration', 'unit': 'us', 'direction': 'lower_is_better'}"
win,parent,surface.vulkan_memory_pressure.stress.reuse,20261004-174354989-751f0cd29c8742febbe714a3e120700a,18614.4323,852002,53249.5,53249.5,failed,PASS,12e4fbb929c6c725,837b6a123bb12a09,True,ineligible,True,completed,"{'revision': 1, 'iterations': 16, 'sample_count': 4, 'measurement_iterations_multiplier': 4, 'warmup_iterations': 3, 'gpu_completion_mode': 'per_iteration', 'unit': 'us', 'direction': 'lower_is_better'}"
win,parent,surface.vulkan_memory_pressure.stress.idle_retention,20261004-174354989-751f0cd29c8742febbe714a3e120700a,18614.4323,9497,593.25,593.25,failed,PASS,0289a35e3cbf6925,a24e2d9ee2191cd8,True,ineligible,True,completed,"{'revision': 1, 'iterations': 16, 'sample_count': 4, 'measurement_iterations_multiplier': 4, 'warmup_iterations': 3, 'gpu_completion_mode': 'per_iteration', 'unit': 'us', 'direction': 'lower_is_better'}"
win,parent,tiny_draw.arrays.fixed_function,20261004-174416224-464463cefe4c486fbc8714860d180f4a,21074.6425,1367074,34176.7,34176.7,failed,PASS,acf025546cf667b5,5636eabc173a3691,True,ineligible,True,completed,"{'revision': 1, 'iterations': 40, 'sample_count': 10, 'measurement_iterations_multiplier': 4, 'warmup_iterations': 3, 'gpu_completion_mode': 'per_iteration', 'unit': 'us', 'direction': 'lower_is_better'}"
win,parent,tiny_draw.arrays.vertex_shader,20261004-174416224-464463cefe4c486fbc8714860d180f4a,21074.6425,949477,23736.5,23736.5,failed,PASS,acf025546cf667b5,5528df4b56e8f75d,True,ineligible,True,completed,"{'revision': 1, 'iterations': 40, 'sample_count': 10, 'measurement_iterations_multiplier': 4, 'warmup_iterations': 3, 'gpu_completion_mode': 'per_iteration', 'unit': 'us', 'direction': 'lower_is_better'}"
win,parent,tiny_draw.inline_arrays.fixed_function,20261004-174416224-464463cefe4c486fbc8714860d180f4a,21074.6425,1179291,29482,29482,failed,PASS,acf025546cf667b5,24f378fc9981dad5,True,ineligible,True,completed,"{'revision': 1, 'iterations': 40, 'sample_count': 10, 'measurement_iterations_multiplier': 4, 'warmup_iterations': 3, 'gpu_completion_mode': 'per_iteration', 'unit': 'us', 'direction': 'lower_is_better'}"
win,parent,tiny_draw.inline_arrays.vertex_shader,20261004-174416224-464463cefe4c486fbc8714860d180f4a,21074.6425,1135954,28398.3,28398.3,failed,PASS,acf025546cf667b5,1f7bd52bdb2ddb2d,True,ineligible,True,completed,"{'revision': 1, 'iterations': 40, 'sample_count': 10, 'measurement_iterations_multiplier': 4, 'warmup_iterations': 3, 'gpu_completion_mode': 'per_iteration', 'unit': 'us', 'direction': 'lower_is_better'}"
win,parent,tiny_draw.inline_buffers.fixed_function,20261004-174416224-464463cefe4c486fbc8714860d180f4a,21074.6425,731143,18278.2,18278.2,failed,PASS,acf025546cf667b5,1d33c1f03f3df5d5,True,ineligible,True,completed,"{'revision': 1, 'iterations': 40, 'sample_count': 10, 'measurement_iterations_multiplier': 4, 'warmup_iterations': 3, 'gpu_completion_mode': 'per_iteration', 'unit': 'us', 'direction': 'lower_is_better'}"
win,parent,tiny_draw.inline_buffers.vertex_shader,20261004-174416224-464463cefe4c486fbc8714860d180f4a,21074.6425,733750,18343.4,18343.4,failed,PASS,acf025546cf667b5,98123d79a8ae06a5,True,ineligible,True,completed,"{'revision': 1, 'iterations': 40, 'sample_count': 10, 'measurement_iterations_multiplier': 4, 'warmup_iterations': 3, 'gpu_completion_mode': 'per_iteration', 'unit': 'us', 'direction': 'lower_is_better'}"
win,parent,tiny_draw.inline_elements.fixed_function,20261004-174416224-464463cefe4c486fbc8714860d180f4a,21074.6425,935031,23375.4,23375.4,failed,PASS,acf025546cf667b5,cd0e5481b375a40d,True,ineligible,True,completed,"{'revision': 1, 'iterations': 40, 'sample_count': 10, 'measurement_iterations_multiplier': 4, 'warmup_iterations': 3, 'gpu_completion_mode': 'per_iteration', 'unit': 'us', 'direction': 'lower_is_better'}"
win,parent,tiny_draw.inline_elements.vertex_shader,20261004-174416224-464463cefe4c486fbc8714860d180f4a,21074.6425,943595,23589.6,23589.6,failed,PASS,acf025546cf667b5,0539f844d85cc73d,True,ineligible,True,completed,"{'revision': 1, 'iterations': 40, 'sample_count': 10, 'measurement_iterations_multiplier': 4, 'warmup_iterations': 3, 'gpu_completion_mode': 'per_iteration', 'unit': 'us', 'direction': 'lower_is_better'}"
win,parent,uniform_thrash.uniform_thrash,20261004-174439924-03673e6f23914ef28e0d538c1206dc35,12101.6139,68300,1707.1,1707.1,failed,PASS,09eb5907ef624c25,e643e886c2ebbdd5,True,ineligible,True,completed,"{'revision': 1, 'iterations': 40, 'sample_count': 10, 'measurement_iterations_multiplier': 4, 'warmup_iterations': 3, 'gpu_completion_mode': 'per_iteration', 'unit': 'us', 'direction': 'lower_is_better'}"
win,parent,vertex_buffer_allocation.mixed.arrays,20261004-174454636-c0c91d5b0a36437593aae7a8a917111b,64837.964,1203699,30092,,not evaluated,PASS,377e6c029807f325,377e6c029807f325,True,ineligible,True,completed,"{'revision': 1, 'iterations': 40, 'sample_count': 10, 'measurement_iterations_multiplier': 4, 'warmup_iterations': 3, 'gpu_completion_mode': 'per_iteration', 'unit': 'us', 'direction': 'lower_is_better'}"
win,parent,vertex_buffer_allocation.mixed.inline_arrays,20261004-174454636-c0c91d5b0a36437593aae7a8a917111b,64837.964,8910345,222758.1,,not evaluated,PASS,377e6c029807f325,377e6c029807f325,True,ineligible,True,completed,"{'revision': 1, 'iterations': 40, 'sample_count': 10, 'measurement_iterations_multiplier': 4, 'warmup_iterations': 3, 'gpu_completion_mode': 'per_iteration', 'unit': 'us', 'direction': 'lower_is_better'}"
win,parent,vertex_buffer_allocation.mixed.inline_buffers,20261004-174454636-c0c91d5b0a36437593aae7a8a917111b,64837.964,25829347,645733.4,,not evaluated,PASS,377e6c029807f325,377e6c029807f325,True,ineligible,True,completed,"{'revision': 1, 'iterations': 40, 'sample_count': 10, 'measurement_iterations_multiplier': 4, 'warmup_iterations': 3, 'gpu_completion_mode': 'per_iteration', 'unit': 'us', 'direction': 'lower_is_better'}"
win,parent,vertex_buffer_allocation.mixed.inline_elements,20261004-174454636-c0c91d5b0a36437593aae7a8a917111b,64837.964,1308810,32719.9,,not evaluated,PASS,377e6c029807f325,377e6c029807f325,True,ineligible,True,completed,"{'revision': 1, 'iterations': 40, 'sample_count': 10, 'measurement_iterations_multiplier': 4, 'warmup_iterations': 3, 'gpu_completion_mode': 'per_iteration', 'unit': 'us', 'direction': 'lower_is_better'}"
win,parent,vertex_buffer_allocation.tiny.arrays,20261004-174454636-c0c91d5b0a36437593aae7a8a917111b,64837.964,1341206,33529.7,,not evaluated,PASS,377e6c029807f325,377e6c029807f325,True,ineligible,True,completed,"{'revision': 1, 'iterations': 40, 'sample_count': 10, 'measurement_iterations_multiplier': 4, 'warmup_iterations': 3, 'gpu_completion_mode': 'per_iteration', 'unit': 'us', 'direction': 'lower_is_better'}"
win,parent,vertex_buffer_allocation.tiny.inline_arrays,20261004-174454636-c0c91d5b0a36437593aae7a8a917111b,64837.964,1462639,36565.8,,not evaluated,PASS,377e6c029807f325,377e6c029807f325,True,ineligible,True,completed,"{'revision': 1, 'iterations': 40, 'sample_count': 10, 'measurement_iterations_multiplier': 4, 'warmup_iterations': 3, 'gpu_completion_mode': 'per_iteration', 'unit': 'us', 'direction': 'lower_is_better'}"
win,parent,vertex_buffer_allocation.tiny.inline_buffers,20261004-174454636-c0c91d5b0a36437593aae7a8a917111b,64837.964,1456810,36419.8,,not evaluated,PASS,377e6c029807f325,377e6c029807f325,True,ineligible,True,completed,"{'revision': 1, 'iterations': 40, 'sample_count': 10, 'measurement_iterations_multiplier': 4, 'warmup_iterations': 3, 'gpu_completion_mode': 'per_iteration', 'unit': 'us', 'direction': 'lower_is_better'}"
win,parent,vertex_buffer_allocation.tiny.inline_elements,20261004-174454636-c0c91d5b0a36437593aae7a8a917111b,64837.964,1345461,33636.2,,not evaluated,PASS,377e6c029807f325,377e6c029807f325,True,ineligible,True,completed,"{'revision': 1, 'iterations': 40, 'sample_count': 10, 'measurement_iterations_multiplier': 4, 'warmup_iterations': 3, 'gpu_completion_mode': 'per_iteration', 'unit': 'us', 'direction': 'lower_is_better'}"
win,parent,vertex_buffer_allocation.rising_transient_growth,20261004-174454636-c0c91d5b0a36437593aae7a8a917111b,64837.964,2663815,665953,,not evaluated,PASS,377e6c029807f325,,False,ineligible,True,completed,"{'revision': 1, 'iterations': 4, 'sample_count': 1, 'measurement_iterations_multiplier': 4, 'warmup_iterations': 3, 'gpu_completion_mode': 'per_iteration', 'unit': 'us', 'direction': 'lower_is_better'}"
win,parent,vertex_buffer_allocation.disjoint_same_page,20261004-174454636-c0c91d5b0a36437593aae7a8a917111b,64837.964,1234377,30859.1,,not evaluated,PASS,fdcd25a37910bb25,d93bb411fee61f6d,True,ineligible,True,completed,"{'revision': 1, 'iterations': 40, 'sample_count': 10, 'measurement_iterations_multiplier': 4, 'warmup_iterations': 3, 'gpu_completion_mode': 'per_iteration', 'unit': 'us', 'direction': 'lower_is_better'}"
win,candidate,busy_pfifo.pfifo_saturation,20261004-180159874-a9df0028a7a34d16aa075378dcb0f149,49810.4917,3457748,86443.4,,not evaluated,PASS,1508607624bb8506,1508607624bb8506,True,ineligible,True,completed,"{'revision': 1, 'iterations': 40, 'sample_count': 10, 'measurement_iterations_multiplier': 4, 'warmup_iterations': 3, 'gpu_completion_mode': 'per_iteration', 'unit': 'us', 'direction': 'lower_is_better'}"
win,candidate,busy_pfifo.pgraph_pattern_polling,20261004-180159874-a9df0028a7a34d16aa075378dcb0f149,49810.4917,18612012,4653003,,not evaluated,PASS,386d0f085e98c325,386d0f085e98c325,True,ineligible,True,completed,"{'revision': 1, 'iterations': 4, 'sample_count': 1, 'measurement_iterations_multiplier': 4, 'warmup_iterations': 3, 'gpu_completion_mode': 'per_iteration', 'unit': 'us', 'direction': 'lower_is_better'}"
win,candidate,pfifo_array_elements.array_element_pgr2,20261004-180159874-a9df0028a7a34d16aa075378dcb0f149,49810.4917,14931,466.125,,not evaluated,PASS,bbc8b0702ffd0325,bbc8b0702ffd0325,True,ineligible,True,completed,"{'revision': 1, 'iterations': 32, 'sample_count': 8, 'measurement_iterations_multiplier': 4, 'warmup_iterations': 3, 'gpu_completion_mode': 'per_iteration', 'unit': 'us', 'direction': 'lower_is_better'}"
win,candidate,pfifo_array_elements.array_element16,20261004-180159874-a9df0028a7a34d16aa075378dcb0f149,49810.4917,16976,530.25,,not evaluated,PASS,9c884de2a5d32325,9c884de2a5d32325,True,ineligible,True,completed,"{'revision': 1, 'iterations': 32, 'sample_count': 8, 'measurement_iterations_multiplier': 4, 'warmup_iterations': 3, 'gpu_completion_mode': 'per_iteration', 'unit': 'us', 'direction': 'lower_is_better'}"
win,candidate,pfifo_array_elements.array_element32,20261004-180159874-a9df0028a7a34d16aa075378dcb0f149,49810.4917,29824,931.5,,not evaluated,PASS,e079f0cf1a994325,e079f0cf1a994325,True,ineligible,True,completed,"{'revision': 1, 'iterations': 32, 'sample_count': 8, 'measurement_iterations_multiplier': 4, 'warmup_iterations': 3, 'gpu_completion_mode': 'per_iteration', 'unit': 'us', 'direction': 'lower_is_better'}"
win,candidate,pfifo_packet_boundary.array_element16_overflow,20261004-180159874-a9df0028a7a34d16aa075378dcb0f149,49810.4917,59435,14858,,not evaluated,PASS,4d1756526f052325,,False,ineligible,True,completed,"{'revision': 1, 'iterations': 4, 'sample_count': 1, 'measurement_iterations_multiplier': 4, 'warmup_iterations': 3, 'gpu_completion_mode': 'per_iteration', 'unit': 'us', 'direction': 'lower_is_better'}"
win,candidate,pfifo_packet_boundary.array_element32_overflow,20261004-180159874-a9df0028a7a34d16aa075378dcb0f149,49810.4917,122501,30625,,not evaluated,PASS,6eb7071be692a325,,False,ineligible,True,completed,"{'revision': 1, 'iterations': 4, 'sample_count': 1, 'measurement_iterations_multiplier': 4, 'warmup_iterations': 3, 'gpu_completion_mode': 'per_iteration', 'unit': 'us', 'direction': 'lower_is_better'}"
win,candidate,pfifo_packet_boundary.inline_array_overflow,20261004-180159874-a9df0028a7a34d16aa075378dcb0f149,49810.4917,120062,30015,,not evaluated,PASS,847da1930526a325,,False,ineligible,True,completed,"{'revision': 1, 'iterations': 4, 'sample_count': 1, 'measurement_iterations_multiplier': 4, 'warmup_iterations': 3, 'gpu_completion_mode': 'per_iteration', 'unit': 'us', 'direction': 'lower_is_better'}"
win,candidate,pfifo_packet_boundary.incrementing_inline_fallback,20261004-180159874-a9df0028a7a34d16aa075378dcb0f149,49810.4917,115,28,,not evaluated,PASS,640439ee8ecd2325,,False,ineligible,True,completed,"{'revision': 1, 'iterations': 4, 'sample_count': 1, 'measurement_iterations_multiplier': 4, 'warmup_iterations': 3, 'gpu_completion_mode': 'per_iteration', 'unit': 'us', 'direction': 'lower_is_better'}"
win,candidate,cpu_floating_point.sse_scalar,20261004-180252294-94ae786361264b5cbf0a0b3641a9a151,108170.7192,20852221,521305.2,521305.2,passed,PASS,6962077c244da325,6962077c244da325,True,ineligible,True,completed,"{'revision': 1, 'iterations': 40, 'sample_count': 10, 'measurement_iterations_multiplier': 4, 'warmup_iterations': 3, 'gpu_completion_mode': 'per_iteration', 'unit': 'us', 'direction': 'lower_is_better'}"
win,candidate,cpu_floating_point.x87_scalar,20261004-180252294-94ae786361264b5cbf0a0b3641a9a151,108170.7192,33481187,837029.2,837029.2,passed,PASS,6962077c244da325,6962077c244da325,True,ineligible,True,completed,"{'revision': 1, 'iterations': 40, 'sample_count': 10, 'measurement_iterations_multiplier': 4, 'warmup_iterations': 3, 'gpu_completion_mode': 'per_iteration', 'unit': 'us', 'direction': 'lower_is_better'}"
win,candidate,cpu_translation_blocks.direct_loop,20261004-180252294-94ae786361264b5cbf0a0b3641a9a151,108170.7192,404134,10102.9,10102.9,passed,PASS,bd1fc9bf0c318325,bd1fc9bf0c318325,True,ineligible,True,completed,"{'revision': 1, 'iterations': 40, 'sample_count': 10, 'measurement_iterations_multiplier': 4, 'warmup_iterations': 3, 'gpu_completion_mode': 'per_iteration', 'unit': 'us', 'direction': 'lower_is_better'}"
win,candidate,cpu_translation_blocks.indirect_dispatch,20261004-180252294-94ae786361264b5cbf0a0b3641a9a151,108170.7192,1646523,41162.7,41162.7,passed,PASS,c0426cf669a02325,c0426cf669a02325,True,ineligible,True,completed,"{'revision': 1, 'iterations': 40, 'sample_count': 10, 'measurement_iterations_multiplier': 4, 'warmup_iterations': 3, 'gpu_completion_mode': 'per_iteration', 'unit': 'us', 'direction': 'lower_is_better'}"
win,candidate,cpu_translation_blocks.indirect_dispatch_stress,20261004-180252294-94ae786361264b5cbf0a0b3641a9a151,108170.7192,32871075,821776.5,821776.5,passed,PASS,fbd507cb0c622325,fbd507cb0c622325,True,ineligible,True,completed,"{'revision': 1, 'iterations': 40, 'sample_count': 10, 'measurement_iterations_multiplier': 4, 'warmup_iterations': 3, 'gpu_completion_mode': 'per_iteration', 'unit': 'us', 'direction': 'lower_is_better'}"
win,candidate,fill_rate.solid,20261004-180443077-ca5ac8c6d9fd42888b64faeb70561afe,12354.4253,70069,1751.3,1751.3,passed,PASS,08b0f60773aac775,08b0f60773aac775,True,ineligible,True,completed,"{'revision': 1, 'iterations': 40, 'sample_count': 10, 'measurement_iterations_multiplier': 4, 'warmup_iterations': 3, 'gpu_completion_mode': 'per_iteration', 'unit': 'us', 'direction': 'lower_is_better'}"
win,candidate,fill_rate.textured,20261004-180443077-ca5ac8c6d9fd42888b64faeb70561afe,12354.4253,50863,1271.2,1271.2,passed,PASS,99b433323df1684d,99b433323df1684d,True,ineligible,True,completed,"{'revision': 1, 'iterations': 40, 'sample_count': 10, 'measurement_iterations_multiplier': 4, 'warmup_iterations': 3, 'gpu_completion_mode': 'per_iteration', 'unit': 'us', 'direction': 'lower_is_better'}"
win,candidate,pipeline_texture_switch.clear_texture_normal,20261004-180458039-4a3c17178e0a493ea4d2e4a06354edaa,15800.6979,416062,13001.375,,not evaluated,PASS,22ba4f1405cda325,22ba4f1405cda325,True,ineligible,True,completed,"{'revision': 1, 'iterations': 32, 'sample_count': 8, 'measurement_iterations_multiplier': 4, 'warmup_iterations': 3, 'gpu_completion_mode': 'per_iteration', 'unit': 'us', 'direction': 'lower_is_better'}"
win,candidate,pipeline_texture_switch.palette_dma_remap,20261004-180458039-4a3c17178e0a493ea4d2e4a06354edaa,15800.6979,66503,16625,,not evaluated,PASS,fbf687de65082325,,False,ineligible,True,completed,"{'revision': 1, 'iterations': 4, 'sample_count': 1, 'measurement_iterations_multiplier': 4, 'warmup_iterations': 3, 'gpu_completion_mode': 'per_iteration', 'unit': 'us', 'direction': 'lower_is_better'}"
win,candidate,pipeline_texture_switch.palette_only_update,20261004-180458039-4a3c17178e0a493ea4d2e4a06354edaa,15800.6979,74403,18600,,not evaluated,PASS,467aab2f95cda325,,False,ineligible,True,completed,"{'revision': 1, 'iterations': 4, 'sample_count': 1, 'measurement_iterations_multiplier': 4, 'warmup_iterations': 3, 'gpu_completion_mode': 'per_iteration', 'unit': 'us', 'direction': 'lower_is_better'}"
win,candidate,pipeline_texture_switch.sampler_only_identity,20261004-180458039-4a3c17178e0a493ea4d2e4a06354edaa,15800.6979,728199,22755.75,,not evaluated,PASS,0b8438c8404da325,0b8438c8404da325,True,ineligible,True,completed,"{'revision': 1, 'iterations': 32, 'sample_count': 8, 'measurement_iterations_multiplier': 4, 'warmup_iterations': 3, 'gpu_completion_mode': 'per_iteration', 'unit': 'us', 'direction': 'lower_is_better'}"
win,candidate,pipeline_texture_switch.shader_negative_control,20261004-180458039-4a3c17178e0a493ea4d2e4a06354edaa,15800.6979,599708,18740.625,,not evaluated,PASS,f110c8bd6338c325,f110c8bd6338c325,True,ineligible,True,completed,"{'revision': 1, 'iterations': 32, 'sample_count': 8, 'measurement_iterations_multiplier': 4, 'warmup_iterations': 3, 'gpu_completion_mode': 'per_iteration', 'unit': 'us', 'direction': 'lower_is_better'}"
win,candidate,pipeline_texture_switch.shared_page_overlap,20261004-180458039-4a3c17178e0a493ea4d2e4a06354edaa,15800.6979,73522,18380,,not evaluated,PASS,83bb59a8648da325,,False,ineligible,True,completed,"{'revision': 1, 'iterations': 4, 'sample_count': 1, 'measurement_iterations_multiplier': 4, 'warmup_iterations': 3, 'gpu_completion_mode': 'per_iteration', 'unit': 'us', 'direction': 'lower_is_better'}"
win,candidate,pipeline_texture_switch.texture_dma_remap,20261004-180458039-4a3c17178e0a493ea4d2e4a06354edaa,15800.6979,66436,16609,,not evaluated,PASS,fbf687de65082325,,False,ineligible,True,completed,"{'revision': 1, 'iterations': 4, 'sample_count': 1, 'measurement_iterations_multiplier': 4, 'warmup_iterations': 3, 'gpu_completion_mode': 'per_iteration', 'unit': 'us', 'direction': 'lower_is_better'}"
win,candidate,pipeline_texture_switch.texture_switch,20261004-180458039-4a3c17178e0a493ea4d2e4a06354edaa,15800.6979,596432,18638.125,,not evaluated,PASS,8ae05d31fb00c325,8ae05d31fb00c325,True,ineligible,True,completed,"{'revision': 1, 'iterations': 32, 'sample_count': 8, 'measurement_iterations_multiplier': 4, 'warmup_iterations': 3, 'gpu_completion_mode': 'per_iteration', 'unit': 'us', 'direction': 'lower_is_better'}"
win,candidate,report_query.clear_boundary,20261004-180516460-c424f529ef524240a71c00d86a601227,12536.8694,18173,1135.75,,not evaluated,PASS,b5eb7c4b9c8da325,,False,ineligible,True,completed,"{'revision': 2, 'iterations': 16, 'sample_count': 4, 'measurement_iterations_multiplier': 4, 'warmup_iterations': 3, 'gpu_completion_mode': 'per_iteration', 'unit': 'us', 'direction': 'lower_is_better'}"
win,candidate,report_query.dma_descriptor_rewrite,20261004-180516460-c424f529ef524240a71c00d86a601227,12536.8694,3693,3693,,not evaluated,PASS,c0c0fdbececda325,,False,ineligible,True,completed,"{'revision': 2, 'iterations': 1, 'sample_count': 1, 'measurement_iterations_multiplier': 1, 'warmup_iterations': 0, 'gpu_completion_mode': 'per_iteration', 'unit': 'us', 'direction': 'lower_is_better'}"
win,candidate,report_query.dma_range_guard,20261004-180516460-c424f529ef524240a71c00d86a601227,12536.8694,1766,1766,,not evaluated,PASS,3f648ce11a4da325,,False,ineligible,True,completed,"{'revision': 2, 'iterations': 1, 'sample_count': 1, 'measurement_iterations_multiplier': 1, 'warmup_iterations': 0, 'gpu_completion_mode': 'per_iteration', 'unit': 'us', 'direction': 'lower_is_better'}"
win,candidate,report_query.dma_target_switch,20261004-180516460-c424f529ef524240a71c00d86a601227,12536.8694,21869,1366.5,,not evaluated,PASS,4c4bd8cd440da325,,False,ineligible,True,completed,"{'revision': 2, 'iterations': 16, 'sample_count': 4, 'measurement_iterations_multiplier': 4, 'warmup_iterations': 3, 'gpu_completion_mode': 'per_iteration', 'unit': 'us', 'direction': 'lower_is_better'}"
win,candidate,report_query.fifo_producer_ordering,20261004-180516460-c424f529ef524240a71c00d86a601227,12536.8694,22104,1381,,not evaluated,PASS,0d907c24a88da325,,False,ineligible,True,completed,"{'revision': 2, 'iterations': 16, 'sample_count': 4, 'measurement_iterations_multiplier': 4, 'warmup_iterations': 3, 'gpu_completion_mode': 'per_iteration', 'unit': 'us', 'direction': 'lower_is_better'}"
win,candidate,report_query.multiple_boundaries,20261004-180516460-c424f529ef524240a71c00d86a601227,12536.8694,12283,767.25,,not evaluated,PASS,0c966fc9ba4da325,,False,ineligible,True,completed,"{'revision': 2, 'iterations': 16, 'sample_count': 4, 'measurement_iterations_multiplier': 4, 'warmup_iterations': 3, 'gpu_completion_mode': 'per_iteration', 'unit': 'us', 'direction': 'lower_is_better'}"
win,candidate,report_query.single_boundary,20261004-180516460-c424f529ef524240a71c00d86a601227,12536.8694,11263,703.75,,not evaluated,PASS,60e674c9fecda325,,False,ineligible,True,completed,"{'revision': 2, 'iterations': 16, 'sample_count': 4, 'measurement_iterations_multiplier': 4, 'warmup_iterations': 3, 'gpu_completion_mode': 'per_iteration', 'unit': 'us', 'direction': 'lower_is_better'}"
win,candidate,report_query.zero_query,20261004-180516460-c424f529ef524240a71c00d86a601227,12536.8694,10924,682.5,,not evaluated,PASS,23875dfeb40da325,,False,ineligible,True,completed,"{'revision': 2, 'iterations': 16, 'sample_count': 4, 'measurement_iterations_multiplier': 4, 'warmup_iterations': 3, 'gpu_completion_mode': 'per_iteration', 'unit': 'us', 'direction': 'lower_is_better'}"
win,candidate,shader_lifecycle.readiness_train_visible,20261004-180531598-ff28988d817840f29cf77d0cffe1e4c9,22141.9579,66088,16522,,not evaluated,PASS,d4c939c4f0ce4325,,False,ineligible,True,completed,"{'revision': 1, 'iterations': 4, 'sample_count': 1, 'measurement_iterations_multiplier': 4, 'warmup_iterations': 3, 'gpu_completion_mode': 'per_iteration', 'unit': 'us', 'direction': 'lower_is_better'}"
win,candidate,shader_lifecycle.readiness_replay_visible,20261004-180556357-3b20ca926221433eb21d3ae4c3bcae3a,22353.8704,66213,16553,,not evaluated,PASS,d4c939c4f0ce4325,,False,ineligible,True,completed,"{'revision': 1, 'iterations': 4, 'sample_count': 1, 'measurement_iterations_multiplier': 4, 'warmup_iterations': 3, 'gpu_completion_mode': 'per_iteration', 'unit': 'us', 'direction': 'lower_is_better'}"
win,candidate,shader_lifecycle.readiness_identical_replay,20261004-180621323-f6bf381bfdd244a8a8b08dbcf1c1580b,50355.9183,16153415,4038353,,not evaluated,PASS,70615ec6b77f8325,,False,ineligible,True,completed,"{'revision': 1, 'iterations': 4, 'sample_count': 1, 'measurement_iterations_multiplier': 4, 'warmup_iterations': 3, 'gpu_completion_mode': 'per_iteration', 'unit': 'us', 'direction': 'lower_is_better'}"
win,candidate,shader_lifecycle.readiness_uniform_only,20261004-180714291-a338e2ed55fd4a3e953e95a27fa1d24a,22150.4973,65819,16454,,not evaluated,PASS,113d534d51f95325,,False,ineligible,True,completed,"{'revision': 1, 'iterations': 4, 'sample_count': 1, 'measurement_iterations_multiplier': 4, 'warmup_iterations': 3, 'gpu_completion_mode': 'per_iteration', 'unit': 'us', 'direction': 'lower_is_better'}"
win,candidate,shader_lifecycle.readiness_early_demand,20261004-180739067-d09b16b72c4447d19257c7ff63f1c172,22164.1451,66144,16536,,not evaluated,PASS,d4c939c4f0ce4325,,False,ineligible,True,completed,"{'revision': 1, 'iterations': 4, 'sample_count': 1, 'measurement_iterations_multiplier': 4, 'warmup_iterations': 3, 'gpu_completion_mode': 'per_iteration', 'unit': 'us', 'direction': 'lower_is_better'}"
win,candidate,game_load.long_unlocked_scene.cpu,20261004-180803846-d6ef779ccf5a4ccb82d7392df5d25eb3,91326.4379,782247,24445,24445,passed,PASS,7c59a4dc0f8ba325,7c59a4dc0f8ba325,True,ineligible,True,completed,"{'revision': 1, 'iterations': 32, 'sample_count': 8, 'measurement_iterations_multiplier': 4, 'warmup_iterations': 3, 'gpu_completion_mode': 'per_iteration', 'unit': 'us', 'direction': 'lower_is_better'}"
win,candidate,game_load.long_unlocked_scene.pfifo,20261004-180803846-d6ef779ccf5a4ccb82d7392df5d25eb3,91326.4379,190567,5954.875,5954.875,passed,PASS,7c59a4dc0f8ba325,7c59a4dc0f8ba325,True,ineligible,True,completed,"{'revision': 1, 'iterations': 32, 'sample_count': 8, 'measurement_iterations_multiplier': 4, 'warmup_iterations': 3, 'gpu_completion_mode': 'per_iteration', 'unit': 'us', 'direction': 'lower_is_better'}"
win,candidate,game_load.long_unlocked_scene.alpha_overdraw,20261004-180803846-d6ef779ccf5a4ccb82d7392df5d25eb3,91326.4379,1594117,49815.75,49815.75,passed,PASS,7c59a4dc0f8ba325,7c59a4dc0f8ba325,True,ineligible,True,completed,"{'revision': 1, 'iterations': 32, 'sample_count': 8, 'measurement_iterations_multiplier': 4, 'warmup_iterations': 3, 'gpu_completion_mode': 'per_iteration', 'unit': 'us', 'direction': 'lower_is_better'}"
win,candidate,game_load.long_unlocked_scene.streaming_surface_reuse,20261004-180803846-d6ef779ccf5a4ccb82d7392df5d25eb3,91326.4379,514644,16082.125,16082.125,passed,PASS,7c59a4dc0f8ba325,7c59a4dc0f8ba325,True,ineligible,True,completed,"{'revision': 1, 'iterations': 32, 'sample_count': 8, 'measurement_iterations_multiplier': 4, 'warmup_iterations': 3, 'gpu_completion_mode': 'per_iteration', 'unit': 'us', 'direction': 'lower_is_better'}"
win,candidate,game_load.long_unlocked_scene.combined,20261004-180803846-d6ef779ccf5a4ccb82d7392df5d25eb3,91326.4379,3119054,97470.125,97470.125,passed,PASS,7c59a4dc0f8ba325,7c59a4dc0f8ba325,True,ineligible,True,completed,"{'revision': 1, 'iterations': 32, 'sample_count': 8, 'measurement_iterations_multiplier': 4, 'warmup_iterations': 3, 'gpu_completion_mode': 'per_iteration', 'unit': 'us', 'direction': 'lower_is_better'}"
win,candidate,game_load.long_unlocked_scene.full_system,20261004-180803846-d6ef779ccf5a4ccb82d7392df5d25eb3,91326.4379,3117515,97421.75,97421.75,passed,PASS,7c59a4dc0f8ba325,7c59a4dc0f8ba325,True,ineligible,True,completed,"{'revision': 1, 'iterations': 32, 'sample_count': 8, 'measurement_iterations_multiplier': 4, 'warmup_iterations': 3, 'gpu_completion_mode': 'per_iteration', 'unit': 'us', 'direction': 'lower_is_better'}"
win,candidate,game_load.cross_title_hotpath.queued_vertex_cpu_writes,20261004-180803846-d6ef779ccf5a4ccb82d7392df5d25eb3,91326.4379,2131869,66620.625,66620.625,passed,PASS,cf19c8d27e2aa325,cf19c8d27e2aa325,True,ineligible,True,completed,"{'revision': 1, 'iterations': 32, 'sample_count': 8, 'measurement_iterations_multiplier': 4, 'warmup_iterations': 3, 'gpu_completion_mode': 'per_iteration', 'unit': 'us', 'direction': 'lower_is_better'}"
win,candidate,game_load.cross_title_hotpath.pgr2_small_draws,20261004-180803846-d6ef779ccf5a4ccb82d7392df5d25eb3,91326.4379,4009373,125292.5,125292.5,passed,PASS,2a1e0148d2c0e325,2a1e0148d2c0e325,True,ineligible,True,completed,"{'revision': 1, 'iterations': 32, 'sample_count': 8, 'measurement_iterations_multiplier': 4, 'warmup_iterations': 3, 'gpu_completion_mode': 'per_iteration', 'unit': 'us', 'direction': 'lower_is_better'}"
win,candidate,game_load.cross_title_hotpath.texture_update_reuse,20261004-180803846-d6ef779ccf5a4ccb82d7392df5d25eb3,91326.4379,93754,2929.5,2929.5,passed,PASS,5612bef321a56325,5612bef321a56325,True,ineligible,True,completed,"{'revision': 1, 'iterations': 32, 'sample_count': 8, 'measurement_iterations_multiplier': 4, 'warmup_iterations': 3, 'gpu_completion_mode': 'per_iteration', 'unit': 'us', 'direction': 'lower_is_better'}"
win,candidate,game_load.cross_title_hotpath.surface_reuse,20261004-180803846-d6ef779ccf5a4ccb82d7392df5d25eb3,91326.4379,211480,6608.375,6608.375,passed,PASS,846d9f21b7c6a325,846d9f21b7c6a325,True,ineligible,True,completed,"{'revision': 1, 'iterations': 32, 'sample_count': 8, 'measurement_iterations_multiplier': 4, 'warmup_iterations': 3, 'gpu_completion_mode': 'per_iteration', 'unit': 'us', 'direction': 'lower_is_better'}"
win,candidate,game_load.cross_title_hotpath.pipeline_state_churn,20261004-180803846-d6ef779ccf5a4ccb82d7392df5d25eb3,91326.4379,2132749,66648,66648,passed,PASS,22f040b2add4a325,22f040b2add4a325,True,ineligible,True,completed,"{'revision': 1, 'iterations': 32, 'sample_count': 8, 'measurement_iterations_multiplier': 4, 'warmup_iterations': 3, 'gpu_completion_mode': 'per_iteration', 'unit': 'us', 'direction': 'lower_is_better'}"
win,candidate,game_load.cross_title_hotpath.blend_constant_reuse,20261004-180803846-d6ef779ccf5a4ccb82d7392df5d25eb3,91326.4379,3732389,116636.75,116636.75,passed,PASS,a08ca118008fa325,a08ca118008fa325,True,ineligible,True,completed,"{'revision': 1, 'iterations': 32, 'sample_count': 8, 'measurement_iterations_multiplier': 4, 'warmup_iterations': 3, 'gpu_completion_mode': 'per_iteration', 'unit': 'us', 'direction': 'lower_is_better'}"
win,candidate,game_load.cross_title_hotpath.texture_binding_reuse,20261004-180803846-d6ef779ccf5a4ccb82d7392df5d25eb3,91326.4379,4802853,150088.75,150088.75,passed,PASS,dfaaa3022df6a325,dfaaa3022df6a325,True,ineligible,True,completed,"{'revision': 1, 'iterations': 32, 'sample_count': 8, 'measurement_iterations_multiplier': 4, 'warmup_iterations': 3, 'gpu_completion_mode': 'per_iteration', 'unit': 'us', 'direction': 'lower_is_better'}"
win,candidate,game_load.cross_title_hotpath.pgr2_lagspot_inline_elements,20261004-180803846-d6ef779ccf5a4ccb82d7392df5d25eb3,91326.4379,3266408,102074.875,102074.875,passed,PASS,1289219c28d5a325,1289219c28d5a325,True,ineligible,True,completed,"{'revision': 1, 'iterations': 32, 'sample_count': 8, 'measurement_iterations_multiplier': 4, 'warmup_iterations': 3, 'gpu_completion_mode': 'per_iteration', 'unit': 'us', 'direction': 'lower_is_better'}"
win,candidate,game_load.cross_title_hotpath.scaled_surface_pressure,20261004-180803846-d6ef779ccf5a4ccb82d7392df5d25eb3,91326.4379,9451912,295371.875,295371.875,passed,PASS,e81e5b4a4675a325,e81e5b4a4675a325,True,ineligible,True,completed,"{'revision': 1, 'iterations': 32, 'sample_count': 8, 'measurement_iterations_multiplier': 4, 'warmup_iterations': 3, 'gpu_completion_mode': 'per_iteration', 'unit': 'us', 'direction': 'lower_is_better'}"
win,candidate,game_load.cross_title_hotpath.s3tc_streaming_fenced_draws,20261004-180803846-d6ef779ccf5a4ccb82d7392df5d25eb3,91326.4379,32081345,1002541.5,1002541.5,passed,PASS,a0f51c6c46a52325,a0f51c6c46a52325,True,ineligible,True,completed,"{'revision': 1, 'iterations': 32, 'sample_count': 8, 'measurement_iterations_multiplier': 4, 'warmup_iterations': 3, 'gpu_completion_mode': 'per_iteration', 'unit': 'us', 'direction': 'lower_is_better'}"
win,candidate,game_load.cross_title_hotpath.gpu_wait_control,20261004-180803846-d6ef779ccf5a4ccb82d7392df5d25eb3,91326.4379,36109,1128,1128,passed,PASS,828855c0a34e2325,828855c0a34e2325,True,ineligible,True,completed,"{'revision': 1, 'iterations': 32, 'sample_count': 8, 'measurement_iterations_multiplier': 4, 'warmup_iterations': 3, 'gpu_completion_mode': 'per_iteration', 'unit': 'us', 'direction': 'lower_is_better'}"
win,candidate,game_load.s3tc_sync_factor.dxt1_same_address_wait,20261004-180937786-c89c237abd0c4df3a5edf060e25f930d,34161.1991,549238,17163.25,17163.25,failed,PASS,3403675459d4d3d5,db28300321744de5,True,ineligible,True,completed,"{'revision': 1, 'iterations': 32, 'sample_count': 8, 'measurement_iterations_multiplier': 4, 'warmup_iterations': 3, 'gpu_completion_mode': 'per_iteration', 'unit': 'us', 'direction': 'lower_is_better'}"
win,candidate,game_load.s3tc_sync_factor.dxt1_same_address_queued,20261004-180937786-c89c237abd0c4df3a5edf060e25f930d,34161.1991,533089,16658.625,16658.625,failed,PASS,bb0d55ef74575c5f,9998993e8dcf6939,True,ineligible,True,completed,"{'revision': 1, 'iterations': 32, 'sample_count': 8, 'measurement_iterations_multiplier': 4, 'warmup_iterations': 3, 'gpu_completion_mode': 'per_iteration', 'unit': 'us', 'direction': 'lower_is_better'}"
win,candidate,game_load.s3tc_sync_factor.dxt1_ring_payload_generations,20261004-180937786-c89c237abd0c4df3a5edf060e25f930d,34161.1991,1066542,33329,33329,failed,PASS,3403675459d4d3d5,db28300321744de5,True,ineligible,True,completed,"{'revision': 1, 'iterations': 32, 'sample_count': 8, 'measurement_iterations_multiplier': 4, 'warmup_iterations': 3, 'gpu_completion_mode': 'per_iteration', 'unit': 'us', 'direction': 'lower_is_better'}"
win,candidate,game_load.s3tc_sync_factor.dxt1_dirty_once_redraw,20261004-180937786-c89c237abd0c4df3a5edf060e25f930d,34161.1991,533039,16657.25,16657.25,passed,PASS,428c04bbb0a62725,428c04bbb0a62725,True,ineligible,True,completed,"{'revision': 1, 'iterations': 32, 'sample_count': 8, 'measurement_iterations_multiplier': 4, 'warmup_iterations': 3, 'gpu_completion_mode': 'per_iteration', 'unit': 'us', 'direction': 'lower_is_better'}"
win,candidate,game_load.s3tc_sync_factor.rgba8_same_address_wait,20261004-180937786-c89c237abd0c4df3a5edf060e25f930d,34161.1991,1600354,50010.625,50010.625,passed,PASS,3403675459d4d3d5,3403675459d4d3d5,True,ineligible,True,completed,"{'revision': 1, 'iterations': 32, 'sample_count': 8, 'measurement_iterations_multiplier': 4, 'warmup_iterations': 3, 'gpu_completion_mode': 'per_iteration', 'unit': 'us', 'direction': 'lower_is_better'}"
win,candidate,game_load.s3tc_sync_factor.rgba8_same_address_queued,20261004-180937786-c89c237abd0c4df3a5edf060e25f930d,34161.1991,1599758,49992,49992,failed,PASS,94c02391f4669d50,719d8f45c46b69f6,True,ineligible,True,completed,"{'revision': 1, 'iterations': 32, 'sample_count': 8, 'measurement_iterations_multiplier': 4, 'warmup_iterations': 3, 'gpu_completion_mode': 'per_iteration', 'unit': 'us', 'direction': 'lower_is_better'}"
win,candidate,game_load.s3tc_sync_factor.rgba8_ring_payload_generations,20261004-180937786-c89c237abd0c4df3a5edf060e25f930d,34161.1991,4265776,133305.125,133305.125,passed,PASS,3403675459d4d3d5,3403675459d4d3d5,True,ineligible,True,completed,"{'revision': 1, 'iterations': 32, 'sample_count': 8, 'measurement_iterations_multiplier': 4, 'warmup_iterations': 3, 'gpu_completion_mode': 'per_iteration', 'unit': 'us', 'direction': 'lower_is_better'}"
win,candidate,game_load.s3tc_sync_factor.rgba8_dirty_once_redraw,20261004-180937786-c89c237abd0c4df3a5edf060e25f930d,34161.1991,533263,16664,16664,passed,PASS,428c04bbb0a62725,428c04bbb0a62725,True,ineligible,True,completed,"{'revision': 1, 'iterations': 32, 'sample_count': 8, 'measurement_iterations_multiplier': 4, 'warmup_iterations': 3, 'gpu_completion_mode': 'per_iteration', 'unit': 'us', 'direction': 'lower_is_better'}"
win,candidate,game_load.s3tc_sync_factor.bc2_native_eligible,20261004-180937786-c89c237abd0c4df3a5edf060e25f930d,34161.1991,1151481,35983.5,35983.5,failed,PASS,3403675459d4d3d5,db28300321744de5,True,ineligible,True,completed,"{'revision': 1, 'iterations': 32, 'sample_count': 8, 'measurement_iterations_multiplier': 4, 'warmup_iterations': 3, 'gpu_completion_mode': 'per_iteration', 'unit': 'us', 'direction': 'lower_is_better'}"
win,candidate,game_load.s3tc_sync_factor.bc2_bordered_fallback,20261004-180937786-c89c237abd0c4df3a5edf060e25f930d,34161.1991,3200858,100026.625,100026.625,passed,PASS,db28300321744de5,db28300321744de5,True,ineligible,True,completed,"{'revision': 1, 'iterations': 32, 'sample_count': 8, 'measurement_iterations_multiplier': 4, 'warmup_iterations': 3, 'gpu_completion_mode': 'per_iteration', 'unit': 'us', 'direction': 'lower_is_better'}"
win,candidate,game_load.s3tc_sync_factor.bc3_native_eligible,20261004-180937786-c89c237abd0c4df3a5edf060e25f930d,34161.1991,1182547,36954.25,36954.25,failed,PASS,3403675459d4d3d5,db28300321744de5,True,ineligible,True,completed,"{'revision': 1, 'iterations': 32, 'sample_count': 8, 'measurement_iterations_multiplier': 4, 'warmup_iterations': 3, 'gpu_completion_mode': 'per_iteration', 'unit': 'us', 'direction': 'lower_is_better'}"
win,candidate,game_load.s3tc_sync_factor.bc3_bordered_fallback,20261004-180937786-c89c237abd0c4df3a5edf060e25f930d,34161.1991,3201564,100048.5,100048.5,passed,PASS,db28300321744de5,db28300321744de5,True,ineligible,True,completed,"{'revision': 1, 'iterations': 32, 'sample_count': 8, 'measurement_iterations_multiplier': 4, 'warmup_iterations': 3, 'gpu_completion_mode': 'per_iteration', 'unit': 'us', 'direction': 'lower_is_better'}"
win,candidate,game_load.repeated_display,20261004-181014546-7bae3f1b4fe743d8b797f8fa40ef06df,23201.4491,532912,16653.125,16653.125,passed,PASS,36f446003b9d6325,36f446003b9d6325,True,ineligible,True,completed,"{'revision': 1, 'iterations': 32, 'sample_count': 8, 'measurement_iterations_multiplier': 4, 'warmup_iterations': 3, 'gpu_completion_mode': 'per_iteration', 'unit': 'us', 'direction': 'lower_is_better'}"
win,candidate,game_load.repeated_display_boosted,20261004-181014546-7bae3f1b4fe743d8b797f8fa40ef06df,23201.4491,1581448,49419.875,49419.875,passed,PASS,b2bc760cb1fba325,b2bc760cb1fba325,True,ineligible,True,completed,"{'revision': 1, 'iterations': 32, 'sample_count': 8, 'measurement_iterations_multiplier': 4, 'warmup_iterations': 3, 'gpu_completion_mode': 'per_iteration', 'unit': 'us', 'direction': 'lower_is_better'}"
win,candidate,game_load.doax_menu_representative.cpu_only,20261004-181014546-7bae3f1b4fe743d8b797f8fa40ef06df,23201.4491,448352,14010.5,14010.5,passed,PASS,5abb9d9faaa22325,5abb9d9faaa22325,True,ineligible,True,completed,"{'revision': 1, 'iterations': 32, 'sample_count': 8, 'measurement_iterations_multiplier': 4, 'warmup_iterations': 3, 'gpu_completion_mode': 'per_iteration', 'unit': 'us', 'direction': 'lower_is_better'}"
win,candidate,game_load.doax_menu_representative.pfifo_only,20261004-181014546-7bae3f1b4fe743d8b797f8fa40ef06df,23201.4491,84339,2635.125,2635.125,passed,PASS,f9826bbdd7912325,f9826bbdd7912325,True,ineligible,True,completed,"{'revision': 1, 'iterations': 32, 'sample_count': 8, 'measurement_iterations_multiplier': 4, 'warmup_iterations': 3, 'gpu_completion_mode': 'per_iteration', 'unit': 'us', 'direction': 'lower_is_better'}"
win,candidate,game_load.doax_menu_representative.gpu_only,20261004-181014546-7bae3f1b4fe743d8b797f8fa40ef06df,23201.4491,581128,18159.75,18159.75,passed,PASS,d3984ab7dcb8e325,d3984ab7dcb8e325,True,ineligible,True,completed,"{'revision': 1, 'iterations': 32, 'sample_count': 8, 'measurement_iterations_multiplier': 4, 'warmup_iterations': 3, 'gpu_completion_mode': 'per_iteration', 'unit': 'us', 'direction': 'lower_is_better'}"
win,candidate,game_load.doax_menu_representative.streaming_only,20261004-181014546-7bae3f1b4fe743d8b797f8fa40ef06df,23201.4491,174802,5462.25,5462.25,passed,PASS,491294aadc23a325,491294aadc23a325,True,ineligible,True,completed,"{'revision': 1, 'iterations': 32, 'sample_count': 8, 'measurement_iterations_multiplier': 4, 'warmup_iterations': 3, 'gpu_completion_mode': 'per_iteration', 'unit': 'us', 'direction': 'lower_is_better'}"
win,candidate,game_load.doax_menu_representative.cpu_pfifo_gpu,20261004-181014546-7bae3f1b4fe743d8b797f8fa40ef06df,23201.4491,1109173,34661.125,34661.125,passed,PASS,302026d9f9232325,302026d9f9232325,True,ineligible,True,completed,"{'revision': 1, 'iterations': 32, 'sample_count': 8, 'measurement_iterations_multiplier': 4, 'warmup_iterations': 3, 'gpu_completion_mode': 'per_iteration', 'unit': 'us', 'direction': 'lower_is_better'}"
win,candidate,game_load.doax_menu_representative.cpu_pfifo_gpu_streaming,20261004-181014546-7bae3f1b4fe743d8b797f8fa40ef06df,23201.4491,1252523,39140.875,39140.875,passed,PASS,9e98944350a52325,9e98944350a52325,True,ineligible,True,completed,"{'revision': 1, 'iterations': 32, 'sample_count': 8, 'measurement_iterations_multiplier': 4, 'warmup_iterations': 3, 'gpu_completion_mode': 'per_iteration', 'unit': 'us', 'direction': 'lower_is_better'}"
win,candidate,game_load.doax_menu_representative.full_system,20261004-181014546-7bae3f1b4fe743d8b797f8fa40ef06df,23201.4491,1245105,38909.125,38909.125,passed,PASS,7896e875a8ad2325,7896e875a8ad2325,True,ineligible,True,completed,"{'revision': 1, 'iterations': 32, 'sample_count': 8, 'measurement_iterations_multiplier': 4, 'warmup_iterations': 3, 'gpu_completion_mode': 'per_iteration', 'unit': 'us', 'direction': 'lower_is_better'}"
win,candidate,game_load.doax_menu_stress.cpu_only,20261004-181014546-7bae3f1b4fe743d8b797f8fa40ef06df,23201.4491,895244,27976,27976,passed,PASS,4b7c157e1e9ce325,4b7c157e1e9ce325,True,ineligible,True,completed,"{'revision': 1, 'iterations': 32, 'sample_count': 8, 'measurement_iterations_multiplier': 4, 'warmup_iterations': 3, 'gpu_completion_mode': 'per_iteration', 'unit': 'us', 'direction': 'lower_is_better'}"
win,candidate,game_load.doax_menu_stress.pfifo_only,20261004-181014546-7bae3f1b4fe743d8b797f8fa40ef06df,23201.4491,163415,5106.375,5106.375,passed,PASS,f46d8f2a39a6e325,f46d8f2a39a6e325,True,ineligible,True,completed,"{'revision': 1, 'iterations': 32, 'sample_count': 8, 'measurement_iterations_multiplier': 4, 'warmup_iterations': 3, 'gpu_completion_mode': 'per_iteration', 'unit': 'us', 'direction': 'lower_is_better'}"
win,candidate,game_load.doax_menu_stress.gpu_only,20261004-181014546-7bae3f1b4fe743d8b797f8fa40ef06df,23201.4491,1151969,35998.625,35998.625,passed,PASS,bcaf8b0e8de5a325,bcaf8b0e8de5a325,True,ineligible,True,completed,"{'revision': 1, 'iterations': 32, 'sample_count': 8, 'measurement_iterations_multiplier': 4, 'warmup_iterations': 3, 'gpu_completion_mode': 'per_iteration', 'unit': 'us', 'direction': 'lower_is_better'}"
win,candidate,game_load.doax_menu_stress.streaming_only,20261004-181040353-20289599e1b74b5582dca613c4a72b5a,42549.4181,528139,16503.875,16503.875,passed,PASS,06e0eccda97d2325,06e0eccda97d2325,True,ineligible,True,completed,"{'revision': 1, 'iterations': 32, 'sample_count': 8, 'measurement_iterations_multiplier': 4, 'warmup_iterations': 3, 'gpu_completion_mode': 'per_iteration', 'unit': 'us', 'direction': 'lower_is_better'}"
win,candidate,game_load.doax_menu_stress.cpu_pfifo_gpu,20261004-181040353-20289599e1b74b5582dca613c4a72b5a,42549.4181,2181905,68184,68184,passed,PASS,7707cd4649e4a325,7707cd4649e4a325,True,ineligible,True,completed,"{'revision': 1, 'iterations': 32, 'sample_count': 8, 'measurement_iterations_multiplier': 4, 'warmup_iterations': 3, 'gpu_completion_mode': 'per_iteration', 'unit': 'us', 'direction': 'lower_is_better'}"
win,candidate,game_load.doax_menu_stress.cpu_pfifo_gpu_streaming,20261004-181040353-20289599e1b74b5582dca613c4a72b5a,42549.4181,2346003,73312.25,73312.25,passed,PASS,d4d9dedf3ef06325,d4d9dedf3ef06325,True,ineligible,True,completed,"{'revision': 1, 'iterations': 32, 'sample_count': 8, 'measurement_iterations_multiplier': 4, 'warmup_iterations': 3, 'gpu_completion_mode': 'per_iteration', 'unit': 'us', 'direction': 'lower_is_better'}"
win,candidate,game_load.doax_menu_stress.full_system,20261004-181040353-20289599e1b74b5582dca613c4a72b5a,42549.4181,2372737,74147.75,74147.75,passed,PASS,8cf51e8eb67fa325,8cf51e8eb67fa325,True,ineligible,True,completed,"{'revision': 1, 'iterations': 32, 'sample_count': 8, 'measurement_iterations_multiplier': 4, 'warmup_iterations': 3, 'gpu_completion_mode': 'per_iteration', 'unit': 'us', 'direction': 'lower_is_better'}"
win,candidate,game_load.pgr2_ai_backup.cpu_only,20261004-181040353-20289599e1b74b5582dca613c4a72b5a,42549.4181,1356449,42388.625,42388.625,passed,PASS,e6df98b3e513a325,e6df98b3e513a325,True,ineligible,True,completed,"{'revision': 1, 'iterations': 32, 'sample_count': 8, 'measurement_iterations_multiplier': 4, 'warmup_iterations': 3, 'gpu_completion_mode': 'per_iteration', 'unit': 'us', 'direction': 'lower_is_better'}"
win,candidate,game_load.pgr2_ai_backup.pfifo_only,20261004-181040353-20289599e1b74b5582dca613c4a72b5a,42549.4181,520501,16265.25,16265.25,passed,PASS,e57ef83b3a66e325,e57ef83b3a66e325,True,ineligible,True,completed,"{'revision': 1, 'iterations': 32, 'sample_count': 8, 'measurement_iterations_multiplier': 4, 'warmup_iterations': 3, 'gpu_completion_mode': 'per_iteration', 'unit': 'us', 'direction': 'lower_is_better'}"
win,candidate,game_load.pgr2_ai_backup.gpu_only,20261004-181040353-20289599e1b74b5582dca613c4a72b5a,42549.4181,2889803,90306,90306,passed,PASS,02ffd9b12aa96325,02ffd9b12aa96325,True,ineligible,True,completed,"{'revision': 1, 'iterations': 32, 'sample_count': 8, 'measurement_iterations_multiplier': 4, 'warmup_iterations': 3, 'gpu_completion_mode': 'per_iteration', 'unit': 'us', 'direction': 'lower_is_better'}"
win,candidate,game_load.pgr2_ai_backup.streaming_only,20261004-181040353-20289599e1b74b5582dca613c4a72b5a,42549.4181,123774,3867.75,3867.75,passed,PASS,155df5f182392325,155df5f182392325,True,ineligible,True,completed,"{'revision': 1, 'iterations': 32, 'sample_count': 8, 'measurement_iterations_multiplier': 4, 'warmup_iterations': 3, 'gpu_completion_mode': 'per_iteration', 'unit': 'us', 'direction': 'lower_is_better'}"
win,candidate,game_load.pgr2_ai_backup.cpu_pfifo_gpu,20261004-181040353-20289599e1b74b5582dca613c4a72b5a,42549.4181,4803407,150106.125,150106.125,passed,PASS,ab22104929b9e325,ab22104929b9e325,True,ineligible,True,completed,"{'revision': 1, 'iterations': 32, 'sample_count': 8, 'measurement_iterations_multiplier': 4, 'warmup_iterations': 3, 'gpu_completion_mode': 'per_iteration', 'unit': 'us', 'direction': 'lower_is_better'}"
win,candidate,game_load.pgr2_ai_backup.cpu_pfifo_gpu_streaming,20261004-181040353-20289599e1b74b5582dca613c4a72b5a,42549.4181,4919130,153722.375,153722.375,passed,PASS,66a43765efc02325,66a43765efc02325,True,ineligible,True,completed,"{'revision': 1, 'iterations': 32, 'sample_count': 8, 'measurement_iterations_multiplier': 4, 'warmup_iterations': 3, 'gpu_completion_mode': 'per_iteration', 'unit': 'us', 'direction': 'lower_is_better'}"
win,candidate,game_load.pgr2_ai_backup.full_system,20261004-181040353-20289599e1b74b5582dca613c4a72b5a,42549.4181,4920237,153756.875,153756.875,passed,PASS,55485325870d6325,55485325870d6325,True,ineligible,True,completed,"{'revision': 1, 'iterations': 32, 'sample_count': 8, 'measurement_iterations_multiplier': 4, 'warmup_iterations': 3, 'gpu_completion_mode': 'per_iteration', 'unit': 'us', 'direction': 'lower_is_better'}"
win,candidate,high_vertex_count.arrays,20261004-181126019-639140d4b63d4e6e9ac80809d005e1f9,21883.8713,36820,91.69,91.69,failed,PASS,a27c67890c2d9083,cd6d0d64451d191b,True,ineligible,True,completed,"{'revision': 1, 'iterations': 400, 'sample_count': 100, 'measurement_iterations_multiplier': 4, 'warmup_iterations': 3, 'gpu_completion_mode': 'per_iteration', 'unit': 'us', 'direction': 'lower_is_better'}"
win,candidate,high_vertex_count.inline_arrays,20261004-181126019-639140d4b63d4e6e9ac80809d005e1f9,21883.8713,2364024,59100.3,59100.3,failed,PASS,a27c67890c2d9083,31a890c7f71db193,True,ineligible,True,completed,"{'revision': 1, 'iterations': 40, 'sample_count': 10, 'measurement_iterations_multiplier': 4, 'warmup_iterations': 3, 'gpu_completion_mode': 'per_iteration', 'unit': 'us', 'direction': 'lower_is_better'}"
win,candidate,high_vertex_count.inline_buffers,20261004-181126019-639140d4b63d4e6e9ac80809d005e1f9,21883.8713,4624061,231202.8,231202.8,failed,PASS,a27c67890c2d9083,f320b0df5ba62943,True,ineligible,True,completed,"{'revision': 1, 'iterations': 20, 'sample_count': 5, 'measurement_iterations_multiplier': 4, 'warmup_iterations': 3, 'gpu_completion_mode': 'per_iteration', 'unit': 'us', 'direction': 'lower_is_better'}"
win,candidate,high_vertex_count.inline_elements,20261004-181126019-639140d4b63d4e6e9ac80809d005e1f9,21883.8713,785237,3925.84,3925.84,failed,PASS,a27c67890c2d9083,b24516b5372da0f3,True,ineligible,True,completed,"{'revision': 1, 'iterations': 200, 'sample_count': 50, 'measurement_iterations_multiplier': 4, 'warmup_iterations': 3, 'gpu_completion_mode': 'per_iteration', 'unit': 'us', 'direction': 'lower_is_better'}"
win,candidate,primitive_type.line_loop.fixed_function,20261004-181126019-639140d4b63d4e6e9ac80809d005e1f9,21883.8713,25306,632.3,632.3,failed,PASS,f2158581ac6e3919,d48f43c09e534094,True,ineligible,True,completed,"{'revision': 1, 'iterations': 40, 'sample_count': 10, 'measurement_iterations_multiplier': 4, 'warmup_iterations': 3, 'gpu_completion_mode': 'per_iteration', 'unit': 'us', 'direction': 'lower_is_better'}"
win,candidate,primitive_type.line_loop.vertex_shader,20261004-181126019-639140d4b63d4e6e9ac80809d005e1f9,21883.8713,23328,582.9,582.9,failed,PASS,f2158581ac6e3919,47373dc0c7be28f8,True,ineligible,True,completed,"{'revision': 1, 'iterations': 40, 'sample_count': 10, 'measurement_iterations_multiplier': 4, 'warmup_iterations': 3, 'gpu_completion_mode': 'per_iteration', 'unit': 'us', 'direction': 'lower_is_better'}"
win,candidate,primitive_type.line_strip.fixed_function,20261004-181126019-639140d4b63d4e6e9ac80809d005e1f9,21883.8713,25333,633,633,failed,PASS,f2158581ac6e3919,0964935c28234a4a,True,ineligible,True,completed,"{'revision': 1, 'iterations': 40, 'sample_count': 10, 'measurement_iterations_multiplier': 4, 'warmup_iterations': 3, 'gpu_completion_mode': 'per_iteration', 'unit': 'us', 'direction': 'lower_is_better'}"
win,candidate,primitive_type.line_strip.vertex_shader,20261004-181126019-639140d4b63d4e6e9ac80809d005e1f9,21883.8713,23422,585,585,failed,PASS,f2158581ac6e3919,94b433237d71b182,True,ineligible,True,completed,"{'revision': 1, 'iterations': 40, 'sample_count': 10, 'measurement_iterations_multiplier': 4, 'warmup_iterations': 3, 'gpu_completion_mode': 'per_iteration', 'unit': 'us', 'direction': 'lower_is_better'}"
win,candidate,primitive_type.lines.fixed_function,20261004-181126019-639140d4b63d4e6e9ac80809d005e1f9,21883.8713,46339,1158.2,1158.2,failed,PASS,1766a7f93aa72a14,6c16b2698ec4e26b,True,ineligible,True,completed,"{'revision': 1, 'iterations': 40, 'sample_count': 10, 'measurement_iterations_multiplier': 4, 'warmup_iterations': 3, 'gpu_completion_mode': 'per_iteration', 'unit': 'us', 'direction': 'lower_is_better'}"
win,candidate,primitive_type.lines.vertex_shader,20261004-181126019-639140d4b63d4e6e9ac80809d005e1f9,21883.8713,49029,1225.3,1225.3,failed,PASS,1766a7f93aa72a14,53924aa6f5e55b57,True,ineligible,True,completed,"{'revision': 1, 'iterations': 40, 'sample_count': 10, 'measurement_iterations_multiplier': 4, 'warmup_iterations': 3, 'gpu_completion_mode': 'per_iteration', 'unit': 'us', 'direction': 'lower_is_better'}"
win,candidate,primitive_type.points.fixed_function,20261004-181126019-639140d4b63d4e6e9ac80809d005e1f9,21883.8713,23007,574.9,574.9,failed,PASS,5b296619f665c070,7400f7a8ac9d8c86,True,ineligible,True,completed,"{'revision': 1, 'iterations': 40, 'sample_count': 10, 'measurement_iterations_multiplier': 4, 'warmup_iterations': 3, 'gpu_completion_mode': 'per_iteration', 'unit': 'us', 'direction': 'lower_is_better'}"
win,candidate,primitive_type.points.vertex_shader,20261004-181126019-639140d4b63d4e6e9ac80809d005e1f9,21883.8713,23907,597.4,597.4,failed,PASS,5b296619f665c070,f1d83724373d0036,True,ineligible,True,completed,"{'revision': 1, 'iterations': 40, 'sample_count': 10, 'measurement_iterations_multiplier': 4, 'warmup_iterations': 3, 'gpu_completion_mode': 'per_iteration', 'unit': 'us', 'direction': 'lower_is_better'}"
win,candidate,primitive_type.polygon.fixed_function,20261004-181150511-4120bcc1b7c7497cb99ed3ff023794b5,13360.9402,50205,1254.8,1254.8,failed,PASS,2c4beaa06aba1000,515407015a00c880,True,ineligible,True,completed,"{'revision': 1, 'iterations': 40, 'sample_count': 10, 'measurement_iterations_multiplier': 4, 'warmup_iterations': 3, 'gpu_completion_mode': 'per_iteration', 'unit': 'us', 'direction': 'lower_is_better'}"
win,candidate,primitive_type.polygon.vertex_shader,20261004-181150511-4120bcc1b7c7497cb99ed3ff023794b5,13360.9402,35261,881.1,881.1,failed,PASS,2c4beaa06aba1000,4376cbfa562c7d14,True,ineligible,True,completed,"{'revision': 1, 'iterations': 40, 'sample_count': 10, 'measurement_iterations_multiplier': 4, 'warmup_iterations': 3, 'gpu_completion_mode': 'per_iteration', 'unit': 'us', 'direction': 'lower_is_better'}"
win,candidate,primitive_type.quad_strip.fixed_function,20261004-181150511-4120bcc1b7c7497cb99ed3ff023794b5,13360.9402,71873,1796.5,1796.5,failed,PASS,f64b4495347cec73,190c4f06474f8467,True,ineligible,True,completed,"{'revision': 1, 'iterations': 40, 'sample_count': 10, 'measurement_iterations_multiplier': 4, 'warmup_iterations': 3, 'gpu_completion_mode': 'per_iteration', 'unit': 'us', 'direction': 'lower_is_better'}"
win,candidate,primitive_type.quad_strip.vertex_shader,20261004-181150511-4120bcc1b7c7497cb99ed3ff023794b5,13360.9402,44939,1123,1123,failed,PASS,f64b4495347cec73,d5cf212c5788c3df,True,ineligible,True,completed,"{'revision': 1, 'iterations': 40, 'sample_count': 10, 'measurement_iterations_multiplier': 4, 'warmup_iterations': 3, 'gpu_completion_mode': 'per_iteration', 'unit': 'us', 'direction': 'lower_is_better'}"
win,candidate,primitive_type.quads.fixed_function,20261004-181150511-4120bcc1b7c7497cb99ed3ff023794b5,13360.9402,88680,2216.6,2216.6,failed,PASS,114a1419338256e5,b52448622bc1c001,True,ineligible,True,completed,"{'revision': 1, 'iterations': 40, 'sample_count': 10, 'measurement_iterations_multiplier': 4, 'warmup_iterations': 3, 'gpu_completion_mode': 'per_iteration', 'unit': 'us', 'direction': 'lower_is_better'}"
win,candidate,primitive_type.quads.vertex_shader,20261004-181150511-4120bcc1b7c7497cb99ed3ff023794b5,13360.9402,88866,2221.4,2221.4,failed,PASS,114a1419338256e5,fbac823960948b69,True,ineligible,True,completed,"{'revision': 1, 'iterations': 40, 'sample_count': 10, 'measurement_iterations_multiplier': 4, 'warmup_iterations': 3, 'gpu_completion_mode': 'per_iteration', 'unit': 'us', 'direction': 'lower_is_better'}"
win,candidate,primitive_type.triangle_fan.fixed_function,20261004-181150511-4120bcc1b7c7497cb99ed3ff023794b5,13360.9402,22225,555.3,555.3,failed,PASS,36644f0fd11db166,ba0d8daf7940c5d2,True,ineligible,True,completed,"{'revision': 1, 'iterations': 40, 'sample_count': 10, 'measurement_iterations_multiplier': 4, 'warmup_iterations': 3, 'gpu_completion_mode': 'per_iteration', 'unit': 'us', 'direction': 'lower_is_better'}"
win,candidate,primitive_type.triangle_fan.vertex_shader,20261004-181150511-4120bcc1b7c7497cb99ed3ff023794b5,13360.9402,22873,571.4,571.4,failed,PASS,36644f0fd11db166,134a22bd3882e48e,True,ineligible,True,completed,"{'revision': 1, 'iterations': 40, 'sample_count': 10, 'measurement_iterations_multiplier': 4, 'warmup_iterations': 3, 'gpu_completion_mode': 'per_iteration', 'unit': 'us', 'direction': 'lower_is_better'}"
win,candidate,primitive_type.triangle_strip.fixed_function,20261004-181150511-4120bcc1b7c7497cb99ed3ff023794b5,13360.9402,23222,580.1,580.1,failed,PASS,d7b289579fdaa1ab,d15b03d8ead6bb03,True,ineligible,True,completed,"{'revision': 1, 'iterations': 40, 'sample_count': 10, 'measurement_iterations_multiplier': 4, 'warmup_iterations': 3, 'gpu_completion_mode': 'per_iteration', 'unit': 'us', 'direction': 'lower_is_better'}"
win,candidate,primitive_type.triangle_strip.vertex_shader,20261004-181150511-4120bcc1b7c7497cb99ed3ff023794b5,13360.9402,22666,566.4,566.4,failed,PASS,d7b289579fdaa1ab,f7cfda74a4111eff,True,ineligible,True,completed,"{'revision': 1, 'iterations': 40, 'sample_count': 10, 'measurement_iterations_multiplier': 4, 'warmup_iterations': 3, 'gpu_completion_mode': 'per_iteration', 'unit': 'us', 'direction': 'lower_is_better'}"
win,candidate,primitive_type.triangles.fixed_function,20261004-181150511-4120bcc1b7c7497cb99ed3ff023794b5,13360.9402,70016,1750.1,1750.1,failed,PASS,72f05baf369ceb60,4521bcfbdb43e248,True,ineligible,True,completed,"{'revision': 1, 'iterations': 40, 'sample_count': 10, 'measurement_iterations_multiplier': 4, 'warmup_iterations': 3, 'gpu_completion_mode': 'per_iteration', 'unit': 'us', 'direction': 'lower_is_better'}"
win,candidate,primitive_type.triangles.vertex_shader,20261004-181150511-4120bcc1b7c7497cb99ed3ff023794b5,13360.9402,67330,1682.8,1682.8,failed,PASS,72f05baf369ceb60,d86abc6e019e36fc,True,ineligible,True,completed,"{'revision': 1, 'iterations': 40, 'sample_count': 10, 'measurement_iterations_multiplier': 4, 'warmup_iterations': 3, 'gpu_completion_mode': 'per_iteration', 'unit': 'us', 'direction': 'lower_is_better'}"
win,candidate,texture_cubemap_fallback.bordered_palette_size1,20261004-181206480-0049b653f5bc49eba409a2fbea272f6f,27017.6958,532463,16639.25,,not evaluated,FAIL,56d00ed89334a325,,True,ineligible,False,failed,"{'revision': 1, 'iterations': 32, 'sample_count': 8, 'measurement_iterations_multiplier': 4, 'warmup_iterations': 3, 'gpu_completion_mode': 'per_iteration', 'unit': 'us', 'direction': 'lower_is_better'}"
win,candidate,surface.basic,20261004-181255654-0551d9d7a1654ddcbc06dd2f3f64b1ab,17994.3331,800262,20006.2,20006.2,failed,PASS,42459952797c47fa,6f90d43f59b710fa,True,ineligible,True,completed,"{'revision': 1, 'iterations': 40, 'sample_count': 10, 'measurement_iterations_multiplier': 4, 'warmup_iterations': 3, 'gpu_completion_mode': 'per_iteration', 'unit': 'us', 'direction': 'lower_is_better'}"
win,candidate,surface.cpu_read_after_gpu_write,20261004-181255654-0551d9d7a1654ddcbc06dd2f3f64b1ab,17994.3331,69895,873.35,873.35,passed,PASS,572720976b602325,572720976b602325,True,ineligible,True,completed,"{'revision': 1, 'iterations': 80, 'sample_count': 20, 'measurement_iterations_multiplier': 4, 'warmup_iterations': 3, 'gpu_completion_mode': 'per_iteration', 'unit': 'us', 'direction': 'lower_is_better'}"
win,candidate,surface.cpu_read_clean_surface,20261004-181255654-0551d9d7a1654ddcbc06dd2f3f64b1ab,17994.3331,24789,61.59,61.59,passed,PASS,aa32af524aa52325,aa32af524aa52325,True,ineligible,True,completed,"{'revision': 1, 'iterations': 400, 'sample_count': 100, 'measurement_iterations_multiplier': 4, 'warmup_iterations': 3, 'gpu_completion_mode': 'per_iteration', 'unit': 'us', 'direction': 'lower_is_better'}"
win,candidate,surface.framebuffer_working_set_002,20261004-181255654-0551d9d7a1654ddcbc06dd2f3f64b1ab,17994.3331,108537,1356.3,1356.3,failed,PASS,9f3b0609a42777d5,ab1fa4b103c05f05,True,ineligible,True,completed,"{'revision': 1, 'iterations': 80, 'sample_count': 20, 'measurement_iterations_multiplier': 4, 'warmup_iterations': 3, 'gpu_completion_mode': 'per_iteration', 'unit': 'us', 'direction': 'lower_is_better'}"
win,candidate,surface.framebuffer_working_set_008,20261004-181255654-0551d9d7a1654ddcbc06dd2f3f64b1ab,17994.3331,103738,1296.4,1296.4,failed,PASS,64cbf95dec8f59e5,8393e7935b67da71,True,ineligible,True,completed,"{'revision': 1, 'iterations': 80, 'sample_count': 20, 'measurement_iterations_multiplier': 4, 'warmup_iterations': 3, 'gpu_completion_mode': 'per_iteration', 'unit': 'us', 'direction': 'lower_is_better'}"
win,candidate,surface.framebuffer_working_set_032,20261004-181255654-0551d9d7a1654ddcbc06dd2f3f64b1ab,17994.3331,109284,1365.7,1365.7,failed,PASS,a6116feb11a28c25,4e53301a279a7e09,True,ineligible,True,completed,"{'revision': 1, 'iterations': 80, 'sample_count': 20, 'measurement_iterations_multiplier': 4, 'warmup_iterations': 3, 'gpu_completion_mode': 'per_iteration', 'unit': 'us', 'direction': 'lower_is_better'}"
win,candidate,surface.framebuffer_working_set_064,20261004-181255654-0551d9d7a1654ddcbc06dd2f3f64b1ab,17994.3331,108107,1350.95,1350.95,failed,PASS,a6116feb11a28c25,dbdfafa7ed2f28c9,True,ineligible,True,completed,"{'revision': 1, 'iterations': 80, 'sample_count': 20, 'measurement_iterations_multiplier': 4, 'warmup_iterations': 3, 'gpu_completion_mode': 'per_iteration', 'unit': 'us', 'direction': 'lower_is_better'}"
win,candidate,surface.full_clear_elision_guard,20261004-181255654-0551d9d7a1654ddcbc06dd2f3f64b1ab,17994.3331,632387,1580.63,1580.63,failed,PASS,d91a0e75979a1f25,01a1571033aa9dfd,True,ineligible,True,completed,"{'revision': 1, 'iterations': 400, 'sample_count': 100, 'measurement_iterations_multiplier': 4, 'warmup_iterations': 3, 'gpu_completion_mode': 'per_iteration', 'unit': 'us', 'direction': 'lower_is_better'}"
win,candidate,surface.overlapping_surface_churn_representative,20261004-181255654-0551d9d7a1654ddcbc06dd2f3f64b1ab,17994.3331,847867,2119.27,2119.27,failed,PASS,caf66d4bf5691525,7b4f2884714177a5,True,ineligible,True,completed,"{'revision': 1, 'iterations': 400, 'sample_count': 100, 'measurement_iterations_multiplier': 4, 'warmup_iterations': 3, 'gpu_completion_mode': 'per_iteration', 'unit': 'us', 'direction': 'lower_is_better'}"
win,candidate,surface.overlapping_surface_churn_stress,20261004-181255654-0551d9d7a1654ddcbc06dd2f3f64b1ab,17994.3331,928935,23223,23223,failed,PASS,caf66d4bf5691525,19890b325809498d,True,ineligible,True,completed,"{'revision': 1, 'iterations': 40, 'sample_count': 10, 'measurement_iterations_multiplier': 4, 'warmup_iterations': 3, 'gpu_completion_mode': 'per_iteration', 'unit': 'us', 'direction': 'lower_is_better'}"
win,candidate,surface.partial_channel_clear_guard,20261004-181255654-0551d9d7a1654ddcbc06dd2f3f64b1ab,17994.3331,631239,1577.76,1577.76,failed,PASS,eb2cb498aa73af25,31d730ce613f92bd,True,ineligible,True,completed,"{'revision': 1, 'iterations': 400, 'sample_count': 100, 'measurement_iterations_multiplier': 4, 'warmup_iterations': 3, 'gpu_completion_mode': 'per_iteration', 'unit': 'us', 'direction': 'lower_is_better'}"
win,candidate,surface.surface_download_path,20261004-181255654-0551d9d7a1654ddcbc06dd2f3f64b1ab,17994.3331,553917,13847.5,13847.5,failed,PASS,2b0e8aac0f8838e8,eb6604c45975bcec,True,ineligible,True,completed,"{'revision': 1, 'iterations': 40, 'sample_count': 10, 'measurement_iterations_multiplier': 4, 'warmup_iterations': 3, 'gpu_completion_mode': 'per_iteration', 'unit': 'us', 'direction': 'lower_is_better'}"
win,candidate,surface.surface_list_lookup_002,20261004-181316257-f3ae66f2e093463fb4cb23ef0df0c6f0,18214.6657,137401,1717.25,1717.25,failed,PASS,fa475bc695046525,26ff617c53458a53,True,ineligible,True,completed,"{'revision': 1, 'iterations': 80, 'sample_count': 20, 'measurement_iterations_multiplier': 4, 'warmup_iterations': 3, 'gpu_completion_mode': 'per_iteration', 'unit': 'us', 'direction': 'lower_is_better'}"
win,candidate,surface.surface_list_lookup_008,20261004-181316257-f3ae66f2e093463fb4cb23ef0df0c6f0,18214.6657,108857,1360.3,1360.3,failed,PASS,eaf6788dfe8d2f25,18e8676fcc804922,True,ineligible,True,completed,"{'revision': 1, 'iterations': 80, 'sample_count': 20, 'measurement_iterations_multiplier': 4, 'warmup_iterations': 3, 'gpu_completion_mode': 'per_iteration', 'unit': 'us', 'direction': 'lower_is_better'}"
win,candidate,surface.surface_list_lookup_032,20261004-181316257-f3ae66f2e093463fb4cb23ef0df0c6f0,18214.6657,110556,1381.6,1381.6,failed,PASS,c6275b91195a5325,1bc652a47e609cf5,True,ineligible,True,completed,"{'revision': 1, 'iterations': 80, 'sample_count': 20, 'measurement_iterations_multiplier': 4, 'warmup_iterations': 3, 'gpu_completion_mode': 'per_iteration', 'unit': 'us', 'direction': 'lower_is_better'}"
win,candidate,surface.surface_list_lookup_128,20261004-181316257-f3ae66f2e093463fb4cb23ef0df0c6f0,18214.6657,108505,1355.9,1355.9,failed,PASS,c6275b91195a5325,4b4650aa45e0be8d,True,ineligible,True,completed,"{'revision': 1, 'iterations': 80, 'sample_count': 20, 'measurement_iterations_multiplier': 4, 'warmup_iterations': 3, 'gpu_completion_mode': 'per_iteration', 'unit': 'us', 'direction': 'lower_is_better'}"
win,candidate,surface.vulkan_memory_pressure.representative.growth,20261004-181316257-f3ae66f2e093463fb4cb23ef0df0c6f0,18214.6657,196648,12290,12290,failed,PASS,1b85a83206804325,a1ce1e9182d42125,True,ineligible,True,completed,"{'revision': 1, 'iterations': 16, 'sample_count': 4, 'measurement_iterations_multiplier': 4, 'warmup_iterations': 3, 'gpu_completion_mode': 'per_iteration', 'unit': 'us', 'direction': 'lower_is_better'}"
win,candidate,surface.vulkan_memory_pressure.representative.plateau,20261004-181316257-f3ae66f2e093463fb4cb23ef0df0c6f0,18214.6657,204880,12804.75,12804.75,failed,PASS,94973dc83ee12325,c00be5b19acc4e6f,True,ineligible,True,completed,"{'revision': 1, 'iterations': 16, 'sample_count': 4, 'measurement_iterations_multiplier': 4, 'warmup_iterations': 3, 'gpu_completion_mode': 'per_iteration', 'unit': 'us', 'direction': 'lower_is_better'}"
win,candidate,surface.vulkan_memory_pressure.representative.alias_resize,20261004-181316257-f3ae66f2e093463fb4cb23ef0df0c6f0,18214.6657,205372,12835.5,12835.5,failed,PASS,7e3cba40d2e56b25,0247ea98d29062c5,True,ineligible,True,completed,"{'revision': 1, 'iterations': 16, 'sample_count': 4, 'measurement_iterations_multiplier': 4, 'warmup_iterations': 3, 'gpu_completion_mode': 'per_iteration', 'unit': 'us', 'direction': 'lower_is_better'}"
win,candidate,surface.vulkan_memory_pressure.representative.reuse,20261004-181316257-f3ae66f2e093463fb4cb23ef0df0c6f0,18214.6657,204679,12792,12792,failed,PASS,834dc31dcb46cb25,d885d846be04bb3d,True,ineligible,True,completed,"{'revision': 1, 'iterations': 16, 'sample_count': 4, 'measurement_iterations_multiplier': 4, 'warmup_iterations': 3, 'gpu_completion_mode': 'per_iteration', 'unit': 'us', 'direction': 'lower_is_better'}"
win,candidate,surface.vulkan_memory_pressure.representative.idle_retention,20261004-181316257-f3ae66f2e093463fb4cb23ef0df0c6f0,18214.6657,14873,929.25,929.25,failed,PASS,e45ec923aeb05125,4ab34638455a76e1,True,ineligible,True,completed,"{'revision': 1, 'iterations': 16, 'sample_count': 4, 'measurement_iterations_multiplier': 4, 'warmup_iterations': 3, 'gpu_completion_mode': 'per_iteration', 'unit': 'us', 'direction': 'lower_is_better'}"
win,candidate,surface.vulkan_memory_pressure.stress.growth,20261004-181316257-f3ae66f2e093463fb4cb23ef0df0c6f0,18214.6657,770803,48174.75,48174.75,failed,PASS,16b728a467be7f25,063949c8ff1686f9,True,ineligible,True,completed,"{'revision': 1, 'iterations': 16, 'sample_count': 4, 'measurement_iterations_multiplier': 4, 'warmup_iterations': 3, 'gpu_completion_mode': 'per_iteration', 'unit': 'us', 'direction': 'lower_is_better'}"
win,candidate,surface.vulkan_memory_pressure.stress.plateau,20261004-181316257-f3ae66f2e093463fb4cb23ef0df0c6f0,18214.6657,766872,47929.25,47929.25,failed,PASS,2936a367d6aa6725,769bf225e8cc48d5,True,ineligible,True,completed,"{'revision': 1, 'iterations': 16, 'sample_count': 4, 'measurement_iterations_multiplier': 4, 'warmup_iterations': 3, 'gpu_completion_mode': 'per_iteration', 'unit': 'us', 'direction': 'lower_is_better'}"
win,candidate,surface.vulkan_memory_pressure.stress.alias_resize,20261004-181316257-f3ae66f2e093463fb4cb23ef0df0c6f0,18214.6657,818490,51155.25,51155.25,failed,PASS,d5ab377572e54f25,c1ab77f18dbbc86d,True,ineligible,True,completed,"{'revision': 1, 'iterations': 16, 'sample_count': 4, 'measurement_iterations_multiplier': 4, 'warmup_iterations': 3, 'gpu_completion_mode': 'per_iteration', 'unit': 'us', 'direction': 'lower_is_better'}"
win,candidate,surface.vulkan_memory_pressure.stress.reuse,20261004-181316257-f3ae66f2e093463fb4cb23ef0df0c6f0,18214.6657,849216,53075.5,53075.5,failed,PASS,12e4fbb929c6c725,837b6a123bb12a09,True,ineligible,True,completed,"{'revision': 1, 'iterations': 16, 'sample_count': 4, 'measurement_iterations_multiplier': 4, 'warmup_iterations': 3, 'gpu_completion_mode': 'per_iteration', 'unit': 'us', 'direction': 'lower_is_better'}"
win,candidate,surface.vulkan_memory_pressure.stress.idle_retention,20261004-181316257-f3ae66f2e093463fb4cb23ef0df0c6f0,18214.6657,9726,607.5,607.5,failed,PASS,0289a35e3cbf6925,a24e2d9ee2191cd8,True,ineligible,True,completed,"{'revision': 1, 'iterations': 16, 'sample_count': 4, 'measurement_iterations_multiplier': 4, 'warmup_iterations': 3, 'gpu_completion_mode': 'per_iteration', 'unit': 'us', 'direction': 'lower_is_better'}"
win,candidate,tiny_draw.arrays.fixed_function,20261004-181337082-fb036235434d431fb32fdf480ba4645f,20728.4852,1311064,32776.2,32776.2,failed,PASS,acf025546cf667b5,5636eabc173a3691,True,ineligible,True,completed,"{'revision': 1, 'iterations': 40, 'sample_count': 10, 'measurement_iterations_multiplier': 4, 'warmup_iterations': 3, 'gpu_completion_mode': 'per_iteration', 'unit': 'us', 'direction': 'lower_is_better'}"
win,candidate,tiny_draw.arrays.vertex_shader,20261004-181337082-fb036235434d431fb32fdf480ba4645f,20728.4852,932778,23319.1,23319.1,failed,PASS,acf025546cf667b5,5528df4b56e8f75d,True,ineligible,True,completed,"{'revision': 1, 'iterations': 40, 'sample_count': 10, 'measurement_iterations_multiplier': 4, 'warmup_iterations': 3, 'gpu_completion_mode': 'per_iteration', 'unit': 'us', 'direction': 'lower_is_better'}"
win,candidate,tiny_draw.inline_arrays.fixed_function,20261004-181337082-fb036235434d431fb32fdf480ba4645f,20728.4852,1149726,28742.8,28742.8,failed,PASS,acf025546cf667b5,24f378fc9981dad5,True,ineligible,True,completed,"{'revision': 1, 'iterations': 40, 'sample_count': 10, 'measurement_iterations_multiplier': 4, 'warmup_iterations': 3, 'gpu_completion_mode': 'per_iteration', 'unit': 'us', 'direction': 'lower_is_better'}"
win,candidate,tiny_draw.inline_arrays.vertex_shader,20261004-181337082-fb036235434d431fb32fdf480ba4645f,20728.4852,1115341,27883.1,27883.1,failed,PASS,acf025546cf667b5,1f7bd52bdb2ddb2d,True,ineligible,True,completed,"{'revision': 1, 'iterations': 40, 'sample_count': 10, 'measurement_iterations_multiplier': 4, 'warmup_iterations': 3, 'gpu_completion_mode': 'per_iteration', 'unit': 'us', 'direction': 'lower_is_better'}"
win,candidate,tiny_draw.inline_buffers.fixed_function,20261004-181337082-fb036235434d431fb32fdf480ba4645f,20728.4852,709320,17732.6,17732.6,failed,PASS,acf025546cf667b5,1d33c1f03f3df5d5,True,ineligible,True,completed,"{'revision': 1, 'iterations': 40, 'sample_count': 10, 'measurement_iterations_multiplier': 4, 'warmup_iterations': 3, 'gpu_completion_mode': 'per_iteration', 'unit': 'us', 'direction': 'lower_is_better'}"
win,candidate,tiny_draw.inline_buffers.vertex_shader,20261004-181337082-fb036235434d431fb32fdf480ba4645f,20728.4852,711593,17789.4,17789.4,failed,PASS,acf025546cf667b5,98123d79a8ae06a5,True,ineligible,True,completed,"{'revision': 1, 'iterations': 40, 'sample_count': 10, 'measurement_iterations_multiplier': 4, 'warmup_iterations': 3, 'gpu_completion_mode': 'per_iteration', 'unit': 'us', 'direction': 'lower_is_better'}"
win,candidate,tiny_draw.inline_elements.fixed_function,20261004-181337082-fb036235434d431fb32fdf480ba4645f,20728.4852,926094,23151.8,23151.8,failed,PASS,acf025546cf667b5,cd0e5481b375a40d,True,ineligible,True,completed,"{'revision': 1, 'iterations': 40, 'sample_count': 10, 'measurement_iterations_multiplier': 4, 'warmup_iterations': 3, 'gpu_completion_mode': 'per_iteration', 'unit': 'us', 'direction': 'lower_is_better'}"
win,candidate,tiny_draw.inline_elements.vertex_shader,20261004-181337082-fb036235434d431fb32fdf480ba4645f,20728.4852,935476,23386.6,23386.6,failed,PASS,acf025546cf667b5,0539f844d85cc73d,True,ineligible,True,completed,"{'revision': 1, 'iterations': 40, 'sample_count': 10, 'measurement_iterations_multiplier': 4, 'warmup_iterations': 3, 'gpu_completion_mode': 'per_iteration', 'unit': 'us', 'direction': 'lower_is_better'}"
