timestamp_us,guest_frame,depth_alias_conversions_per_guest_frame,depth_alias_reuse_hits_per_guest_frame,depth_alias_conversion_failures_per_guest_frame,depth_alias_views_retired_per_guest_frame,depth_alias_producer_pixels_per_guest_frame,depth_alias_view_pixels_per_guest_frame
97110165855,1,0,0,0,0,0,0
97110531740,2,0,0,0,0,0,0
97110565808,3,0,0,0,0,0,0
97110585926,4,0,0,0,0,0,0
97110601435,5,0,0,0,0,0,0
97110618558,6,0,0,0,0,0,0
97110634550,7,0,0,0,0,0,0
97110652661,8,0,0,0,0,0,0
97110669106,9,0,0,0,0,0,0
97110684507,10,0,0,0,0,0,0
97110702300,11,0,0,0,0,0,0
97110717583,12,0,0,0,0,0,0
97110734361,13,0,0,0,0,0,0
97110751032,14,0,0,0,0,0,0
97110767822,15,0,0,0,0,0,0
97110784289,16,0,0,0,0,0,0
97110800908,17,0,0,0,0,0,0
97110817318,18,0,0,0,0,0,0
97110834047,19,0,0,0,0,0,0
97110852121,20,0,0,0,0,0,0
97110868941,21,0,0,0,0,0,0
97110884041,22,0,0,0,0,0,0
97110900833,23,0,0,0,0,0,0
97110917077,24,0,0,0,0,0,0
97110933988,25,0,0,0,0,0,0
97110952451,26,0,0,0,0,0,0
97110966915,27,0,0,0,0,0,0
97110983990,28,0,0,0,0,0,0
97111000797,29,0,0,0,0,0,0
97111017430,30,0,0,0,0,0,0
97111034216,31,0,0,0,0,0,0
97111050923,32,0,0,0,0,0,0
97111067709,33,0,0,0,0,0,0
97111085606,34,0,0,0,0,0,0
97111164292,35,0,0,0,0,0,0
97111210412,36,0,0,0,0,0,0
97111223613,37,0,0,0,0,0,0
97111238679,38,0,0,0,0,0,0
97111254082,39,0,0,0,0,0,0
97111270293,40,0,0,0,0,0,0
97111287154,41,0,0,0,0,0,0
97111303845,42,0,0,0,0,0,0
97111320599,43,0,0,0,0,0,0
97111353978,44,0,0,0,0,0,0
97111370088,45,0,0,0,0,0,0
97111384241,46,0,0,0,0,0,0
97111401697,47,0,0,0,0,0,0
97111417650,48,0,0,0,0,0,0
97111434209,49,0,0,0,0,0,0
97111450784,50,0,0,0,0,0,0
97111469814,51,0,0,0,0,0,0
97111484370,52,0,0,0,0,0,0
97111500508,53,0,0,0,0,0,0
97111517497,54,0,0,0,0,0,0
97111534547,55,0,0,0,0,0,0
97111551477,56,0,0,0,0,0,0
97111567820,57,0,0,0,0,0,0
97111587439,58,0,0,0,0,0,0
97111606976,59,0,0,0,0,0,0
97111620037,60,0,0,0,0,0,0
97111637262,61,0,0,0,0,0,0
97111655473,62,0,0,0,0,0,0
97111671263,63,0,0,0,0,0,0
97111687303,64,0,0,0,0,0,0
97111703724,65,0,0,0,0,0,0
97111722072,66,0,0,0,0,0,0
97111736847,67,0,0,0,0,0,0
97111753543,68,0,0,0,0,0,0
97111770724,69,0,0,0,0,0,0
97111787035,70,0,0,0,0,0,0
97111804035,71,0,0,0,0,0,0
97111820489,72,0,0,0,0,0,0
97111837382,73,0,0,0,0,0,0
97111854342,74,0,0,0,0,0,0
97111870722,75,0,0,0,0,0,0
97111888564,76,0,0,0,0,0,0
97111904068,77,0,0,0,0,0,0
97111920681,78,0,0,0,0,0,0
97111939064,79,0,0,0,0,0,0
97111953693,80,0,0,0,0,0,0
97111970600,81,0,0,0,0,0,0
97111987536,82,0,0,0,0,0,0
97112005147,83,0,0,0,0,0,0
97112020075,84,0,0,0,0,0,0
97112038750,85,0,0,0,0,0,0
97112054979,86,0,0,0,0,0,0
97112070570,87,0,0,0,0,0,0
97112087253,88,0,0,0,0,0,0
97112103728,89,0,0,0,0,0,0
97112120169,90,0,0,0,0,0,0
97112138831,91,0,0,0,0,0,0
97112156020,92,0,0,0,0,0,0
97112169875,93,0,0,0,0,0,0
97112186935,94,0,0,0,0,0,0
97112204282,95,0,0,0,0,0,0
97112220264,96,0,0,0,0,0,0
97112238581,97,0,0,0,0,0,0
97112253666,98,0,0,0,0,0,0
97112270004,99,0,0,0,0,0,0
97112287179,100,0,0,0,0,0,0
97112303170,101,0,0,0,0,0,0
97112320893,102,0,0,0,0,0,0
97112338565,103,0,0,0,0,0,0
97112354165,104,0,0,0,0,0,0
97112370614,105,0,0,0,0,0,0
97112386686,106,0,0,0,0,0,0
97112404438,107,0,0,0,0,0,0
97112420055,108,0,0,0,0,0,0
97112436669,109,0,0,0,0,0,0
97112454348,110,0,0,0,0,0,0
97112470143,111,0,0,0,0,0,0
97112486938,112,0,0,0,0,0,0
97112505173,113,0,0,0,0,0,0
97112520281,114,0,0,0,0,0,0
97112536616,115,0,0,0,0,0,0
97112553877,116,0,0,0,0,0,0
97112570083,117,0,0,0,0,0,0
97112588482,118,0,0,0,0,0,0
97112603917,119,0,0,0,0,0,0
97112620427,120,0,0,0,0,0,0
97112637161,121,0,0,0,0,0,0
97112653729,122,0,0,0,0,0,0
97112670188,123,0,0,0,0,0,0
97112686744,124,0,0,0,0,0,0
97112703991,125,0,0,0,0,0,0
97112720680,126,0,0,0,0,0,0
97112736785,127,0,0,0,0,0,0
97112753555,128,0,0,0,0,0,0
97112772658,129,0,0,0,0,0,0
97112786930,130,0,0,0,0,0,0
97112805665,131,0,0,0,0,0,0
97112820237,132,0,0,0,0,0,0
97112837122,133,0,0,0,0,0,0
97112853723,134,0,0,0,0,0,0
97112871809,135,0,0,0,0,0,0
97112886831,136,0,0,0,0,0,0
97112905187,137,0,0,0,0,0,0
97112919922,138,0,0,0,0,0,0
97112936636,139,0,0,0,0,0,0
97112953649,140,0,0,0,0,0,0
97112970361,141,0,0,0,0,0,0
97112986690,142,0,0,0,0,0,0
97113003541,143,0,0,0,0,0,0
97113020494,144,0,0,0,0,0,0
97113036765,145,0,0,0,0,0,0
97113055109,146,0,0,0,0,0,0
97113070287,147,0,0,0,0,0,0
97113086627,148,0,0,0,0,0,0
97113103262,149,0,0,0,0,0,0
97113121574,150,0,0,0,0,0,0
97113136920,151,0,0,0,0,0,0
97113156090,152,0,0,0,0,0,0
97113170239,153,0,0,0,0,0,0
97113187865,154,0,0,0,0,0,0
97113205378,155,0,0,0,0,0,0
97113220112,156,0,0,0,0,0,0
97113237226,157,0,0,0,0,0,0
97113254064,158,0,0,0,0,0,0
97113270593,159,0,0,0,0,0,0
97113287280,160,0,0,0,0,0,0
97113304168,161,0,0,0,0,0,0
97113321283,162,0,0,0,0,0,0
97113337354,163,0,0,0,0,0,0
97113353371,164,0,0,0,0,0,0
97113370223,165,0,0,0,0,0,0
97113387295,166,0,0,0,0,0,0
97113405479,167,0,0,0,0,0,0
97113422238,168,0,0,0,0,0,0
97113437375,169,0,0,0,0,0,0
97113454137,170,0,0,0,0,0,0
97113470779,171,0,0,0,0,0,0
97113487592,172,0,0,0,0,0,0
97113503361,173,0,0,0,0,0,0
97113521064,174,0,0,0,0,0,0
97113537905,175,0,0,0,0,0,0
97113554834,176,0,0,0,0,0,0
97113570830,177,0,0,0,0,0,0
97113587329,178,0,0,0,0,0,0
97113605017,179,0,0,0,0,0,0
97113620448,180,0,0,0,0,0,0
97113638759,181,0,0,0,0,0,0
97113654034,182,0,0,0,0,0,0
97113670607,183,0,0,0,0,0,0
97113687370,184,0,0,0,0,0,0
97113703954,185,0,0,0,0,0,0
97113721111,186,0,0,0,0,0,0
97113737444,187,0,0,0,0,0,0
97113753822,188,0,0,0,0,0,0
97113770750,189,0,0,0,0,0,0
97113787106,190,0,0,0,0,0,0
97113804514,191,0,0,0,0,0,0
97113820417,192,0,0,0,0,0,0
97113837250,193,0,0,0,0,0,0
97113856045,194,0,0,0,0,0,0
97113870612,195,0,0,0,0,0,0
97113886935,196,0,0,0,0,0,0
97113903848,197,0,0,0,0,0,0
97113922081,198,0,0,0,0,0,0
97113937436,199,0,0,0,0,0,0
97113954300,200,0,0,0,0,0,0
97113970736,201,0,0,0,0,0,0
97113988509,202,0,0,0,0,0,0
97114003880,203,0,0,0,0,0,0
97114020683,204,0,0,0,0,0,0
97114037999,205,0,0,0,0,0,0
97114054063,206,0,0,0,0,0,0
97114072318,207,0,0,0,0,0,0
97114087146,208,0,0,0,0,0,0
97114103879,209,0,0,0,0,0,0
97114122289,210,0,0,0,0,0,0
97114139104,211,0,0,0,0,0,0
97114153831,212,0,0,0,0,0,0
97114169960,213,0,0,0,0,0,0
97114187016,214,0,0,0,0,0,0
97114204145,215,0,0,0,0,0,0
97114222561,216,0,0,0,0,0,0
97114236854,217,0,0,0,0,0,0
97114253683,218,0,0,0,0,0,0
97114270940,219,0,0,0,0,0,0
97114286744,220,0,0,0,0,0,0
97114303251,221,0,0,0,0,0,0
97114320139,222,0,0,0,0,0,0
97114336880,223,0,0,0,0,0,0
97114353706,224,0,0,0,0,0,0
97114370551,225,0,0,0,0,0,0
97114387070,226,0,0,0,0,0,0
97114404519,227,0,0,0,0,0,0
97114422227,228,0,0,0,0,0,0
97114437122,229,0,0,0,0,0,0
97114454065,230,0,0,0,0,0,0
97114472955,231,0,0,0,0,0,0
97114486977,232,0,0,0,0,0,0
97114505317,233,0,0,0,0,0,0
97114520491,234,0,0,0,0,0,0
97114536584,235,0,0,0,0,0,0
97114553326,236,0,0,0,0,0,0
97114570303,237,0,0,0,0,0,0
97114586869,238,0,0,0,0,0,0
97114603856,239,0,0,0,0,0,0
97114620268,240,0,0,0,0,0,0
97114638640,241,0,0,0,0,0,0
97114653492,242,0,0,0,0,0,0
97114672329,243,0,0,0,0,0,0
97114686578,244,0,0,0,0,0,0
97114703262,245,0,0,0,0,0,0
97114721178,246,0,0,0,0,0,0
97114737609,247,0,0,0,0,0,0
97114753797,248,0,0,0,0,0,0
97114770836,249,0,0,0,0,0,0
97114787110,250,0,0,0,0,0,0
97114803385,251,0,0,0,0,0,0
97114819965,252,0,0,0,0,0,0
97114836556,253,0,0,0,0,0,0
97114853531,254,0,0,0,0,0,0
97114870297,255,0,0,0,0,0,0
97114886984,256,0,0,0,0,0,0
97114904095,257,0,0,0,0,0,0
97114920373,258,0,0,0,0,0,0
97114936678,259,0,0,0,0,0,0
97114953421,260,0,0,0,0,0,0
97114971134,261,0,0,0,0,0,0
97114987268,262,0,0,0,0,0,0
97115005354,263,0,0,0,0,0,0
97115020244,264,0,0,0,0,0,0
97115037064,265,0,0,0,0,0,0
97115055389,266,0,0,0,0,0,0
97115070892,267,0,0,0,0,0,0
97115086812,268,0,0,0,0,0,0
97115103559,269,0,0,0,0,0,0
97115120099,270,0,0,0,0,0,0
97115137429,271,0,0,0,0,0,0
97115154128,272,0,0,0,0,0,0
97115170675,273,0,0,0,0,0,0
97115187469,274,0,0,0,0,0,0
97115206279,275,0,0,0,0,0,0
97115228181,276,0,0,0,0,0,0
97115255130,277,0,0,0,0,0,0
97115273012,278,0,0,0,0,0,0
97115287299,279,0,0,0,0,0,0
97115304218,280,0,0,0,0,0,0
97115321542,281,0,0,0,0,0,0
97115337968,282,0,0,0,0,0,0
97115353450,283,0,0,0,0,0,0
97115370721,284,0,0,0,0,0,0
97115387354,285,0,0,0,0,0,0
97115403947,286,0,0,0,0,0,0
97115422257,287,0,0,0,0,0,0
97115437739,288,0,0,0,0,0,0
97115454650,289,0,0,0,0,0,0
97115470076,290,0,0,0,0,0,0
97115486818,291,0,0,0,0,0,0
97115504074,292,0,0,0,0,0,0
97115521085,293,0,0,0,0,0,0
97115537658,294,0,0,0,0,0,0
97115553613,295,0,0,0,0,0,0
97115574152,296,0,0,0,0,0,0
97115588998,297,0,0,0,0,0,0
97115603995,298,0,0,0,0,0,0
97115620952,299,0,0,0,0,0,0
97115637305,300,0,0,0,0,0,0
97115654438,301,0,0,0,0,0,0
97115670549,302,0,0,0,0,0,0
97115687369,303,0,0,0,0,0,0
97115703921,304,0,0,0,0,0,0
97115720047,305,0,0,0,0,0,0
97115756054,306,0,0,0,0,0,0
97115773574,307,0,0,0,0,0,0
97115787684,308,0,0,0,0,0,0
97115803830,309,0,0,0,0,0,0
97115820222,310,0,0,0,0,0,0
97115837211,311,0,0,0,0,0,0
97115854374,312,0,0,0,0,0,0
97115870340,313,0,0,0,0,0,0
97115886844,314,0,0,0,0,0,0
97115904621,315,0,0,0,0,0,0
97115920545,316,0,0,0,0,0,0
97115937152,317,0,0,0,0,0,0
97115956103,318,0,0,0,0,0,0
97115971412,319,0,0,0,0,0,0
97115987244,320,0,0,0,0,0,0
97116003717,321,0,0,0,0,0,0
97116019859,322,0,0,0,0,0,0
97116036553,323,0,0,0,0,0,0
97116053732,324,0,0,0,0,0,0
97116070640,325,0,0,0,0,0,0
97116086720,326,0,0,0,0,0,0
97116104285,327,0,0,0,0,0,0
97116120823,328,0,0,0,0,0,0
97116136611,329,0,0,0,0,0,0
97116153357,330,0,0,0,0,0,0
97116169965,331,0,0,0,0,0,0
97116187624,332,0,0,0,0,0,0
97116203929,333,0,0,0,0,0,0
97116220425,334,0,0,0,0,0,0
97116237115,335,0,0,0,0,0,0
97116253184,336,0,0,0,0,0,0
97116270611,337,0,0,0,0,0,0
97116290272,338,0,0,0,0,0,0
97116304083,339,0,0,0,0,0,0
97116322026,340,0,0,0,0,0,0
97116338756,341,0,0,0,0,0,0
97116353735,342,0,0,0,0,0,0
97116370499,343,0,0,0,0,0,0
97116387212,344,0,0,0,0,0,0
97116403988,345,0,0,0,0,0,0
97116420754,346,0,0,0,0,0,0
97116437276,347,0,0,0,0,0,0
97116449668,348,0,0,0,0,0,0
97116460530,349,0,0,0,0,0,0
97116478102,350,0,0,0,0,0,0
97116495780,351,0,0,0,0,0,0
97116510379,352,0,0,0,0,0,0
97116559462,353,0,0,0,0,0,0
97116560152,354,0,0,0,0,0,0
97116577054,355,0,0,0,0,0,0
97116593452,356,0,0,0,0,0,0
97116612715,357,0,0,0,0,0,0
97116627029,358,0,0,0,0,0,0
97116643407,359,0,0,0,0,0,0
97116660191,360,0,0,0,0,0,0
97116676685,361,0,0,0,0,0,0
97116693403,362,0,0,0,0,0,0
97116709984,363,0,0,0,0,0,0
97116727144,364,0,0,0,0,0,0
97116743414,365,0,0,0,0,0,0
97116762558,366,0,0,0,0,0,0
97116789933,367,0,0,0,0,0,0
97116793966,368,0,0,0,0,0,0
97116810168,369,0,0,0,0,0,0
97116827068,370,0,0,0,0,0,0
97116846163,371,0,0,0,0,0,0
97116859990,372,0,0,0,0,0,0
97116876964,373,0,0,0,0,0,0
97116893650,374,0,0,0,0,0,0
97116910338,375,0,0,0,0,0,0
97116927072,376,0,0,0,0,0,0
97116943508,377,0,0,0,0,0,0
97116960058,378,0,0,0,0,0,0
97116977109,379,0,0,0,0,0,0
97116993796,380,0,0,0,0,0,0
97117010419,381,0,0,0,0,0,0
97117027120,382,0,0,0,0,0,0
97117043813,383,0,0,0,0,0,0
97117060181,384,0,0,0,0,0,0
97117076652,385,0,0,0,0,0,0
97117093324,386,0,0,0,0,0,0
97117110356,387,0,0,0,0,0,0
97117127100,388,0,0,0,0,0,0
97117143767,389,0,0,0,0,0,0
97117160123,390,0,0,0,0,0,0
97117176703,391,0,0,0,0,0,0
97117193682,392,0,0,0,0,0,0
97117210169,393,0,0,0,0,0,0
97117226649,394,0,0,0,0,0,0
97117243354,395,0,0,0,0,0,0
97117260368,396,0,0,0,0,0,0
97117277052,397,0,0,0,0,0,0
97117293736,398,0,0,0,0,0,0
97117310137,399,0,0,0,0,0,0
97117326684,400,0,0,0,0,0,0
97117343858,401,0,0,0,0,0,0
97117360007,402,0,0,0,0,0,0
97117377107,403,0,0,0,0,0,0
97117393765,404,0,0,0,0,0,0
97117410392,405,0,0,0,0,0,0
97117427032,406,0,0,0,0,0,0
97117443543,407,0,0,0,0,0,0
97117460493,408,0,0,0,0,0,0
97117476689,409,0,0,0,0,0,0
97117495866,410,0,0,0,0,0,0
97117509957,411,0,0,0,0,0,0
97117526665,412,0,0,0,0,0,0
97117543683,413,0,0,0,0,0,0
97117560459,414,0,0,0,0,0,0
97117576750,415,0,0,0,0,0,0
97117593482,416,0,0,0,0,0,0
97117610071,417,0,0,0,0,0,0
97117626661,418,0,0,0,0,0,0
97117644025,419,0,0,0,0,0,0
97117660015,420,0,0,0,0,0,0
97117676720,421,0,0,0,0,0,0
97117693496,422,0,0,0,0,0,0
97117709970,423,0,0,0,0,0,0
97117726685,424,0,0,0,0,0,0
97117743512,425,0,0,0,0,0,0
97117760080,426,0,0,0,0,0,0
97117776739,427,0,0,0,0,0,0
97117793363,428,0,0,0,0,0,0
97117810375,429,0,0,0,0,0,0
97117826847,430,0,0,0,0,0,0
97117843724,431,0,0,0,0,0,0
97117860033,432,0,0,0,0,0,0
97117877168,433,0,0,0,0,0,0
97117893742,434,0,0,0,0,0,0
97117910045,435,0,0,0,0,0,0
97117927168,436,0,0,0,0,0,0
97117943371,437,0,0,0,0,0,0
97117960559,438,0,0,0,0,0,0
97117976721,439,0,0,0,0,0,0
97117993336,440,0,0,0,0,0,0
97118009976,441,0,0,0,0,0,0
97118026668,442,0,0,0,0,0,0
97118043366,443,0,0,0,0,0,0
97118060381,444,0,0,0,0,0,0
97118077031,445,0,0,0,0,0,0
97118093480,446,0,0,0,0,0,0
97118110164,447,0,0,0,0,0,0
97118126705,448,0,0,0,0,0,0
97118143755,449,0,0,0,0,0,0
97118160054,450,0,0,0,0,0,0
97118177081,451,0,0,0,0,0,0
97118193837,452,0,0,0,0,0,0
97118210232,453,0,0,0,0,0,0
97118227140,454,0,0,0,0,0,0
97118243306,455,0,0,0,0,0,0
97118260406,456,0,0,0,0,0,0
97118276979,457,0,0,0,0,0,0
97118293691,458,0,0,0,0,0,0
97118310006,459,0,0,0,0,0,0
97118326739,460,0,0,0,0,0,0
97118343685,461,0,0,0,0,0,0
97118360034,462,0,0,0,0,0,0
97118376672,463,0,0,0,0,0,0
97118393707,464,0,0,0,0,0,0
97118410351,465,0,0,0,0,0,0
97118426587,466,0,0,0,0,0,0
97118444102,467,0,0,0,0,0,0
97118460064,468,0,0,0,0,0,0
97118477145,469,0,0,0,0,0,0
97118493863,470,0,0,0,0,0,0
97118510055,471,0,0,0,0,0,0
97118526719,472,0,0,0,0,0,0
97118543720,473,0,0,0,0,0,0
97118662475,474,0,0,0,0,0,0
97118829748,475,0,0,0,0,0,0
97123851754,476,0,0,0,0,0,0
97123918226,477,0,0,0,0,0,0
97123939167,478,0,0,0,0,0,0
97123959506,479,0,0,0,0,0,0
97123973310,480,0,0,0,0,0,0
97123990671,481,0,0,0,0,0,0
97124006288,482,0,0,0,0,0,0
97124022881,483,0,0,0,0,0,0
97124040875,484,0,0,0,0,0,0
97124056266,485,0,0,0,0,0,0
97124074372,486,0,0,0,0,0,0
97124089600,487,0,0,0,0,0,0
97124107209,488,0,0,0,0,0,0
97124122609,489,0,0,0,0,0,0
97124140730,490,0,0,0,0,0,0
97124156099,491,0,0,0,0,0,0
97124173624,492,0,0,0,0,0,0
97124189745,493,0,0,0,0,0,0
97124206959,494,0,0,0,0,0,0
97124222958,495,0,0,0,0,0,0
97124240814,496,0,0,0,0,0,0
97124256533,497,0,0,0,0,0,0
97124273997,498,0,0,0,0,0,0
97124289696,499,0,0,0,0,0,0
97124306975,500,0,0,0,0,0,0
97124322863,501,0,0,0,0,0,0
97124340807,502,0,0,0,0,0,0
97124356292,503,0,0,0,0,0,0
97124374912,504,0,0,0,0,0,0
97124389523,505,0,0,0,0,0,0
97124407252,506,0,0,0,0,0,0
97124423313,507,0,0,0,0,0,0
97124440640,508,0,0,0,0,0,0
97124456309,509,0,0,0,0,0,0
97124473977,510,0,0,0,0,0,0
97124489620,511,0,0,0,0,0,0
97124507907,512,0,0,0,0,0,0
97124522974,513,0,0,0,0,0,0
97124540643,514,0,0,0,0,0,0
97124556185,515,0,0,0,0,0,0
97124573874,516,0,0,0,0,0,0
97124589528,517,0,0,0,0,0,0
97124607371,518,0,0,0,0,0,0
97124622861,519,0,0,0,0,0,0
97124640891,520,0,0,0,0,0,0
97124656533,521,0,0,0,0,0,0
97124673830,522,0,0,0,0,0,0
97124689254,523,0,0,0,0,0,0
97124707166,524,0,0,0,0,0,0
97124723034,525,0,0,0,0,0,0
97124740704,526,0,0,0,0,0,0
97124756298,527,0,0,0,0,0,0
97124774337,528,0,0,0,0,0,0
97124789646,529,0,0,0,0,0,0
97124807484,530,0,0,0,0,0,0
97124822925,531,0,0,0,0,0,0
97124840660,532,0,0,0,0,0,0
97124856458,533,0,0,0,0,0,0
97124873655,534,0,0,0,0,0,0
97124889548,535,0,0,0,0,0,0
97124907427,536,0,0,0,0,0,0
97124924388,537,0,0,0,0,0,0
97124939666,538,0,0,0,0,0,0
97124956734,539,0,0,0,0,0,0
97124973991,540,0,0,0,0,0,0
97124989779,541,0,0,0,0,0,0
97125007196,542,0,0,0,0,0,0
97125023275,543,0,0,0,0,0,0
97125040638,544,0,0,0,0,0,0
97125056293,545,0,0,0,0,0,0
97125074099,546,0,0,0,0,0,0
97125089797,547,0,0,0,0,0,0
97125107314,548,0,0,0,0,0,0
97125122697,549,0,0,0,0,0,0
97125140800,550,0,0,0,0,0,0
97125156387,551,0,0,0,0,0,0
97125173981,552,0,0,0,0,0,0
97125189654,553,0,0,0,0,0,0
97125207752,554,0,0,0,0,0,0
97125223230,555,0,0,0,0,0,0
97125240429,556,0,0,0,0,0,0
97125256344,557,0,0,0,0,0,0
97125274113,558,0,0,0,0,0,0
97125289889,559,0,0,0,0,0,0
97125307242,560,0,0,0,0,0,0
97125323095,561,0,0,0,0,0,0
97125340671,562,0,0,0,0,0,0
97125356369,563,0,0,0,0,0,0
97125373882,564,0,0,0,0,0,0
97125389651,565,0,0,0,0,0,0
97125407340,566,0,0,0,0,0,0
97125422986,567,0,0,0,0,0,0
97125440880,568,0,0,0,0,0,0
97125456264,569,0,0,0,0,0,0
97125473985,570,0,0,0,0,0,0
97125489435,571,0,0,0,0,0,0
97125506957,572,0,0,0,0,0,0
97125523159,573,0,0,0,0,0,0
97125540664,574,0,0,0,0,0,0
97125556027,575,0,0,0,0,0,0
97125574177,576,0,0,0,0,0,0
97125589542,577,0,0,0,0,0,0
97125607131,578,0,0,0,0,0,0
97125622766,579,0,0,0,0,0,0
97125640321,580,0,0,0,0,0,0
97125657351,581,0,0,0,0,0,0
97125674188,582,0,0,0,0,0,0
97125689477,583,0,0,0,0,0,0
97125707461,584,0,0,0,0,0,0
97125722931,585,0,0,0,0,0,0
97125740693,586,0,0,0,0,0,0
97125756406,587,0,0,0,0,0,0
97125773771,588,0,0,0,0,0,0
97125789444,589,0,0,0,0,0,0
97125807319,590,0,0,0,0,0,0
97125823055,591,0,0,0,0,0,0
97125840818,592,0,0,0,0,0,0
97125856446,593,0,0,0,0,0,0
97125874936,594,0,0,0,0,0,0
97125889605,595,0,0,0,0,0,0
97125907015,596,0,0,0,0,0,0
97125923706,597,0,0,0,0,0,0
97125939494,598,0,0,0,0,0,0
97125956223,599,0,0,0,0,0,0
97125974369,600,0,0,0,0,0,0
97125989728,601,0,0,0,0,0,0
97126007111,602,0,0,0,0,0,0
97126023200,603,0,0,0,0,0,0
97126040860,604,0,0,0,0,0,0
97126056575,605,0,0,0,0,0,0
97126073990,606,0,0,0,0,0,0
97126089674,607,0,0,0,0,0,0
97126107425,608,0,0,0,0,0,0
97126122930,609,0,0,0,0,0,0
97126140844,610,0,0,0,0,0,0
97126156239,611,0,0,0,0,0,0
97126173860,612,0,0,0,0,0,0
97126189755,613,0,0,0,0,0,0
97126207706,614,0,0,0,0,0,0
97126223273,615,0,0,0,0,0,0
97126240855,616,0,0,0,0,0,0
97126257711,617,0,0,0,0,0,0
97126274215,618,0,0,0,0,0,0
97126289522,619,0,0,0,0,0,0
97126307481,620,0,0,0,0,0,0
97126322813,621,0,0,0,0,0,0
97126340906,622,0,0,0,0,0,0
97126356120,623,0,0,0,0,0,0
97126373733,624,0,0,0,0,0,0
97126389651,625,0,0,0,0,0,0
97126407065,626,0,0,0,0,0,0
97126422855,627,0,0,0,0,0,0
97126440406,628,0,0,0,0,0,0
97126456076,629,0,0,0,0,0,0
97126474152,630,0,0,0,0,0,0
97126489832,631,0,0,0,0,0,0
97126507309,632,0,0,0,0,0,0
97126523065,633,0,0,0,0,0,0
97126540691,634,0,0,0,0,0,0
97126556376,635,0,0,0,0,0,0
97126574041,636,0,0,0,0,0,0
97126591717,637,0,0,0,0,0,0
97126607412,638,0,0,0,0,0,0
97126622878,639,0,0,0,0,0,0
97126640887,640,0,0,0,0,0,0
97126656434,641,0,0,0,0,0,0
97126674361,642,0,0,0,0,0,0
97126689738,643,0,0,0,0,0,0
97126707029,644,0,0,0,0,0,0
97126722948,645,0,0,0,0,0,0
97126740709,646,0,0,0,0,0,0
97126756310,647,0,0,0,0,0,0
97126774406,648,0,0,0,0,0,0
97126789968,649,0,0,0,0,0,0
97126807220,650,0,0,0,0,0,0
97126822990,651,0,0,0,0,0,0
97126840700,652,0,0,0,0,0,0
97126856288,653,0,0,0,0,0,0
97126874056,654,0,0,0,0,0,0
97126889310,655,0,0,0,0,0,0
97126907559,656,0,0,0,0,0,0
97126924290,657,0,0,0,0,0,0
97126939566,658,0,0,0,0,0,0
97126956106,659,0,0,0,0,0,0
97126973693,660,0,0,0,0,0,0
97126989734,661,0,0,0,0,0,0
97127007390,662,0,0,0,0,0,0
97127023133,663,0,0,0,0,0,0
97127040868,664,0,0,0,0,0,0
97127056637,665,0,0,0,0,0,0
97127073840,666,0,0,0,0,0,0
97127089732,667,0,0,0,0,0,0
97127106986,668,0,0,0,0,0,0
97127122858,669,0,0,0,0,0,0
97127140660,670,0,0,0,0,0,0
97127156418,671,0,0,0,0,0,0
97127174124,672,0,0,0,0,0,0
97127189794,673,0,0,0,0,0,0
97127207608,674,0,0,0,0,0,0
97127223121,675,0,0,0,0,0,0
97127240801,676,0,0,0,0,0,0
97127256464,677,0,0,0,0,0,0
97127273971,678,0,0,0,0,0,0
97127289746,679,0,0,0,0,0,0
97127307387,680,0,0,0,0,0,0
97127322836,681,0,0,0,0,0,0
97127341340,682,0,0,0,0,0,0
97127356248,683,0,0,0,0,0,0
97127373825,684,0,0,0,0,0,0
97127389437,685,0,0,0,0,0,0
97127407211,686,0,0,0,0,0,0
97127423201,687,0,0,0,0,0,0
97127440862,688,0,0,0,0,0,0
97127456533,689,0,0,0,0,0,0
97127474169,690,0,0,0,0,0,0
97127489615,691,0,0,0,0,0,0
97127507466,692,0,0,0,0,0,0
97127522837,693,0,0,0,0,0,0
97127540513,694,0,0,0,0,0,0
97127556295,695,0,0,0,0,0,0
97127574049,696,0,0,0,0,0,0
97127589796,697,0,0,0,0,0,0
97127607822,698,0,0,0,0,0,0
97127623132,699,0,0,0,0,0,0
97127640681,700,0,0,0,0,0,0
97127656183,701,0,0,0,0,0,0
97127673934,702,0,0,0,0,0,0
97127689800,703,0,0,0,0,0,0
97127707276,704,0,0,0,0,0,0
97127722575,705,0,0,0,0,0,0
97127740519,706,0,0,0,0,0,0
97127756341,707,0,0,0,0,0,0
97127773712,708,0,0,0,0,0,0
97127789494,709,0,0,0,0,0,0
97127807296,710,0,0,0,0,0,0
97127823175,711,0,0,0,0,0,0
97127841114,712,0,0,0,0,0,0
97127855895,713,0,0,0,0,0,0
97127874525,714,0,0,0,0,0,0
97127890346,715,0,0,0,0,0,0
97127906235,716,0,0,0,0,0,0
97127922712,717,0,0,0,0,0,0
97127940849,718,0,0,0,0,0,0
97127956964,719,0,0,0,0,0,0
97127973048,720,0,0,0,0,0,0
97127989567,721,0,0,0,0,0,0
97128007135,722,0,0,0,0,0,0
97128023071,723,0,0,0,0,0,0
97128040295,724,0,0,0,0,0,0
97128056523,725,0,0,0,0,0,0
97128074071,726,0,0,0,0,0,0
97128089871,727,0,0,0,0,0,0
97128107618,728,0,0,0,0,0,0
97128123110,729,0,0,0,0,0,0
97128141212,730,0,0,0,0,0,0
97128156166,731,0,0,0,0,0,0
97128173672,732,0,0,0,0,0,0
97128189551,733,0,0,0,0,0,0
97128207325,734,0,0,0,0,0,0
97128223030,735,0,0,0,0,0,0
97128240899,736,0,0,0,0,0,0
97128256217,737,0,0,0,0,0,0
97128273837,738,0,0,0,0,0,0
97128289699,739,0,0,0,0,0,0
97128307500,740,0,0,0,0,0,0
97128323075,741,0,0,0,0,0,0
97128340760,742,0,0,0,0,0,0
97128356444,743,0,0,0,0,0,0
97128374292,744,0,0,0,0,0,0
97128389796,745,0,0,0,0,0,0
97128407099,746,0,0,0,0,0,0
97128422535,747,0,0,0,0,0,0
97128440592,748,0,0,0,0,0,0
97128456332,749,0,0,0,0,0,0
97128473953,750,0,0,0,0,0,0
97128489513,751,0,0,0,0,0,0
97128507413,752,0,0,0,0,0,0
97128523220,753,0,0,0,0,0,0
97128542605,754,0,0,0,0,0,0
97128556470,755,0,0,0,0,0,0
97128573960,756,0,0,0,0,0,0
97128589540,757,0,0,0,0,0,0
97128607256,758,0,0,0,0,0,0
97128622968,759,0,0,0,0,0,0
97128641041,760,0,0,0,0,0,0
97128656155,761,0,0,0,0,0,0
97128674170,762,0,0,0,0,0,0
97128689682,763,0,0,0,0,0,0
97128707384,764,0,0,0,0,0,0
97128722874,765,0,0,0,0,0,0
97128740540,766,0,0,0,0,0,0
97128756392,767,0,0,0,0,0,0
97128774037,768,0,0,0,0,0,0
97128789625,769,0,0,0,0,0,0
97128807423,770,0,0,0,0,0,0
97128822994,771,0,0,0,0,0,0
97128840375,772,0,0,0,0,0,0
97128856136,773,0,0,0,0,0,0
97128874192,774,0,0,0,0,0,0
97128889311,775,0,0,0,0,0,0
97128907301,776,0,0,0,0,0,0
97128924520,777,0,0,0,0,0,0
97128940204,778,0,0,0,0,0,0
97128956075,779,0,0,0,0,0,0
97128973726,780,0,0,0,0,0,0
97128989404,781,0,0,0,0,0,0
97129007406,782,0,0,0,0,0,0
97129023125,783,0,0,0,0,0,0
97129041017,784,0,0,0,0,0,0
97129056029,785,0,0,0,0,0,0
97129073938,786,0,0,0,0,0,0
97129089122,787,0,0,0,0,0,0
97129107369,788,0,0,0,0,0,0
97129123278,789,0,0,0,0,0,0
97129141345,790,0,0,0,0,0,0
97129156345,791,0,0,0,0,0,0
97129174169,792,0,0,0,0,0,0
97129189554,793,0,0,0,0,0,0
97129207406,794,0,0,0,0,0,0
97129223068,795,0,0,0,0,0,0
97129240304,796,0,0,0,0,0,0
97129256255,797,0,0,0,0,0,0
97129274079,798,0,0,0,0,0,0
97129289698,799,0,0,0,0,0,0
97129307499,800,0,0,0,0,0,0
97129322773,801,0,0,0,0,0,0
97129341110,802,0,0,0,0,0,0
97129356174,803,0,0,0,0,0,0
97129373720,804,0,0,0,0,0,0
97129389715,805,0,0,0,0,0,0
97129407541,806,0,0,0,0,0,0
97129422757,807,0,0,0,0,0,0
97129440836,808,0,0,0,0,0,0
97129456090,809,0,0,0,0,0,0
97129473871,810,0,0,0,0,0,0
97129489419,811,0,0,0,0,0,0
97129506938,812,0,0,0,0,0,0
97129523240,813,0,0,0,0,0,0
97129541243,814,0,0,0,0,0,0
97129555753,815,0,0,0,0,0,0
97129574210,816,0,0,0,0,0,0
97129589829,817,0,0,0,0,0,0
97129607530,818,0,0,0,0,0,0
97129623051,819,0,0,0,0,0,0
97129640890,820,0,0,0,0,0,0
97129656155,821,0,0,0,0,0,0
97129674105,822,0,0,0,0,0,0
97129689738,823,0,0,0,0,0,0
97129707409,824,0,0,0,0,0,0
97129723023,825,0,0,0,0,0,0
97129741420,826,0,0,0,0,0,0
97129756225,827,0,0,0,0,0,0
97129773971,828,0,0,0,0,0,0
97129789374,829,0,0,0,0,0,0
97129807247,830,0,0,0,0,0,0
97129823250,831,0,0,0,0,0,0
97129840718,832,0,0,0,0,0,0
97129855898,833,0,0,0,0,0,0
97129873772,834,0,0,0,0,0,0
97129889630,835,0,0,0,0,0,0
97129907370,836,0,0,0,0,0,0
97129924814,837,0,0,0,0,0,0
97129939538,838,0,0,0,0,0,0
97129956455,839,0,0,0,0,0,0
97129974075,840,0,0,0,0,0,0
97129989218,841,0,0,0,0,0,0
97130007095,842,0,0,0,0,0,0
97130022774,843,0,0,0,0,0,0
97130040399,844,0,0,0,0,0,0
97130056199,845,0,0,0,0,0,0
97130074205,846,0,0,0,0,0,0
97130089574,847,0,0,0,0,0,0
97130107306,848,0,0,0,0,0,0
97130123302,849,0,0,0,0,0,0
97130140699,850,0,0,0,0,0,0
97130156124,851,0,0,0,0,0,0
97130173767,852,0,0,0,0,0,0
97130189565,853,0,0,0,0,0,0
97130207444,854,0,0,0,0,0,0
97130222822,855,0,0,0,0,0,0
97130240590,856,0,0,0,0,0,0
97130256359,857,0,0,0,0,0,0
97130274477,858,0,0,0,0,0,0
97130289492,859,0,0,0,0,0,0
97130307008,860,0,0,0,0,0,0
97130323154,861,0,0,0,0,0,0
97130341274,862,0,0,0,0,0,0
97130356445,863,0,0,0,0,0,0
97130374245,864,0,0,0,0,0,0
97130389867,865,0,0,0,0,0,0
97130407289,866,0,0,0,0,0,0
97130423075,867,0,0,0,0,0,0
97130440425,868,0,0,0,0,0,0
97130456289,869,0,0,0,0,0,0
97130474295,870,0,0,0,0,0,0
97130489539,871,0,0,0,0,0,0
97130507526,872,0,0,0,0,0,0
97130523459,873,0,0,0,0,0,0
97130540586,874,0,0,0,0,0,0
97130556481,875,0,0,0,0,0,0
97130575046,876,0,0,0,0,0,0
97130590226,877,0,0,0,0,0,0
97130607338,878,0,0,0,0,0,0
97130622784,879,0,0,0,0,0,0
97130640871,880,0,0,0,0,0,0
97130656542,881,0,0,0,0,0,0
97130674016,882,0,0,0,0,0,0
97130689731,883,0,0,0,0,0,0
97130707126,884,0,0,0,0,0,0
97130722963,885,0,0,0,0,0,0
97130740689,886,0,0,0,0,0,0
97130755873,887,0,0,0,0,0,0
97130775006,888,0,0,0,0,0,0
97130789731,889,0,0,0,0,0,0
97130807201,890,0,0,0,0,0,0
97130822605,891,0,0,0,0,0,0
97130840305,892,0,0,0,0,0,0
97130855946,893,0,0,0,0,0,0
97130874031,894,0,0,0,0,0,0
97130891764,895,0,0,0,0,0,0
97130907495,896,0,0,0,0,0,0
97130924172,897,0,0,0,0,0,0
97130939549,898,0,0,0,0,0,0
97130956439,899,0,0,0,0,0,0
97130973958,900,0,0,0,0,0,0
97130989589,901,0,0,0,0,0,0
97131007220,902,0,0,0,0,0,0
97131022925,903,0,0,0,0,0,0
97131041108,904,0,0,0,0,0,0
97131056432,905,0,0,0,0,0,0
97131073781,906,0,0,0,0,0,0
97131089718,907,0,0,0,0,0,0
97131106969,908,0,0,0,0,0,0
97131123062,909,0,0,0,0,0,0
97131140596,910,0,0,0,0,0,0
97131156390,911,0,0,0,0,0,0
97131174161,912,0,0,0,0,0,0
97131189675,913,0,0,0,0,0,0
97131206979,914,0,0,0,0,0,0
97131222879,915,0,0,0,0,0,0
97131240663,916,0,0,0,0,0,0
97131256089,917,0,0,0,0,0,0
97131273799,918,0,0,0,0,0,0
97131289605,919,0,0,0,0,0,0
97131307340,920,0,0,0,0,0,0
97131322987,921,0,0,0,0,0,0
97131340689,922,0,0,0,0,0,0
97131356261,923,0,0,0,0,0,0
97131373642,924,0,0,0,0,0,0
97131389554,925,0,0,0,0,0,0
97131407500,926,0,0,0,0,0,0
97131423073,927,0,0,0,0,0,0
97131440674,928,0,0,0,0,0,0
97131456430,929,0,0,0,0,0,0
97131473810,930,0,0,0,0,0,0
97131489586,931,0,0,0,0,0,0
97131507383,932,0,0,0,0,0,0
97131522867,933,0,0,0,0,0,0
97131540657,934,0,0,0,0,0,0
97131556276,935,0,0,0,0,0,0
97131574223,936,0,0,0,0,0,0
97131589580,937,0,0,0,0,0,0
97131607306,938,0,0,0,0,0,0
97131622812,939,0,0,0,0,0,0
97131640314,940,0,0,0,0,0,0
97131656206,941,0,0,0,0,0,0
97131674159,942,0,0,0,0,0,0
97131689619,943,0,0,0,0,0,0
97131707510,944,0,0,0,0,0,0
97131723099,945,0,0,0,0,0,0
97131740357,946,0,0,0,0,0,0
97131756475,947,0,0,0,0,0,0
97131773663,948,0,0,0,0,0,0
97131790100,949,0,0,0,0,0,0
97131807359,950,0,0,0,0,0,0
97131823062,951,0,0,0,0,0,0
97131840382,952,0,0,0,0,0,0
97131856255,953,0,0,0,0,0,0
97131873890,954,0,0,0,0,0,0
97131889571,955,0,0,0,0,0,0
97131907317,956,0,0,0,0,0,0
97131924528,957,0,0,0,0,0,0
97131939490,958,0,0,0,0,0,0
97131956296,959,0,0,0,0,0,0
97131974185,960,0,0,0,0,0,0
97131989753,961,0,0,0,0,0,0
97132007080,962,0,0,0,0,0,0
97132023007,963,0,0,0,0,0,0
97132040345,964,0,0,0,0,0,0
97132056390,965,0,0,0,0,0,0
97132074186,966,0,0,0,0,0,0
97132090071,967,0,0,0,0,0,0
97132107583,968,0,0,0,0,0,0
97132122836,969,0,0,0,0,0,0
97132140467,970,0,0,0,0,0,0
97132156351,971,0,0,0,0,0,0
97132173665,972,0,0,0,0,0,0
97132189843,973,0,0,0,0,0,0
97132207291,974,0,0,0,0,0,0
97132222860,975,0,0,0,0,0,0
97132240778,976,0,0,0,0,0,0
97132256671,977,0,0,0,0,0,0
97132273731,978,0,0,0,0,0,0
97132289725,979,0,0,0,0,0,0
97132307657,980,0,0,0,0,0,0
97132322839,981,0,0,0,0,0,0
97132340539,982,0,0,0,0,0,0
97132356306,983,0,0,0,0,0,0
97132374024,984,0,0,0,0,0,0
97132389721,985,0,0,0,0,0,0
97132407081,986,0,0,0,0,0,0
97132422856,987,0,0,0,0,0,0
97132440961,988,0,0,0,0,0,0
97132456180,989,0,0,0,0,0,0
97132473819,990,0,0,0,0,0,0
97132489666,991,0,0,0,0,0,0
97132507378,992,0,0,0,0,0,0
97132523260,993,0,0,0,0,0,0
97132540924,994,0,0,0,0,0,0
97132556434,995,0,0,0,0,0,0
97132573979,996,0,0,0,0,0,0
97132589765,997,0,0,0,0,0,0
97132607662,998,0,0,0,0,0,0
97132622830,999,0,0,0,0,0,0
97132640625,1000,0,0,0,0,0,0
97132656174,1001,0,0,0,0,0,0
97132674365,1002,0,0,0,0,0,0
97132689554,1003,0,0,0,0,0,0
97132707561,1004,0,0,0,0,0,0
97132722799,1005,0,0,0,0,0,0
97132740417,1006,0,0,0,0,0,0
97132756382,1007,0,0,0,0,0,0
97132774807,1008,0,0,0,0,0,0
97132789739,1009,0,0,0,0,0,0
97132807274,1010,0,0,0,0,0,0
97132822726,1011,0,0,0,0,0,0
97132840338,1012,0,0,0,0,0,0
97132856251,1013,0,0,0,0,0,0
97132874092,1014,0,0,0,0,0,0
97132889535,1015,0,0,0,0,0,0
97132907071,1016,0,0,0,0,0,0
97132924331,1017,0,0,0,0,0,0
97132939698,1018,0,0,0,0,0,0
97132956308,1019,0,0,0,0,0,0
97132974033,1020,0,0,0,0,0,0
97132989516,1021,0,0,0,0,0,0
97133007415,1022,0,0,0,0,0,0
97133023053,1023,0,0,0,0,0,0
97133040826,1024,0,0,0,0,0,0
97133056309,1025,0,0,0,0,0,0
97133073907,1026,0,0,0,0,0,0
97133089713,1027,0,0,0,0,0,0
97133106972,1028,0,0,0,0,0,0
97133123195,1029,0,0,0,0,0,0
97133140832,1030,0,0,0,0,0,0
97133156393,1031,0,0,0,0,0,0
97133173895,1032,0,0,0,0,0,0
97133189219,1033,0,0,0,0,0,0
97133207114,1034,0,0,0,0,0,0
97133223397,1035,0,0,0,0,0,0
97133240271,1036,0,0,0,0,0,0
97133256079,1037,0,0,0,0,0,0
97133273956,1038,0,0,0,0,0,0
97133289863,1039,0,0,0,0,0,0
97133307472,1040,0,0,0,0,0,0
97133323126,1041,0,0,0,0,0,0
97133340765,1042,0,0,0,0,0,0
97133356252,1043,0,0,0,0,0,0
97133373689,1044,0,0,0,0,0,0
97133389838,1045,0,0,0,0,0,0
97133407299,1046,0,0,0,0,0,0
97133423054,1047,0,0,0,0,0,0
97133440750,1048,0,0,0,0,0,0
97133456483,1049,0,0,0,0,0,0
97133474196,1050,0,0,0,0,0,0
97133489621,1051,0,0,0,0,0,0
97133507235,1052,0,0,0,0,0,0
97133523061,1053,0,0,0,0,0,0
97133540579,1054,0,0,0,0,0,0
97133556220,1055,0,0,0,0,0,0
97133574066,1056,0,0,0,0,0,0
97133589757,1057,0,0,0,0,0,0
97133607106,1058,0,0,0,0,0,0
97133623072,1059,0,0,0,0,0,0
97133640646,1060,0,0,0,0,0,0
97133656183,1061,0,0,0,0,0,0
97133674413,1062,0,0,0,0,0,0
97133689881,1063,0,0,0,0,0,0
97133707859,1064,0,0,0,0,0,0
97133723177,1065,0,0,0,0,0,0
97133740757,1066,0,0,0,0,0,0
97133758597,1067,0,0,0,0,0,0
97133773505,1068,0,0,0,0,0,0
97133789826,1069,0,0,0,0,0,0
97133807506,1070,0,0,0,0,0,0
97133823052,1071,0,0,0,0,0,0
97133840744,1072,0,0,0,0,0,0
97133856492,1073,0,0,0,0,0,0
97133873658,1074,0,0,0,0,0,0
97133889744,1075,0,0,0,0,0,0
97133907349,1076,0,0,0,0,0,0
97133923119,1077,0,0,0,0,0,0
97133940421,1078,0,0,0,0,0,0
97133956099,1079,0,0,0,0,0,0
97133973900,1080,0,0,0,0,0,0
97133990727,1081,0,0,0,0,0,0
97134006433,1082,0,0,0,0,0,0
97134022876,1083,0,0,0,0,0,0
97134040844,1084,0,0,0,0,0,0
97134057866,1085,0,0,0,0,0,0
97134072752,1086,0,0,0,0,0,0
97134089575,1087,0,0,0,0,0,0
97134107554,1088,0,0,0,0,0,0
97134123087,1089,0,0,0,0,0,0
97134141290,1090,0,0,0,0,0,0
97134156059,1091,0,0,0,0,0,0
97134173755,1092,0,0,0,0,0,0
97134189475,1093,0,0,0,0,0,0
97134207471,1094,0,0,0,0,0,0
97134222790,1095,0,0,0,0,0,0
97134240837,1096,0,0,0,0,0,0
97134256168,1097,0,0,0,0,0,0
97134274510,1098,0,0,0,0,0,0
97134289553,1099,0,0,0,0,0,0
97134306944,1100,0,0,0,0,0,0
97134322975,1101,0,0,0,0,0,0
97134341231,1102,0,0,0,0,0,0
97134355877,1103,0,0,0,0,0,0
97134374310,1104,0,0,0,0,0,0
97134389632,1105,0,0,0,0,0,0
97134407198,1106,0,0,0,0,0,0
97134422790,1107,0,0,0,0,0,0
97134440441,1108,0,0,0,0,0,0
97134456955,1109,0,0,0,0,0,0
97134474004,1110,0,0,0,0,0,0
97134489629,1111,0,0,0,0,0,0
97134507447,1112,0,0,0,0,0,0
97134523128,1113,0,0,0,0,0,0
97134540440,1114,0,0,0,0,0,0
97134556127,1115,0,0,0,0,0,0
97134573637,1116,0,0,0,0,0,0
97134589313,1117,0,0,0,0,0,0
97134607823,1118,0,0,0,0,0,0
97134622823,1119,0,0,0,0,0,0
97134640730,1120,0,0,0,0,0,0
97134656318,1121,0,0,0,0,0,0
97134674053,1122,0,0,0,0,0,0
97134689666,1123,0,0,0,0,0,0
97134707355,1124,0,0,0,0,0,0
97134722909,1125,0,0,0,0,0,0
97134740583,1126,0,0,0,0,0,0
97134756486,1127,0,0,0,0,0,0
97134774160,1128,0,0,0,0,0,0
97134789644,1129,0,0,0,0,0,0
97134807085,1130,0,0,0,0,0,0
97134822553,1131,0,0,0,0,0,0
97134840447,1132,0,0,0,0,0,0
97134856346,1133,0,0,0,0,0,0
97134873855,1134,0,0,0,0,0,0
97134889647,1135,0,0,0,0,0,0
97134907614,1136,0,0,0,0,0,0
97134922965,1137,0,0,0,0,0,0
97134940779,1138,0,0,0,0,0,0
97134956434,1139,0,0,0,0,0,0
97134973972,1140,0,0,0,0,0,0
97134989180,1141,0,0,0,0,0,0
97135007705,1142,0,0,0,0,0,0
97135022979,1143,0,0,0,0,0,0
97135040757,1144,0,0,0,0,0,0
97135057616,1145,0,0,0,0,0,0
97135072524,1146,0,0,0,0,0,0
97135089204,1147,0,0,0,0,0,0
97135107406,1148,0,0,0,0,0,0
97135123520,1149,0,0,0,0,0,0
97135141409,1150,0,0,0,0,0,0
97135156308,1151,0,0,0,0,0,0
97135173905,1152,0,0,0,0,0,0
97135189730,1153,0,0,0,0,0,0
97135207523,1154,0,0,0,0,0,0
97135222645,1155,0,0,0,0,0,0
97135240664,1156,0,0,0,0,0,0
97135256240,1157,0,0,0,0,0,0
97135274026,1158,0,0,0,0,0,0
97135289668,1159,0,0,0,0,0,0
97135307669,1160,0,0,0,0,0,0
97135323247,1161,0,0,0,0,0,0
97135340610,1162,0,0,0,0,0,0
97135356287,1163,0,0,0,0,0,0
97135373634,1164,0,0,0,0,0,0
97135389246,1165,0,0,0,0,0,0
97135407569,1166,0,0,0,0,0,0
97135422953,1167,0,0,0,0,0,0
97135440559,1168,0,0,0,0,0,0
97135456096,1169,0,0,0,0,0,0
97135473865,1170,0,0,0,0,0,0
97135489657,1171,0,0,0,0,0,0
97135507371,1172,0,0,0,0,0,0
97135523053,1173,0,0,0,0,0,0
97135540303,1174,0,0,0,0,0,0
97135555907,1175,0,0,0,0,0,0
97135573881,1176,0,0,0,0,0,0
97135589532,1177,0,0,0,0,0,0
97135606980,1178,0,0,0,0,0,0
97135622936,1179,0,0,0,0,0,0
97135640592,1180,0,0,0,0,0,0
97135656465,1181,0,0,0,0,0,0
97135674166,1182,0,0,0,0,0,0
97135689680,1183,0,0,0,0,0,0
97135708008,1184,0,0,0,0,0,0
97135723125,1185,0,0,0,0,0,0
97135740476,1186,0,0,0,0,0,0
97135756184,1187,0,0,0,0,0,0
97135773657,1188,0,0,0,0,0,0
97135789789,1189,0,0,0,0,0,0
97135807337,1190,0,0,0,0,0,0
97135823087,1191,0,0,0,0,0,0
97135840826,1192,0,0,0,0,0,0
97135856489,1193,0,0,0,0,0,0
97135873964,1194,0,0,0,0,0,0
97135889512,1195,0,0,0,0,0,0
97135907902,1196,0,0,0,0,0,0
97135923252,1197,0,0,0,0,0,0
97135940714,1198,0,0,0,0,0,0
97135956119,1199,0,0,0,0,0,0
97135973631,1200,0,0,0,0,0,0
97135989460,1201,0,0,0,0,0,0
97136007098,1202,0,0,0,0,0,0
97136023860,1203,0,0,0,0,0,0
97136039438,1204,0,0,0,0,0,0
97136056047,1205,0,0,0,0,0,0
97136074167,1206,0,0,0,0,0,0
97136090641,1207,0,0,0,0,0,0
97136106022,1208,0,0,0,0,0,0
97136122958,1209,0,0,0,0,0,0
97136141476,1210,0,0,0,0,0,0
97136155956,1211,0,0,0,0,0,0
97136173984,1212,0,0,0,0,0,0
97136189417,1213,0,0,0,0,0,0
97136208071,1214,0,0,0,0,0,0
97136223299,1215,0,0,0,0,0,0
97136240769,1216,0,0,0,0,0,0
97136256425,1217,0,0,0,0,0,0
97136273760,1218,0,0,0,0,0,0
97136291867,1219,0,0,0,0,0,0
97136307434,1220,0,0,0,0,0,0
97136322980,1221,0,0,0,0,0,0
97136341535,1222,0,0,0,0,0,0
97136356121,1223,0,0,0,0,0,0
97136373971,1224,0,0,0,0,0,0
97136390872,1225,0,0,0,0,0,0
97136406367,1226,0,0,0,0,0,0
97136422584,1227,0,0,0,0,0,0
97136441644,1228,0,0,0,0,0,0
97136457376,1229,0,0,0,0,0,0
97136472750,1230,0,0,0,0,0,0
97136489669,1231,0,0,0,0,0,0
97136507206,1232,0,0,0,0,0,0
97136523354,1233,0,0,0,0,0,0
97136541139,1234,0,0,0,0,0,0
97136556204,1235,0,0,0,0,0,0
97136574035,1236,0,0,0,0,0,0
97136589765,1237,0,0,0,0,0,0
97136607951,1238,0,0,0,0,0,0
97136623042,1239,0,0,0,0,0,0
97136640848,1240,0,0,0,0,0,0
97136657828,1241,0,0,0,0,0,0
97136672865,1242,0,0,0,0,0,0
97136689580,1243,0,0,0,0,0,0
97136707395,1244,0,0,0,0,0,0
97136723868,1245,0,0,0,0,0,0
97136740746,1246,0,0,0,0,0,0
97136756265,1247,0,0,0,0,0,0
97136774443,1248,0,0,0,0,0,0
97136789558,1249,0,0,0,0,0,0
97136807189,1250,0,0,0,0,0,0
97136822982,1251,0,0,0,0,0,0
97136840852,1252,0,0,0,0,0,0
97136856215,1253,0,0,0,0,0,0
97136874514,1254,0,0,0,0,0,0
97136890339,1255,0,0,0,0,0,0
97136906280,1256,0,0,0,0,0,0
97136923000,1257,0,0,0,0,0,0
97136940482,1258,0,0,0,0,0,0
97136957499,1259,0,0,0,0,0,0
97136972898,1260,0,0,0,0,0,0
97136989453,1261,0,0,0,0,0,0
97137007406,1262,0,0,0,0,0,0
97137024111,1263,0,0,0,0,0,0
97137039280,1264,0,0,0,0,0,0
97137055888,1265,0,0,0,0,0,0
97137074023,1266,0,0,0,0,0,0
97137090329,1267,0,0,0,0,0,0
97137106315,1268,0,0,0,0,0,0
97137122746,1269,0,0,0,0,0,0
97137142012,1270,0,0,0,0,0,0
97137157923,1271,0,0,0,0,0,0
97137172772,1272,0,0,0,0,0,0
97137189364,1273,0,0,0,0,0,0
97137207195,1274,0,0,0,0,0,0
97137223702,1275,0,0,0,0,0,0
97137239433,1276,0,0,0,0,0,0
97137256074,1277,0,0,0,0,0,0
97137273929,1278,0,0,0,0,0,0
97137289558,1279,0,0,0,0,0,0
97137308134,1280,0,0,0,0,0,0
97137322891,1281,0,0,0,0,0,0
97137340436,1282,0,0,0,0,0,0
97137356308,1283,0,0,0,0,0,0
97137374284,1284,0,0,0,0,0,0
97137389563,1285,0,0,0,0,0,0
97137407268,1286,0,0,0,0,0,0
97137423316,1287,0,0,0,0,0,0
97137440781,1288,0,0,0,0,0,0
97137456216,1289,0,0,0,0,0,0
97137473678,1290,0,0,0,0,0,0
97137489840,1291,0,0,0,0,0,0
97137507906,1292,0,0,0,0,0,0
97137522945,1293,0,0,0,0,0,0
97137540529,1294,0,0,0,0,0,0
97137556423,1295,0,0,0,0,0,0
97137574025,1296,0,0,0,0,0,0
97137589608,1297,0,0,0,0,0,0
97137607745,1298,0,0,0,0,0,0
97137623109,1299,0,0,0,0,0,0
97137640324,1300,0,0,0,0,0,0
97137656504,1301,0,0,0,0,0,0
97137674093,1302,0,0,0,0,0,0
97137689983,1303,0,0,0,0,0,0
97137707828,1304,0,0,0,0,0,0
97137723403,1305,0,0,0,0,0,0
97137740673,1306,0,0,0,0,0,0
97137756798,1307,0,0,0,0,0,0
97137773965,1308,0,0,0,0,0,0
97137789621,1309,0,0,0,0,0,0
97137807499,1310,0,0,0,0,0,0
97137822592,1311,0,0,0,0,0,0
97137841108,1312,0,0,0,0,0,0
97137856051,1313,0,0,0,0,0,0
97137873916,1314,0,0,0,0,0,0
97137889622,1315,0,0,0,0,0,0
97137907001,1316,0,0,0,0,0,0
97137922963,1317,0,0,0,0,0,0
97137941214,1318,0,0,0,0,0,0
97137956392,1319,0,0,0,0,0,0
97137974183,1320,0,0,0,0,0,0
97137989780,1321,0,0,0,0,0,0
97138007275,1322,0,0,0,0,0,0
97138022518,1323,0,0,0,0,0,0
97138040297,1324,0,0,0,0,0,0
97138056218,1325,0,0,0,0,0,0
97138074319,1326,0,0,0,0,0,0
97138089612,1327,0,0,0,0,0,0
97138107557,1328,0,0,0,0,0,0
97138122503,1329,0,0,0,0,0,0
97138141042,1330,0,0,0,0,0,0
97138156370,1331,0,0,0,0,0,0
97138173655,1332,0,0,0,0,0,0
97138189618,1333,0,0,0,0,0,0
97138207348,1334,0,0,0,0,0,0
97138224385,1335,0,0,0,0,0,0
97138239647,1336,0,0,0,0,0,0
97138256261,1337,0,0,0,0,0,0
97138273844,1338,0,0,0,0,0,0
97138289490,1339,0,0,0,0,0,0
97138306990,1340,0,0,0,0,0,0
97138322779,1341,0,0,0,0,0,0
97138340707,1342,0,0,0,0,0,0
97138356247,1343,0,0,0,0,0,0
97138374138,1344,0,0,0,0,0,0
97138389210,1345,0,0,0,0,0,0
97138407261,1346,0,0,0,0,0,0
97138422860,1347,0,0,0,0,0,0
97138440324,1348,0,0,0,0,0,0
97138456182,1349,0,0,0,0,0,0
97138474520,1350,0,0,0,0,0,0
97138489755,1351,0,0,0,0,0,0
97138507402,1352,0,0,0,0,0,0
97138523085,1353,0,0,0,0,0,0
97138540377,1354,0,0,0,0,0,0
97138556268,1355,0,0,0,0,0,0
97138574300,1356,0,0,0,0,0,0
97138590208,1357,0,0,0,0,0,0
97138608039,1358,0,0,0,0,0,0
97138623030,1359,0,0,0,0,0,0
97138640700,1360,0,0,0,0,0,0
97138655990,1361,0,0,0,0,0,0
97138673970,1362,0,0,0,0,0,0
97138689689,1363,0,0,0,0,0,0
97138707344,1364,0,0,0,0,0,0
97138722585,1365,0,0,0,0,0,0
97138740772,1366,0,0,0,0,0,0
97138756558,1367,0,0,0,0,0,0
97138774064,1368,0,0,0,0,0,0
97138789617,1369,0,0,0,0,0,0
97138807540,1370,0,0,0,0,0,0
97138822458,1371,0,0,0,0,0,0
97138840756,1372,0,0,0,0,0,0
97138856493,1373,0,0,0,0,0,0
97138873850,1374,0,0,0,0,0,0
97138889665,1375,0,0,0,0,0,0
97138907374,1376,0,0,0,0,0,0
97138923202,1377,0,0,0,0,0,0
97138940685,1378,0,0,0,0,0,0
97138955909,1379,0,0,0,0,0,0
97138974064,1380,0,0,0,0,0,0
97138989783,1381,0,0,0,0,0,0
97139008046,1382,0,0,0,0,0,0
97139023083,1383,0,0,0,0,0,0
97139040652,1384,0,0,0,0,0,0
97139056465,1385,0,0,0,0,0,0
97139074213,1386,0,0,0,0,0,0
97139089257,1387,0,0,0,0,0,0
97139107621,1388,0,0,0,0,0,0
97139123233,1389,0,0,0,0,0,0
97139141125,1390,0,0,0,0,0,0
97139156175,1391,0,0,0,0,0,0
97139173929,1392,0,0,0,0,0,0
97139189196,1393,0,0,0,0,0,0
97139207521,1394,0,0,0,0,0,0
97139223701,1395,0,0,0,0,0,0
97139239521,1396,0,0,0,0,0,0
97139256253,1397,0,0,0,0,0,0
97139274114,1398,0,0,0,0,0,0
97139289798,1399,0,0,0,0,0,0
97139307542,1400,0,0,0,0,0,0
97139322677,1401,0,0,0,0,0,0
97139340649,1402,0,0,0,0,0,0
97139356088,1403,0,0,0,0,0,0
97139373718,1404,0,0,0,0,0,0
97139389468,1405,0,0,0,0,0,0
97139407359,1406,0,0,0,0,0,0
97139422974,1407,0,0,0,0,0,0
97139440852,1408,0,0,0,0,0,0
97139457488,1409,0,0,0,0,0,0
97139474374,1410,0,0,0,0,0,0
97139489699,1411,0,0,0,0,0,0
97139509670,1412,0,0,0,0,0,0
97139522704,1413,0,0,0,0,0,0
97139541205,1414,0,0,0,0,0,0
97139556304,1415,0,0,0,0,0,0
97139574183,1416,0,0,0,0,0,0
97139589863,1417,0,0,0,0,0,0
97139607407,1418,0,0,0,0,0,0
97139622503,1419,0,0,0,0,0,0
97139640384,1420,0,0,0,0,0,0
97139656287,1421,0,0,0,0,0,0
97139675325,1422,0,0,0,0,0,0
97139689679,1423,0,0,0,0,0,0
97139707394,1424,0,0,0,0,0,0
97139723308,1425,0,0,0,0,0,0
97139740943,1426,0,0,0,0,0,0
97139756329,1427,0,0,0,0,0,0
97139774289,1428,0,0,0,0,0,0
97139789892,1429,0,0,0,0,0,0
97139807253,1430,0,0,0,0,0,0
97139822980,1431,0,0,0,0,0,0
97139840744,1432,0,0,0,0,0,0
97139856464,1433,0,0,0,0,0,0
97139873824,1434,0,0,0,0,0,0
97139889249,1435,0,0,0,0,0,0
97139907356,1436,0,0,0,0,0,0
97139923000,1437,0,0,0,0,0,0
97139940885,1438,0,0,0,0,0,0
97139956279,1439,0,0,0,0,0,0
97139974646,1440,0,0,0,0,0,0
97139990067,1441,0,0,0,0,0,0
97140007368,1442,0,0,0,0,0,0
97140022706,1443,0,0,0,0,0,0
97140040691,1444,0,0,0,0,0,0
97140056350,1445,0,0,0,0,0,0
97140073921,1446,0,0,0,0,0,0
97140089520,1447,0,0,0,0,0,0
97140107283,1448,0,0,0,0,0,0
97140123087,1449,0,0,0,0,0,0
97140140389,1450,0,0,0,0,0,0
97140156344,1451,0,0,0,0,0,0
97140174243,1452,0,0,0,0,0,0
97140189464,1453,0,0,0,0,0,0
97140207572,1454,0,0,0,0,0,0
97140224654,1455,0,0,0,0,0,0
97140239718,1456,0,0,0,0,0,0
97140256376,1457,0,0,0,0,0,0
97140273867,1458,0,0,0,0,0,0
97140289503,1459,0,0,0,0,0,0
97140306986,1460,0,0,0,0,0,0
97140322721,1461,0,0,0,0,0,0
97140341359,1462,0,0,0,0,0,0
97140356481,1463,0,0,0,0,0,0
97140373875,1464,0,0,0,0,0,0
97140389904,1465,0,0,0,0,0,0
97140406973,1466,0,0,0,0,0,0
97140422875,1467,0,0,0,0,0,0
97140440378,1468,0,0,0,0,0,0
97140456218,1469,0,0,0,0,0,0
97140474047,1470,0,0,0,0,0,0
97140489207,1471,0,0,0,0,0,0
97140507500,1472,0,0,0,0,0,0
97140522718,1473,0,0,0,0,0,0
97140540610,1474,0,0,0,0,0,0
97140556179,1475,0,0,0,0,0,0
97140574147,1476,0,0,0,0,0,0
97140589719,1477,0,0,0,0,0,0
97140607373,1478,0,0,0,0,0,0
97140623098,1479,0,0,0,0,0,0
97140640606,1480,0,0,0,0,0,0
97140656638,1481,0,0,0,0,0,0
97140673887,1482,0,0,0,0,0,0
97140689766,1483,0,0,0,0,0,0
97140706954,1484,0,0,0,0,0,0
97140722901,1485,0,0,0,0,0,0
97140740817,1486,0,0,0,0,0,0
97140756514,1487,0,0,0,0,0,0
97140773818,1488,0,0,0,0,0,0
97140789824,1489,0,0,0,0,0,0
97140807394,1490,0,0,0,0,0,0
97140822550,1491,0,0,0,0,0,0
97140840293,1492,0,0,0,0,0,0
97140856361,1493,0,0,0,0,0,0
97140873969,1494,0,0,0,0,0,0
97140889582,1495,0,0,0,0,0,0
97140907401,1496,0,0,0,0,0,0
97140923081,1497,0,0,0,0,0,0
97140940474,1498,0,0,0,0,0,0
97140956202,1499,0,0,0,0,0,0
97140973991,1500,0,0,0,0,0,0
97140989433,1501,0,0,0,0,0,0
97141007256,1502,0,0,0,0,0,0
97141023179,1503,0,0,0,0,0,0
97141040803,1504,0,0,0,0,0,0
97141056529,1505,0,0,0,0,0,0
97141073891,1506,0,0,0,0,0,0
97141089613,1507,0,0,0,0,0,0
97141107323,1508,0,0,0,0,0,0
97141123089,1509,0,0,0,0,0,0
97141141510,1510,0,0,0,0,0,0
97141156124,1511,0,0,0,0,0,0
97141174081,1512,0,0,0,0,0,0
97141191043,1513,0,0,0,0,0,0
97141206083,1514,0,0,0,0,0,0
97141222951,1515,0,0,0,0,0,0
97141240328,1516,0,0,0,0,0,0
97141256463,1517,0,0,0,0,0,0
97141274165,1518,0,0,0,0,0,0
97141289200,1519,0,0,0,0,0,0
97141307386,1520,0,0,0,0,0,0
97141323167,1521,0,0,0,0,0,0
97141340576,1522,0,0,0,0,0,0
97141356220,1523,0,0,0,0,0,0
97141374755,1524,0,0,0,0,0,0
97141389501,1525,0,0,0,0,0,0
97141407145,1526,0,0,0,0,0,0
97141422770,1527,0,0,0,0,0,0
97141440622,1528,0,0,0,0,0,0
97141456591,1529,0,0,0,0,0,0
97141473970,1530,0,0,0,0,0,0
97141489467,1531,0,0,0,0,0,0
97141506952,1532,0,0,0,0,0,0
97141522875,1533,0,0,0,0,0,0
97141540816,1534,0,0,0,0,0,0
97141557879,1535,0,0,0,0,0,0
97141573935,1536,0,0,0,0,0,0
97141589769,1537,0,0,0,0,0,0
97141606970,1538,0,0,0,0,0,0
97141622706,1539,0,0,0,0,0,0
97141640661,1540,0,0,0,0,0,0
97141656411,1541,0,0,0,0,0,0
97141674104,1542,0,0,0,0,0,0
97141689493,1543,0,0,0,0,0,0
97141707527,1544,0,0,0,0,0,0
97141723133,1545,0,0,0,0,0,0
97141740584,1546,0,0,0,0,0,0
97141755882,1547,0,0,0,0,0,0
97141773673,1548,0,0,0,0,0,0
97141789720,1549,0,0,0,0,0,0
97141807496,1550,0,0,0,0,0,0
97141822543,1551,0,0,0,0,0,0
97141840855,1552,0,0,0,0,0,0
97141855948,1553,0,0,0,0,0,0
97141873897,1554,0,0,0,0,0,0
97141889415,1555,0,0,0,0,0,0
97141907263,1556,0,0,0,0,0,0
97141922904,1557,0,0,0,0,0,0
97141941347,1558,0,0,0,0,0,0
97141956419,1559,0,0,0,0,0,0
97141974192,1560,0,0,0,0,0,0
97141989733,1561,0,0,0,0,0,0
97142007164,1562,0,0,0,0,0,0
97142022739,1563,0,0,0,0,0,0
97142040692,1564,0,0,0,0,0,0
97142056466,1565,0,0,0,0,0,0
97142074177,1566,0,0,0,0,0,0
97142089700,1567,0,0,0,0,0,0
97142107454,1568,0,0,0,0,0,0
97142123017,1569,0,0,0,0,0,0
97142140593,1570,0,0,0,0,0,0
97142155884,1571,0,0,0,0,0,0
97142175033,1572,0,0,0,0,0,0
97142190609,1573,0,0,0,0,0,0
97142206105,1574,0,0,0,0,0,0
97142223087,1575,0,0,0,0,0,0
97142240820,1576,0,0,0,0,0,0
97142255851,1577,0,0,0,0,0,0
97142274031,1578,0,0,0,0,0,0
97142289916,1579,0,0,0,0,0,0
97142307331,1580,0,0,0,0,0,0
97142322925,1581,0,0,0,0,0,0
97142340613,1582,0,0,0,0,0,0
97142356575,1583,0,0,0,0,0,0
97142374134,1584,0,0,0,0,0,0
97142389758,1585,0,0,0,0,0,0
97142407537,1586,0,0,0,0,0,0
97142422949,1587,0,0,0,0,0,0
97142440705,1588,0,0,0,0,0,0
97142456303,1589,0,0,0,0,0,0
97142474338,1590,0,0,0,0,0,0
97142489940,1591,0,0,0,0,0,0
97142507452,1592,0,0,0,0,0,0
97142522962,1593,0,0,0,0,0,0
97142540315,1594,0,0,0,0,0,0
97142556365,1595,0,0,0,0,0,0
97142573821,1596,0,0,0,0,0,0
97142589524,1597,0,0,0,0,0,0
97142607501,1598,0,0,0,0,0,0
97142623126,1599,0,0,0,0,0,0
97142640624,1600,0,0,0,0,0,0
97142656590,1601,0,0,0,0,0,0
97142673674,1602,0,0,0,0,0,0
97142689670,1603,0,0,0,0,0,0
97142707382,1604,0,0,0,0,0,0
97142722842,1605,0,0,0,0,0,0
97142740976,1606,0,0,0,0,0,0
97142756346,1607,0,0,0,0,0,0
97142773969,1608,0,0,0,0,0,0
97142789297,1609,0,0,0,0,0,0
97142807114,1610,0,0,0,0,0,0
97142824038,1611,0,0,0,0,0,0
97142840715,1612,0,0,0,0,0,0
97142856063,1613,0,0,0,0,0,0
97142874176,1614,0,0,0,0,0,0
97142889642,1615,0,0,0,0,0,0
97142907662,1616,0,0,0,0,0,0
97142923103,1617,0,0,0,0,0,0
97142940614,1618,0,0,0,0,0,0
97142956293,1619,0,0,0,0,0,0
97142973784,1620,0,0,0,0,0,0
97142989538,1621,0,0,0,0,0,0
97143007425,1622,0,0,0,0,0,0
97143023102,1623,0,0,0,0,0,0
97143040841,1624,0,0,0,0,0,0
97143056524,1625,0,0,0,0,0,0
97143074008,1626,0,0,0,0,0,0
97143089540,1627,0,0,0,0,0,0
97143107002,1628,0,0,0,0,0,0
97143123270,1629,0,0,0,0,0,0
97143140960,1630,0,0,0,0,0,0
97143156163,1631,0,0,0,0,0,0
97143174294,1632,0,0,0,0,0,0
97143190967,1633,0,0,0,0,0,0
97143206219,1634,0,0,0,0,0,0
97143222863,1635,0,0,0,0,0,0
97143241289,1636,0,0,0,0,0,0
97143256356,1637,0,0,0,0,0,0
97143274064,1638,0,0,0,0,0,0
97143289230,1639,0,0,0,0,0,0
97143307572,1640,0,0,0,0,0,0
97143323054,1641,0,0,0,0,0,0
97143340495,1642,0,0,0,0,0,0
97143356186,1643,0,0,0,0,0,0
97143374120,1644,0,0,0,0,0,0
97143389675,1645,0,0,0,0,0,0
97143407358,1646,0,0,0,0,0,0
97143422882,1647,0,0,0,0,0,0
97143440786,1648,0,0,0,0,0,0
97143456244,1649,0,0,0,0,0,0
97143473791,1650,0,0,0,0,0,0
97143489539,1651,0,0,0,0,0,0
97143507378,1652,0,0,0,0,0,0
97143522966,1653,0,0,0,0,0,0
97143541389,1654,0,0,0,0,0,0
97143556427,1655,0,0,0,0,0,0
97143574120,1656,0,0,0,0,0,0
97143589581,1657,0,0,0,0,0,0
97143607216,1658,0,0,0,0,0,0
97143622885,1659,0,0,0,0,0,0
97143640361,1660,0,0,0,0,0,0
97143656091,1661,0,0,0,0,0,0
97143674269,1662,0,0,0,0,0,0
97143690655,1663,0,0,0,0,0,0
97143706392,1664,0,0,0,0,0,0
97143723051,1665,0,0,0,0,0,0
97143740813,1666,0,0,0,0,0,0
97143757536,1667,0,0,0,0,0,0
97143772703,1668,0,0,0,0,0,0
97143789744,1669,0,0,0,0,0,0
97143807480,1670,0,0,0,0,0,0
97143822835,1671,0,0,0,0,0,0
97143840527,1672,0,0,0,0,0,0
97143856140,1673,0,0,0,0,0,0
97143873885,1674,0,0,0,0,0,0
97143889476,1675,0,0,0,0,0,0
97143907273,1676,0,0,0,0,0,0
97143922939,1677,0,0,0,0,0,0
97143940664,1678,0,0,0,0,0,0
97143956921,1679,0,0,0,0,0,0
97143974152,1680,0,0,0,0,0,0
97143989791,1681,0,0,0,0,0,0
97144006943,1682,0,0,0,0,0,0
97144022945,1683,0,0,0,0,0,0
97144040356,1684,0,0,0,0,0,0
97144056203,1685,0,0,0,0,0,0
97144074788,1686,0,0,0,0,0,0
97144092347,1687,0,0,0,0,0,0
97144107437,1688,0,0,0,0,0,0
97144122865,1689,0,0,0,0,0,0
97144140413,1690,0,0,0,0,0,0
97144156162,1691,0,0,0,0,0,0
97144173781,1692,0,0,0,0,0,0
97144190574,1693,0,0,0,0,0,0
97144206074,1694,0,0,0,0,0,0
97144223081,1695,0,0,0,0,0,0
97144240746,1696,0,0,0,0,0,0
97144256075,1697,0,0,0,0,0,0
97144273598,1698,0,0,0,0,0,0
97144289607,1699,0,0,0,0,0,0
97144307285,1700,0,0,0,0,0,0
97144323045,1701,0,0,0,0,0,0
97144341151,1702,0,0,0,0,0,0
97144356450,1703,0,0,0,0,0,0
97144374288,1704,0,0,0,0,0,0
97144389684,1705,0,0,0,0,0,0
97144407060,1706,0,0,0,0,0,0
97144422873,1707,0,0,0,0,0,0
97144440196,1708,0,0,0,0,0,0
97144456387,1709,0,0,0,0,0,0
97144473868,1710,0,0,0,0,0,0
97144489719,1711,0,0,0,0,0,0
97144507064,1712,0,0,0,0,0,0
97144522805,1713,0,0,0,0,0,0
97144540463,1714,0,0,0,0,0,0
97144556082,1715,0,0,0,0,0,0
97144573528,1716,0,0,0,0,0,0
97144589687,1717,0,0,0,0,0,0
97144607692,1718,0,0,0,0,0,0
97144623182,1719,0,0,0,0,0,0
97144640669,1720,0,0,0,0,0,0
97144656037,1721,0,0,0,0,0,0
97144673633,1722,0,0,0,0,0,0
97144689763,1723,0,0,0,0,0,0
97144707158,1724,0,0,0,0,0,0
97144723051,1725,0,0,0,0,0,0
97144740994,1726,0,0,0,0,0,0
97144756378,1727,0,0,0,0,0,0
97144773973,1728,0,0,0,0,0,0
97144789691,1729,0,0,0,0,0,0
97144807142,1730,0,0,0,0,0,0
97144823130,1731,0,0,0,0,0,0
97144840536,1732,0,0,0,0,0,0
97144856436,1733,0,0,0,0,0,0
97144874258,1734,0,0,0,0,0,0
97144889130,1735,0,0,0,0,0,0
97144907294,1736,0,0,0,0,0,0
97144922851,1737,0,0,0,0,0,0
97144940361,1738,0,0,0,0,0,0
97144956124,1739,0,0,0,0,0,0
97144974255,1740,0,0,0,0,0,0
97144989783,1741,0,0,0,0,0,0
97145007465,1742,0,0,0,0,0,0
97145023348,1743,0,0,0,0,0,0
97145040325,1744,0,0,0,0,0,0
97145056158,1745,0,0,0,0,0,0
97145073859,1746,0,0,0,0,0,0
97145089708,1747,0,0,0,0,0,0
97145107214,1748,0,0,0,0,0,0
97145122927,1749,0,0,0,0,0,0
97145140870,1750,0,0,0,0,0,0
97145156436,1751,0,0,0,0,0,0
97145173912,1752,0,0,0,0,0,0
97145190622,1753,0,0,0,0,0,0
97145205875,1754,0,0,0,0,0,0
97145222755,1755,0,0,0,0,0,0
97145240700,1756,0,0,0,0,0,0
97145256140,1757,0,0,0,0,0,0
97145273735,1758,0,0,0,0,0,0
97145289669,1759,0,0,0,0,0,0
97145307220,1760,0,0,0,0,0,0
97145323022,1761,0,0,0,0,0,0
97145340858,1762,0,0,0,0,0,0
97145356320,1763,0,0,0,0,0,0
97145374352,1764,0,0,0,0,0,0
97145389430,1765,0,0,0,0,0,0
97145407652,1766,0,0,0,0,0,0
97145423131,1767,0,0,0,0,0,0
97145440935,1768,0,0,0,0,0,0
97145456429,1769,0,0,0,0,0,0
97145473928,1770,0,0,0,0,0,0
97145490246,1771,0,0,0,0,0,0
97145506989,1772,0,0,0,0,0,0
97145522713,1773,0,0,0,0,0,0
97145540755,1774,0,0,0,0,0,0
97145556375,1775,0,0,0,0,0,0
97145574273,1776,0,0,0,0,0,0
97145589889,1777,0,0,0,0,0,0
97145607696,1778,0,0,0,0,0,0
97145622875,1779,0,0,0,0,0,0
97145640420,1780,0,0,0,0,0,0
97145655879,1781,0,0,0,0,0,0
97145674176,1782,0,0,0,0,0,0
97145689770,1783,0,0,0,0,0,0
97145707459,1784,0,0,0,0,0,0
97145722820,1785,0,0,0,0,0,0
97145740457,1786,0,0,0,0,0,0
97145756449,1787,0,0,0,0,0,0
97145773838,1788,0,0,0,0,0,0
97145789602,1789,0,0,0,0,0,0
97145807374,1790,0,0,0,0,0,0
97145822845,1791,0,0,0,0,0,0
97145840662,1792,0,0,0,0,0,0
97145856326,1793,0,0,0,0,0,0
97145873909,1794,0,0,0,0,0,0
97145889547,1795,0,0,0,0,0,0
97145906883,1796,0,0,0,0,0,0
97145923057,1797,0,0,0,0,0,0
97145940475,1798,0,0,0,0,0,0
97145956222,1799,0,0,0,0,0,0
97145974105,1800,0,0,0,0,0,0
97145989962,1801,0,0,0,0,0,0
97146006924,1802,0,0,0,0,0,0
97146022855,1803,0,0,0,0,0,0
97146040555,1804,0,0,0,0,0,0
97146056291,1805,0,0,0,0,0,0
97146073906,1806,0,0,0,0,0,0
97146089560,1807,0,0,0,0,0,0
97146107437,1808,0,0,0,0,0,0
97146123103,1809,0,0,0,0,0,0
97146140269,1810,0,0,0,0,0,0
97146155855,1811,0,0,0,0,0,0
97146174442,1812,0,0,0,0,0,0
97146190534,1813,0,0,0,0,0,0
97146206346,1814,0,0,0,0,0,0
97146222856,1815,0,0,0,0,0,0
97146240554,1816,0,0,0,0,0,0
97146256208,1817,0,0,0,0,0,0
97146273700,1818,0,0,0,0,0,0
97146289671,1819,0,0,0,0,0,0
97146307175,1820,0,0,0,0,0,0
97146323321,1821,0,0,0,0,0,0
97146340892,1822,0,0,0,0,0,0
97146356402,1823,0,0,0,0,0,0
97146373612,1824,0,0,0,0,0,0
97146389762,1825,0,0,0,0,0,0
97146407216,1826,0,0,0,0,0,0
97146422725,1827,0,0,0,0,0,0
97146440628,1828,0,0,0,0,0,0
97146456501,1829,0,0,0,0,0,0
97146474066,1830,0,0,0,0,0,0
97146489369,1831,0,0,0,0,0,0
97146507477,1832,0,0,0,0,0,0
97146522760,1833,0,0,0,0,0,0
97146540189,1834,0,0,0,0,0,0
97146556276,1835,0,0,0,0,0,0
97146573885,1836,0,0,0,0,0,0
97146589470,1837,0,0,0,0,0,0
97146606937,1838,0,0,0,0,0,0
97146623328,1839,0,0,0,0,0,0
97146640398,1840,0,0,0,0,0,0
97146656516,1841,0,0,0,0,0,0
97146673589,1842,0,0,0,0,0,0
97146689817,1843,0,0,0,0,0,0
97146707223,1844,0,0,0,0,0,0
97146722858,1845,0,0,0,0,0,0
97146741130,1846,0,0,0,0,0,0
97146756256,1847,0,0,0,0,0,0
97146774095,1848,0,0,0,0,0,0
97146789616,1849,0,0,0,0,0,0
97146806866,1850,0,0,0,0,0,0
97146822838,1851,0,0,0,0,0,0
97146840195,1852,0,0,0,0,0,0
97146856372,1853,0,0,0,0,0,0
97146874327,1854,0,0,0,0,0,0
97146889719,1855,0,0,0,0,0,0
97146907375,1856,0,0,0,0,0,0
97146923287,1857,0,0,0,0,0,0
97146940462,1858,0,0,0,0,0,0
97146956137,1859,0,0,0,0,0,0
97146973588,1860,0,0,0,0,0,0
97146989727,1861,0,0,0,0,0,0
97147007243,1862,0,0,0,0,0,0
97147023113,1863,0,0,0,0,0,0
97147040375,1864,0,0,0,0,0,0
97147056353,1865,0,0,0,0,0,0
97147073692,1866,0,0,0,0,0,0
97147089487,1867,0,0,0,0,0,0
97147106873,1868,0,0,0,0,0,0
97147123073,1869,0,0,0,0,0,0
97147140662,1870,0,0,0,0,0,0
97147156205,1871,0,0,0,0,0,0
97147174324,1872,0,0,0,0,0,0
97147190824,1873,0,0,0,0,0,0
97147205909,1874,0,0,0,0,0,0
97147223108,1875,0,0,0,0,0,0
97147240652,1876,0,0,0,0,0,0
97147256368,1877,0,0,0,0,0,0
97147273932,1878,0,0,0,0,0,0
97147290592,1879,0,0,0,0,0,0
97147307465,1880,0,0,0,0,0,0
97147322976,1881,0,0,0,0,0,0
97147340744,1882,0,0,0,0,0,0
97147356338,1883,0,0,0,0,0,0
97147373844,1884,0,0,0,0,0,0
97147389673,1885,0,0,0,0,0,0
97147407267,1886,0,0,0,0,0,0
97147423006,1887,0,0,0,0,0,0
97147440684,1888,0,0,0,0,0,0
97147456333,1889,0,0,0,0,0,0
97147473687,1890,0,0,0,0,0,0
97147489754,1891,0,0,0,0,0,0
97147507909,1892,0,0,0,0,0,0
97147523236,1893,0,0,0,0,0,0
97147540475,1894,0,0,0,0,0,0
97147556097,1895,0,0,0,0,0,0
97147573974,1896,0,0,0,0,0,0
97147589145,1897,0,0,0,0,0,0
97147607024,1898,0,0,0,0,0,0
97147622578,1899,0,0,0,0,0,0
97147640880,1900,0,0,0,0,0,0
97147656479,1901,0,0,0,0,0,0
97147673770,1902,0,0,0,0,0,0
97147689459,1903,0,0,0,0,0,0
97147707584,1904,0,0,0,0,0,0
97147723166,1905,0,0,0,0,0,0
97147740336,1906,0,0,0,0,0,0
97147756340,1907,0,0,0,0,0,0
97147774272,1908,0,0,0,0,0,0
97147790334,1909,0,0,0,0,0,0
97147807787,1910,0,0,0,0,0,0
97147822756,1911,0,0,0,0,0,0
97147840472,1912,0,0,0,0,0,0
97147856080,1913,0,0,0,0,0,0
97147874323,1914,0,0,0,0,0,0
97147889280,1915,0,0,0,0,0,0
97147907357,1916,0,0,0,0,0,0
97147923090,1917,0,0,0,0,0,0
97147940978,1918,0,0,0,0,0,0
97147956270,1919,0,0,0,0,0,0
97147974406,1920,0,0,0,0,0,0
97147990010,1921,0,0,0,0,0,0
97148007245,1922,0,0,0,0,0,0
97148023164,1923,0,0,0,0,0,0
97148040400,1924,0,0,0,0,0,0
97148056075,1925,0,0,0,0,0,0
97148074099,1926,0,0,0,0,0,0
97148089494,1927,0,0,0,0,0,0
97148107510,1928,0,0,0,0,0,0
97148125052,1929,0,0,0,0,0,0
97148140510,1930,0,0,0,0,0,0
97148156046,1931,0,0,0,0,0,0
97148173628,1932,0,0,0,0,0,0
97148190623,1933,0,0,0,0,0,0
97148206132,1934,0,0,0,0,0,0
97148223245,1935,0,0,0,0,0,0
97148240836,1936,0,0,0,0,0,0
97148256430,1937,0,0,0,0,0,0
97148273838,1938,0,0,0,0,0,0
97148289451,1939,0,0,0,0,0,0
97148307007,1940,0,0,0,0,0,0
97148322968,1941,0,0,0,0,0,0
97148341175,1942,0,0,0,0,0,0
97148356448,1943,0,0,0,0,0,0
97148374236,1944,0,0,0,0,0,0
97148389849,1945,0,0,0,0,0,0
97148407042,1946,0,0,0,0,0,0
97148423019,1947,0,0,0,0,0,0
97148440637,1948,0,0,0,0,0,0
97148456929,1949,0,0,0,0,0,0
97148473677,1950,0,0,0,0,0,0
97148489759,1951,0,0,0,0,0,0
97148507425,1952,0,0,0,0,0,0
97148523024,1953,0,0,0,0,0,0
97148540365,1954,0,0,0,0,0,0
97148555980,1955,0,0,0,0,0,0
97148574049,1956,0,0,0,0,0,0
97148589574,1957,0,0,0,0,0,0
97148607605,1958,0,0,0,0,0,0
97148622840,1959,0,0,0,0,0,0
97148640696,1960,0,0,0,0,0,0
97148656379,1961,0,0,0,0,0,0
97148673751,1962,0,0,0,0,0,0
97148689632,1963,0,0,0,0,0,0
97148707315,1964,0,0,0,0,0,0
97148723588,1965,0,0,0,0,0,0
97148740920,1966,0,0,0,0,0,0
97148756185,1967,0,0,0,0,0,0
97148773989,1968,0,0,0,0,0,0
97148789833,1969,0,0,0,0,0,0
97148807363,1970,0,0,0,0,0,0
97148822892,1971,0,0,0,0,0,0
97148840696,1972,0,0,0,0,0,0
97148856396,1973,0,0,0,0,0,0
97148874260,1974,0,0,0,0,0,0
97148889770,1975,0,0,0,0,0,0
97148907295,1976,0,0,0,0,0,0
97148923218,1977,0,0,0,0,0,0
97148940748,1978,0,0,0,0,0,0
97148955942,1979,0,0,0,0,0,0
97148974283,1980,0,0,0,0,0,0
97148989582,1981,0,0,0,0,0,0
97149007418,1982,0,0,0,0,0,0
97149023042,1983,0,0,0,0,0,0
97149040875,1984,0,0,0,0,0,0
97149056402,1985,0,0,0,0,0,0
97149074483,1986,0,0,0,0,0,0
97149089585,1987,0,0,0,0,0,0
97149107346,1988,0,0,0,0,0,0
97149123067,1989,0,0,0,0,0,0
97149140769,1990,0,0,0,0,0,0
97149156542,1991,0,0,0,0,0,0
97149174334,1992,0,0,0,0,0,0
97149190493,1993,0,0,0,0,0,0
97149206432,1994,0,0,0,0,0,0
97149223054,1995,0,0,0,0,0,0
97149240322,1996,0,0,0,0,0,0
97149256386,1997,0,0,0,0,0,0
97149274034,1998,0,0,0,0,0,0
97149289909,1999,0,0,0,0,0,0
97149307497,2000,0,0,0,0,0,0
97149322492,2001,0,0,0,0,0,0
97149340393,2002,0,0,0,0,0,0
97149356397,2003,0,0,0,0,0,0
97149373991,2004,0,0,0,0,0,0
97149389743,2005,0,0,0,0,0,0
97149407050,2006,0,0,0,0,0,0
97149423003,2007,0,0,0,0,0,0
97149440846,2008,0,0,0,0,0,0
97149456192,2009,0,0,0,0,0,0
97149474329,2010,0,0,0,0,0,0
97149489540,2011,0,0,0,0,0,0
97149507552,2012,0,0,0,0,0,0
97149523463,2013,0,0,0,0,0,0
97149541202,2014,0,0,0,0,0,0
97149556465,2015,0,0,0,0,0,0
97149574026,2016,0,0,0,0,0,0
97149589521,2017,0,0,0,0,0,0
97149607023,2018,0,0,0,0,0,0
97149623093,2019,0,0,0,0,0,0
97149640528,2020,0,0,0,0,0,0
97149656385,2021,0,0,0,0,0,0
97149673941,2022,0,0,0,0,0,0
97149689381,2023,0,0,0,0,0,0
97149707430,2024,0,0,0,0,0,0
97149723173,2025,0,0,0,0,0,0
97149740375,2026,0,0,0,0,0,0
97149756227,2027,0,0,0,0,0,0
97149773998,2028,0,0,0,0,0,0
97149789522,2029,0,0,0,0,0,0
97149807309,2030,0,0,0,0,0,0
97149823038,2031,0,0,0,0,0,0
97149840674,2032,0,0,0,0,0,0
97149856447,2033,0,0,0,0,0,0
97149873698,2034,0,0,0,0,0,0
97149889091,2035,0,0,0,0,0,0
97149907525,2036,0,0,0,0,0,0
97149922565,2037,0,0,0,0,0,0
97149940875,2038,0,0,0,0,0,0
97149955819,2039,0,0,0,0,0,0
97149974006,2040,0,0,0,0,0,0
97149989347,2041,0,0,0,0,0,0
97150007145,2042,0,0,0,0,0,0
97150022893,2043,0,0,0,0,0,0
97150040890,2044,0,0,0,0,0,0
97150056214,2045,0,0,0,0,0,0
97150074362,2046,0,0,0,0,0,0
97150089747,2047,0,0,0,0,0,0
97150107457,2048,0,0,0,0,0,0
97150122563,2049,0,0,0,0,0,0
97150140629,2050,0,0,0,0,0,0
97150156048,2051,0,0,0,0,0,0
97150174086,2052,0,0,0,0,0,0
97150190721,2053,0,0,0,0,0,0
97150206239,2054,0,0,0,0,0,0
97150223025,2055,0,0,0,0,0,0
97150240604,2056,0,0,0,0,0,0
97150257247,2057,0,0,0,0,0,0
97150272921,2058,0,0,0,0,0,0
97150289267,2059,0,0,0,0,0,0
97150307571,2060,0,0,0,0,0,0
97150322987,2061,0,0,0,0,0,0
97150340868,2062,0,0,0,0,0,0
97150355864,2063,0,0,0,0,0,0
97150374743,2064,0,0,0,0,0,0
97150390904,2065,0,0,0,0,0,0
97150406043,2066,0,0,0,0,0,0
97150423094,2067,0,0,0,0,0,0
97150440646,2068,0,0,0,0,0,0
97150456549,2069,0,0,0,0,0,0
97150474025,2070,0,0,0,0,0,0
97150489564,2071,0,0,0,0,0,0
97150507584,2072,0,0,0,0,0,0
97150523205,2073,0,0,0,0,0,0
97150541479,2074,0,0,0,0,0,0
97150555904,2075,0,0,0,0,0,0
97150573895,2076,0,0,0,0,0,0
97150589698,2077,0,0,0,0,0,0
97150607828,2078,0,0,0,0,0,0
97150622938,2079,0,0,0,0,0,0
97150640477,2080,0,0,0,0,0,0
97150656454,2081,0,0,0,0,0,0
97150674055,2082,0,0,0,0,0,0
97150689515,2083,0,0,0,0,0,0
97150707176,2084,0,0,0,0,0,0
97150722448,2085,0,0,0,0,0,0
97150741221,2086,0,0,0,0,0,0
97150757421,2087,0,0,0,0,0,0
97150773160,2088,0,0,0,0,0,0
97150789509,2089,0,0,0,0,0,0
97150807081,2090,0,0,0,0,0,0
97150822949,2091,0,0,0,0,0,0
97150840591,2092,0,0,0,0,0,0
97150856490,2093,0,0,0,0,0,0
97150874095,2094,0,0,0,0,0,0
97150890131,2095,0,0,0,0,0,0
97150907367,2096,0,0,0,0,0,0
97150922562,2097,0,0,0,0,0,0
97150940401,2098,0,0,0,0,0,0
97150956313,2099,0,0,0,0,0,0
97150973666,2100,0,0,0,0,0,0
97150989310,2101,0,0,0,0,0,0
97151007231,2102,0,0,0,0,0,0
97151023115,2103,0,0,0,0,0,0
97151040741,2104,0,0,0,0,0,0
97151056194,2105,0,0,0,0,0,0
97151073727,2106,0,0,0,0,0,0
97151090417,2107,0,0,0,0,0,0
97151106439,2108,0,0,0,0,0,0
97151123137,2109,0,0,0,0,0,0
97151140906,2110,0,0,0,0,0,0
97151156421,2111,0,0,0,0,0,0
97151173992,2112,0,0,0,0,0,0
97151189704,2113,0,0,0,0,0,0
97151207375,2114,0,0,0,0,0,0
97151223168,2115,0,0,0,0,0,0
97151240778,2116,0,0,0,0,0,0
97151256411,2117,0,0,0,0,0,0
97151274123,2118,0,0,0,0,0,0
97151289675,2119,0,0,0,0,0,0
97151307300,2120,0,0,0,0,0,0
97151323087,2121,0,0,0,0,0,0
97151340289,2122,0,0,0,0,0,0
97151356136,2123,0,0,0,0,0,0
97151374140,2124,0,0,0,0,0,0
97151389587,2125,0,0,0,0,0,0
97151407490,2126,0,0,0,0,0,0
97151422986,2127,0,0,0,0,0,0
97151441048,2128,0,0,0,0,0,0
97151456523,2129,0,0,0,0,0,0
97151473678,2130,0,0,0,0,0,0
97151489414,2131,0,0,0,0,0,0
97151507370,2132,0,0,0,0,0,0
97151523018,2133,0,0,0,0,0,0
97151540900,2134,0,0,0,0,0,0
97151556053,2135,0,0,0,0,0,0
97151574162,2136,0,0,0,0,0,0
97151589933,2137,0,0,0,0,0,0
97151606968,2138,0,0,0,0,0,0
97151622804,2139,0,0,0,0,0,0
97151640298,2140,0,0,0,0,0,0
97151656415,2141,0,0,0,0,0,0
97151674086,2142,0,0,0,0,0,0
97151689660,2143,0,0,0,0,0,0
97151707140,2144,0,0,0,0,0,0
97151722997,2145,0,0,0,0,0,0
97151740364,2146,0,0,0,0,0,0
97151756341,2147,0,0,0,0,0,0
97151774024,2148,0,0,0,0,0,0
97151789611,2149,0,0,0,0,0,0
97151807386,2150,0,0,0,0,0,0
97151823291,2151,0,0,0,0,0,0
97151840836,2152,0,0,0,0,0,0
97151856366,2153,0,0,0,0,0,0
97151874033,2154,0,0,0,0,0,0
97151889396,2155,0,0,0,0,0,0
97151907541,2156,0,0,0,0,0,0
97151922891,2157,0,0,0,0,0,0
97151940700,2158,0,0,0,0,0,0
97151956160,2159,0,0,0,0,0,0
97151974190,2160,0,0,0,0,0,0
97151989625,2161,0,0,0,0,0,0
97152007113,2162,0,0,0,0,0,0
97152022871,2163,0,0,0,0,0,0
97152040334,2164,0,0,0,0,0,0
97152056045,2165,0,0,0,0,0,0
97152074241,2166,0,0,0,0,0,0
97152090727,2167,0,0,0,0,0,0
97152106417,2168,0,0,0,0,0,0
97152122671,2169,0,0,0,0,0,0
97152140519,2170,0,0,0,0,0,0
97152156166,2171,0,0,0,0,0,0
97152174118,2172,0,0,0,0,0,0
97152189865,2173,0,0,0,0,0,0
97152207339,2174,0,0,0,0,0,0
97152223016,2175,0,0,0,0,0,0
97152240425,2176,0,0,0,0,0,0
97152256386,2177,0,0,0,0,0,0
97152273749,2178,0,0,0,0,0,0
97152289123,2179,0,0,0,0,0,0
97152307851,2180,0,0,0,0,0,0
97152322764,2181,0,0,0,0,0,0
97152340539,2182,0,0,0,0,0,0
97152356538,2183,0,0,0,0,0,0
97152373979,2184,0,0,0,0,0,0
97152389760,2185,0,0,0,0,0,0
97152407051,2186,0,0,0,0,0,0
97152423205,2187,0,0,0,0,0,0
97152443112,2188,0,0,0,0,0,0
97152456205,2189,0,0,0,0,0,0
97152474529,2190,0,0,0,0,0,0
97152489537,2191,0,0,0,0,0,0
97152507319,2192,0,0,0,0,0,0
97152522983,2193,0,0,0,0,0,0
97152540322,2194,0,0,0,0,0,0
97152556369,2195,0,0,0,0,0,0
97152574044,2196,0,0,0,0,0,0
97152589440,2197,0,0,0,0,0,0
97152607487,2198,0,0,0,0,0,0
97152622892,2199,0,0,0,0,0,0
97152640581,2200,0,0,0,0,0,0
97152656243,2201,0,0,0,0,0,0
97152673993,2202,0,0,0,0,0,0
97152689469,2203,0,0,0,0,0,0
97152707346,2204,0,0,0,0,0,0
97152723188,2205,0,0,0,0,0,0
97152740771,2206,0,0,0,0,0,0
97152756269,2207,0,0,0,0,0,0
97152774252,2208,0,0,0,0,0,0
97152789837,2209,0,0,0,0,0,0
97152806976,2210,0,0,0,0,0,0
97152822518,2211,0,0,0,0,0,0
97152840683,2212,0,0,0,0,0,0
97152856265,2213,0,0,0,0,0,0
97152874141,2214,0,0,0,0,0,0
97152889334,2215,0,0,0,0,0,0
97152907208,2216,0,0,0,0,0,0
97152923179,2217,0,0,0,0,0,0
97152940587,2218,0,0,0,0,0,0
97152955832,2219,0,0,0,0,0,0
97152974541,2220,0,0,0,0,0,0
97152989646,2221,0,0,0,0,0,0
97153007467,2222,0,0,0,0,0,0
97153022977,2223,0,0,0,0,0,0
97153040931,2224,0,0,0,0,0,0
97153056047,2225,0,0,0,0,0,0
97153073886,2226,0,0,0,0,0,0
97153090649,2227,0,0,0,0,0,0
97153106323,2228,0,0,0,0,0,0
97153123014,2229,0,0,0,0,0,0
97153140718,2230,0,0,0,0,0,0
97153156447,2231,0,0,0,0,0,0
97153174193,2232,0,0,0,0,0,0
97153189541,2233,0,0,0,0,0,0
97153208428,2234,0,0,0,0,0,0
97153222990,2235,0,0,0,0,0,0
97153241087,2236,0,0,0,0,0,0
97153256304,2237,0,0,0,0,0,0
97153274338,2238,0,0,0,0,0,0
97153289494,2239,0,0,0,0,0,0
97153307632,2240,0,0,0,0,0,0
97153322928,2241,0,0,0,0,0,0
97153340594,2242,0,0,0,0,0,0
97153356383,2243,0,0,0,0,0,0
97153374008,2244,0,0,0,0,0,0
97153389641,2245,0,0,0,0,0,0
97153407407,2246,0,0,0,0,0,0
97153422938,2247,0,0,0,0,0,0
97153440825,2248,0,0,0,0,0,0
97153456325,2249,0,0,0,0,0,0
97153472796,2250,0,0,0,0,0,0
97153489734,2251,0,0,0,0,0,0
97153506439,2252,0,0,0,0,0,0
97153522815,2253,0,0,0,0,0,0
97153539655,2254,0,0,0,0,0,0
97153556153,2255,0,0,0,0,0,0
97153573120,2256,0,0,0,0,0,0
97153589230,2257,0,0,0,0,0,0
97153606163,2258,0,0,0,0,0,0
97153622815,2259,0,0,0,0,0,0
97153639435,2260,0,0,0,0,0,0
97153656146,2261,0,0,0,0,0,0
97153672557,2262,0,0,0,0,0,0
97153689224,2263,0,0,0,0,0,0
97153706126,2264,0,0,0,0,0,0
97153722890,2265,0,0,0,0,0,0
97153739173,2266,0,0,0,0,0,0
97153756265,2267,0,0,0,0,0,0
97153772826,2268,0,0,0,0,0,0
97153789591,2269,0,0,0,0,0,0
97153805896,2270,0,0,0,0,0,0
97153822761,2271,0,0,0,0,0,0
97153839795,2272,0,0,0,0,0,0
97153856074,2273,0,0,0,0,0,0
97153872404,2274,0,0,0,0,0,0
97153889387,2275,0,0,0,0,0,0
97153906086,2276,0,0,0,0,0,0
97153922881,2277,0,0,0,0,0,0
97153939478,2278,0,0,0,0,0,0
97153956441,2279,0,0,0,0,0,0
97153973024,2280,0,0,0,0,0,0
97153989500,2281,0,0,0,0,0,0
97154007434,2282,0,0,0,0,0,0
97154022757,2283,0,0,0,0,0,0
97154039599,2284,0,0,0,0,0,0
97154056240,2285,0,0,0,0,0,0
97154072762,2286,0,0,0,0,0,0
97154089507,2287,0,0,0,0,0,0
97154106242,2288,0,0,0,0,0,0
97154123046,2289,0,0,0,0,0,0
97154139635,2290,0,0,0,0,0,0
97154155867,2291,0,0,0,0,0,0
97154172843,2292,0,0,0,0,0,0
97154189444,2293,0,0,0,0,0,0
97154206158,2294,0,0,0,0,0,0
97154222484,2295,0,0,0,0,0,0
97154239273,2296,0,0,0,0,0,0
97154256316,2297,0,0,0,0,0,0
97154273019,2298,0,0,0,0,0,0
97154289544,2299,0,0,0,0,0,0
97154306413,2300,0,0,0,0,0,0
97154322564,2301,0,0,0,0,0,0
97154339357,2302,0,0,0,0,0,0
97154356277,2303,0,0,0,0,0,0
97154373039,2304,0,0,0,0,0,0
97154389677,2305,0,0,0,0,0,0
97154406295,2306,0,0,0,0,0,0
97154422923,2307,0,0,0,0,0,0
97154439462,2308,0,0,0,0,0,0
97154456391,2309,0,0,0,0,0,0
97154472841,2310,0,0,0,0,0,0
97154489560,2311,0,0,0,0,0,0
97154506369,2312,0,0,0,0,0,0
97154523135,2313,0,0,0,0,0,0
97154539065,2314,0,0,0,0,0,0
97154556346,2315,0,0,0,0,0,0
97154572722,2316,0,0,0,0,0,0
97154589588,2317,0,0,0,0,0,0
97154606564,2318,0,0,0,0,0,0
97154623534,2319,0,0,0,0,0,0
97154639659,2320,0,0,0,0,0,0
97154655846,2321,0,0,0,0,0,0
97154672888,2322,0,0,0,0,0,0
97154689490,2323,0,0,0,0,0,0
97154706050,2324,0,0,0,0,0,0
97154722576,2325,0,0,0,0,0,0
97154739255,2326,0,0,0,0,0,0
97154756090,2327,0,0,0,0,0,0
97154773049,2328,0,0,0,0,0,0
97154789628,2329,0,0,0,0,0,0
97154806227,2330,0,0,0,0,0,0
97154822531,2331,0,0,0,0,0,0
97154839445,2332,0,0,0,0,0,0
97154856149,2333,0,0,0,0,0,0
97154872810,2334,0,0,0,0,0,0
97154889447,2335,0,0,0,0,0,0
97154906499,2336,0,0,0,0,0,0
97154923043,2337,0,0,0,0,0,0
97154939167,2338,0,0,0,0,0,0
97154956177,2339,0,0,0,0,0,0
97154972532,2340,0,0,0,0,0,0
97154989678,2341,0,0,0,0,0,0
97155007555,2342,0,0,0,0,0,0
97155022856,2343,0,0,0,0,0,0
97155039705,2344,0,0,0,0,0,0
97155056311,2345,0,0,0,0,0,0
97155072742,2346,0,0,0,0,0,0
97155089215,2347,0,0,0,0,0,0
97155106128,2348,0,0,0,0,0,0
97155123005,2349,0,0,0,0,0,0
97155139658,2350,0,0,0,0,0,0
97155156102,2351,0,0,0,0,0,0
97155172954,2352,0,0,0,0,0,0
97155189254,2353,0,0,0,0,0,0
97155206031,2354,0,0,0,0,0,0
97155222967,2355,0,0,0,0,0,0
97155239600,2356,0,0,0,0,0,0
97155256030,2357,0,0,0,0,0,0
97155272874,2358,0,0,0,0,0,0
97155289636,2359,0,0,0,0,0,0
97155306311,2360,0,0,0,0,0,0
97155322584,2361,0,0,0,0,0,0
97155339528,2362,0,0,0,0,0,0
97155356143,2363,0,0,0,0,0,0
97155372947,2364,0,0,0,0,0,0
97155389724,2365,0,0,0,0,0,0
97155406437,2366,0,0,0,0,0,0
97155422828,2367,0,0,0,0,0,0
97155441096,2368,0,0,0,0,0,0
97155456381,2369,0,0,0,0,0,0
97155473884,2370,0,0,0,0,0,0
97155489791,2371,0,0,0,0,0,0
97155507278,2372,0,0,0,0,0,0
97155523021,2373,0,0,0,0,0,0
97155541267,2374,0,0,0,0,0,0
97155556015,2375,0,0,0,0,0,0
97155574206,2376,0,0,0,0,0,0
97155589696,2377,0,0,0,0,0,0
97155607159,2378,0,0,0,0,0,0
97155623958,2379,0,0,0,0,0,0
97155640869,2380,0,0,0,0,0,0
97155656199,2381,0,0,0,0,0,0
97155673978,2382,0,0,0,0,0,0
97155689533,2383,0,0,0,0,0,0
97155707533,2384,0,0,0,0,0,0
97155722881,2385,0,0,0,0,0,0
97155740442,2386,0,0,0,0,0,0
97155755927,2387,0,0,0,0,0,0
97155774188,2388,0,0,0,0,0,0
97155789534,2389,0,0,0,0,0,0
97155807295,2390,0,0,0,0,0,0
97155822838,2391,0,0,0,0,0,0
97155840830,2392,0,0,0,0,0,0
97155856387,2393,0,0,0,0,0,0
97155873709,2394,0,0,0,0,0,0
97155889491,2395,0,0,0,0,0,0
97155907449,2396,0,0,0,0,0,0
97155922874,2397,0,0,0,0,0,0
97155940616,2398,0,0,0,0,0,0
97155955939,2399,0,0,0,0,0,0
97155973718,2400,0,0,0,0,0,0
97155989150,2401,0,0,0,0,0,0
97156007379,2402,0,0,0,0,0,0
97156023657,2403,0,0,0,0,0,0
97156039155,2404,0,0,0,0,0,0
97156056572,2405,0,0,0,0,0,0
97156073890,2406,0,0,0,0,0,0
97156089720,2407,0,0,0,0,0,0
97156107023,2408,0,0,0,0,0,0
97156122838,2409,0,0,0,0,0,0
97156140378,2410,0,0,0,0,0,0
97156156273,2411,0,0,0,0,0,0
97156173652,2412,0,0,0,0,0,0
97156189547,2413,0,0,0,0,0,0
97156207761,2414,0,0,0,0,0,0
97156223030,2415,0,0,0,0,0,0
97156240621,2416,0,0,0,0,0,0
97156256373,2417,0,0,0,0,0,0
97156273689,2418,0,0,0,0,0,0
97156289483,2419,0,0,0,0,0,0
97156307372,2420,0,0,0,0,0,0
97156323017,2421,0,0,0,0,0,0
97156340526,2422,0,0,0,0,0,0
97156356474,2423,0,0,0,0,0,0
97156374482,2424,0,0,0,0,0,0
97156389625,2425,0,0,0,0,0,0
97156407271,2426,0,0,0,0,0,0
97156422954,2427,0,0,0,0,0,0
97156440726,2428,0,0,0,0,0,0
97156456485,2429,0,0,0,0,0,0
97156472911,2430,0,0,0,0,0,0
97156489707,2431,0,0,0,0,0,0
97156506466,2432,0,0,0,0,0,0
97156523202,2433,0,0,0,0,0,0
97156540961,2434,0,0,0,0,0,0
97156556251,2435,0,0,0,0,0,0
97156573645,2436,0,0,0,0,0,0
97156589927,2437,0,0,0,0,0,0
97156607499,2438,0,0,0,0,0,0
97156623115,2439,0,0,0,0,0,0
97156640912,2440,0,0,0,0,0,0
97156655927,2441,0,0,0,0,0,0
97156673686,2442,0,0,0,0,0,0
97156689594,2443,0,0,0,0,0,0
97156707012,2444,0,0,0,0,0,0
97156723106,2445,0,0,0,0,0,0
97156741373,2446,0,0,0,0,0,0
97156756181,2447,0,0,0,0,0,0
97156774238,2448,0,0,0,0,0,0
97156789278,2449,0,0,0,0,0,0
97156807175,2450,0,0,0,0,0,0
97156824670,2451,0,0,0,0,0,0
97156840573,2452,0,0,0,0,0,0
97156856266,2453,0,0,0,0,0,0
97156874140,2454,0,0,0,0,0,0
97156889787,2455,0,0,0,0,0,0
97156907473,2456,0,0,0,0,0,0
97156922637,2457,0,0,0,0,0,0
97156940588,2458,0,0,0,0,0,0
97156956132,2459,0,0,0,0,0,0
97156974346,2460,0,0,0,0,0,0
97156989558,2461,0,0,0,0,0,0
97157007882,2462,0,0,0,0,0,0
97157023769,2463,0,0,0,0,0,0
97157039889,2464,0,0,0,0,0,0
97157056784,2465,0,0,0,0,0,0
97157073757,2466,0,0,0,0,0,0
97157089497,2467,0,0,0,0,0,0
97157107530,2468,0,0,0,0,0,0
97157123156,2469,0,0,0,0,0,0
97157140668,2470,0,0,0,0,0,0
97157156564,2471,0,0,0,0,0,0
97157173817,2472,0,0,0,0,0,0
97157189729,2473,0,0,0,0,0,0
97157207118,2474,0,0,0,0,0,0
97157223091,2475,0,0,0,0,0,0
97157240648,2476,0,0,0,0,0,0
97157256455,2477,0,0,0,0,0,0
97157273950,2478,0,0,0,0,0,0
97157289657,2479,0,0,0,0,0,0
97157307210,2480,0,0,0,0,0,0
97157323038,2481,0,0,0,0,0,0
97157340403,2482,0,0,0,0,0,0
97157356333,2483,0,0,0,0,0,0
97157374002,2484,0,0,0,0,0,0
97157389645,2485,0,0,0,0,0,0
97157407544,2486,0,0,0,0,0,0
97157423156,2487,0,0,0,0,0,0
97157440665,2488,0,0,0,0,0,0
97157455799,2489,0,0,0,0,0,0
97157473638,2490,0,0,0,0,0,0
97157489413,2491,0,0,0,0,0,0
97157507316,2492,0,0,0,0,0,0
97157523229,2493,0,0,0,0,0,0
97157540811,2494,0,0,0,0,0,0
97157556534,2495,0,0,0,0,0,0
97157574359,2496,0,0,0,0,0,0
97157589377,2497,0,0,0,0,0,0
97157607279,2498,0,0,0,0,0,0
97157622746,2499,0,0,0,0,0,0
97157640818,2500,0,0,0,0,0,0
97157656440,2501,0,0,0,0,0,0
97157674143,2502,0,0,0,0,0,0
97157689415,2503,0,0,0,0,0,0
97157707206,2504,0,0,0,0,0,0
97157723307,2505,0,0,0,0,0,0
97157740626,2506,0,0,0,0,0,0
97157756451,2507,0,0,0,0,0,0
97157773694,2508,0,0,0,0,0,0
97157789609,2509,0,0,0,0,0,0
97157807459,2510,0,0,0,0,0,0
97157822751,2511,0,0,0,0,0,0
97157840644,2512,0,0,0,0,0,0
97157856461,2513,0,0,0,0,0,0
97157874004,2514,0,0,0,0,0,0
97157889221,2515,0,0,0,0,0,0
97157907427,2516,0,0,0,0,0,0
97157922885,2517,0,0,0,0,0,0
97157940779,2518,0,0,0,0,0,0
97157956408,2519,0,0,0,0,0,0
97157974208,2520,0,0,0,0,0,0
97157989826,2521,0,0,0,0,0,0
97158008003,2522,0,0,0,0,0,0
97158025906,2523,0,0,0,0,0,0
97158039719,2524,0,0,0,0,0,0
97158056330,2525,0,0,0,0,0,0
97158074145,2526,0,0,0,0,0,0
97158089701,2527,0,0,0,0,0,0
97158106008,2528,0,0,0,0,0,0
97158123089,2529,0,0,0,0,0,0
97158141488,2530,0,0,0,0,0,0
97158156026,2531,0,0,0,0,0,0
97158174425,2532,0,0,0,0,0,0
97158189908,2533,0,0,0,0,0,0
97158207341,2534,0,0,0,0,0,0
97158223137,2535,0,0,0,0,0,0
97158240781,2536,0,0,0,0,0,0
97158256104,2537,0,0,0,0,0,0
97158273801,2538,0,0,0,0,0,0
97158289431,2539,0,0,0,0,0,0
97158307246,2540,0,0,0,0,0,0
97158322493,2541,0,0,0,0,0,0
97158340636,2542,0,0,0,0,0,0
97158356514,2543,0,0,0,0,0,0
97158374111,2544,0,0,0,0,0,0
97158389878,2545,0,0,0,0,0,0
97158407066,2546,0,0,0,0,0,0
97158423270,2547,0,0,0,0,0,0
97158440657,2548,0,0,0,0,0,0
97158456290,2549,0,0,0,0,0,0
97158473879,2550,0,0,0,0,0,0
97158489966,2551,0,0,0,0,0,0
97158507373,2552,0,0,0,0,0,0
97158522966,2553,0,0,0,0,0,0
97158540840,2554,0,0,0,0,0,0
97158556163,2555,0,0,0,0,0,0
97158573725,2556,0,0,0,0,0,0
97158589714,2557,0,0,0,0,0,0
97158608177,2558,0,0,0,0,0,0
97158623276,2559,0,0,0,0,0,0
97158640626,2560,0,0,0,0,0,0
97158656491,2561,0,0,0,0,0,0
97158674092,2562,0,0,0,0,0,0
97158689758,2563,0,0,0,0,0,0
97158707872,2564,0,0,0,0,0,0
97158723068,2565,0,0,0,0,0,0
97158741199,2566,0,0,0,0,0,0
97158756429,2567,0,0,0,0,0,0
97158773987,2568,0,0,0,0,0,0
97158789433,2569,0,0,0,0,0,0
97158806970,2570,0,0,0,0,0,0
97158822991,2571,0,0,0,0,0,0
97158841181,2572,0,0,0,0,0,0
97158856358,2573,0,0,0,0,0,0
97158874143,2574,0,0,0,0,0,0
97158889611,2575,0,0,0,0,0,0
97158907367,2576,0,0,0,0,0,0
97158922737,2577,0,0,0,0,0,0
97158940400,2578,0,0,0,0,0,0
97158956512,2579,0,0,0,0,0,0
97158974186,2580,0,0,0,0,0,0
97158989901,2581,0,0,0,0,0,0
97159007400,2582,0,0,0,0,0,0
97159022852,2583,0,0,0,0,0,0
97159040978,2584,0,0,0,0,0,0
97159057969,2585,0,0,0,0,0,0
97159073103,2586,0,0,0,0,0,0
97159089568,2587,0,0,0,0,0,0
97159107323,2588,0,0,0,0,0,0
97159122915,2589,0,0,0,0,0,0
97159140781,2590,0,0,0,0,0,0
97159156403,2591,0,0,0,0,0,0
97159173871,2592,0,0,0,0,0,0
97159189907,2593,0,0,0,0,0,0
97159206997,2594,0,0,0,0,0,0
97159222734,2595,0,0,0,0,0,0
97159240604,2596,0,0,0,0,0,0
97159255878,2597,0,0,0,0,0,0
97159274573,2598,0,0,0,0,0,0
97159289617,2599,0,0,0,0,0,0
97159307494,2600,0,0,0,0,0,0
97159322768,2601,0,0,0,0,0,0
97159340492,2602,0,0,0,0,0,0
97159356425,2603,0,0,0,0,0,0
97159373708,2604,0,0,0,0,0,0
97159389548,2605,0,0,0,0,0,0
97159407355,2606,0,0,0,0,0,0
97159423185,2607,0,0,0,0,0,0
97159440827,2608,0,0,0,0,0,0
97159456421,2609,0,0,0,0,0,0
97159473808,2610,0,0,0,0,0,0
97159489590,2611,0,0,0,0,0,0
97159507485,2612,0,0,0,0,0,0
97159523112,2613,0,0,0,0,0,0
97159541137,2614,0,0,0,0,0,0
97159556400,2615,0,0,0,0,0,0
97159574116,2616,0,0,0,0,0,0
97159589712,2617,0,0,0,0,0,0
97159607079,2618,0,0,0,0,0,0
97159622902,2619,0,0,0,0,0,0
97159640617,2620,0,0,0,0,0,0
97159656494,2621,0,0,0,0,0,0
97159673954,2622,0,0,0,0,0,0
97159689203,2623,0,0,0,0,0,0
97159707819,2624,0,0,0,0,0,0
97159732141,2625,0,0,0,0,0,0
97159751386,2626,0,0,0,0,0,0
97159756173,2627,0,0,0,0,0,0
97159772810,2628,0,0,0,0,0,0
97159789540,2629,0,0,0,0,0,0
97159807592,2630,0,0,0,0,0,0
97159823135,2631,0,0,0,0,0,0
97159840662,2632,0,0,0,0,0,0
97159856143,2633,0,0,0,0,0,0
97159874020,2634,0,0,0,0,0,0
97159889347,2635,0,0,0,0,0,0
97159908524,2636,0,0,0,0,0,0
97159922486,2637,0,0,0,0,0,0
97159940873,2638,0,0,0,0,0,0
97159956444,2639,0,0,0,0,0,0
97159974309,2640,0,0,0,0,0,0
97159989719,2641,0,0,0,0,0,0
97160007338,2642,0,0,0,0,0,0
97160023008,2643,0,0,0,0,0,0
97160040817,2644,0,0,0,0,0,0
97160055851,2645,0,0,0,0,0,0
97160073826,2646,0,0,0,0,0,0
97160089710,2647,0,0,0,0,0,0
97160107323,2648,0,0,0,0,0,0
97160122535,2649,0,0,0,0,0,0
97160140350,2650,0,0,0,0,0,0
97160156425,2651,0,0,0,0,0,0
97160174553,2652,0,0,0,0,0,0
97160189672,2653,0,0,0,0,0,0
97160207458,2654,0,0,0,0,0,0
97160222761,2655,0,0,0,0,0,0
97160241398,2656,0,0,0,0,0,0
97161101052,2657,4,0,0,4,1228800,4096
97161203833,2658,4,0,0,4,1228800,4096
97161235521,2659,4,0,0,4,1228800,4096
97161267939,2660,4,3,0,4,1228800,4096
97161291523,2661,6,2,0,6,1843200,6144
97161319049,2662,4,3,0,4,1228800,4096
97161352423,2663,5,4,0,5,1536000,5120
97161387988,2664,4,3,0,4,1228800,4096
97161420862,2665,5,3,0,5,1536000,5120
97161452605,2666,4,3,0,4,1228800,4096
97161485705,2667,4,3,0,4,1228800,4096
97161523007,2668,5,2,0,5,1536000,5120
97161553214,2669,4,3,0,4,1228800,4096
97161588714,2670,6,3,0,6,1843200,6144
97161619609,2671,4,3,0,4,1228800,4096
97161653926,2672,5,4,0,5,1536000,5120
97161685145,2673,3,2,0,3,921600,3072
97161724703,2674,6,3,0,6,1843200,6144
97161751964,2675,4,3,0,4,1228800,4096
97161785515,2676,4,3,0,4,1228800,4096
97161821845,2677,5,4,0,5,1536000,5120
97161851981,2678,5,4,0,5,1536000,5120
97161885938,2679,5,4,0,5,1536000,5120
97161922279,2680,5,4,0,5,1536000,5120
97161950545,2681,3,2,0,3,921600,3072
97161988184,2682,5,3,0,5,1536000,5120
97162020914,2683,5,4,0,5,1536000,5120
97162052775,2684,5,4,0,5,1536000,5120
97162085943,2685,3,2,0,3,921600,3072
97162122381,2686,6,4,0,6,1843200,6144
97162152830,2687,4,3,0,4,1228800,4096
97162188841,2688,6,4,0,6,1843200,6144
97162222476,2689,3,2,0,3,921600,3072
97162254687,2690,5,4,0,5,1536000,5120
97162289217,2691,4,3,0,4,1228800,4096
97162322218,2692,6,4,0,6,1843200,6144
97162352142,2693,4,3,0,4,1228800,4096
97162388415,2694,4,3,0,4,1228800,4096
97162420279,2695,5,4,0,5,1536000,5120
97162456532,2696,5,4,0,5,1536000,5120
97162485366,2697,4,3,0,4,1228800,4096
97162520229,2698,5,4,0,5,1536000,5120
97162552191,2699,4,3,0,4,1228800,4096
97162586400,2700,5,3,0,5,1536000,5120
97162619205,2701,5,4,0,5,1536000,5120
97162653738,2702,5,4,0,5,1536000,5120
97162684898,2703,3,2,0,3,921600,3072
97162723617,2704,6,3,0,6,1843200,6144
97162752841,2705,3,2,0,3,921600,3072
97162788623,2706,6,4,0,6,1843200,6144
97162849518,2707,4,3,0,4,1228800,4096
97162873866,2708,5,4,0,5,1536000,5120
97162902052,2709,4,3,0,4,1228800,4096
97162938281,2710,6,3,0,6,1843200,6144
97162970120,2711,4,3,0,4,1228800,4096
97163005511,2712,5,4,0,5,1536000,5120
97163035512,2713,3,2,0,3,921600,3072
97163069943,2714,5,3,0,5,1536000,5120
97163103059,2715,5,4,0,5,1536000,5120
97163135379,2716,5,4,0,5,1536000,5120
97163168203,2717,4,3,0,4,1228800,4096
97163204021,2718,5,4,0,5,1536000,5120
97163235843,2719,5,3,0,5,1536000,5120
97163268541,2720,4,3,0,4,1228800,4096
97163300606,2721,3,2,0,3,921600,3072
97163338744,2722,6,4,0,6,1843200,6144
97163368843,2723,4,3,0,4,1228800,4096
97163405715,2724,6,4,0,6,1843200,6144
97163436510,2725,4,3,0,4,1228800,4096
97163470132,2726,5,4,0,5,1536000,5120
97163506974,2727,4,3,0,4,1228800,4096
97163537888,2728,5,3,0,5,1536000,5120
97163568428,2729,4,3,0,4,1228800,4096
97163601723,2730,4,3,0,4,1228800,4096
97163635812,2731,5,4,0,5,1536000,5120
97163669923,2732,5,4,0,5,1536000,5120
97163702754,2733,5,4,0,5,1536000,5120
97163736768,2734,5,4,0,5,1536000,5120
97163770888,2735,4,3,0,4,1228800,4096
97163801357,2736,4,3,0,4,1228800,4096
97163835630,2737,5,4,0,5,1536000,5120
97163869524,2738,5,4,0,5,1536000,5120
97163901867,2739,3,2,0,3,921600,3072
97163938693,2740,6,3,0,6,1843200,6144
97163968631,2741,4,3,0,4,1228800,4096
97164004771,2742,6,5,0,6,1843200,6144
97164034367,2743,2,1,0,2,614400,2048
97164075011,2744,6,4,0,6,1843200,6144
97164102635,2745,3,2,0,3,921600,3072
97164138418,2746,5,4,0,5,1536000,5120
97164169072,2747,5,4,0,5,1536000,5120
97164201409,2748,4,3,0,4,1228800,4096
97164236291,2749,5,3,0,5,1536000,5120
97164271424,2750,4,3,0,4,1228800,4096
97164302846,2751,5,4,0,5,1536000,5120
97164335934,2752,3,2,0,3,921600,3072
97164369626,2753,5,3,0,5,1536000,5120
97164402828,2754,5,4,0,5,1536000,5120
97164435399,2755,5,4,0,5,1536000,5120
97164468341,2756,4,3,0,4,1228800,4096
97164504352,2757,4,3,0,4,1228800,4096
97164535879,2758,5,4,0,5,1536000,5120
97164568923,2759,5,3,0,5,1536000,5120
97164602047,2760,4,3,0,4,1228800,4096
97164638196,2761,5,4,0,5,1536000,5120
97164669561,2762,4,3,0,4,1228800,4096
97164703157,2763,5,4,0,5,1536000,5120
97164736898,2764,3,2,0,3,921600,3072
97164772325,2765,6,3,0,6,1843200,6144
97164806599,2766,4,3,0,4,1228800,4096
97164837313,2767,6,5,0,6,1843200,6144
97164868615,2768,3,2,0,3,921600,3072
97164903197,2769,5,4,0,5,1536000,5120
97164936363,2770,4,3,0,4,1228800,4096
97164969938,2771,5,3,0,5,1536000,5120
97165002551,2772,4,3,0,4,1228800,4096
97165036112,2773,5,4,0,5,1536000,5120
97165073783,2774,5,3,0,5,1536000,5120
97165101868,2775,5,4,0,5,1536000,5120
97165134063,2776,2,1,0,2,614400,2048
97165172429,2777,6,4,0,6,1843200,6144
97165206596,2778,4,3,0,4,1228800,4096
97165237369,2779,6,4,0,6,1843200,6144
97165267729,2780,3,2,0,3,921600,3072
97165303469,2781,5,4,0,5,1536000,5120
97165337316,2782,5,4,0,5,1536000,5120
97165367167,2783,3,2,0,3,921600,3072
97165404404,2784,5,4,0,5,1536000,5120
97165436752,2785,4,3,0,4,1228800,4096
97165471431,2786,6,3,0,6,1843200,6144
97165502090,2787,4,3,0,4,1228800,4096
97165536023,2788,5,4,0,5,1536000,5120
97165569158,2789,3,2,0,3,921600,3072
97165604531,2790,4,3,0,4,1228800,4096
97165636810,2791,5,3,0,5,1536000,5120
97165669378,2792,4,3,0,4,1228800,4096
97165703446,2793,5,4,0,5,1536000,5120
97165737866,2794,5,4,0,5,1536000,5120
97165768079,2795,3,2,0,3,921600,3072
97165807449,2796,5,4,0,5,1536000,5120
97165835901,2797,4,3,0,4,1228800,4096
97165871109,2798,6,4,0,6,1843200,6144
97165901413,2799,4,3,0,4,1228800,4096
97165937294,2800,5,4,0,5,1536000,5120
97165968259,2801,3,2,0,3,921600,3072
97166002962,2802,4,3,0,4,1228800,4096
97166037105,2803,6,4,0,6,1843200,6144
97166069506,2804,3,2,0,3,921600,3072
97166104984,2805,6,5,0,6,1843200,6144
97166136263,2806,4,3,0,4,1228800,4096
97166169372,2807,5,4,0,5,1536000,5120
97166201044,2808,3,2,0,3,921600,3072
97166237050,2809,5,3,0,5,1536000,5120
97166269322,2810,5,3,0,5,1536000,5120
97166304648,2811,5,4,0,5,1536000,5120
97166335970,2812,4,3,0,4,1228800,4096
97166368769,2813,4,3,0,4,1228800,4096
97166407162,2814,5,4,0,5,1536000,5120
97166434980,2815,4,3,0,4,1228800,4096
97166468689,2816,4,3,0,4,1228800,4096
97166505271,2817,6,3,0,6,1843200,6144
97166535098,2818,3,2,0,3,921600,3072
97166569884,2819,4,3,0,4,1228800,4096
97166602807,2820,4,3,0,4,1228800,4096
97166635712,2821,4,3,0,4,1228800,4096
97166671655,2822,6,2,0,6,1843200,6144
97166701882,2823,3,2,0,3,921600,3072
97166739515,2824,6,4,0,6,1843200,6144
97166768583,2825,3,2,0,3,921600,3072
97166805460,2826,6,5,0,6,1843200,6144
97166834776,2827,3,2,0,3,921600,3072
97166869530,2828,5,4,0,5,1536000,5120
97166905059,2829,5,4,0,5,1536000,5120
97166935588,2830,5,4,0,5,1536000,5120
97166967812,2831,3,2,0,3,921600,3072
97167004993,2832,5,3,0,5,1536000,5120
97167036224,2833,5,4,0,5,1536000,5120
97167069095,2834,5,4,0,5,1536000,5120
97167102110,2835,3,2,0,3,921600,3072
97167139586,2836,6,3,0,6,1843200,6144
97167169811,2837,3,2,0,3,921600,3072
97167204119,2838,5,4,0,5,1536000,5120
97167235288,2839,3,2,0,3,921600,3072
97167271530,2840,5,3,0,5,1536000,5120
97167301259,2841,4,3,0,4,1228800,4096
97167337383,2842,4,3,0,4,1228800,4096
97167369044,2843,5,4,0,5,1536000,5120
97167402803,2844,3,2,0,3,921600,3072
97167438290,2845,6,3,0,6,1843200,6144
97167470072,2846,4,3,0,4,1228800,4096
97167502137,2847,5,4,0,5,1536000,5120
97167535305,2848,4,3,0,4,1228800,4096
97167570070,2849,5,3,0,5,1536000,5120
97167602474,2850,4,3,0,4,1228800,4096
97167635801,2851,4,3,0,4,1228800,4096
97167669370,2852,5,4,0,5,1536000,5120
97167704789,2853,5,3,0,5,1536000,5120
97167735969,2854,5,4,0,5,1536000,5120
97167767657,2855,4,3,0,4,1228800,4096
97167802104,2856,3,2,0,3,921600,3072
97167839503,2857,6,4,0,6,1843200,6144
97167870791,2858,4,3,0,4,1228800,4096
97167902045,2859,4,3,0,4,1228800,4096
97167935373,2860,4,3,0,4,1228800,4096
97167971993,2861,6,3,0,6,1843200,6144
97168004210,2862,4,3,0,4,1228800,4096
97168034479,2863,2,1,0,2,614400,2048
97168072792,2864,6,5,0,6,1843200,6144
97168107534,2865,4,3,0,4,1228800,4096
97168138717,2866,6,5,0,6,1843200,6144
97168172334,2867,3,2,0,3,921600,3072
97168205920,2868,6,5,0,6,1843200,6144
97168236174,2869,3,2,0,3,921600,3072
97168270617,2870,5,4,0,5,1536000,5120
97168302317,2871,4,3,0,4,1228800,4096
97168338093,2872,5,4,0,5,1536000,5120
97168369458,2873,4,3,0,4,1228800,4096
97168404244,2874,5,4,0,5,1536000,5120
97168434397,2875,4,3,0,4,1228800,4096
97168468675,2876,4,3,0,4,1228800,4096
97168502268,2877,4,3,0,4,1228800,4096
97168538268,2878,6,2,0,6,1843200,6144
97168568675,2879,3,2,0,3,921600,3072
97168605397,2880,6,5,0,6,1843200,6144
97168635540,2881,4,3,0,4,1228800,4096
97168672244,2882,6,4,0,6,1843200,6144
97168701608,2883,3,2,0,3,921600,3072
97168735418,2884,4,3,0,4,1228800,4096
97168771055,2885,5,4,0,5,1536000,5120
97168802252,2886,5,4,0,5,1536000,5120
97168835684,2887,5,4,0,5,1536000,5120
97168873006,2888,4,3,0,4,1228800,4096
97168902548,2889,5,4,0,5,1536000,5120
97168935226,2890,4,3,0,4,1228800,4096
97168970496,2891,5,4,0,5,1536000,5120
97169002084,2892,4,3,0,4,1228800,4096
97169035639,2893,4,3,0,4,1228800,4096
97169071884,2894,6,2,0,6,1843200,6144
97169103455,2895,4,3,0,4,1228800,4096
97169137123,2896,5,4,0,5,1536000,5120
97169168631,2897,3,2,0,3,921600,3072
97169206289,2898,6,4,0,6,1843200,6144
97169237358,2899,4,3,0,4,1228800,4096
97169268034,2900,4,3,0,4,1228800,4096
97169303859,2901,5,4,0,5,1536000,5120
97169336479,2902,4,3,0,4,1228800,4096
97169373016,2903,6,3,0,6,1843200,6144
97169402787,2904,4,3,0,4,1228800,4096
97169435166,2905,4,3,0,4,1228800,4096
97169470235,2906,4,3,0,4,1228800,4096
97169504742,2907,6,2,0,6,1843200,6144
97169537067,2908,4,3,0,4,1228800,4096
97169569651,2909,5,4,0,5,1536000,5120
97169602492,2910,4,3,0,4,1228800,4096
97169635479,2911,5,4,0,5,1536000,5120
97169669591,2912,5,3,0,5,1536000,5120
97169700642,2913,4,3,0,4,1228800,4096
97169735332,2914,4,3,0,4,1228800,4096
97169769426,2915,5,3,0,5,1536000,5120
97169803722,2916,5,4,0,5,1536000,5120
97169835558,2917,5,4,0,5,1536000,5120
97169868830,2918,4,3,0,4,1228800,4096
97169902825,2919,5,3,0,5,1536000,5120
97169936111,2920,3,2,0,3,921600,3072
97169972294,2921,6,5,0,6,1843200,6144
97170003592,2922,4,3,0,4,1228800,4096
97170036347,2923,5,4,0,5,1536000,5120
97170069708,2924,4,3,0,4,1228800,4096
97170105140,2925,6,4,0,6,1843200,6144
97170138982,2926,4,3,0,4,1228800,4096
97170170041,2927,5,4,0,5,1536000,5120
97170202547,2928,3,2,0,3,921600,3072
97170237959,2929,5,3,0,5,1536000,5120
97170273485,2930,5,4,0,5,1536000,5120
97170301965,2931,5,4,0,5,1536000,5120
97170335747,2932,4,3,0,4,1228800,4096
97170369574,2933,5,4,0,5,1536000,5120
97170403893,2934,5,4,0,5,1536000,5120
97170435394,2935,5,4,0,5,1536000,5120
97170468106,2936,3,2,0,3,921600,3072
97170503969,2937,5,3,0,5,1536000,5120
97170535805,2938,4,3,0,4,1228800,4096
97170571688,2939,6,3,0,6,1843200,6144
97170602181,2940,4,3,0,4,1228800,4096
97170637284,2941,5,4,0,5,1536000,5120
97170672290,2942,4,3,0,4,1228800,4096
97170703309,2943,6,3,0,6,1843200,6144
97170736065,2944,3,2,0,3,921600,3072
97170771754,2945,5,4,0,5,1536000,5120
97170802596,2946,4,3,0,4,1228800,4096
97170836771,2947,5,4,0,5,1536000,5120
97170871705,2948,5,4,0,5,1536000,5120
97170905147,2949,5,4,0,5,1536000,5120
97170935302,2950,4,3,0,4,1228800,4096
97170969221,2951,5,4,0,5,1536000,5120
97171002076,2952,4,3,0,4,1228800,4096
97171036438,2953,5,3,0,5,1536000,5120
97171069038,2954,4,3,0,4,1228800,4096
97171102666,2955,5,4,0,5,1536000,5120
97171135592,2956,4,3,0,4,1228800,4096
97171171422,2957,6,4,0,6,1843200,6144
97171205806,2958,4,3,0,4,1228800,4096
97171237147,2959,5,4,0,5,1536000,5120
97171268981,2960,3,2,0,3,921600,3072
97171305944,2961,6,3,0,6,1843200,6144
97171336745,2962,4,3,0,4,1228800,4096
97171370217,2963,5,4,0,5,1536000,5120
97171401480,2964,4,3,0,4,1228800,4096
97171436001,2965,5,4,0,5,1536000,5120
97171470018,2966,5,3,0,5,1536000,5120
97171502383,2967,5,4,0,5,1536000,5120
97171534428,2968,3,2,0,3,921600,3072
97171570544,2969,5,3,0,5,1536000,5120
97171605704,2970,5,3,0,5,1536000,5120
97171635610,2971,5,4,0,5,1536000,5120
97171671738,2972,3,2,0,3,921600,3072
97171705297,2973,6,4,0,6,1843200,6144
97171736384,2974,4,3,0,4,1228800,4096
97171770361,2975,5,4,0,5,1536000,5120
97171801242,2976,4,3,0,4,1228800,4096
97171837620,2977,5,4,0,5,1536000,5120
97171869787,2978,4,3,0,4,1228800,4096
97171903441,2979,5,4,0,5,1536000,5120
97171935434,2980,5,4,0,5,1536000,5120
97171968116,2981,4,3,0,4,1228800,4096
97172003070,2982,5,3,0,5,1536000,5120
97172034119,2983,4,3,0,4,1228800,4096
97172070323,2984,5,4,0,5,1536000,5120
97172101392,2985,3,2,0,3,921600,3072
97172137332,2986,5,3,0,5,1536000,5120
97172170308,2987,5,4,0,5,1536000,5120
97172201697,2988,4,3,0,4,1228800,4096
97172237462,2989,6,3,0,6,1843200,6144
97172268496,2990,2,1,0,2,614400,2048
97172304076,2991,5,4,0,5,1536000,5120
97172335822,2992,5,4,0,5,1536000,5120
97172369239,2993,5,4,0,5,1536000,5120
97172401883,2994,4,3,0,4,1228800,4096
97172435169,2995,4,3,0,4,1228800,4096
97172472392,2996,6,3,0,6,1843200,6144
97172501944,2997,3,2,0,3,921600,3072
97172537873,2998,5,4,0,5,1536000,5120
97172567852,2999,4,3,0,4,1228800,4096
97172605368,3000,6,4,0,6,1843200,6144
97172635404,3001,3,2,0,3,921600,3072
97172669317,3002,4,3,0,4,1228800,4096
97172702307,3003,4,3,0,4,1228800,4096
97172735415,3004,5,4,0,5,1536000,5120
97172769932,3005,5,4,0,5,1536000,5120
97172802425,3006,4,3,0,4,1228800,4096
97172836493,3007,5,3,0,5,1536000,5120
97172869500,3008,5,4,0,5,1536000,5120
97172902019,3009,4,3,0,4,1228800,4096
97172935233,3010,4,3,0,4,1228800,4096
97172969141,3011,4,3,0,4,1228800,4096
97173004788,3012,6,3,0,6,1843200,6144
97173039725,3013,4,3,0,4,1228800,4096
97173070029,3014,5,4,0,5,1536000,5120
97173101685,3015,4,3,0,4,1228800,4096
97173135554,3016,4,3,0,4,1228800,4096
97173170164,3017,5,4,0,5,1536000,5120
97173203186,3018,3,2,0,3,921600,3072
97173237386,3019,6,4,0,6,1843200,6144
97173269687,3020,4,3,0,4,1228800,4096
97173304810,3021,6,5,0,6,1843200,6144
97173335917,3022,3,2,0,3,921600,3072
97173368709,3023,4,3,0,4,1228800,4096
97173405993,3024,5,4,0,5,1536000,5120
97173437787,3025,5,4,0,5,1536000,5120
97173468866,3026,4,3,0,4,1228800,4096
97173503281,3027,5,4,0,5,1536000,5120
97173535539,3028,5,4,0,5,1536000,5120
97173568867,3029,4,3,0,4,1228800,4096
97173602676,3030,3,2,0,3,921600,3072
97173639859,3031,6,3,0,6,1843200,6144
97173673310,3032,4,3,0,4,1228800,4096
97173704744,3033,6,5,0,6,1843200,6144
97173735319,3034,3,2,0,3,921600,3072
97173770946,3035,5,4,0,5,1536000,5120
97173802355,3036,4,3,0,4,1228800,4096
97173836425,3037,5,4,0,5,1536000,5120
97173867782,3038,4,3,0,4,1228800,4096
97173902109,3039,4,3,0,4,1228800,4096
97173937986,3040,6,4,0,6,1843200,6144
97173968383,3041,3,2,0,3,921600,3072
97174003897,3042,5,4,0,5,1536000,5120
97174035839,3043,4,3,0,4,1228800,4096
97174072244,3044,5,3,0,5,1536000,5120
97174104794,3045,5,4,0,5,1536000,5120
97174135496,3046,4,3,0,4,1228800,4096
97174171120,3047,4,3,0,4,1228800,4096
97174205297,3048,5,3,0,5,1536000,5120
97174235984,3049,3,2,0,3,921600,3072
97174271299,3050,5,4,0,5,1536000,5120
97174303492,3051,4,3,0,4,1228800,4096
97174339417,3052,6,3,0,6,1843200,6144
97174369327,3053,3,2,0,3,921600,3072
97174404484,3054,5,4,0,5,1536000,5120
97174435294,3055,4,3,0,4,1228800,4096
97174470092,3056,5,3,0,5,1536000,5120
97174501727,3057,4,3,0,4,1228800,4096
97174538129,3058,4,3,0,4,1228800,4096
97174570155,3059,5,3,0,5,1536000,5120
97174603813,3060,4,3,0,4,1228800,4096
97174637756,3061,5,4,0,5,1536000,5120
97174669401,3062,4,3,0,4,1228800,4096
97174703703,3063,5,3,0,5,1536000,5120
97174738830,3064,5,4,0,5,1536000,5120
97174766760,3065,3,2,0,3,921600,3072
97174804981,3066,5,4,0,5,1536000,5120
97174835867,3067,5,4,0,5,1536000,5120
97174868696,3068,5,4,0,5,1536000,5120
97174902178,3069,4,3,0,4,1228800,4096
97174936092,3070,4,3,0,4,1228800,4096
97174969511,3071,5,3,0,5,1536000,5120
97175004152,3072,4,3,0,4,1228800,4096
97175036415,3073,5,4,0,5,1536000,5120
97175069325,3074,4,3,0,4,1228800,4096
97175104978,3075,6,3,0,6,1843200,6144
97175135576,3076,4,3,0,4,1228800,4096
97175166848,3077,3,2,0,3,921600,3072
97175205835,3078,5,4,0,5,1536000,5120
97175235467,3079,4,3,0,4,1228800,4096
97175272130,3080,6,4,0,6,1843200,6144
97175300869,3081,2,1,0,2,614400,2048
97175338368,3082,5,4,0,5,1536000,5120
97175368999,3083,4,3,0,4,1228800,4096
97175403912,3084,5,3,0,5,1536000,5120
97175436600,3085,3,2,0,3,921600,3072
97175475776,3086,5,3,0,5,1536000,5120
97175503969,3087,5,4,0,5,1536000,5120
97175536503,3088,5,4,0,5,1536000,5120
97175567790,3089,3,2,0,3,921600,3072
97175604989,3090,5,4,0,5,1536000,5120
97175637075,3091,4,3,0,4,1228800,4096
97175673212,3092,6,4,0,6,1843200,6144
97175701557,3093,3,2,0,3,921600,3072
97175740182,3094,6,5,0,6,1843200,6144
97175770021,3095,4,3,0,4,1228800,4096
97175803138,3096,4,3,0,4,1228800,4096
97175835975,3097,4,3,0,4,1228800,4096
97175870639,3098,5,2,0,5,1536000,5120
97175902774,3099,5,3,0,5,1536000,5120
97175935141,3100,4,3,0,4,1228800,4096
97175970923,3101,5,3,0,5,1536000,5120
97176003508,3102,3,2,0,3,921600,3072
97176037785,3103,5,4,0,5,1536000,5120
97176071918,3104,5,4,0,5,1536000,5120
97176102033,3105,4,3,0,4,1228800,4096
97176137166,3106,5,3,0,5,1536000,5120
97176171442,3107,5,4,0,5,1536000,5120
97176204344,3108,5,3,0,5,1536000,5120
97176234890,3109,3,2,0,3,921600,3072
97176271444,3110,4,3,0,4,1228800,4096
97176307279,3111,6,4,0,6,1843200,6144
97176338868,3112,4,3,0,4,1228800,4096
97176370429,3113,5,4,0,5,1536000,5120
97176402895,3114,4,3,0,4,1228800,4096
97176437034,3115,6,5,0,6,1843200,6144
97176468561,3116,3,2,0,3,921600,3072
97176505058,3117,5,4,0,5,1536000,5120
97176535684,3118,4,3,0,4,1228800,4096
97176569855,3119,5,3,0,5,1536000,5120
97176602066,3120,5,4,0,5,1536000,5120
97176635824,3121,4,3,0,4,1228800,4096
97176668728,3122,5,4,0,5,1536000,5120
97176701768,3123,4,3,0,4,1228800,4096
97176735781,3124,5,3,0,5,1536000,5120
97176771475,3125,5,3,0,5,1536000,5120
97176802301,3126,3,2,0,3,921600,3072
97176842713,3127,6,3,0,6,1843200,6144
97176869439,3128,4,3,0,4,1228800,4096
97176907049,3129,6,5,0,6,1843200,6144
97176934973,3130,2,1,0,2,614400,2048
97176973960,3131,6,5,0,6,1843200,6144
97177003579,3132,4,3,0,4,1228800,4096
97177036477,3133,5,4,0,5,1536000,5120
97177068325,3134,4,3,0,4,1228800,4096
97177102392,3135,5,4,0,5,1536000,5120
97177138530,3136,5,3,0,5,1536000,5120
97177169062,3137,3,2,0,3,921600,3072
97177205538,3138,6,3,0,6,1843200,6144
97177237091,3139,3,2,0,3,921600,3072
97177272027,3140,6,5,0,6,1843200,6144
97177303115,3141,4,3,0,4,1228800,4096
97177336349,3142,5,4,0,5,1536000,5120
97177368624,3143,4,3,0,4,1228800,4096
97177403197,3144,5,3,0,5,1536000,5120
97177435421,3145,4,3,0,4,1228800,4096
97177470734,3146,5,4,0,5,1536000,5120
97177501779,3147,4,3,0,4,1228800,4096
97177535939,3148,5,3,0,5,1536000,5120
97177568926,3149,5,4,0,5,1536000,5120
97177602570,3150,5,3,0,5,1536000,5120
97177635550,3151,4,3,0,4,1228800,4096
97177668410,3152,4,3,0,4,1228800,4096
97177702400,3153,4,3,0,4,1228800,4096
97177738408,3154,6,1,0,6,1843200,6144
97177769064,3155,4,3,0,4,1228800,4096
97177803738,3156,5,4,0,5,1536000,5120
97177835571,3157,4,3,0,4,1228800,4096
97177872489,3158,6,3,0,6,1843200,6144
97177902626,3159,4,3,0,4,1228800,4096
97177934255,3160,4,3,0,4,1228800,4096
97177969025,3161,4,3,0,4,1228800,4096
97178002825,3162,5,3,0,5,1536000,5120
97178038342,3163,5,3,0,5,1536000,5120
97178068567,3164,5,4,0,5,1536000,5120
97178102276,3165,4,3,0,4,1228800,4096
97178136136,3166,5,4,0,5,1536000,5120
97178169652,3167,5,3,0,5,1536000,5120
97178201160,3168,4,3,0,4,1228800,4096
97178236580,3169,4,3,0,4,1228800,4096
97178270073,3170,5,3,0,5,1536000,5120
97178302899,3171,4,3,0,4,1228800,4096
97178338987,3172,6,3,0,6,1843200,6144
97178369532,3173,4,3,0,4,1228800,4096
97178403061,3174,5,4,0,5,1536000,5120
97178435277,3175,4,3,0,4,1228800,4096
97178471279,3176,5,4,0,5,1536000,5120
97178502859,3177,4,3,0,4,1228800,4096
97178536472,3178,5,4,0,5,1536000,5120
97178568873,3179,4,3,0,4,1228800,4096
97178603443,3180,5,3,0,5,1536000,5120
97178638521,3181,5,3,0,5,1536000,5120
97178669074,3182,5,4,0,5,1536000,5120
97178701828,3183,4,3,0,4,1228800,4096
97178736690,3184,4,3,0,4,1228800,4096
97178770611,3185,5,4,0,5,1536000,5120
97178802992,3186,5,4,0,5,1536000,5120
97178836007,3187,4,3,0,4,1228800,4096
97178870385,3188,5,4,0,5,1536000,5120
97178903764,3189,4,3,0,4,1228800,4096
97178937057,3190,6,4,0,6,1843200,6144
97178968671,3191,4,3,0,4,1228800,4096
97179001932,3192,4,3,0,4,1228800,4096
97179036750,3193,4,3,0,4,1228800,4096
97179071153,3194,6,3,0,6,1843200,6144
97179102722,3195,4,3,0,4,1228800,4096
97179139276,3196,5,4,0,5,1536000,5120
97179168502,3197,4,3,0,4,1228800,4096
97179203267,3198,5,3,0,5,1536000,5120
97179236426,3199,5,3,0,5,1536000,5120
97179268101,3200,4,3,0,4,1228800,4096
97179302092,3201,4,3,0,4,1228800,4096
97179336782,3202,5,4,0,5,1536000,5120
97179368937,3203,4,3,0,4,1228800,4096
97179404083,3204,6,3,0,6,1843200,6144
97179435727,3205,4,3,0,4,1228800,4096
97179470228,3206,5,4,0,5,1536000,5120
97179501932,3207,4,3,0,4,1228800,4096
97179537660,3208,5,3,0,5,1536000,5120
97179572117,3209,4,3,0,4,1228800,4096
97179603694,3210,5,4,0,5,1536000,5120
97179635699,3211,4,3,0,4,1228800,4096
97179669713,3212,5,3,0,5,1536000,5120
97179702199,3213,5,4,0,5,1536000,5120
97179735510,3214,5,4,0,5,1536000,5120
97179770118,3215,3,2,0,3,921600,3072
97179805099,3216,5,3,0,5,1536000,5120
97179836657,3217,5,4,0,5,1536000,5120
97179869220,3218,5,4,0,5,1536000,5120
97179904149,3219,4,3,0,4,1228800,4096
97179936198,3220,5,4,0,5,1536000,5120
97179969847,3221,4,3,0,4,1228800,4096
97180003525,3222,5,3,0,5,1536000,5120
97180034320,3223,3,2,0,3,921600,3072
97180072374,3224,6,3,0,6,1843200,6144
97180105945,3225,4,3,0,4,1228800,4096
97180138576,3226,6,4,0,6,1843200,6144
97180168515,3227,3,2,0,3,921600,3072
97180202588,3228,4,3,0,4,1228800,4096
97180237046,3229,5,4,0,5,1536000,5120
97180272389,3230,4,3,0,4,1228800,4096
97180303563,3231,6,3,0,6,1843200,6144
97180334579,3232,3,2,0,3,921600,3072
97180371296,3233,6,5,0,6,1843200,6144
97180406148,3234,4,3,0,4,1228800,4096
97180437445,3235,6,5,0,6,1843200,6144
97180468591,3236,2,1,0,2,614400,2048
97180504567,3237,5,4,0,5,1536000,5120
97180537410,3238,5,4,0,5,1536000,5120
97180569090,3239,5,4,0,5,1536000,5120
97180601845,3240,4,3,0,4,1228800,4096
97180637452,3241,5,3,0,5,1536000,5120
97180671899,3242,5,4,0,5,1536000,5120
97180701446,3243,4,3,0,4,1228800,4096
97180735675,3244,3,2,0,3,921600,3072
97180771848,3245,6,2,0,6,1843200,6144
97180806537,3246,4,3,0,4,1228800,4096
97180836706,3247,6,5,0,6,1843200,6144
97180869707,3248,3,2,0,3,921600,3072
97180906000,3249,6,4,0,6,1843200,6144
97180937018,3250,3,2,0,3,921600,3072
97180972984,3251,5,4,0,5,1536000,5120
97181001419,3252,4,3,0,4,1228800,4096
97181036452,3253,5,4,0,5,1536000,5120
97181069251,3254,5,3,0,5,1536000,5120
97181102997,3255,5,4,0,5,1536000,5120
97181134271,3256,3,2,0,3,921600,3072
97181169836,3257,4,3,0,4,1228800,4096
97181204840,3258,5,4,0,5,1536000,5120
97181238003,3259,5,4,0,5,1536000,5120
97181267722,3260,4,3,0,4,1228800,4096
97181303484,3261,5,4,0,5,1536000,5120
97181335748,3262,4,3,0,4,1228800,4096
97181368932,3263,5,3,0,5,1536000,5120
97181401486,3264,4,3,0,4,1228800,4096
97181440226,3265,4,3,0,4,1228800,4096
97181471349,3266,6,3,0,6,1843200,6144
97181502589,3267,4,3,0,4,1228800,4096
97181536943,3268,5,4,0,5,1536000,5120
97181569159,3269,3,2,0,3,921600,3072
97181605243,3270,5,3,0,5,1536000,5120
97181634955,3271,4,3,0,4,1228800,4096
97181668771,3272,4,3,0,4,1228800,4096
97181704047,3273,5,3,0,5,1536000,5120
97181736275,3274,5,4,0,5,1536000,5120
97181768806,3275,4,3,0,4,1228800,4096
97181800945,3276,4,3,0,4,1228800,4096
97181835549,3277,4,3,0,4,1228800,4096
97181871203,3278,5,3,0,5,1536000,5120
97181903618,3279,5,3,0,5,1536000,5120
97181936760,3280,4,3,0,4,1228800,4096
97181969302,3281,4,3,0,4,1228800,4096
97182002898,3282,5,4,0,5,1536000,5120
97182035234,3283,5,4,0,5,1536000,5120
97182068822,3284,3,2,0,3,921600,3072
97182105036,3285,6,3,0,6,1843200,6144
97182137065,3286,4,3,0,4,1228800,4096
97182169117,3287,5,4,0,5,1536000,5120
97182203062,3288,3,2,0,3,921600,3072
97182238142,3289,6,4,0,6,1843200,6144
97182269067,3290,4,3,0,4,1228800,4096
97182302693,3291,5,4,0,5,1536000,5120
97182335555,3292,4,3,0,4,1228800,4096
97182369540,3293,4,3,0,4,1228800,4096
97182404192,3294,5,4,0,5,1536000,5120
97182438117,3295,4,3,0,4,1228800,4096
97182470976,3296,5,4,0,5,1536000,5120
97182506414,3297,4,3,0,4,1228800,4096
97182537986,3298,5,3,0,5,1536000,5120
97182567199,3299,3,2,0,3,921600,3072
97182603850,3300,5,4,0,5,1536000,5120
97182637351,3301,5,4,0,5,1536000,5120
97182669328,3302,5,4,0,5,1536000,5120
97182702216,3303,3,2,0,3,921600,3072
97182738750,3304,6,4,0,6,1843200,6144
97182767421,3305,3,2,0,3,921600,3072
97182805393,3306,6,4,0,6,1843200,6144
97182837623,3307,3,2,0,3,921600,3072
97182871743,3308,6,5,0,6,1843200,6144
97182902277,3309,4,3,0,4,1228800,4096
97182936035,3310,5,4,0,5,1536000,5120
97182967970,3311,3,2,0,3,921600,3072
97183005068,3312,5,3,0,5,1536000,5120
97183035693,3313,5,4,0,5,1536000,5120
97183069087,3314,4,3,0,4,1228800,4096
97183102346,3315,4,3,0,4,1228800,4096
97183134820,3316,4,3,0,4,1228800,4096
97183168210,3317,4,3,0,4,1228800,4096
97183204226,3318,5,3,0,5,1536000,5120
97183235055,3319,4,3,0,4,1228800,4096
97183272298,3320,5,4,0,5,1536000,5120
97183301350,3321,4,3,0,4,1228800,4096
97183338672,3322,5,4,0,5,1536000,5120
97183366767,3323,3,2,0,3,921600,3072
97183404696,3324,4,3,0,4,1228800,4096
97183439612,3325,6,4,0,6,1843200,6144
97183469784,3326,4,3,0,4,1228800,4096
97183502864,3327,5,4,0,5,1536000,5120
97183534578,3328,4,3,0,4,1228800,4096
97183570873,3329,5,4,0,5,1536000,5120
97183601773,3330,4,3,0,4,1228800,4096
97183634874,3331,4,3,0,4,1228800,4096
97183669574,3332,5,4,0,5,1536000,5120
97183704030,3333,5,4,0,5,1536000,5120
97183735573,3334,5,4,0,5,1536000,5120
97183767918,3335,4,3,0,4,1228800,4096
97183803934,3336,4,3,0,4,1228800,4096
97183837613,3337,5,2,0,5,1536000,5120
97183869339,3338,4,3,0,4,1228800,4096
97183902196,3339,4,3,0,4,1228800,4096
97183938205,3340,5,4,0,5,1536000,5120
97183969352,3341,5,3,0,5,1536000,5120
97184001716,3342,4,3,0,4,1228800,4096
97184036697,3343,4,3,0,4,1228800,4096
97184068954,3344,5,4,0,5,1536000,5120
97184103041,3345,4,3,0,4,1228800,4096
97184138135,3346,6,4,0,6,1843200,6144
97184169224,3347,3,2,0,3,921600,3072
97184205681,3348,6,5,0,6,1843200,6144
97184239048,3349,3,2,0,3,921600,3072
97184272836,3350,6,5,0,6,1843200,6144
97184303101,3351,3,2,0,3,921600,3072
97184339982,3352,5,4,0,5,1536000,5120
97184369593,3353,5,4,0,5,1536000,5120
97184403687,3354,5,4,0,5,1536000,5120
97184434603,3355,4,3,0,4,1228800,4096
97184472189,3356,4,3,0,4,1228800,4096
97184502496,3357,5,4,0,5,1536000,5120
97184536246,3358,5,4,0,5,1536000,5120
97184568978,3359,3,2,0,3,921600,3072
97184606063,3360,6,3,0,6,1843200,6144
97184634963,3361,4,3,0,4,1228800,4096
97184669969,3362,5,4,0,5,1536000,5120
97184703302,3363,3,2,0,3,921600,3072
97184738883,3364,6,5,0,6,1843200,6144
97184768601,3365,4,3,0,4,1228800,4096
97184805553,3366,6,4,0,6,1843200,6144
97184835557,3367,4,3,0,4,1228800,4096
97184867838,3368,4,3,0,4,1228800,4096
97184904124,3369,5,4,0,5,1536000,5120
97184936118,3370,4,3,0,4,1228800,4096
97184968589,3371,5,4,0,5,1536000,5120
97185001883,3372,3,2,0,3,921600,3072
97185038710,3373,6,2,0,6,1843200,6144
97185068777,3374,4,3,0,4,1228800,4096
97185103118,3375,5,4,0,5,1536000,5120
97185136413,3376,4,3,0,4,1228800,4096
97185168736,3377,4,3,0,4,1228800,4096
97185203611,3378,5,4,0,5,1536000,5120
97185237810,3379,5,4,0,5,1536000,5120
97185269196,3380,5,3,0,5,1536000,5120
97185301832,3381,4,3,0,4,1228800,4096
97185336719,3382,5,4,0,5,1536000,5120
97185369438,3383,5,3,0,5,1536000,5120
97185401733,3384,3,2,0,3,921600,3072
97185437217,3385,5,4,0,5,1536000,5120
97185470659,3386,4,3,0,4,1228800,4096
97185504792,3387,6,3,0,6,1843200,6144
97185539075,3388,4,3,0,4,1228800,4096
97185571164,3389,6,5,0,6,1843200,6144
97185602487,3390,3,2,0,3,921600,3072
97185638070,3391,6,5,0,6,1843200,6144
97185669462,3392,3,2,0,3,921600,3072
97185704677,3393,5,4,0,5,1536000,5120
97185736052,3394,4,3,0,4,1228800,4096
97185768617,3395,5,4,0,5,1536000,5120
97185803017,3396,5,3,0,5,1536000,5120
97185836593,3397,5,4,0,5,1536000,5120
97185868801,3398,4,3,0,4,1228800,4096
97185902879,3399,5,4,0,5,1536000,5120
97185934896,3400,3,2,0,3,921600,3072
97185971948,3401,6,2,0,6,1843200,6144
97186006300,3402,4,3,0,4,1228800,4096
97186036366,3403,5,4,0,5,1536000,5120
97186069593,3404,4,3,0,4,1228800,4096
97186105822,3405,6,4,0,6,1843200,6144
97186136487,3406,4,3,0,4,1228800,4096
97186169652,3407,5,4,0,5,1536000,5120
97186201340,3408,3,2,0,3,921600,3072
97186238104,3409,5,3,0,5,1536000,5120
97186270278,3410,5,3,0,5,1536000,5120
97186302433,3411,5,4,0,5,1536000,5120
97186337196,3412,4,3,0,4,1228800,4096
97186369467,3413,5,4,0,5,1536000,5120
97186401792,3414,5,4,0,5,1536000,5120
97186435611,3415,5,4,0,5,1536000,5120
97186468233,3416,4,3,0,4,1228800,4096
97186505008,3417,4,3,0,4,1228800,4096
97186535607,3418,4,3,0,4,1228800,4096
97186574767,3419,6,2,0,6,1843200,6144
97186601742,3420,4,3,0,4,1228800,4096
97186636722,3421,5,4,0,5,1536000,5120
97186669840,3422,4,3,0,4,1228800,4096
97186704001,3423,6,4,0,6,1843200,6144
97186734950,3424,3,2,0,3,921600,3072
97186773855,3425,6,5,0,6,1843200,6144
97186802050,3426,3,2,0,3,921600,3072
97186836323,3427,5,4,0,5,1536000,5120
97186868002,3428,5,4,0,5,1536000,5120
97186903168,3429,5,4,0,5,1536000,5120
97186934542,3430,4,3,0,4,1228800,4096
97186969850,3431,5,4,0,5,1536000,5120
97187002102,3432,4,3,0,4,1228800,4096
97187036098,3433,5,4,0,5,1536000,5120
97187069955,3434,5,3,0,5,1536000,5120
97187101420,3435,4,3,0,4,1228800,4096
97187135206,3436,4,3,0,4,1228800,4096
97187171865,3437,6,3,0,6,1843200,6144
97187202604,3438,4,3,0,4,1228800,4096
97187236538,3439,5,4,0,5,1536000,5120
97187269708,3440,3,2,0,3,921600,3072
97187307111,3441,6,4,0,6,1843200,6144
97187339536,3442,4,3,0,4,1228800,4096
97187371268,3443,6,5,0,6,1843200,6144
97187402067,3444,3,2,0,3,921600,3072
97187437577,3445,5,4,0,5,1536000,5120
97187470153,3446,5,4,0,5,1536000,5120
97187501113,3447,4,3,0,4,1228800,4096
97187535701,3448,4,3,0,4,1228800,4096
97187568291,3449,4,3,0,4,1228800,4096
97187602838,3450,5,3,0,5,1536000,5120
97187635890,3451,5,4,0,5,1536000,5120
97187668310,3452,4,3,0,4,1228800,4096
97187703845,3453,5,4,0,5,1536000,5120
97187735695,3454,4,3,0,4,1228800,4096
97187772535,3455,5,4,0,5,1536000,5120
97187802498,3456,4,3,0,4,1228800,4096
97187838126,3457,5,3,0,5,1536000,5120
97187870082,3458,4,3,0,4,1228800,4096
97187907296,3459,6,3,0,6,1843200,6144
97187934932,3460,4,3,0,4,1228800,4096
97187969696,3461,4,3,0,4,1228800,4096
97188002100,3462,4,3,0,4,1228800,4096
97188036664,3463,4,3,0,4,1228800,4096
97188071274,3464,6,3,0,6,1843200,6144
97188100241,3465,2,1,0,2,614400,2048
97188139560,3466,6,5,0,6,1843200,6144
97188173844,3467,4,3,0,4,1228800,4096
97188204432,3468,6,5,0,6,1843200,6144
97188236436,3469,2,1,0,2,614400,2048
97188272700,3470,5,4,0,5,1536000,5120
97188305280,3471,5,4,0,5,1536000,5120
97188335449,3472,5,3,0,5,1536000,5120
97188368833,3473,5,4,0,5,1536000,5120
97188403974,3474,4,3,0,4,1228800,4096
97188435887,3475,5,4,0,5,1536000,5120
97188468114,3476,4,3,0,4,1228800,4096
97188502378,3477,4,3,0,4,1228800,4096
97188537873,3478,5,3,0,5,1536000,5120
97188568355,3479,4,3,0,4,1228800,4096
97188605661,3480,6,4,0,6,1843200,6144
97188634953,3481,4,3,0,4,1228800,4096
97188669474,3482,5,4,0,5,1536000,5120
97188702244,3483,3,2,0,3,921600,3072
97188737995,3484,5,3,0,5,1536000,5120
97188770475,3485,5,4,0,5,1536000,5120
97188804552,3486,4,3,0,4,1228800,4096
97188837025,3487,5,4,0,5,1536000,5120
97188869228,3488,5,4,0,5,1536000,5120
97188901710,3489,4,3,0,4,1228800,4096
97188934975,3490,4,3,0,4,1228800,4096
97188969730,3491,4,3,0,4,1228800,4096
97189005357,3492,6,2,0,6,1843200,6144
97189035208,3493,4,3,0,4,1228800,4096
97189070541,3494,5,4,0,5,1536000,5120
97189104118,3495,4,3,0,4,1228800,4096
97189135234,3496,4,3,0,4,1228800,4096
97189170066,3497,5,3,0,5,1536000,5120
97189201474,3498,3,2,0,3,921600,3072
97189241810,3499,6,4,0,6,1843200,6144
97189268966,3500,4,3,0,4,1228800,4096
97189305355,3501,6,5,0,6,1843200,6144
97189334773,3502,2,1,0,2,614400,2048
97189373007,3503,6,4,0,6,1843200,6144
97189403486,3504,4,3,0,4,1228800,4096
97189437878,3505,5,4,0,5,1536000,5120
97189469328,3506,4,3,0,4,1228800,4096
97189503990,3507,5,3,0,5,1536000,5120
97189534522,3508,4,3,0,4,1228800,4096
97189570918,3509,5,4,0,5,1536000,5120
97189601583,3510,4,3,0,4,1228800,4096
97189637903,3511,5,3,0,5,1536000,5120
97189670261,3512,4,3,0,4,1228800,4096
97189705736,3513,6,3,0,6,1843200,6144
97189734096,3514,3,2,0,3,921600,3072
97189772236,3515,5,4,0,5,1536000,5120
97189802426,3516,4,3,0,4,1228800,4096
97189838051,3517,5,3,0,5,1536000,5120
97189867683,3518,4,3,0,4,1228800,4096
97189903028,3519,4,3,0,4,1228800,4096
97189943657,3520,6,4,0,6,1843200,6144
97189969510,3521,3,2,0,3,921600,3072
97190004219,3522,5,4,0,5,1536000,5120
97190035665,3523,4,3,0,4,1228800,4096
97190071600,3524,6,3,0,6,1843200,6144
97190107236,3525,4,3,0,4,1228800,4096
97190135768,3526,4,3,0,4,1228800,4096
97190169646,3527,4,3,0,4,1228800,4096
97190203367,3528,5,4,0,5,1536000,5120
97190236906,3529,4,3,0,4,1228800,4096
97190269294,3530,4,3,0,4,1228800,4096
97190302413,3531,4,3,0,4,1228800,4096
97190338610,3532,6,2,0,6,1843200,6144
97190368648,3533,2,1,0,2,614400,2048
97190406062,3534,6,5,0,6,1843200,6144
97190439648,3535,4,3,0,4,1228800,4096
97190470403,3536,5,4,0,5,1536000,5120
97190502861,3537,4,3,0,4,1228800,4096
97190536111,3538,4,3,0,4,1228800,4096
97190569605,3539,5,4,0,5,1536000,5120
97190601849,3540,4,3,0,4,1228800,4096
97190636689,3541,5,4,0,5,1536000,5120
97190668995,3542,4,3,0,4,1228800,4096
97190705124,3543,6,3,0,6,1843200,6144
97190735571,3544,3,2,0,3,921600,3072
97190768375,3545,3,2,0,3,921600,3072
97190803570,3546,5,4,0,5,1536000,5120
97190835899,3547,5,3,0,5,1536000,5120
97190869293,3548,5,4,0,5,1536000,5120
97190901744,3549,4,3,0,4,1228800,4096
97190936567,3550,5,4,0,5,1536000,5120
97190968120,3551,4,3,0,4,1228800,4096
97191001435,3552,4,3,0,4,1228800,4096
97191038644,3553,5,2,0,5,1536000,5120
97191071018,3554,4,3,0,4,1228800,4096
97191103855,3555,5,3,0,5,1536000,5120
97191135994,3556,5,4,0,5,1536000,5120
97191168188,3557,3,2,0,3,921600,3072
97191203989,3558,5,4,0,5,1536000,5120
97191236995,3559,4,3,0,4,1228800,4096
97191272080,3560,6,3,0,6,1843200,6144
97191302693,3561,3,2,0,3,921600,3072
97191339139,3562,6,5,0,6,1843200,6144
97191369450,3563,3,2,0,3,921600,3072
97191405004,3564,5,4,0,5,1536000,5120
97191436186,3565,4,3,0,4,1228800,4096
97191471161,3566,5,4,0,5,1536000,5120
97191503735,3567,5,4,0,5,1536000,5120
97191535768,3568,5,4,0,5,1536000,5120
97191569261,3569,3,2,0,3,921600,3072
97191604577,3570,5,4,0,5,1536000,5120
97191636665,3571,4,3,0,4,1228800,4096
97191671746,3572,6,3,0,6,1843200,6144
97191707413,3573,3,2,0,3,921600,3072
97191737951,3574,6,5,0,6,1843200,6144
97191768376,3575,4,3,0,4,1228800,4096
97191801499,3576,4,3,0,4,1228800,4096
97191836065,3577,4,3,0,4,1228800,4096
97191868133,3578,4,3,0,4,1228800,4096
97191909117,3579,6,1,0,6,1843200,6144
97191934839,3580,4,3,0,4,1228800,4096
97191970186,3581,5,4,0,5,1536000,5120
97192002367,3582,3,2,0,3,921600,3072
97192037792,3583,6,3,0,6,1843200,6144
97192069156,3584,4,3,0,4,1228800,4096
97192102547,3585,4,3,0,4,1228800,4096
97192137417,3586,5,4,0,5,1536000,5120
97192169339,3587,5,4,0,5,1536000,5120
97192202489,3588,5,4,0,5,1536000,5120
97192234142,3589,3,2,0,3,921600,3072
97192270969,3590,4,2,0,4,1228800,4096
97192303385,3591,5,3,0,5,1536000,5120
97192335291,3592,4,3,0,4,1228800,4096
97192369697,3593,5,4,0,5,1536000,5120
97192403333,3594,4,3,0,4,1228800,4096
97192436503,3595,5,3,0,5,1536000,5120
97192468450,3596,4,3,0,4,1228800,4096
97192503500,3597,5,4,0,5,1536000,5120
97192535596,3598,3,2,0,3,921600,3072
97192573432,3599,6,3,0,6,1843200,6144
97192602076,3600,4,3,0,4,1228800,4096
97192637063,3601,4,3,0,4,1228800,4096
97192669310,3602,4,3,0,4,1228800,4096
97192703559,3603,5,2,0,5,1536000,5120
97192735398,3604,5,4,0,5,1536000,5120
97192769959,3605,5,4,0,5,1536000,5120
97192801578,3606,4,3,0,4,1228800,4096
97192836538,3607,5,4,0,5,1536000,5120
97192870503,3608,4,3,0,4,1228800,4096
97192902744,3609,4,3,0,4,1228800,4096
97192936380,3610,4,3,0,4,1228800,4096
97192969618,3611,5,3,0,5,1536000,5120
97193003093,3612,5,3,0,5,1536000,5120
97193035851,3613,5,4,0,5,1536000,5120
97193067967,3614,4,3,0,4,1228800,4096
97193102621,3615,5,4,0,5,1536000,5120
97193136762,3616,5,3,0,5,1536000,5120
97193174830,3617,3,2,0,3,921600,3072
97193204384,3618,5,4,0,5,1536000,5120
97193238125,3619,4,3,0,4,1228800,4096
97193271843,3620,6,4,0,6,1843200,6144
97193301842,3621,4,3,0,4,1228800,4096
97193338460,3622,6,5,0,6,1843200,6144
97193368630,3623,3,2,0,3,921600,3072
97193402728,3624,4,3,0,4,1228800,4096
97193440368,3625,5,4,0,5,1536000,5120
97193468973,3626,5,4,0,5,1536000,5120
97193502593,3627,4,3,0,4,1228800,4096
97193535833,3628,5,4,0,5,1536000,5120
97193569875,3629,5,3,0,5,1536000,5120
97193602071,3630,5,4,0,5,1536000,5120
97193635571,3631,5,4,0,5,1536000,5120
97193667817,3632,3,2,0,3,921600,3072
97193703194,3633,4,3,0,4,1228800,4096
97193738674,3634,6,4,0,6,1843200,6144
97193769744,3635,4,3,0,4,1228800,4096
97193804570,3636,5,4,0,5,1536000,5120
97193835937,3637,4,3,0,4,1228800,4096
97193871373,3638,6,4,0,6,1843200,6144
97193904807,3639,4,3,0,4,1228800,4096
97193937633,3640,5,4,0,5,1536000,5120
97193969397,3641,3,2,0,3,921600,3072
97194003262,3642,5,4,0,5,1536000,5120
97194036735,3643,5,4,0,5,1536000,5120
97194068685,3644,5,4,0,5,1536000,5120
97194102392,3645,4,3,0,4,1228800,4096
97194136666,3646,5,4,0,5,1536000,5120
97194169153,3647,5,3,0,5,1536000,5120
97194203905,3648,4,3,0,4,1228800,4096
97194237299,3649,5,4,0,5,1536000,5120
97194269696,3650,4,3,0,4,1228800,4096
97194302317,3651,4,3,0,4,1228800,4096
97194338851,3652,6,2,0,6,1843200,6144
97194368432,3653,4,3,0,4,1228800,4096
97194404321,3654,5,4,0,5,1536000,5120
97194434850,3655,4,3,0,4,1228800,4096
97194469361,3656,5,4,0,5,1536000,5120
97194509870,3657,4,3,0,4,1228800,4096
97194537901,3658,6,2,0,6,1843200,6144
97194568641,3659,3,2,0,3,921600,3072
97194605004,3660,5,4,0,5,1536000,5120
97194636311,3661,5,4,0,5,1536000,5120
97194669946,3662,5,4,0,5,1536000,5120
97194701524,3663,4,3,0,4,1228800,4096
97194735369,3664,4,3,0,4,1228800,4096
97194771307,3665,5,4,0,5,1536000,5120
97194801680,3666,5,4,0,5,1536000,5120
97194835832,3667,5,4,0,5,1536000,5120
97194868595,3668,4,3,0,4,1228800,4096
97194901852,3669,4,3,0,4,1228800,4096
97194939603,3670,6,3,0,6,1843200,6144
97194969144,3671,4,3,0,4,1228800,4096
97195001732,3672,4,3,0,4,1228800,4096
97195039795,3673,4,3,0,4,1228800,4096
97195072749,3674,6,3,0,6,1843200,6144
97195102576,3675,4,3,0,4,1228800,4096
97195138286,3676,6,5,0,6,1843200,6144
97195168557,3677,3,2,0,3,921600,3072
97195204196,3678,5,4,0,5,1536000,5120
97195238016,3679,4,3,0,4,1228800,4096
97195269211,3680,5,3,0,5,1536000,5120
97195302158,3681,4,3,0,4,1228800,4096
97195337124,3682,5,3,0,5,1536000,5120
97195369435,3683,5,4,0,5,1536000,5120
97195401345,3684,5,4,0,5,1536000,5120
97195435809,3685,5,4,0,5,1536000,5120
97195468373,3686,4,3,0,4,1228800,4096
97195502724,3687,3,2,0,3,921600,3072
97195539237,3688,6,3,0,6,1843200,6144
97195569320,3689,4,3,0,4,1228800,4096
97195605148,3690,5,4,0,5,1536000,5120
97195636849,3691,4,3,0,4,1228800,4096
97195671230,3692,6,5,0,6,1843200,6144
97195702727,3693,4,3,0,4,1228800,4096
97195735450,3694,4,3,0,4,1228800,4096
97195769440,3695,4,3,0,4,1228800,4096
97195803467,3696,5,2,0,5,1536000,5120
97195836209,3697,5,4,0,5,1536000,5120
97195868791,3698,5,4,0,5,1536000,5120
97195901584,3699,4,3,0,4,1228800,4096
97195939040,3700,4,3,0,4,1228800,4096
97195972414,3701,6,3,0,6,1843200,6144
97196002777,3702,3,2,0,3,921600,3072
97196035596,3703,4,3,0,4,1228800,4096
97196070341,3704,5,4,0,5,1536000,5120
97196101645,3705,5,4,0,5,1536000,5120
97196135696,3706,5,4,0,5,1536000,5120
97196168032,3707,4,3,0,4,1228800,4096
97196202947,3708,5,3,0,5,1536000,5120
97196234815,3709,4,3,0,4,1228800,4096
97196268323,3710,4,3,0,4,1228800,4096
97196304680,3711,6,4,0,6,1843200,6144
97196335407,3712,3,2,0,3,921600,3072
97196373168,3713,6,4,0,6,1843200,6144
97196406452,3714,4,3,0,4,1228800,4096
97196437363,3715,6,4,0,6,1843200,6144
97196467371,3716,2,1,0,2,614400,2048
97196506494,3717,6,5,0,6,1843200,6144
97196538362,3718,4,3,0,4,1228800,4096
97196570091,3719,5,4,0,5,1536000,5120
97196603164,3720,3,2,0,3,921600,3072
97196639033,3721,5,3,0,5,1536000,5120
97196669045,3722,5,4,0,5,1536000,5120
97196704306,3723,4,3,0,4,1228800,4096
97196735016,3724,4,3,0,4,1228800,4096
97196770817,3725,5,4,0,5,1536000,5120
97196803518,3726,4,3,0,4,1228800,4096
97196837698,3727,6,3,0,6,1843200,6144
97196868059,3728,3,2,0,3,921600,3072
97196905367,3729,5,4,0,5,1536000,5120
97196938410,3730,4,3,0,4,1228800,4096
97196970867,3731,6,3,0,6,1843200,6144
97197001378,3732,3,2,0,3,921600,3072
97197038457,3733,4,3,0,4,1228800,4096
97197071723,3734,6,4,0,6,1843200,6144
97197105166,3735,4,3,0,4,1228800,4096
97197135001,3736,4,3,0,4,1228800,4096
97197170091,3737,4,3,0,4,1228800,4096
97197204964,3738,6,2,0,6,1843200,6144
97197236103,3739,4,3,0,4,1228800,4096
97197268298,3740,4,3,0,4,1228800,4096
97197303176,3741,5,4,0,5,1536000,5120
97197334055,3742,4,3,0,4,1228800,4096
97197370133,3743,5,3,0,5,1536000,5120
97197401667,3744,4,3,0,4,1228800,4096
97197436152,3745,5,4,0,5,1536000,5120
97197469805,3746,5,3,0,5,1536000,5120
97197501843,3747,4,3,0,4,1228800,4096
97197534349,3748,4,3,0,4,1228800,4096
97197569379,3749,4,3,0,4,1228800,4096
97197605375,3750,6,4,0,6,1843200,6144
97197636086,3751,4,3,0,4,1228800,4096
97197669398,3752,5,4,0,5,1536000,5120
97197701664,3753,4,3,0,4,1228800,4096
97197735156,3754,4,3,0,4,1228800,4096
97197770021,3755,5,2,0,5,1536000,5120
97197805140,3756,3,2,0,3,921600,3072
97197839362,3757,6,3,0,6,1843200,6144
97197871662,3758,4,3,0,4,1228800,4096
97197903368,3759,5,4,0,5,1536000,5120
97197934997,3760,3,2,0,3,921600,3072
97197972047,3761,5,3,0,5,1536000,5120
97198002306,3762,5,4,0,5,1536000,5120
97198036076,3763,5,4,0,5,1536000,5120
97198068604,3764,4,3,0,4,1228800,4096
97198103484,3765,5,4,0,5,1536000,5120
97198135298,3766,3,2,0,3,921600,3072
97198172340,3767,6,3,0,6,1843200,6144
97198202193,3768,3,2,0,3,921600,3072
97198239670,3769,6,5,0,6,1843200,6144
97198270995,3770,4,3,0,4,1228800,4096
97198302787,3771,5,4,0,5,1536000,5120
97198335094,3772,3,2,0,3,921600,3072
97198370090,3773,5,3,0,5,1536000,5120
97198403575,3774,5,3,0,5,1536000,5120
97198440405,3775,3,2,0,3,921600,3072
97198472592,3776,6,3,0,6,1843200,6144
97198503533,3777,4,3,0,4,1228800,4096
97198537553,3778,5,4,0,5,1536000,5120
97198570379,3779,3,2,0,3,921600,3072
97198603833,3780,5,3,0,5,1536000,5120
97198637317,3781,5,4,0,5,1536000,5120
97198668919,3782,5,4,0,5,1536000,5120
97198702085,3783,4,3,0,4,1228800,4096
97198733994,3784,4,3,0,4,1228800,4096
97198770419,3785,4,3,0,4,1228800,4096
97198804570,3786,6,3,0,6,1843200,6144
97198835021,3787,3,2,0,3,921600,3072
97198871831,3788,6,5,0,6,1843200,6144
97198902211,3789,4,3,0,4,1228800,4096
97198937887,3790,6,4,0,6,1843200,6144
97198968582,3791,2,1,0,2,614400,2048
97199005797,3792,5,4,0,5,1536000,5120
97199036952,3793,5,4,0,5,1536000,5120
97199068068,3794,4,3,0,4,1228800,4096
97199104725,3795,5,4,0,5,1536000,5120
97199135135,3796,4,3,0,4,1228800,4096
97199171255,3797,5,4,0,5,1536000,5120
97199202425,3798,4,3,0,4,1228800,4096
97199235554,3799,4,3,0,4,1228800,4096
97199270743,3800,5,4,0,5,1536000,5120
97199305486,3801,5,4,0,5,1536000,5120
97199335869,3802,5,4,0,5,1536000,5120
97199367905,3803,3,2,0,3,921600,3072
97199405135,3804,5,3,0,5,1536000,5120
97199438406,3805,5,4,0,5,1536000,5120
97199468177,3806,4,3,0,4,1228800,4096
97199503317,3807,5,4,0,5,1536000,5120
97199534816,3808,4,3,0,4,1228800,4096
97199571117,3809,5,4,0,5,1536000,5120
97199601994,3810,4,3,0,4,1228800,4096
97199635698,3811,5,4,0,5,1536000,5120
97199668846,3812,4,3,0,4,1228800,4096
97199704147,3813,5,3,0,5,1536000,5120
97199734991,3814,4,3,0,4,1228800,4096
97199767804,3815,2,1,0,2,614400,2048
97199810165,3816,6,4,0,6,1843200,6144
97199836674,3817,4,3,0,4,1228800,4096
97199871101,3818,6,5,0,6,1843200,6144
97199902880,3819,3,2,0,3,921600,3072
97199936193,3820,5,4,0,5,1536000,5120
97199970994,3821,5,4,0,5,1536000,5120
97200001544,3822,4,3,0,4,1228800,4096
97200034459,3823,4,3,0,4,1228800,4096
97200069561,3824,5,4,0,5,1536000,5120
97200103249,3825,5,3,0,5,1536000,5120
97200137868,3826,5,4,0,5,1536000,5120
97200169100,3827,3,2,0,3,921600,3072
97200203803,3828,5,4,0,5,1536000,5120
97200236836,3829,4,3,0,4,1228800,4096
97200272054,3830,6,3,0,6,1843200,6144
97200301565,3831,3,2,0,3,921600,3072
97200339632,3832,6,5,0,6,1843200,6144
97200372945,3833,4,3,0,4,1228800,4096
97200406054,3834,5,4,0,5,1536000,5120
97200436186,3835,3,2,0,3,921600,3072
97200472649,3836,5,3,0,5,1536000,5120
97200504376,3837,5,4,0,5,1536000,5120
97200536233,3838,5,4,0,5,1536000,5120
97200568371,3839,4,3,0,4,1228800,4096
97200602523,3840,5,4,0,5,1536000,5120
97200635193,3841,4,3,0,4,1228800,4096
97200671886,3842,5,4,0,5,1536000,5120
97200703095,3843,3,2,0,3,921600,3072
97200736520,3844,5,3,0,5,1536000,5120
97200770526,3845,5,3,0,5,1536000,5120
97200802020,3846,5,4,0,5,1536000,5120
97200836611,3847,5,4,0,5,1536000,5120
97200867989,3848,4,3,0,4,1228800,4096
97200901038,3849,4,3,0,4,1228800,4096
97200937324,3850,4,3,0,4,1228800,4096
97200972014,3851,6,2,0,6,1843200,6144
97201005187,3852,3,2,0,3,921600,3072
97201038114,3853,6,5,0,6,1843200,6144
97201069853,3854,4,3,0,4,1228800,4096
97201104209,3855,6,5,0,6,1843200,6144
97201134411,3856,2,1,0,2,614400,2048
97201171375,3857,5,4,0,5,1536000,5120
97201203558,3858,5,4,0,5,1536000,5120
97201236952,3859,5,4,0,5,1536000,5120
97201268932,3860,5,4,0,5,1536000,5120
97201301341,3861,4,3,0,4,1228800,4096
97201336083,3862,5,4,0,5,1536000,5120
97201369963,3863,5,4,0,5,1536000,5120
97201401625,3864,4,3,0,4,1228800,4096
97201436225,3865,4,3,0,4,1228800,4096
97201468710,3866,4,3,0,4,1228800,4096
97201504928,3867,6,1,0,6,1843200,6144
97201535693,3868,4,3,0,4,1228800,4096
97201570500,3869,5,4,0,5,1536000,5120
97201602680,3870,4,3,0,4,1228800,4096
97201638548,3871,6,3,0,6,1843200,6144
97201667970,3872,3,2,0,3,921600,3072
97201710187,3873,6,5,0,6,1843200,6144
97201736269,3874,3,2,0,3,921600,3072
97201769731,3875,5,4,0,5,1536000,5120
97201801597,3876,5,4,0,5,1536000,5120
97201837575,3877,5,4,0,5,1536000,5120
97201868418,3878,4,3,0,4,1228800,4096
97201902719,3879,4,3,0,4,1228800,4096
97201936583,3880,5,3,0,5,1536000,5120
97201970237,3881,5,4,0,5,1536000,5120
97202002245,3882,5,4,0,5,1536000,5120
97202034853,3883,4,3,0,4,1228800,4096
97202068435,3884,4,3,0,4,1228800,4096
97202105325,3885,6,3,0,6,1843200,6144
97202135919,3886,4,3,0,4,1228800,4096
97202169020,3887,4,3,0,4,1228800,4096
97202201206,3888,4,3,0,4,1228800,4096
97202239390,3889,6,2,0,6,1843200,6144
97202269763,3890,4,3,0,4,1228800,4096
97202304681,3891,6,5,0,6,1843200,6144
97202334321,3892,3,2,0,3,921600,3072
97202371802,3893,5,4,0,5,1536000,5120
97202403761,3894,5,4,0,5,1536000,5120
97202435043,3895,4,3,0,4,1228800,4096
97202468970,3896,4,3,0,4,1228800,4096
97202504709,3897,5,4,0,5,1536000,5120
97202535832,3898,5,4,0,5,1536000,5120
97202569385,3899,5,3,0,5,1536000,5120
97202602031,3900,5,4,0,5,1536000,5120
97202635015,3901,4,3,0,4,1228800,4096
97202668753,3902,4,3,0,4,1228800,4096
97202705644,3903,5,3,0,5,1536000,5120
97202734537,3904,4,3,0,4,1228800,4096
97202772140,3905,6,5,0,6,1843200,6144
97202802320,3906,3,2,0,3,921600,3072
97202839759,3907,6,5,0,6,1843200,6144
97202871819,3908,4,3,0,4,1228800,4096
97202905474,3909,6,5,0,6,1843200,6144
97202934439,3910,3,2,0,3,921600,3072
97202970646,3911,4,3,0,4,1228800,4096
97203003094,3912,5,3,0,5,1536000,5120
97203035376,3913,5,4,0,5,1536000,5120
97203069124,3914,5,4,0,5,1536000,5120
97203102099,3915,4,3,0,4,1228800,4096
97203138175,3916,5,4,0,5,1536000,5120
97203170201,3917,5,4,0,5,1536000,5120
97203202269,3918,5,4,0,5,1536000,5120
97203234684,3919,3,2,0,3,921600,3072
97203269772,3920,4,3,0,4,1228800,4096
97203305181,3921,6,4,0,6,1843200,6144
97203336454,3922,4,3,0,4,1228800,4096
97203370041,3923,5,4,0,5,1536000,5120
97203401585,3924,4,3,0,4,1228800,4096
97203439221,3925,6,4,0,6,1843200,6144
97203469488,3926,4,3,0,4,1228800,4096
97203501113,3927,4,3,0,4,1228800,4096
97203535849,3928,4,3,0,4,1228800,4096
97203569717,3929,5,3,0,5,1536000,5120
97203603193,3930,5,3,0,5,1536000,5120
97203636327,3931,5,4,0,5,1536000,5120
97203668259,3932,4,3,0,4,1228800,4096
97203703340,3933,5,3,0,5,1536000,5120
97203736281,3934,4,3,0,4,1228800,4096
97203769975,3935,5,4,0,5,1536000,5120
97203802356,3936,4,3,0,4,1228800,4096
97203834593,3937,4,3,0,4,1228800,4096
97203870534,3938,5,4,0,5,1536000,5120
97203902519,3939,5,3,0,5,1536000,5120
97203935412,3940,5,4,0,5,1536000,5120
97203968415,3941,4,3,0,4,1228800,4096
97204000686,3942,4,3,0,4,1228800,4096
97204039880,3943,5,3,0,5,1536000,5120
97204069861,3944,5,4,0,5,1536000,5120
97204100962,3945,3,2,0,3,921600,3072
97204139553,3946,6,4,0,6,1843200,6144
97204170272,3947,4,3,0,4,1228800,4096
97204204948,3948,6,4,0,6,1843200,6144
97204237663,3949,2,1,0,2,614400,2048
97204273128,3950,6,5,0,6,1843200,6144
97204303005,3951,4,3,0,4,1228800,4096
97204337310,3952,5,4,0,5,1536000,5120
97204369231,3953,5,4,0,5,1536000,5120
97204400918,3954,4,3,0,4,1228800,4096
97204437357,3955,5,3,0,5,1536000,5120
97204469680,3956,4,3,0,4,1228800,4096
97204503478,3957,5,4,0,5,1536000,5120
97204535167,3958,4,3,0,4,1228800,4096
97204569768,3959,4,3,0,4,1228800,4096
97204604739,3960,6,3,0,6,1843200,6144
97204635846,3961,4,3,0,4,1228800,4096
97204667371,3962,4,3,0,4,1228800,4096
97204702675,3963,4,3,0,4,1228800,4096
97204737937,3964,6,3,0,6,1843200,6144
97204769604,3965,4,3,0,4,1228800,4096
97204800696,3966,4,3,0,4,1228800,4096
97204837315,3967,5,4,0,5,1536000,5120
97204869010,3968,5,4,0,5,1536000,5120
97204902082,3969,4,3,0,4,1228800,4096
97204935177,3970,4,3,0,4,1228800,4096
97204970011,3971,5,3,0,5,1536000,5120
97205001681,3972,4,3,0,4,1228800,4096
97205037429,3973,5,4,0,5,1536000,5120
97205068175,3974,4,3,0,4,1228800,4096
97205102893,3975,4,3,0,4,1228800,4096
97205137693,3976,5,4,0,5,1536000,5120
97205168763,3977,5,4,0,5,1536000,5120
97205204965,3978,4,3,0,4,1228800,4096
97205236094,3979,5,4,0,5,1536000,5120
97205268345,3980,4,3,0,4,1228800,4096
97205307937,3981,6,3,0,6,1843200,6144
97205335058,3982,2,1,0,2,614400,2048
97205375754,3983,6,5,0,6,1843200,6144
97205405342,3984,4,3,0,4,1228800,4096
97205438278,3985,6,5,0,6,1843200,6144
97205469669,3986,3,2,0,3,921600,3072
97205504114,3987,5,4,0,5,1536000,5120
97205536558,3988,4,3,0,4,1228800,4096
97205571185,3989,5,3,0,5,1536000,5120
97205602627,3990,4,3,0,4,1228800,4096
97205637858,3991,5,4,0,5,1536000,5120
97205670326,3992,5,4,0,5,1536000,5120
97205702662,3993,4,3,0,4,1228800,4096
97205735261,3994,3,2,0,3,921600,3072
97205770964,3995,5,3,0,5,1536000,5120
97205803468,3996,5,4,0,5,1536000,5120
97205839083,3997,5,4,0,5,1536000,5120
97205867608,3998,4,3,0,4,1228800,4096
97205903449,3999,5,4,0,5,1536000,5120
97205935257,4000,4,3,0,4,1228800,4096
97205969027,4001,4,3,0,4,1228800,4096
97206003092,4002,5,4,0,5,1536000,5120
97206035692,4003,4,3,0,4,1228800,4096
97206071623,4004,6,2,0,6,1843200,6144
97206103214,4005,4,3,0,4,1228800,4096
97206135072,4006,4,3,0,4,1228800,4096
97206170733,4007,4,3,0,4,1228800,4096
97206203858,4008,5,2,0,5,1536000,5120
97206236036,4009,4,3,0,4,1228800,4096
97206270737,4010,5,4,0,5,1536000,5120
97206303493,4011,5,4,0,5,1536000,5120
97206333918,4012,3,2,0,3,921600,3072
97206369591,4013,4,3,0,4,1228800,4096
97206404668,4014,5,4,0,5,1536000,5120
97206435746,4015,5,4,0,5,1536000,5120
97206470079,4016,5,3,0,5,1536000,5120
97206501144,4017,4,3,0,4,1228800,4096
97206535837,4018,4,3,0,4,1228800,4096
97206570106,4019,5,4,0,5,1536000,5120
97206603411,4020,4,3,0,4,1228800,4096
97206637067,4021,5,3,0,5,1536000,5120
97206670828,4022,4,3,0,4,1228800,4096
97206705797,4023,6,3,0,6,1843200,6144
97206736728,4024,3,2,0,3,921600,3072
97206775939,4025,5,4,0,5,1536000,5120
97206801885,4026,4,3,0,4,1228800,4096
97206837748,4027,5,4,0,5,1536000,5120
97206869865,4028,5,4,0,5,1536000,5120
97206906859,4029,4,3,0,4,1228800,4096
97206937015,4030,4,3,0,4,1228800,4096
97206972054,4031,5,3,0,5,1536000,5120
97207002695,4032,5,4,0,5,1536000,5120
97207035524,4033,3,2,0,3,921600,3072
97207073225,4034,5,4,0,5,1536000,5120
97207103640,4035,5,4,0,5,1536000,5120
97207136702,4036,4,3,0,4,1228800,4096
