host,variant,test,runId,runWallMs,guestWorkUs,guestRawSampleMeanUs,canonicalMeanUs,runnerLeafCheck,guestOutcome,framebuffer,oracleFramebuffer,oraclePresent,comparison,rawOutputComplete,processExecution,fixedWork
deck,parent,busy_pfifo.pfifo_saturation,20261004-153439796-ae517de46d124294b277e822857db185,89798.0625,7542968,188573.8,,not evaluated,PASS,618832b1599bf211,1508607624bb8506,True,ineligible,True,completed,"{'revision': 1, 'iterations': 40, 'sample_count': 10, 'measurement_iterations_multiplier': 4, 'warmup_iterations': 3, 'gpu_completion_mode': 'per_iteration', 'unit': 'us', 'direction': 'lower_is_better'}"
deck,parent,busy_pfifo.pgraph_pattern_polling,20261004-153439796-ae517de46d124294b277e822857db185,89798.0625,36084083,9021020,,not evaluated,PASS,386d0f085e98c325,386d0f085e98c325,True,ineligible,True,completed,"{'revision': 1, 'iterations': 4, 'sample_count': 1, 'measurement_iterations_multiplier': 4, 'warmup_iterations': 3, 'gpu_completion_mode': 'per_iteration', 'unit': 'us', 'direction': 'lower_is_better'}"
deck,parent,pfifo_array_elements.array_element_pgr2,20261004-153439796-ae517de46d124294b277e822857db185,89798.0625,46947,1466.75,,not evaluated,PASS,bbc8b0702ffd0325,bbc8b0702ffd0325,True,ineligible,True,completed,"{'revision': 1, 'iterations': 32, 'sample_count': 8, 'measurement_iterations_multiplier': 4, 'warmup_iterations': 3, 'gpu_completion_mode': 'per_iteration', 'unit': 'us', 'direction': 'lower_is_better'}"
deck,parent,pfifo_array_elements.array_element16,20261004-153439796-ae517de46d124294b277e822857db185,89798.0625,64170,2005,,not evaluated,PASS,9c884de2a5d32325,9c884de2a5d32325,True,ineligible,True,completed,"{'revision': 1, 'iterations': 32, 'sample_count': 8, 'measurement_iterations_multiplier': 4, 'warmup_iterations': 3, 'gpu_completion_mode': 'per_iteration', 'unit': 'us', 'direction': 'lower_is_better'}"
deck,parent,pfifo_array_elements.array_element32,20261004-153439796-ae517de46d124294b277e822857db185,89798.0625,53193,1662,,not evaluated,PASS,e079f0cf1a994325,e079f0cf1a994325,True,ineligible,True,completed,"{'revision': 1, 'iterations': 32, 'sample_count': 8, 'measurement_iterations_multiplier': 4, 'warmup_iterations': 3, 'gpu_completion_mode': 'per_iteration', 'unit': 'us', 'direction': 'lower_is_better'}"
deck,parent,pfifo_packet_boundary.array_element16_overflow,20261004-153439796-ae517de46d124294b277e822857db185,89798.0625,176551,44137,,not evaluated,PASS,4d1756526f052325,,False,ineligible,True,completed,"{'revision': 1, 'iterations': 4, 'sample_count': 1, 'measurement_iterations_multiplier': 4, 'warmup_iterations': 3, 'gpu_completion_mode': 'per_iteration', 'unit': 'us', 'direction': 'lower_is_better'}"
deck,parent,pfifo_packet_boundary.array_element32_overflow,20261004-153439796-ae517de46d124294b277e822857db185,89798.0625,378185,94546,,not evaluated,PASS,6eb7071be692a325,,False,ineligible,True,completed,"{'revision': 1, 'iterations': 4, 'sample_count': 1, 'measurement_iterations_multiplier': 4, 'warmup_iterations': 3, 'gpu_completion_mode': 'per_iteration', 'unit': 'us', 'direction': 'lower_is_better'}"
deck,parent,pfifo_packet_boundary.inline_array_overflow,20261004-153439796-ae517de46d124294b277e822857db185,89798.0625,264787,66196,,not evaluated,PASS,847da1930526a325,,False,ineligible,True,completed,"{'revision': 1, 'iterations': 4, 'sample_count': 1, 'measurement_iterations_multiplier': 4, 'warmup_iterations': 3, 'gpu_completion_mode': 'per_iteration', 'unit': 'us', 'direction': 'lower_is_better'}"
deck,parent,pfifo_packet_boundary.incrementing_inline_fallback,20261004-153439796-ae517de46d124294b277e822857db185,89798.0625,199,49,,not evaluated,PASS,640439ee8ecd2325,,False,ineligible,True,completed,"{'revision': 1, 'iterations': 4, 'sample_count': 1, 'measurement_iterations_multiplier': 4, 'warmup_iterations': 3, 'gpu_completion_mode': 'per_iteration', 'unit': 'us', 'direction': 'lower_is_better'}"
deck,parent,cpu_floating_point.sse_scalar,20261004-153611630-50694315b83a49558610b12a57cab5e5,177218.687,47282161,1182053.6,1182053.6,passed,PASS,6962077c244da325,6962077c244da325,True,eligible,True,completed,"{'revision': 1, 'iterations': 40, 'sample_count': 10, 'measurement_iterations_multiplier': 4, 'warmup_iterations': 3, 'gpu_completion_mode': 'per_iteration', 'unit': 'us', 'direction': 'lower_is_better'}"
deck,parent,cpu_floating_point.x87_scalar,20261004-153611630-50694315b83a49558610b12a57cab5e5,177218.687,46475367,1161883.8,1161883.8,passed,PASS,6962077c244da325,6962077c244da325,True,eligible,True,completed,"{'revision': 1, 'iterations': 40, 'sample_count': 10, 'measurement_iterations_multiplier': 4, 'warmup_iterations': 3, 'gpu_completion_mode': 'per_iteration', 'unit': 'us', 'direction': 'lower_is_better'}"
deck,parent,cpu_translation_blocks.direct_loop,20261004-153611630-50694315b83a49558610b12a57cab5e5,177218.687,805356,20133.6,20133.6,passed,PASS,bd1fc9bf0c318325,bd1fc9bf0c318325,True,eligible,True,completed,"{'revision': 1, 'iterations': 40, 'sample_count': 10, 'measurement_iterations_multiplier': 4, 'warmup_iterations': 3, 'gpu_completion_mode': 'per_iteration', 'unit': 'us', 'direction': 'lower_is_better'}"
deck,parent,cpu_translation_blocks.indirect_dispatch,20261004-153611630-50694315b83a49558610b12a57cab5e5,177218.687,2658186,66454.3,66454.3,passed,PASS,c0426cf669a02325,c0426cf669a02325,True,eligible,True,completed,"{'revision': 1, 'iterations': 40, 'sample_count': 10, 'measurement_iterations_multiplier': 4, 'warmup_iterations': 3, 'gpu_completion_mode': 'per_iteration', 'unit': 'us', 'direction': 'lower_is_better'}"
deck,parent,cpu_translation_blocks.indirect_dispatch_stress,20261004-153611630-50694315b83a49558610b12a57cab5e5,177218.687,54338049,1358450.9,1358450.9,passed,PASS,fbd507cb0c622325,fbd507cb0c622325,True,eligible,True,completed,"{'revision': 1, 'iterations': 40, 'sample_count': 10, 'measurement_iterations_multiplier': 4, 'warmup_iterations': 3, 'gpu_completion_mode': 'per_iteration', 'unit': 'us', 'direction': 'lower_is_better'}"
deck,parent,fill_rate.solid,20261004-153910885-31b349ef1eff48f3b756456f8be77240,15296.0592,167204,4179.8,4179.8,failed,PASS,aa539e0bcd4e54b3,08b0f60773aac775,True,ineligible,True,completed,"{'revision': 1, 'iterations': 40, 'sample_count': 10, 'measurement_iterations_multiplier': 4, 'warmup_iterations': 3, 'gpu_completion_mode': 'per_iteration', 'unit': 'us', 'direction': 'lower_is_better'}"
deck,parent,fill_rate.textured,20261004-153910885-31b349ef1eff48f3b756456f8be77240,15296.0592,385685,9641.7,9641.7,failed,PASS,92f42c56c1fbe869,99b433323df1684d,True,ineligible,True,completed,"{'revision': 1, 'iterations': 40, 'sample_count': 10, 'measurement_iterations_multiplier': 4, 'warmup_iterations': 3, 'gpu_completion_mode': 'per_iteration', 'unit': 'us', 'direction': 'lower_is_better'}"
deck,parent,pipeline_texture_switch.clear_texture_normal,20261004-153928227-c020dd3100264e6c8b82464afbda0836,24788.5321,1194110,37315.5,,not evaluated,PASS,22ba4f1405cda325,22ba4f1405cda325,True,ineligible,True,completed,"{'revision': 1, 'iterations': 32, 'sample_count': 8, 'measurement_iterations_multiplier': 4, 'warmup_iterations': 3, 'gpu_completion_mode': 'per_iteration', 'unit': 'us', 'direction': 'lower_is_better'}"
deck,parent,pipeline_texture_switch.palette_dma_remap,20261004-153928227-c020dd3100264e6c8b82464afbda0836,24788.5321,66501,16625,,not evaluated,PASS,fbf687de65082325,,False,ineligible,True,completed,"{'revision': 1, 'iterations': 4, 'sample_count': 1, 'measurement_iterations_multiplier': 4, 'warmup_iterations': 3, 'gpu_completion_mode': 'per_iteration', 'unit': 'us', 'direction': 'lower_is_better'}"
deck,parent,pipeline_texture_switch.palette_only_update,20261004-153928227-c020dd3100264e6c8b82464afbda0836,24788.5321,236902,59225,,not evaluated,PASS,467aab2f95cda325,,False,ineligible,True,completed,"{'revision': 1, 'iterations': 4, 'sample_count': 1, 'measurement_iterations_multiplier': 4, 'warmup_iterations': 3, 'gpu_completion_mode': 'per_iteration', 'unit': 'us', 'direction': 'lower_is_better'}"
deck,parent,pipeline_texture_switch.sampler_only_identity,20261004-153928227-c020dd3100264e6c8b82464afbda0836,24788.5321,2054050,64188.75,,not evaluated,PASS,0b8438c8404da325,0b8438c8404da325,True,ineligible,True,completed,"{'revision': 1, 'iterations': 32, 'sample_count': 8, 'measurement_iterations_multiplier': 4, 'warmup_iterations': 3, 'gpu_completion_mode': 'per_iteration', 'unit': 'us', 'direction': 'lower_is_better'}"
deck,parent,pipeline_texture_switch.shader_negative_control,20261004-153928227-c020dd3100264e6c8b82464afbda0836,24788.5321,1695377,52980.25,,not evaluated,PASS,f110c8bd6338c325,f110c8bd6338c325,True,ineligible,True,completed,"{'revision': 1, 'iterations': 32, 'sample_count': 8, 'measurement_iterations_multiplier': 4, 'warmup_iterations': 3, 'gpu_completion_mode': 'per_iteration', 'unit': 'us', 'direction': 'lower_is_better'}"
deck,parent,pipeline_texture_switch.shared_page_overlap,20261004-153928227-c020dd3100264e6c8b82464afbda0836,24788.5321,211940,52985,,not evaluated,PASS,83bb59a8648da325,,False,ineligible,True,completed,"{'revision': 1, 'iterations': 4, 'sample_count': 1, 'measurement_iterations_multiplier': 4, 'warmup_iterations': 3, 'gpu_completion_mode': 'per_iteration', 'unit': 'us', 'direction': 'lower_is_better'}"
deck,parent,pipeline_texture_switch.texture_dma_remap,20261004-153928227-c020dd3100264e6c8b82464afbda0836,24788.5321,66570,16642,,not evaluated,PASS,fbf687de65082325,,False,ineligible,True,completed,"{'revision': 1, 'iterations': 4, 'sample_count': 1, 'measurement_iterations_multiplier': 4, 'warmup_iterations': 3, 'gpu_completion_mode': 'per_iteration', 'unit': 'us', 'direction': 'lower_is_better'}"
deck,parent,pipeline_texture_switch.texture_switch,20261004-153928227-c020dd3100264e6c8b82464afbda0836,24788.5321,1650623,51581.625,,not evaluated,PASS,8ae05d31fb00c325,8ae05d31fb00c325,True,ineligible,True,completed,"{'revision': 1, 'iterations': 32, 'sample_count': 8, 'measurement_iterations_multiplier': 4, 'warmup_iterations': 3, 'gpu_completion_mode': 'per_iteration', 'unit': 'us', 'direction': 'lower_is_better'}"
deck,parent,report_query.clear_boundary,20261004-153955051-1be5c5d5ac6243d3be92912e95883bb0,15245.4715,25039,1564.5,,not evaluated,PASS,b5eb7c4b9c8da325,,False,ineligible,True,completed,"{'revision': 2, 'iterations': 16, 'sample_count': 4, 'measurement_iterations_multiplier': 4, 'warmup_iterations': 3, 'gpu_completion_mode': 'per_iteration', 'unit': 'us', 'direction': 'lower_is_better'}"
deck,parent,report_query.dma_descriptor_rewrite,20261004-153955051-1be5c5d5ac6243d3be92912e95883bb0,15245.4715,14510,14510,,not evaluated,PASS,c0c0fdbececda325,,False,ineligible,True,completed,"{'revision': 2, 'iterations': 1, 'sample_count': 1, 'measurement_iterations_multiplier': 1, 'warmup_iterations': 0, 'gpu_completion_mode': 'per_iteration', 'unit': 'us', 'direction': 'lower_is_better'}"
deck,parent,report_query.dma_range_guard,20261004-153955051-1be5c5d5ac6243d3be92912e95883bb0,15245.4715,7115,7115,,not evaluated,PASS,3f648ce11a4da325,,False,ineligible,True,completed,"{'revision': 2, 'iterations': 1, 'sample_count': 1, 'measurement_iterations_multiplier': 1, 'warmup_iterations': 0, 'gpu_completion_mode': 'per_iteration', 'unit': 'us', 'direction': 'lower_is_better'}"
deck,parent,report_query.dma_target_switch,20261004-153955051-1be5c5d5ac6243d3be92912e95883bb0,15245.4715,55716,3481.75,,not evaluated,PASS,4c4bd8cd440da325,,False,ineligible,True,completed,"{'revision': 2, 'iterations': 16, 'sample_count': 4, 'measurement_iterations_multiplier': 4, 'warmup_iterations': 3, 'gpu_completion_mode': 'per_iteration', 'unit': 'us', 'direction': 'lower_is_better'}"
deck,parent,report_query.fifo_producer_ordering,20261004-153955051-1be5c5d5ac6243d3be92912e95883bb0,15245.4715,21724,1357.5,,not evaluated,PASS,0d907c24a88da325,,False,ineligible,True,completed,"{'revision': 2, 'iterations': 16, 'sample_count': 4, 'measurement_iterations_multiplier': 4, 'warmup_iterations': 3, 'gpu_completion_mode': 'per_iteration', 'unit': 'us', 'direction': 'lower_is_better'}"
deck,parent,report_query.multiple_boundaries,20261004-153955051-1be5c5d5ac6243d3be92912e95883bb0,15245.4715,7563,472.25,,not evaluated,PASS,0c966fc9ba4da325,,False,ineligible,True,completed,"{'revision': 2, 'iterations': 16, 'sample_count': 4, 'measurement_iterations_multiplier': 4, 'warmup_iterations': 3, 'gpu_completion_mode': 'per_iteration', 'unit': 'us', 'direction': 'lower_is_better'}"
deck,parent,report_query.single_boundary,20261004-153955051-1be5c5d5ac6243d3be92912e95883bb0,15245.4715,12342,771,,not evaluated,PASS,60e674c9fecda325,,False,ineligible,True,completed,"{'revision': 2, 'iterations': 16, 'sample_count': 4, 'measurement_iterations_multiplier': 4, 'warmup_iterations': 3, 'gpu_completion_mode': 'per_iteration', 'unit': 'us', 'direction': 'lower_is_better'}"
deck,parent,report_query.zero_query,20261004-153955051-1be5c5d5ac6243d3be92912e95883bb0,15245.4715,3462,216.25,,not evaluated,PASS,23875dfeb40da325,,False,ineligible,True,completed,"{'revision': 2, 'iterations': 16, 'sample_count': 4, 'measurement_iterations_multiplier': 4, 'warmup_iterations': 3, 'gpu_completion_mode': 'per_iteration', 'unit': 'us', 'direction': 'lower_is_better'}"
deck,parent,shader_lifecycle.readiness_train_visible,20261004-154012336-05e2832ea180425e9a4b8830809bb93d,24132.4841,65222,16305,,not evaluated,PASS,d4c939c4f0ce4325,,False,ineligible,True,completed,"{'revision': 1, 'iterations': 4, 'sample_count': 1, 'measurement_iterations_multiplier': 4, 'warmup_iterations': 3, 'gpu_completion_mode': 'per_iteration', 'unit': 'us', 'direction': 'lower_is_better'}"
deck,parent,shader_lifecycle.readiness_replay_visible,20261004-154038002-6dc47391a8694f00b8b0cee92b218f04,24291.9043,64919,16229,,not evaluated,PASS,d4c939c4f0ce4325,,False,ineligible,True,completed,"{'revision': 1, 'iterations': 4, 'sample_count': 1, 'measurement_iterations_multiplier': 4, 'warmup_iterations': 3, 'gpu_completion_mode': 'per_iteration', 'unit': 'us', 'direction': 'lower_is_better'}"
deck,parent,shader_lifecycle.readiness_identical_replay,20261004-154104982-7f2063b929534604b29cc7d0a9b817b8,52055.0439,16099277,4024819,,not evaluated,PASS,70615ec6b77f8325,,False,ineligible,True,completed,"{'revision': 1, 'iterations': 4, 'sample_count': 1, 'measurement_iterations_multiplier': 4, 'warmup_iterations': 3, 'gpu_completion_mode': 'per_iteration', 'unit': 'us', 'direction': 'lower_is_better'}"
deck,parent,shader_lifecycle.readiness_uniform_only,20261004-154158573-69b45fb7e9da4679b06f5344ac23f10d,24034.9088,66749,16687,,not evaluated,PASS,113d534d51f95325,,False,ineligible,True,completed,"{'revision': 1, 'iterations': 4, 'sample_count': 1, 'measurement_iterations_multiplier': 4, 'warmup_iterations': 3, 'gpu_completion_mode': 'per_iteration', 'unit': 'us', 'direction': 'lower_is_better'}"
deck,parent,shader_lifecycle.readiness_early_demand,20261004-154224651-c213bb41823c41ea8660e9e6dc4746d0,24115.3842,65491,16372,,not evaluated,PASS,d4c939c4f0ce4325,,False,ineligible,True,completed,"{'revision': 1, 'iterations': 4, 'sample_count': 1, 'measurement_iterations_multiplier': 4, 'warmup_iterations': 3, 'gpu_completion_mode': 'per_iteration', 'unit': 'us', 'direction': 'lower_is_better'}"
deck,parent,game_load.long_unlocked_scene.cpu,20261004-154250816-77cb4ad5aeb7461c807bc9ee6ad360fc,260924.0552,1247431,38982,38982,passed,PASS,7c59a4dc0f8ba325,7c59a4dc0f8ba325,True,eligible,True,completed,"{'revision': 1, 'iterations': 32, 'sample_count': 8, 'measurement_iterations_multiplier': 4, 'warmup_iterations': 3, 'gpu_completion_mode': 'per_iteration', 'unit': 'us', 'direction': 'lower_is_better'}"
deck,parent,game_load.long_unlocked_scene.pfifo,20261004-154250816-77cb4ad5aeb7461c807bc9ee6ad360fc,260924.0552,289422,9044.125,9044.125,passed,PASS,7c59a4dc0f8ba325,7c59a4dc0f8ba325,True,eligible,True,completed,"{'revision': 1, 'iterations': 32, 'sample_count': 8, 'measurement_iterations_multiplier': 4, 'warmup_iterations': 3, 'gpu_completion_mode': 'per_iteration', 'unit': 'us', 'direction': 'lower_is_better'}"
deck,parent,game_load.long_unlocked_scene.alpha_overdraw,20261004-154250816-77cb4ad5aeb7461c807bc9ee6ad360fc,260924.0552,3480844,108776,108776,passed,PASS,7c59a4dc0f8ba325,7c59a4dc0f8ba325,True,eligible,True,completed,"{'revision': 1, 'iterations': 32, 'sample_count': 8, 'measurement_iterations_multiplier': 4, 'warmup_iterations': 3, 'gpu_completion_mode': 'per_iteration', 'unit': 'us', 'direction': 'lower_is_better'}"
deck,parent,game_load.long_unlocked_scene.streaming_surface_reuse,20261004-154250816-77cb4ad5aeb7461c807bc9ee6ad360fc,260924.0552,620908,19403,19403,passed,PASS,7c59a4dc0f8ba325,7c59a4dc0f8ba325,True,eligible,True,completed,"{'revision': 1, 'iterations': 32, 'sample_count': 8, 'measurement_iterations_multiplier': 4, 'warmup_iterations': 3, 'gpu_completion_mode': 'per_iteration', 'unit': 'us', 'direction': 'lower_is_better'}"
deck,parent,game_load.long_unlocked_scene.combined,20261004-154250816-77cb4ad5aeb7461c807bc9ee6ad360fc,260924.0552,6374220,199194,199194,passed,PASS,7c59a4dc0f8ba325,7c59a4dc0f8ba325,True,eligible,True,completed,"{'revision': 1, 'iterations': 32, 'sample_count': 8, 'measurement_iterations_multiplier': 4, 'warmup_iterations': 3, 'gpu_completion_mode': 'per_iteration', 'unit': 'us', 'direction': 'lower_is_better'}"
deck,parent,game_load.long_unlocked_scene.full_system,20261004-154250816-77cb4ad5aeb7461c807bc9ee6ad360fc,260924.0552,6464721,202022.25,202022.25,passed,PASS,7c59a4dc0f8ba325,7c59a4dc0f8ba325,True,eligible,True,completed,"{'revision': 1, 'iterations': 32, 'sample_count': 8, 'measurement_iterations_multiplier': 4, 'warmup_iterations': 3, 'gpu_completion_mode': 'per_iteration', 'unit': 'us', 'direction': 'lower_is_better'}"
deck,parent,game_load.cross_title_hotpath.queued_vertex_cpu_writes,20261004-154250816-77cb4ad5aeb7461c807bc9ee6ad360fc,260924.0552,4865969,152061,152061,passed,PASS,cf19c8d27e2aa325,cf19c8d27e2aa325,True,eligible,True,completed,"{'revision': 1, 'iterations': 32, 'sample_count': 8, 'measurement_iterations_multiplier': 4, 'warmup_iterations': 3, 'gpu_completion_mode': 'per_iteration', 'unit': 'us', 'direction': 'lower_is_better'}"
deck,parent,game_load.cross_title_hotpath.pgr2_small_draws,20261004-154250816-77cb4ad5aeb7461c807bc9ee6ad360fc,260924.0552,9621489,300671.125,300671.125,passed,PASS,2a1e0148d2c0e325,2a1e0148d2c0e325,True,eligible,True,completed,"{'revision': 1, 'iterations': 32, 'sample_count': 8, 'measurement_iterations_multiplier': 4, 'warmup_iterations': 3, 'gpu_completion_mode': 'per_iteration', 'unit': 'us', 'direction': 'lower_is_better'}"
deck,parent,game_load.cross_title_hotpath.texture_update_reuse,20261004-154250816-77cb4ad5aeb7461c807bc9ee6ad360fc,260924.0552,132715,4147,4147,passed,PASS,5612bef321a56325,5612bef321a56325,True,eligible,True,completed,"{'revision': 1, 'iterations': 32, 'sample_count': 8, 'measurement_iterations_multiplier': 4, 'warmup_iterations': 3, 'gpu_completion_mode': 'per_iteration', 'unit': 'us', 'direction': 'lower_is_better'}"
deck,parent,game_load.cross_title_hotpath.surface_reuse,20261004-154250816-77cb4ad5aeb7461c807bc9ee6ad360fc,260924.0552,611337,19104,19104,passed,PASS,846d9f21b7c6a325,846d9f21b7c6a325,True,eligible,True,completed,"{'revision': 1, 'iterations': 32, 'sample_count': 8, 'measurement_iterations_multiplier': 4, 'warmup_iterations': 3, 'gpu_completion_mode': 'per_iteration', 'unit': 'us', 'direction': 'lower_is_better'}"
deck,parent,game_load.cross_title_hotpath.pipeline_state_churn,20261004-154250816-77cb4ad5aeb7461c807bc9ee6ad360fc,260924.0552,4640979,145030.25,145030.25,passed,PASS,22f040b2add4a325,22f040b2add4a325,True,eligible,True,completed,"{'revision': 1, 'iterations': 32, 'sample_count': 8, 'measurement_iterations_multiplier': 4, 'warmup_iterations': 3, 'gpu_completion_mode': 'per_iteration', 'unit': 'us', 'direction': 'lower_is_better'}"
deck,parent,game_load.cross_title_hotpath.blend_constant_reuse,20261004-154250816-77cb4ad5aeb7461c807bc9ee6ad360fc,260924.0552,9435216,294850.125,294850.125,passed,PASS,a08ca118008fa325,a08ca118008fa325,True,eligible,True,completed,"{'revision': 1, 'iterations': 32, 'sample_count': 8, 'measurement_iterations_multiplier': 4, 'warmup_iterations': 3, 'gpu_completion_mode': 'per_iteration', 'unit': 'us', 'direction': 'lower_is_better'}"
deck,parent,game_load.cross_title_hotpath.texture_binding_reuse,20261004-154250816-77cb4ad5aeb7461c807bc9ee6ad360fc,260924.0552,12444718,388897,388897,passed,PASS,dfaaa3022df6a325,dfaaa3022df6a325,True,eligible,True,completed,"{'revision': 1, 'iterations': 32, 'sample_count': 8, 'measurement_iterations_multiplier': 4, 'warmup_iterations': 3, 'gpu_completion_mode': 'per_iteration', 'unit': 'us', 'direction': 'lower_is_better'}"
deck,parent,game_load.cross_title_hotpath.pgr2_lagspot_inline_elements,20261004-154250816-77cb4ad5aeb7461c807bc9ee6ad360fc,260924.0552,7386768,230836.125,230836.125,passed,PASS,1289219c28d5a325,1289219c28d5a325,True,eligible,True,completed,"{'revision': 1, 'iterations': 32, 'sample_count': 8, 'measurement_iterations_multiplier': 4, 'warmup_iterations': 3, 'gpu_completion_mode': 'per_iteration', 'unit': 'us', 'direction': 'lower_is_better'}"
deck,parent,game_load.cross_title_hotpath.scaled_surface_pressure,20261004-154250816-77cb4ad5aeb7461c807bc9ee6ad360fc,260924.0552,59936886,1873027.375,1873027.375,passed,PASS,e81e5b4a4675a325,e81e5b4a4675a325,True,eligible,True,completed,"{'revision': 1, 'iterations': 32, 'sample_count': 8, 'measurement_iterations_multiplier': 4, 'warmup_iterations': 3, 'gpu_completion_mode': 'per_iteration', 'unit': 'us', 'direction': 'lower_is_better'}"
deck,parent,game_load.cross_title_hotpath.s3tc_streaming_fenced_draws,20261004-154250816-77cb4ad5aeb7461c807bc9ee6ad360fc,260924.0552,94242470,2945076.875,2945076.875,passed,PASS,a0f51c6c46a52325,a0f51c6c46a52325,True,eligible,True,completed,"{'revision': 1, 'iterations': 32, 'sample_count': 8, 'measurement_iterations_multiplier': 4, 'warmup_iterations': 3, 'gpu_completion_mode': 'per_iteration', 'unit': 'us', 'direction': 'lower_is_better'}"
deck,parent,game_load.cross_title_hotpath.gpu_wait_control,20261004-154250816-77cb4ad5aeb7461c807bc9ee6ad360fc,260924.0552,153265,4789.25,4789.25,passed,PASS,828855c0a34e2325,828855c0a34e2325,True,eligible,True,completed,"{'revision': 1, 'iterations': 32, 'sample_count': 8, 'measurement_iterations_multiplier': 4, 'warmup_iterations': 3, 'gpu_completion_mode': 'per_iteration', 'unit': 'us', 'direction': 'lower_is_better'}"
deck,parent,game_load.s3tc_sync_factor.dxt1_same_address_wait,20261004-154713779-638753cb32c741da8015862fef810778,57789.5502,549715,17178.25,17178.25,failed,PASS,3403675459d4d3d5,db28300321744de5,True,ineligible,True,completed,"{'revision': 1, 'iterations': 32, 'sample_count': 8, 'measurement_iterations_multiplier': 4, 'warmup_iterations': 3, 'gpu_completion_mode': 'per_iteration', 'unit': 'us', 'direction': 'lower_is_better'}"
deck,parent,game_load.s3tc_sync_factor.dxt1_same_address_queued,20261004-154713779-638753cb32c741da8015862fef810778,57789.5502,565164,17661,17661,failed,PASS,e58389875e605ea4,9998993e8dcf6939,True,ineligible,True,completed,"{'revision': 1, 'iterations': 32, 'sample_count': 8, 'measurement_iterations_multiplier': 4, 'warmup_iterations': 3, 'gpu_completion_mode': 'per_iteration', 'unit': 'us', 'direction': 'lower_is_better'}"
deck,parent,game_load.s3tc_sync_factor.dxt1_ring_payload_generations,20261004-154713779-638753cb32c741da8015862fef810778,57789.5502,1599808,49993.5,49993.5,failed,PASS,3403675459d4d3d5,db28300321744de5,True,ineligible,True,completed,"{'revision': 1, 'iterations': 32, 'sample_count': 8, 'measurement_iterations_multiplier': 4, 'warmup_iterations': 3, 'gpu_completion_mode': 'per_iteration', 'unit': 'us', 'direction': 'lower_is_better'}"
deck,parent,game_load.s3tc_sync_factor.dxt1_dirty_once_redraw,20261004-154713779-638753cb32c741da8015862fef810778,57789.5502,533277,16664.625,16664.625,passed,PASS,428c04bbb0a62725,428c04bbb0a62725,True,ineligible,True,completed,"{'revision': 1, 'iterations': 32, 'sample_count': 8, 'measurement_iterations_multiplier': 4, 'warmup_iterations': 3, 'gpu_completion_mode': 'per_iteration', 'unit': 'us', 'direction': 'lower_is_better'}"
deck,parent,game_load.s3tc_sync_factor.rgba8_same_address_wait,20261004-154713779-638753cb32c741da8015862fef810778,57789.5502,2216825,69275.25,69275.25,passed,PASS,3403675459d4d3d5,3403675459d4d3d5,True,ineligible,True,completed,"{'revision': 1, 'iterations': 32, 'sample_count': 8, 'measurement_iterations_multiplier': 4, 'warmup_iterations': 3, 'gpu_completion_mode': 'per_iteration', 'unit': 'us', 'direction': 'lower_is_better'}"
deck,parent,game_load.s3tc_sync_factor.rgba8_same_address_queued,20261004-154713779-638753cb32c741da8015862fef810778,57789.5502,2129845,66557.25,66557.25,failed,PASS,74f23fda7d849764,719d8f45c46b69f6,True,ineligible,True,completed,"{'revision': 1, 'iterations': 32, 'sample_count': 8, 'measurement_iterations_multiplier': 4, 'warmup_iterations': 3, 'gpu_completion_mode': 'per_iteration', 'unit': 'us', 'direction': 'lower_is_better'}"
deck,parent,game_load.s3tc_sync_factor.rgba8_ring_payload_generations,20261004-154713779-638753cb32c741da8015862fef810778,57789.5502,9682210,302568.75,302568.75,passed,PASS,3403675459d4d3d5,3403675459d4d3d5,True,ineligible,True,completed,"{'revision': 1, 'iterations': 32, 'sample_count': 8, 'measurement_iterations_multiplier': 4, 'warmup_iterations': 3, 'gpu_completion_mode': 'per_iteration', 'unit': 'us', 'direction': 'lower_is_better'}"
deck,parent,game_load.s3tc_sync_factor.rgba8_dirty_once_redraw,20261004-154713779-638753cb32c741da8015862fef810778,57789.5502,532497,16640.125,16640.125,passed,PASS,428c04bbb0a62725,428c04bbb0a62725,True,ineligible,True,completed,"{'revision': 1, 'iterations': 32, 'sample_count': 8, 'measurement_iterations_multiplier': 4, 'warmup_iterations': 3, 'gpu_completion_mode': 'per_iteration', 'unit': 'us', 'direction': 'lower_is_better'}"
deck,parent,game_load.s3tc_sync_factor.bc2_native_eligible,20261004-154713779-638753cb32c741da8015862fef810778,57789.5502,2676065,83626.625,83626.625,failed,PASS,3403675459d4d3d5,db28300321744de5,True,ineligible,True,completed,"{'revision': 1, 'iterations': 32, 'sample_count': 8, 'measurement_iterations_multiplier': 4, 'warmup_iterations': 3, 'gpu_completion_mode': 'per_iteration', 'unit': 'us', 'direction': 'lower_is_better'}"
deck,parent,game_load.s3tc_sync_factor.bc2_bordered_fallback,20261004-154713779-638753cb32c741da8015862fef810778,57789.5502,7469639,233425.875,233425.875,passed,PASS,db28300321744de5,db28300321744de5,True,ineligible,True,completed,"{'revision': 1, 'iterations': 32, 'sample_count': 8, 'measurement_iterations_multiplier': 4, 'warmup_iterations': 3, 'gpu_completion_mode': 'per_iteration', 'unit': 'us', 'direction': 'lower_is_better'}"
deck,parent,game_load.s3tc_sync_factor.bc3_native_eligible,20261004-154713779-638753cb32c741da8015862fef810778,57789.5502,2671632,83488.125,83488.125,failed,PASS,3403675459d4d3d5,db28300321744de5,True,ineligible,True,completed,"{'revision': 1, 'iterations': 32, 'sample_count': 8, 'measurement_iterations_multiplier': 4, 'warmup_iterations': 3, 'gpu_completion_mode': 'per_iteration', 'unit': 'us', 'direction': 'lower_is_better'}"
deck,parent,game_load.s3tc_sync_factor.bc3_bordered_fallback,20261004-154713779-638753cb32c741da8015862fef810778,57789.5502,7476701,233646.5,233646.5,passed,PASS,db28300321744de5,db28300321744de5,True,ineligible,True,completed,"{'revision': 1, 'iterations': 32, 'sample_count': 8, 'measurement_iterations_multiplier': 4, 'warmup_iterations': 3, 'gpu_completion_mode': 'per_iteration', 'unit': 'us', 'direction': 'lower_is_better'}"
deck,parent,game_load.repeated_display,20261004-154813617-119614601f8744b7a5d8732433f1b943,37214.199,532780,16649,16649,passed,PASS,36f446003b9d6325,36f446003b9d6325,True,ineligible,True,completed,"{'revision': 1, 'iterations': 32, 'sample_count': 8, 'measurement_iterations_multiplier': 4, 'warmup_iterations': 3, 'gpu_completion_mode': 'per_iteration', 'unit': 'us', 'direction': 'lower_is_better'}"
deck,parent,game_load.repeated_display_boosted,20261004-154813617-119614601f8744b7a5d8732433f1b943,37214.199,1599691,49989.75,49989.75,passed,PASS,b2bc760cb1fba325,b2bc760cb1fba325,True,ineligible,True,completed,"{'revision': 1, 'iterations': 32, 'sample_count': 8, 'measurement_iterations_multiplier': 4, 'warmup_iterations': 3, 'gpu_completion_mode': 'per_iteration', 'unit': 'us', 'direction': 'lower_is_better'}"
deck,parent,game_load.doax_menu_representative.cpu_only,20261004-154813617-119614601f8744b7a5d8732433f1b943,37214.199,771338,24104,24104,passed,PASS,5abb9d9faaa22325,5abb9d9faaa22325,True,ineligible,True,completed,"{'revision': 1, 'iterations': 32, 'sample_count': 8, 'measurement_iterations_multiplier': 4, 'warmup_iterations': 3, 'gpu_completion_mode': 'per_iteration', 'unit': 'us', 'direction': 'lower_is_better'}"
deck,parent,game_load.doax_menu_representative.pfifo_only,20261004-154813617-119614601f8744b7a5d8732433f1b943,37214.199,154340,4822.625,4822.625,passed,PASS,f9826bbdd7912325,f9826bbdd7912325,True,ineligible,True,completed,"{'revision': 1, 'iterations': 32, 'sample_count': 8, 'measurement_iterations_multiplier': 4, 'warmup_iterations': 3, 'gpu_completion_mode': 'per_iteration', 'unit': 'us', 'direction': 'lower_is_better'}"
deck,parent,game_load.doax_menu_representative.gpu_only,20261004-154813617-119614601f8744b7a5d8732433f1b943,37214.199,1761116,55034.5,55034.5,passed,PASS,d3984ab7dcb8e325,d3984ab7dcb8e325,True,ineligible,True,completed,"{'revision': 1, 'iterations': 32, 'sample_count': 8, 'measurement_iterations_multiplier': 4, 'warmup_iterations': 3, 'gpu_completion_mode': 'per_iteration', 'unit': 'us', 'direction': 'lower_is_better'}"
deck,parent,game_load.doax_menu_representative.streaming_only,20261004-154813617-119614601f8744b7a5d8732433f1b943,37214.199,525294,16415.125,16415.125,passed,PASS,491294aadc23a325,491294aadc23a325,True,ineligible,True,completed,"{'revision': 1, 'iterations': 32, 'sample_count': 8, 'measurement_iterations_multiplier': 4, 'warmup_iterations': 3, 'gpu_completion_mode': 'per_iteration', 'unit': 'us', 'direction': 'lower_is_better'}"
deck,parent,game_load.doax_menu_representative.cpu_pfifo_gpu,20261004-154813617-119614601f8744b7a5d8732433f1b943,37214.199,2631741,82241.5,82241.5,failed,PASS,5d530c66b8da2325,302026d9f9232325,True,ineligible,True,completed,"{'revision': 1, 'iterations': 32, 'sample_count': 8, 'measurement_iterations_multiplier': 4, 'warmup_iterations': 3, 'gpu_completion_mode': 'per_iteration', 'unit': 'us', 'direction': 'lower_is_better'}"
deck,parent,game_load.doax_menu_representative.cpu_pfifo_gpu_streaming,20261004-154813617-119614601f8744b7a5d8732433f1b943,37214.199,3033228,94788,94788,passed,PASS,9e98944350a52325,9e98944350a52325,True,ineligible,True,completed,"{'revision': 1, 'iterations': 32, 'sample_count': 8, 'measurement_iterations_multiplier': 4, 'warmup_iterations': 3, 'gpu_completion_mode': 'per_iteration', 'unit': 'us', 'direction': 'lower_is_better'}"
deck,parent,game_load.doax_menu_representative.full_system,20261004-154813617-119614601f8744b7a5d8732433f1b943,37214.199,2990888,93464.75,93464.75,passed,PASS,7896e875a8ad2325,7896e875a8ad2325,True,ineligible,True,completed,"{'revision': 1, 'iterations': 32, 'sample_count': 8, 'measurement_iterations_multiplier': 4, 'warmup_iterations': 3, 'gpu_completion_mode': 'per_iteration', 'unit': 'us', 'direction': 'lower_is_better'}"
deck,parent,game_load.doax_menu_stress.cpu_only,20261004-154813617-119614601f8744b7a5d8732433f1b943,37214.199,1524561,47642.25,47642.25,passed,PASS,4b7c157e1e9ce325,4b7c157e1e9ce325,True,ineligible,True,completed,"{'revision': 1, 'iterations': 32, 'sample_count': 8, 'measurement_iterations_multiplier': 4, 'warmup_iterations': 3, 'gpu_completion_mode': 'per_iteration', 'unit': 'us', 'direction': 'lower_is_better'}"
deck,parent,game_load.doax_menu_stress.pfifo_only,20261004-154813617-119614601f8744b7a5d8732433f1b943,37214.199,307256,9601.25,9601.25,passed,PASS,f46d8f2a39a6e325,f46d8f2a39a6e325,True,ineligible,True,completed,"{'revision': 1, 'iterations': 32, 'sample_count': 8, 'measurement_iterations_multiplier': 4, 'warmup_iterations': 3, 'gpu_completion_mode': 'per_iteration', 'unit': 'us', 'direction': 'lower_is_better'}"
deck,parent,game_load.doax_menu_stress.gpu_only,20261004-154813617-119614601f8744b7a5d8732433f1b943,37214.199,3143098,98221.5,98221.5,passed,PASS,bcaf8b0e8de5a325,bcaf8b0e8de5a325,True,ineligible,True,completed,"{'revision': 1, 'iterations': 32, 'sample_count': 8, 'measurement_iterations_multiplier': 4, 'warmup_iterations': 3, 'gpu_completion_mode': 'per_iteration', 'unit': 'us', 'direction': 'lower_is_better'}"
deck,parent,game_load.doax_menu_stress.streaming_only,20261004-154852868-a9a4ffd5da86481cb91aa7bb2060313c,86598.156,979674,30614.375,30614.375,passed,PASS,06e0eccda97d2325,06e0eccda97d2325,True,ineligible,True,completed,"{'revision': 1, 'iterations': 32, 'sample_count': 8, 'measurement_iterations_multiplier': 4, 'warmup_iterations': 3, 'gpu_completion_mode': 'per_iteration', 'unit': 'us', 'direction': 'lower_is_better'}"
deck,parent,game_load.doax_menu_stress.cpu_pfifo_gpu,20261004-154852868-a9a4ffd5da86481cb91aa7bb2060313c,86598.156,4959715,154990.875,154990.875,failed,PASS,30f332d7669ba325,7707cd4649e4a325,True,ineligible,True,completed,"{'revision': 1, 'iterations': 32, 'sample_count': 8, 'measurement_iterations_multiplier': 4, 'warmup_iterations': 3, 'gpu_completion_mode': 'per_iteration', 'unit': 'us', 'direction': 'lower_is_better'}"
deck,parent,game_load.doax_menu_stress.cpu_pfifo_gpu_streaming,20261004-154852868-a9a4ffd5da86481cb91aa7bb2060313c,86598.156,5600960,175029.625,175029.625,passed,PASS,d4d9dedf3ef06325,d4d9dedf3ef06325,True,ineligible,True,completed,"{'revision': 1, 'iterations': 32, 'sample_count': 8, 'measurement_iterations_multiplier': 4, 'warmup_iterations': 3, 'gpu_completion_mode': 'per_iteration', 'unit': 'us', 'direction': 'lower_is_better'}"
deck,parent,game_load.doax_menu_stress.full_system,20261004-154852868-a9a4ffd5da86481cb91aa7bb2060313c,86598.156,5639490,176233.875,176233.875,passed,PASS,8cf51e8eb67fa325,8cf51e8eb67fa325,True,ineligible,True,completed,"{'revision': 1, 'iterations': 32, 'sample_count': 8, 'measurement_iterations_multiplier': 4, 'warmup_iterations': 3, 'gpu_completion_mode': 'per_iteration', 'unit': 'us', 'direction': 'lower_is_better'}"
deck,parent,game_load.pgr2_ai_backup.cpu_only,20261004-154852868-a9a4ffd5da86481cb91aa7bb2060313c,86598.156,2310012,72187.5,72187.5,passed,PASS,e6df98b3e513a325,e6df98b3e513a325,True,ineligible,True,completed,"{'revision': 1, 'iterations': 32, 'sample_count': 8, 'measurement_iterations_multiplier': 4, 'warmup_iterations': 3, 'gpu_completion_mode': 'per_iteration', 'unit': 'us', 'direction': 'lower_is_better'}"
deck,parent,game_load.pgr2_ai_backup.pfifo_only,20261004-154852868-a9a4ffd5da86481cb91aa7bb2060313c,86598.156,1027766,32117.5,32117.5,passed,PASS,e57ef83b3a66e325,e57ef83b3a66e325,True,ineligible,True,completed,"{'revision': 1, 'iterations': 32, 'sample_count': 8, 'measurement_iterations_multiplier': 4, 'warmup_iterations': 3, 'gpu_completion_mode': 'per_iteration', 'unit': 'us', 'direction': 'lower_is_better'}"
deck,parent,game_load.pgr2_ai_backup.gpu_only,20261004-154852868-a9a4ffd5da86481cb91aa7bb2060313c,86598.156,8365260,261414,261414,passed,PASS,02ffd9b12aa96325,02ffd9b12aa96325,True,ineligible,True,completed,"{'revision': 1, 'iterations': 32, 'sample_count': 8, 'measurement_iterations_multiplier': 4, 'warmup_iterations': 3, 'gpu_completion_mode': 'per_iteration', 'unit': 'us', 'direction': 'lower_is_better'}"
deck,parent,game_load.pgr2_ai_backup.streaming_only,20261004-154852868-a9a4ffd5da86481cb91aa7bb2060313c,86598.156,331366,10354.625,10354.625,passed,PASS,155df5f182392325,155df5f182392325,True,ineligible,True,completed,"{'revision': 1, 'iterations': 32, 'sample_count': 8, 'measurement_iterations_multiplier': 4, 'warmup_iterations': 3, 'gpu_completion_mode': 'per_iteration', 'unit': 'us', 'direction': 'lower_is_better'}"
deck,parent,game_load.pgr2_ai_backup.cpu_pfifo_gpu,20261004-154852868-a9a4ffd5da86481cb91aa7bb2060313c,86598.156,11501114,359409.5,359409.5,failed,PASS,519ce083c370e325,ab22104929b9e325,True,ineligible,True,completed,"{'revision': 1, 'iterations': 32, 'sample_count': 8, 'measurement_iterations_multiplier': 4, 'warmup_iterations': 3, 'gpu_completion_mode': 'per_iteration', 'unit': 'us', 'direction': 'lower_is_better'}"
deck,parent,game_load.pgr2_ai_backup.cpu_pfifo_gpu_streaming,20261004-154852868-a9a4ffd5da86481cb91aa7bb2060313c,86598.156,11676430,364888.25,364888.25,passed,PASS,66a43765efc02325,66a43765efc02325,True,ineligible,True,completed,"{'revision': 1, 'iterations': 32, 'sample_count': 8, 'measurement_iterations_multiplier': 4, 'warmup_iterations': 3, 'gpu_completion_mode': 'per_iteration', 'unit': 'us', 'direction': 'lower_is_better'}"
deck,parent,game_load.pgr2_ai_backup.full_system,20261004-154852868-a9a4ffd5da86481cb91aa7bb2060313c,86598.156,11687701,365240.25,365240.25,passed,PASS,55485325870d6325,55485325870d6325,True,ineligible,True,completed,"{'revision': 1, 'iterations': 32, 'sample_count': 8, 'measurement_iterations_multiplier': 4, 'warmup_iterations': 3, 'gpu_completion_mode': 'per_iteration', 'unit': 'us', 'direction': 'lower_is_better'}"
deck,parent,high_vertex_count.arrays,20261004-155021508-e37afaccf5374c6baaa3f0ba3535712a,39986.7861,69587,173.58,173.58,failed,PASS,e67a1ce72784a588,cd6d0d64451d191b,True,ineligible,True,completed,"{'revision': 1, 'iterations': 400, 'sample_count': 100, 'measurement_iterations_multiplier': 4, 'warmup_iterations': 3, 'gpu_completion_mode': 'per_iteration', 'unit': 'us', 'direction': 'lower_is_better'}"
deck,parent,high_vertex_count.inline_arrays,20261004-155021508-e37afaccf5374c6baaa3f0ba3535712a,39986.7861,4645096,116127,116127,failed,PASS,e67a1ce72784a588,31a890c7f71db193,True,ineligible,True,completed,"{'revision': 1, 'iterations': 40, 'sample_count': 10, 'measurement_iterations_multiplier': 4, 'warmup_iterations': 3, 'gpu_completion_mode': 'per_iteration', 'unit': 'us', 'direction': 'lower_is_better'}"
deck,parent,high_vertex_count.inline_buffers,20261004-155021508-e37afaccf5374c6baaa3f0ba3535712a,39986.7861,13970046,698502,698502,failed,PASS,e67a1ce72784a588,f320b0df5ba62943,True,ineligible,True,completed,"{'revision': 1, 'iterations': 20, 'sample_count': 5, 'measurement_iterations_multiplier': 4, 'warmup_iterations': 3, 'gpu_completion_mode': 'per_iteration', 'unit': 'us', 'direction': 'lower_is_better'}"
deck,parent,high_vertex_count.inline_elements,20261004-155021508-e37afaccf5374c6baaa3f0ba3535712a,39986.7861,1345718,6728.26,6728.26,failed,PASS,e67a1ce72784a588,b24516b5372da0f3,True,ineligible,True,completed,"{'revision': 1, 'iterations': 200, 'sample_count': 50, 'measurement_iterations_multiplier': 4, 'warmup_iterations': 3, 'gpu_completion_mode': 'per_iteration', 'unit': 'us', 'direction': 'lower_is_better'}"
deck,parent,primitive_type.line_loop.fixed_function,20261004-155021508-e37afaccf5374c6baaa3f0ba3535712a,39986.7861,90073,2251.3,2251.3,failed,PASS,4024a5cb9bd0fa4e,d48f43c09e534094,True,ineligible,True,completed,"{'revision': 1, 'iterations': 40, 'sample_count': 10, 'measurement_iterations_multiplier': 4, 'warmup_iterations': 3, 'gpu_completion_mode': 'per_iteration', 'unit': 'us', 'direction': 'lower_is_better'}"
deck,parent,primitive_type.line_loop.vertex_shader,20261004-155021508-e37afaccf5374c6baaa3f0ba3535712a,39986.7861,94216,2355,2355,failed,PASS,4024a5cb9bd0fa4e,47373dc0c7be28f8,True,ineligible,True,completed,"{'revision': 1, 'iterations': 40, 'sample_count': 10, 'measurement_iterations_multiplier': 4, 'warmup_iterations': 3, 'gpu_completion_mode': 'per_iteration', 'unit': 'us', 'direction': 'lower_is_better'}"
deck,parent,primitive_type.line_strip.fixed_function,20261004-155021508-e37afaccf5374c6baaa3f0ba3535712a,39986.7861,52826,1320.1,1320.1,failed,PASS,4024a5cb9bd0fa4e,0964935c28234a4a,True,ineligible,True,completed,"{'revision': 1, 'iterations': 40, 'sample_count': 10, 'measurement_iterations_multiplier': 4, 'warmup_iterations': 3, 'gpu_completion_mode': 'per_iteration', 'unit': 'us', 'direction': 'lower_is_better'}"
deck,parent,primitive_type.line_strip.vertex_shader,20261004-155021508-e37afaccf5374c6baaa3f0ba3535712a,39986.7861,50243,1255.7,1255.7,failed,PASS,4024a5cb9bd0fa4e,94b433237d71b182,True,ineligible,True,completed,"{'revision': 1, 'iterations': 40, 'sample_count': 10, 'measurement_iterations_multiplier': 4, 'warmup_iterations': 3, 'gpu_completion_mode': 'per_iteration', 'unit': 'us', 'direction': 'lower_is_better'}"
deck,parent,primitive_type.lines.fixed_function,20261004-155021508-e37afaccf5374c6baaa3f0ba3535712a,39986.7861,177758,4443.6,4443.6,failed,PASS,5440c372c6a2a101,6c16b2698ec4e26b,True,ineligible,True,completed,"{'revision': 1, 'iterations': 40, 'sample_count': 10, 'measurement_iterations_multiplier': 4, 'warmup_iterations': 3, 'gpu_completion_mode': 'per_iteration', 'unit': 'us', 'direction': 'lower_is_better'}"
deck,parent,primitive_type.lines.vertex_shader,20261004-155021508-e37afaccf5374c6baaa3f0ba3535712a,39986.7861,170954,4273.5,4273.5,failed,PASS,5440c372c6a2a101,53924aa6f5e55b57,True,ineligible,True,completed,"{'revision': 1, 'iterations': 40, 'sample_count': 10, 'measurement_iterations_multiplier': 4, 'warmup_iterations': 3, 'gpu_completion_mode': 'per_iteration', 'unit': 'us', 'direction': 'lower_is_better'}"
deck,parent,primitive_type.points.fixed_function,20261004-155021508-e37afaccf5374c6baaa3f0ba3535712a,39986.7861,94064,2351.2,2351.2,failed,PASS,6813f0dbe94bac3c,7400f7a8ac9d8c86,True,ineligible,True,completed,"{'revision': 1, 'iterations': 40, 'sample_count': 10, 'measurement_iterations_multiplier': 4, 'warmup_iterations': 3, 'gpu_completion_mode': 'per_iteration', 'unit': 'us', 'direction': 'lower_is_better'}"
deck,parent,primitive_type.points.vertex_shader,20261004-155021508-e37afaccf5374c6baaa3f0ba3535712a,39986.7861,90953,2273.6,2273.6,failed,PASS,6813f0dbe94bac3c,f1d83724373d0036,True,ineligible,True,completed,"{'revision': 1, 'iterations': 40, 'sample_count': 10, 'measurement_iterations_multiplier': 4, 'warmup_iterations': 3, 'gpu_completion_mode': 'per_iteration', 'unit': 'us', 'direction': 'lower_is_better'}"
deck,parent,primitive_type.polygon.fixed_function,20261004-155103543-886d404256d5422cba8369b9bb8e7785,21629.4779,121076,3026.5,3026.5,failed,PASS,e0d0b9dbefa71269,515407015a00c880,True,ineligible,True,completed,"{'revision': 1, 'iterations': 40, 'sample_count': 10, 'measurement_iterations_multiplier': 4, 'warmup_iterations': 3, 'gpu_completion_mode': 'per_iteration', 'unit': 'us', 'direction': 'lower_is_better'}"
deck,parent,primitive_type.polygon.vertex_shader,20261004-155103543-886d404256d5422cba8369b9bb8e7785,21629.4779,239060,5976.1,5976.1,failed,PASS,e0d0b9dbefa71269,4376cbfa562c7d14,True,ineligible,True,completed,"{'revision': 1, 'iterations': 40, 'sample_count': 10, 'measurement_iterations_multiplier': 4, 'warmup_iterations': 3, 'gpu_completion_mode': 'per_iteration', 'unit': 'us', 'direction': 'lower_is_better'}"
deck,parent,primitive_type.quad_strip.fixed_function,20261004-155103543-886d404256d5422cba8369b9bb8e7785,21629.4779,268693,6717.1,6717.1,failed,PASS,e1f46a0779ee1f21,190c4f06474f8467,True,ineligible,True,completed,"{'revision': 1, 'iterations': 40, 'sample_count': 10, 'measurement_iterations_multiplier': 4, 'warmup_iterations': 3, 'gpu_completion_mode': 'per_iteration', 'unit': 'us', 'direction': 'lower_is_better'}"
deck,parent,primitive_type.quad_strip.vertex_shader,20261004-155103543-886d404256d5422cba8369b9bb8e7785,21629.4779,181100,4527.2,4527.2,failed,PASS,e1f46a0779ee1f21,d5cf212c5788c3df,True,ineligible,True,completed,"{'revision': 1, 'iterations': 40, 'sample_count': 10, 'measurement_iterations_multiplier': 4, 'warmup_iterations': 3, 'gpu_completion_mode': 'per_iteration', 'unit': 'us', 'direction': 'lower_is_better'}"
deck,parent,primitive_type.quads.fixed_function,20261004-155103543-886d404256d5422cba8369b9bb8e7785,21629.4779,274517,6862.6,6862.6,failed,PASS,d14f30833e638324,b52448622bc1c001,True,ineligible,True,completed,"{'revision': 1, 'iterations': 40, 'sample_count': 10, 'measurement_iterations_multiplier': 4, 'warmup_iterations': 3, 'gpu_completion_mode': 'per_iteration', 'unit': 'us', 'direction': 'lower_is_better'}"
deck,parent,primitive_type.quads.vertex_shader,20261004-155103543-886d404256d5422cba8369b9bb8e7785,21629.4779,281607,7039.7,7039.7,failed,PASS,d14f30833e638324,fbac823960948b69,True,ineligible,True,completed,"{'revision': 1, 'iterations': 40, 'sample_count': 10, 'measurement_iterations_multiplier': 4, 'warmup_iterations': 3, 'gpu_completion_mode': 'per_iteration', 'unit': 'us', 'direction': 'lower_is_better'}"
deck,parent,primitive_type.triangle_fan.fixed_function,20261004-155103543-886d404256d5422cba8369b9bb8e7785,21629.4779,48821,1220,1220,failed,PASS,eadb3b4945fe25df,ba0d8daf7940c5d2,True,ineligible,True,completed,"{'revision': 1, 'iterations': 40, 'sample_count': 10, 'measurement_iterations_multiplier': 4, 'warmup_iterations': 3, 'gpu_completion_mode': 'per_iteration', 'unit': 'us', 'direction': 'lower_is_better'}"
deck,parent,primitive_type.triangle_fan.vertex_shader,20261004-155103543-886d404256d5422cba8369b9bb8e7785,21629.4779,49130,1227.8,1227.8,failed,PASS,eadb3b4945fe25df,134a22bd3882e48e,True,ineligible,True,completed,"{'revision': 1, 'iterations': 40, 'sample_count': 10, 'measurement_iterations_multiplier': 4, 'warmup_iterations': 3, 'gpu_completion_mode': 'per_iteration', 'unit': 'us', 'direction': 'lower_is_better'}"
deck,parent,primitive_type.triangle_strip.fixed_function,20261004-155103543-886d404256d5422cba8369b9bb8e7785,21629.4779,77073,1926.5,1926.5,failed,PASS,ee7f6eeeb2263031,d15b03d8ead6bb03,True,ineligible,True,completed,"{'revision': 1, 'iterations': 40, 'sample_count': 10, 'measurement_iterations_multiplier': 4, 'warmup_iterations': 3, 'gpu_completion_mode': 'per_iteration', 'unit': 'us', 'direction': 'lower_is_better'}"
deck,parent,primitive_type.triangle_strip.vertex_shader,20261004-155103543-886d404256d5422cba8369b9bb8e7785,21629.4779,84572,2113.9,2113.9,failed,PASS,ee7f6eeeb2263031,f7cfda74a4111eff,True,ineligible,True,completed,"{'revision': 1, 'iterations': 40, 'sample_count': 10, 'measurement_iterations_multiplier': 4, 'warmup_iterations': 3, 'gpu_completion_mode': 'per_iteration', 'unit': 'us', 'direction': 'lower_is_better'}"
deck,parent,primitive_type.triangles.fixed_function,20261004-155103543-886d404256d5422cba8369b9bb8e7785,21629.4779,199326,4982.6,4982.6,failed,PASS,a53b3ecbc7019828,4521bcfbdb43e248,True,ineligible,True,completed,"{'revision': 1, 'iterations': 40, 'sample_count': 10, 'measurement_iterations_multiplier': 4, 'warmup_iterations': 3, 'gpu_completion_mode': 'per_iteration', 'unit': 'us', 'direction': 'lower_is_better'}"
deck,parent,primitive_type.triangles.vertex_shader,20261004-155103543-886d404256d5422cba8369b9bb8e7785,21629.4779,205903,5147.1,5147.1,failed,PASS,a53b3ecbc7019828,d86abc6e019e36fc,True,ineligible,True,completed,"{'revision': 1, 'iterations': 40, 'sample_count': 10, 'measurement_iterations_multiplier': 4, 'warmup_iterations': 3, 'gpu_completion_mode': 'per_iteration', 'unit': 'us', 'direction': 'lower_is_better'}"
deck,parent,texture_cubemap_fallback.bordered_palette_size1,20261004-155132343-6ffb937ea788417bb431526bf670c168,132763.4109,531650,16613.625,16613.625,failed,FAIL,56d00ed89334a325,,True,ineligible,True,completed,"{'revision': 1, 'iterations': 32, 'sample_count': 8, 'measurement_iterations_multiplier': 4, 'warmup_iterations': 3, 'gpu_completion_mode': 'per_iteration', 'unit': 'us', 'direction': 'lower_is_better'}"
deck,parent,texture_cubemap_fallback.bordered_palette_size2,20261004-155132343-6ffb937ea788417bb431526bf670c168,132763.4109,531527,16610,16610,failed,FAIL,bb93d50a6b1ba325,,True,ineligible,True,completed,"{'revision': 1, 'iterations': 32, 'sample_count': 8, 'measurement_iterations_multiplier': 4, 'warmup_iterations': 3, 'gpu_completion_mode': 'per_iteration', 'unit': 'us', 'direction': 'lower_is_better'}"
deck,parent,texture_cubemap_fallback.bordered_palette_size4,20261004-155132343-6ffb937ea788417bb431526bf670c168,132763.4109,532889,16652.375,16652.375,failed,FAIL,55460e1d2302a325,,True,ineligible,True,completed,"{'revision': 1, 'iterations': 32, 'sample_count': 8, 'measurement_iterations_multiplier': 4, 'warmup_iterations': 3, 'gpu_completion_mode': 'per_iteration', 'unit': 'us', 'direction': 'lower_is_better'}"
deck,parent,texture_cubemap_fallback.bordered_palette_size8,20261004-155132343-6ffb937ea788417bb431526bf670c168,132763.4109,533128,16660,16660,failed,FAIL,53ccfb3cac5633d3,,True,ineligible,True,completed,"{'revision': 1, 'iterations': 32, 'sample_count': 8, 'measurement_iterations_multiplier': 4, 'warmup_iterations': 3, 'gpu_completion_mode': 'per_iteration', 'unit': 'us', 'direction': 'lower_is_better'}"
deck,parent,texture_cubemap_fallback.bordered_r6g5b5_size1,20261004-155132343-6ffb937ea788417bb431526bf670c168,132763.4109,532926,16653.625,16653.625,failed,FAIL,56d00ed89334a325,,True,ineligible,True,completed,"{'revision': 1, 'iterations': 32, 'sample_count': 8, 'measurement_iterations_multiplier': 4, 'warmup_iterations': 3, 'gpu_completion_mode': 'per_iteration', 'unit': 'us', 'direction': 'lower_is_better'}"
deck,parent,texture_cubemap_fallback.bordered_r6g5b5_size2,20261004-155132343-6ffb937ea788417bb431526bf670c168,132763.4109,549825,17181.625,17181.625,failed,FAIL,0e8ba11521b73f45,,True,ineligible,True,completed,"{'revision': 1, 'iterations': 32, 'sample_count': 8, 'measurement_iterations_multiplier': 4, 'warmup_iterations': 3, 'gpu_completion_mode': 'per_iteration', 'unit': 'us', 'direction': 'lower_is_better'}"
deck,parent,texture_cubemap_fallback.bordered_r6g5b5_size4,20261004-155132343-6ffb937ea788417bb431526bf670c168,132763.4109,533129,16659.875,16659.875,failed,FAIL,31dbcc2110e01525,,True,ineligible,True,completed,"{'revision': 1, 'iterations': 32, 'sample_count': 8, 'measurement_iterations_multiplier': 4, 'warmup_iterations': 3, 'gpu_completion_mode': 'per_iteration', 'unit': 'us', 'direction': 'lower_is_better'}"
deck,parent,texture_cubemap_fallback.bordered_rgba8_size1,20261004-155132343-6ffb937ea788417bb431526bf670c168,132763.4109,532991,16655.625,16655.625,failed,FAIL,56d00ed89334a325,,True,ineligible,True,completed,"{'revision': 1, 'iterations': 32, 'sample_count': 8, 'measurement_iterations_multiplier': 4, 'warmup_iterations': 3, 'gpu_completion_mode': 'per_iteration', 'unit': 'us', 'direction': 'lower_is_better'}"
deck,parent,texture_cubemap_fallback.bordered_rgba8_size2,20261004-155132343-6ffb937ea788417bb431526bf670c168,132763.4109,533124,16659.75,16659.75,failed,FAIL,bb93d50a6b1ba325,,True,ineligible,True,completed,"{'revision': 1, 'iterations': 32, 'sample_count': 8, 'measurement_iterations_multiplier': 4, 'warmup_iterations': 3, 'gpu_completion_mode': 'per_iteration', 'unit': 'us', 'direction': 'lower_is_better'}"
deck,parent,texture_cubemap_fallback.bordered_rgba8_size4,20261004-155132343-6ffb937ea788417bb431526bf670c168,132763.4109,533140,16660.375,16660.375,failed,FAIL,55460e1d2302a325,,True,ineligible,True,completed,"{'revision': 1, 'iterations': 32, 'sample_count': 8, 'measurement_iterations_multiplier': 4, 'warmup_iterations': 3, 'gpu_completion_mode': 'per_iteration', 'unit': 'us', 'direction': 'lower_is_better'}"
deck,parent,texture_cubemap_fallback.bordered_rgba8_size8,20261004-155132343-6ffb937ea788417bb431526bf670c168,132763.4109,532853,16651.25,16651.25,failed,FAIL,f3129198a7b005f5,,True,ineligible,True,completed,"{'revision': 1, 'iterations': 32, 'sample_count': 8, 'measurement_iterations_multiplier': 4, 'warmup_iterations': 3, 'gpu_completion_mode': 'per_iteration', 'unit': 'us', 'direction': 'lower_is_better'}"
deck,parent,texture_cubemap_fallback.unbordered_subblock_dxt1,20261004-155132343-6ffb937ea788417bb431526bf670c168,132763.4109,532919,16653.125,16653.125,passed,PASS,be0f2013c1997ca5,,True,ineligible,True,completed,"{'revision': 1, 'iterations': 32, 'sample_count': 8, 'measurement_iterations_multiplier': 4, 'warmup_iterations': 3, 'gpu_completion_mode': 'per_iteration', 'unit': 'us', 'direction': 'lower_is_better'}"
deck,parent,texture_cubemap_fallback.bordered_r6g5b5_size8,20261004-155346648-e4a5f50824f84e518b28c252b78e65d2,25710.81,532148,16629.375,16629.375,failed,FAIL,72ca2acdd1d976a5,,True,ineligible,True,completed,"{'revision': 1, 'iterations': 32, 'sample_count': 8, 'measurement_iterations_multiplier': 4, 'warmup_iterations': 3, 'gpu_completion_mode': 'per_iteration', 'unit': 'us', 'direction': 'lower_is_better'}"
deck,parent,surface.basic,20261004-155414394-10b0ba7a5c94453f9206f12f6d81b957,34692.6889,1573925,39347.6,39347.6,failed,PASS,cf6533efef4c476e,6f90d43f59b710fa,True,ineligible,True,completed,"{'revision': 1, 'iterations': 40, 'sample_count': 10, 'measurement_iterations_multiplier': 4, 'warmup_iterations': 3, 'gpu_completion_mode': 'per_iteration', 'unit': 'us', 'direction': 'lower_is_better'}"
deck,parent,surface.cpu_read_after_gpu_write,20261004-155414394-10b0ba7a5c94453f9206f12f6d81b957,34692.6889,279928,3498.75,3498.75,passed,PASS,572720976b602325,572720976b602325,True,ineligible,True,completed,"{'revision': 1, 'iterations': 80, 'sample_count': 20, 'measurement_iterations_multiplier': 4, 'warmup_iterations': 3, 'gpu_completion_mode': 'per_iteration', 'unit': 'us', 'direction': 'lower_is_better'}"
deck,parent,surface.cpu_read_clean_surface,20261004-155414394-10b0ba7a5c94453f9206f12f6d81b957,34692.6889,153925,384.45,384.45,passed,PASS,aa32af524aa52325,aa32af524aa52325,True,ineligible,True,completed,"{'revision': 1, 'iterations': 400, 'sample_count': 100, 'measurement_iterations_multiplier': 4, 'warmup_iterations': 3, 'gpu_completion_mode': 'per_iteration', 'unit': 'us', 'direction': 'lower_is_better'}"
deck,parent,surface.framebuffer_working_set_002,20261004-155414394-10b0ba7a5c94453f9206f12f6d81b957,34692.6889,395343,4941.4,4941.4,failed,PASS,cb732f2ae5736b2d,ab1fa4b103c05f05,True,ineligible,True,completed,"{'revision': 1, 'iterations': 80, 'sample_count': 20, 'measurement_iterations_multiplier': 4, 'warmup_iterations': 3, 'gpu_completion_mode': 'per_iteration', 'unit': 'us', 'direction': 'lower_is_better'}"
deck,parent,surface.framebuffer_working_set_008,20261004-155414394-10b0ba7a5c94453f9206f12f6d81b957,34692.6889,386782,4834.4,4834.4,failed,PASS,7ffda0d97cce712d,8393e7935b67da71,True,ineligible,True,completed,"{'revision': 1, 'iterations': 80, 'sample_count': 20, 'measurement_iterations_multiplier': 4, 'warmup_iterations': 3, 'gpu_completion_mode': 'per_iteration', 'unit': 'us', 'direction': 'lower_is_better'}"
deck,parent,surface.framebuffer_working_set_032,20261004-155414394-10b0ba7a5c94453f9206f12f6d81b957,34692.6889,412509,5155.9,5155.9,failed,PASS,2baad45ae0ed71a5,4e53301a279a7e09,True,ineligible,True,completed,"{'revision': 1, 'iterations': 80, 'sample_count': 20, 'measurement_iterations_multiplier': 4, 'warmup_iterations': 3, 'gpu_completion_mode': 'per_iteration', 'unit': 'us', 'direction': 'lower_is_better'}"
deck,parent,surface.framebuffer_working_set_064,20261004-155414394-10b0ba7a5c94453f9206f12f6d81b957,34692.6889,431395,5392,5392,failed,PASS,2baad45ae0ed71a5,dbdfafa7ed2f28c9,True,ineligible,True,completed,"{'revision': 1, 'iterations': 80, 'sample_count': 20, 'measurement_iterations_multiplier': 4, 'warmup_iterations': 3, 'gpu_completion_mode': 'per_iteration', 'unit': 'us', 'direction': 'lower_is_better'}"
deck,parent,surface.full_clear_elision_guard,20261004-155414394-10b0ba7a5c94453f9206f12f6d81b957,34692.6889,2565091,6412.33,6412.33,failed,PASS,49bc2d7eec9c4725,01a1571033aa9dfd,True,ineligible,True,completed,"{'revision': 1, 'iterations': 400, 'sample_count': 100, 'measurement_iterations_multiplier': 4, 'warmup_iterations': 3, 'gpu_completion_mode': 'per_iteration', 'unit': 'us', 'direction': 'lower_is_better'}"
deck,parent,surface.overlapping_surface_churn_representative,20261004-155414394-10b0ba7a5c94453f9206f12f6d81b957,34692.6889,2496692,6241.38,6241.38,failed,PASS,7a8c35cdc9c70725,7b4f2884714177a5,True,ineligible,True,completed,"{'revision': 1, 'iterations': 400, 'sample_count': 100, 'measurement_iterations_multiplier': 4, 'warmup_iterations': 3, 'gpu_completion_mode': 'per_iteration', 'unit': 'us', 'direction': 'lower_is_better'}"
deck,parent,surface.overlapping_surface_churn_stress,20261004-155414394-10b0ba7a5c94453f9206f12f6d81b957,34692.6889,2803382,70084.3,70084.3,failed,PASS,7a8c35cdc9c70725,19890b325809498d,True,ineligible,True,completed,"{'revision': 1, 'iterations': 40, 'sample_count': 10, 'measurement_iterations_multiplier': 4, 'warmup_iterations': 3, 'gpu_completion_mode': 'per_iteration', 'unit': 'us', 'direction': 'lower_is_better'}"
deck,parent,surface.partial_channel_clear_guard,20261004-155414394-10b0ba7a5c94453f9206f12f6d81b957,34692.6889,3177447,7943.25,7943.25,failed,PASS,b52bc22d6eedd725,31d730ce613f92bd,True,ineligible,True,completed,"{'revision': 1, 'iterations': 400, 'sample_count': 100, 'measurement_iterations_multiplier': 4, 'warmup_iterations': 3, 'gpu_completion_mode': 'per_iteration', 'unit': 'us', 'direction': 'lower_is_better'}"
deck,parent,surface.surface_download_path,20261004-155414394-10b0ba7a5c94453f9206f12f6d81b957,34692.6889,2435157,60878.5,60878.5,failed,PASS,3a281ef8b6b324c2,eb6604c45975bcec,True,ineligible,True,completed,"{'revision': 1, 'iterations': 40, 'sample_count': 10, 'measurement_iterations_multiplier': 4, 'warmup_iterations': 3, 'gpu_completion_mode': 'per_iteration', 'unit': 'us', 'direction': 'lower_is_better'}"
deck,parent,surface.surface_list_lookup_002,20261004-155451127-1601bad042884c86ad7814a05f3e385d,71445.3432,354769,4434.2,4434.2,failed,PASS,fa475bc695046525,26ff617c53458a53,True,ineligible,True,completed,"{'revision': 1, 'iterations': 80, 'sample_count': 20, 'measurement_iterations_multiplier': 4, 'warmup_iterations': 3, 'gpu_completion_mode': 'per_iteration', 'unit': 'us', 'direction': 'lower_is_better'}"
deck,parent,surface.surface_list_lookup_008,20261004-155451127-1601bad042884c86ad7814a05f3e385d,71445.3432,453729,5671.1,5671.1,failed,PASS,9489ca620c4f97a5,18e8676fcc804922,True,ineligible,True,completed,"{'revision': 1, 'iterations': 80, 'sample_count': 20, 'measurement_iterations_multiplier': 4, 'warmup_iterations': 3, 'gpu_completion_mode': 'per_iteration', 'unit': 'us', 'direction': 'lower_is_better'}"
deck,parent,surface.surface_list_lookup_032,20261004-155451127-1601bad042884c86ad7814a05f3e385d,71445.3432,423911,5298.5,5298.5,failed,PASS,8cdf93e7e3e6ce25,1bc652a47e609cf5,True,ineligible,True,completed,"{'revision': 1, 'iterations': 80, 'sample_count': 20, 'measurement_iterations_multiplier': 4, 'warmup_iterations': 3, 'gpu_completion_mode': 'per_iteration', 'unit': 'us', 'direction': 'lower_is_better'}"
deck,parent,surface.surface_list_lookup_128,20261004-155451127-1601bad042884c86ad7814a05f3e385d,71445.3432,428306,5353.4,5353.4,failed,PASS,8cdf93e7e3e6ce25,4b4650aa45e0be8d,True,ineligible,True,completed,"{'revision': 1, 'iterations': 80, 'sample_count': 20, 'measurement_iterations_multiplier': 4, 'warmup_iterations': 3, 'gpu_completion_mode': 'per_iteration', 'unit': 'us', 'direction': 'lower_is_better'}"
deck,parent,surface.vulkan_memory_pressure.representative.growth,20261004-155451127-1601bad042884c86ad7814a05f3e385d,71445.3432,2426705,151668.5,151668.5,failed,PASS,17046af640418325,a1ce1e9182d42125,True,ineligible,True,completed,"{'revision': 1, 'iterations': 16, 'sample_count': 4, 'measurement_iterations_multiplier': 4, 'warmup_iterations': 3, 'gpu_completion_mode': 'per_iteration', 'unit': 'us', 'direction': 'lower_is_better'}"
deck,parent,surface.vulkan_memory_pressure.representative.plateau,20261004-155451127-1601bad042884c86ad7814a05f3e385d,71445.3432,2044440,127777.25,127777.25,failed,PASS,490075aafd91af25,c00be5b19acc4e6f,True,ineligible,True,completed,"{'revision': 1, 'iterations': 16, 'sample_count': 4, 'measurement_iterations_multiplier': 4, 'warmup_iterations': 3, 'gpu_completion_mode': 'per_iteration', 'unit': 'us', 'direction': 'lower_is_better'}"
deck,parent,surface.vulkan_memory_pressure.representative.alias_resize,20261004-155451127-1601bad042884c86ad7814a05f3e385d,71445.3432,2348116,146756.75,146756.75,failed,PASS,ed56b68868e2f325,0247ea98d29062c5,True,ineligible,True,completed,"{'revision': 1, 'iterations': 16, 'sample_count': 4, 'measurement_iterations_multiplier': 4, 'warmup_iterations': 3, 'gpu_completion_mode': 'per_iteration', 'unit': 'us', 'direction': 'lower_is_better'}"
deck,parent,surface.vulkan_memory_pressure.representative.reuse,20261004-155451127-1601bad042884c86ad7814a05f3e385d,71445.3432,2465940,154121.25,154121.25,failed,PASS,b8b4854297220f25,d885d846be04bb3d,True,ineligible,True,completed,"{'revision': 1, 'iterations': 16, 'sample_count': 4, 'measurement_iterations_multiplier': 4, 'warmup_iterations': 3, 'gpu_completion_mode': 'per_iteration', 'unit': 'us', 'direction': 'lower_is_better'}"
deck,parent,surface.vulkan_memory_pressure.representative.idle_retention,20261004-155451127-1601bad042884c86ad7814a05f3e385d,71445.3432,27248,1702.5,1702.5,failed,PASS,dfa4d6a81f791525,4ab34638455a76e1,True,ineligible,True,completed,"{'revision': 1, 'iterations': 16, 'sample_count': 4, 'measurement_iterations_multiplier': 4, 'warmup_iterations': 3, 'gpu_completion_mode': 'per_iteration', 'unit': 'us', 'direction': 'lower_is_better'}"
deck,parent,surface.vulkan_memory_pressure.stress.growth,20261004-155451127-1601bad042884c86ad7814a05f3e385d,71445.3432,10846061,677878.25,677878.25,failed,PASS,17a43e09af9b8325,063949c8ff1686f9,True,ineligible,True,completed,"{'revision': 1, 'iterations': 16, 'sample_count': 4, 'measurement_iterations_multiplier': 4, 'warmup_iterations': 3, 'gpu_completion_mode': 'per_iteration', 'unit': 'us', 'direction': 'lower_is_better'}"
deck,parent,surface.vulkan_memory_pressure.stress.plateau,20261004-155451127-1601bad042884c86ad7814a05f3e385d,71445.3432,9078572,567410.25,567410.25,failed,PASS,4732cd7c1520a325,769bf225e8cc48d5,True,ineligible,True,completed,"{'revision': 1, 'iterations': 16, 'sample_count': 4, 'measurement_iterations_multiplier': 4, 'warmup_iterations': 3, 'gpu_completion_mode': 'per_iteration', 'unit': 'us', 'direction': 'lower_is_better'}"
deck,parent,surface.vulkan_memory_pressure.stress.alias_resize,20261004-155451127-1601bad042884c86ad7814a05f3e385d,71445.3432,6580204,411262.5,411262.5,failed,PASS,34e2ce9b25a3bf25,c1ab77f18dbbc86d,True,ineligible,True,completed,"{'revision': 1, 'iterations': 16, 'sample_count': 4, 'measurement_iterations_multiplier': 4, 'warmup_iterations': 3, 'gpu_completion_mode': 'per_iteration', 'unit': 'us', 'direction': 'lower_is_better'}"
deck,parent,surface.vulkan_memory_pressure.stress.reuse,20261004-155451127-1601bad042884c86ad7814a05f3e385d,71445.3432,9255210,578450.25,578450.25,failed,PASS,0a989678bb57ff25,837b6a123bb12a09,True,ineligible,True,completed,"{'revision': 1, 'iterations': 16, 'sample_count': 4, 'measurement_iterations_multiplier': 4, 'warmup_iterations': 3, 'gpu_completion_mode': 'per_iteration', 'unit': 'us', 'direction': 'lower_is_better'}"
deck,parent,surface.vulkan_memory_pressure.stress.idle_retention,20261004-155451127-1601bad042884c86ad7814a05f3e385d,71445.3432,54292,3393,3393,failed,PASS,c60ef78ce0171b25,a24e2d9ee2191cd8,True,ineligible,True,completed,"{'revision': 1, 'iterations': 16, 'sample_count': 4, 'measurement_iterations_multiplier': 4, 'warmup_iterations': 3, 'gpu_completion_mode': 'per_iteration', 'unit': 'us', 'direction': 'lower_is_better'}"
deck,parent,tiny_draw.arrays.fixed_function,20261004-155604114-9e417da10cfa4e3a9c2b921cf84945e1,40010.6856,2834423,70860.4,70860.4,failed,PASS,acf025546cf667b5,5636eabc173a3691,True,ineligible,True,completed,"{'revision': 1, 'iterations': 40, 'sample_count': 10, 'measurement_iterations_multiplier': 4, 'warmup_iterations': 3, 'gpu_completion_mode': 'per_iteration', 'unit': 'us', 'direction': 'lower_is_better'}"
deck,parent,tiny_draw.arrays.vertex_shader,20261004-155604114-9e417da10cfa4e3a9c2b921cf84945e1,40010.6856,2665774,66643.8,66643.8,failed,PASS,acf025546cf667b5,5528df4b56e8f75d,True,ineligible,True,completed,"{'revision': 1, 'iterations': 40, 'sample_count': 10, 'measurement_iterations_multiplier': 4, 'warmup_iterations': 3, 'gpu_completion_mode': 'per_iteration', 'unit': 'us', 'direction': 'lower_is_better'}"
deck,parent,tiny_draw.inline_arrays.fixed_function,20261004-155604114-9e417da10cfa4e3a9c2b921cf84945e1,40010.6856,3360006,83999.8,83999.8,failed,PASS,acf025546cf667b5,24f378fc9981dad5,True,ineligible,True,completed,"{'revision': 1, 'iterations': 40, 'sample_count': 10, 'measurement_iterations_multiplier': 4, 'warmup_iterations': 3, 'gpu_completion_mode': 'per_iteration', 'unit': 'us', 'direction': 'lower_is_better'}"
deck,parent,tiny_draw.inline_arrays.vertex_shader,20261004-155604114-9e417da10cfa4e3a9c2b921cf84945e1,40010.6856,3217629,80440.5,80440.5,failed,PASS,acf025546cf667b5,1f7bd52bdb2ddb2d,True,ineligible,True,completed,"{'revision': 1, 'iterations': 40, 'sample_count': 10, 'measurement_iterations_multiplier': 4, 'warmup_iterations': 3, 'gpu_completion_mode': 'per_iteration', 'unit': 'us', 'direction': 'lower_is_better'}"
deck,parent,tiny_draw.inline_buffers.fixed_function,20261004-155604114-9e417da10cfa4e3a9c2b921cf84945e1,40010.6856,2742781,68569.1,68569.1,failed,PASS,acf025546cf667b5,1d33c1f03f3df5d5,True,ineligible,True,completed,"{'revision': 1, 'iterations': 40, 'sample_count': 10, 'measurement_iterations_multiplier': 4, 'warmup_iterations': 3, 'gpu_completion_mode': 'per_iteration', 'unit': 'us', 'direction': 'lower_is_better'}"
deck,parent,tiny_draw.inline_buffers.vertex_shader,20261004-155604114-9e417da10cfa4e3a9c2b921cf84945e1,40010.6856,2780016,69500.1,69500.1,failed,PASS,acf025546cf667b5,98123d79a8ae06a5,True,ineligible,True,completed,"{'revision': 1, 'iterations': 40, 'sample_count': 10, 'measurement_iterations_multiplier': 4, 'warmup_iterations': 3, 'gpu_completion_mode': 'per_iteration', 'unit': 'us', 'direction': 'lower_is_better'}"
deck,parent,tiny_draw.inline_elements.fixed_function,20261004-155604114-9e417da10cfa4e3a9c2b921cf84945e1,40010.6856,2564220,64105,64105,failed,PASS,acf025546cf667b5,cd0e5481b375a40d,True,ineligible,True,completed,"{'revision': 1, 'iterations': 40, 'sample_count': 10, 'measurement_iterations_multiplier': 4, 'warmup_iterations': 3, 'gpu_completion_mode': 'per_iteration', 'unit': 'us', 'direction': 'lower_is_better'}"
deck,parent,tiny_draw.inline_elements.vertex_shader,20261004-155604114-9e417da10cfa4e3a9c2b921cf84945e1,40010.6856,2623635,65590.4,65590.4,failed,PASS,acf025546cf667b5,0539f844d85cc73d,True,ineligible,True,completed,"{'revision': 1, 'iterations': 40, 'sample_count': 10, 'measurement_iterations_multiplier': 4, 'warmup_iterations': 3, 'gpu_completion_mode': 'per_iteration', 'unit': 'us', 'direction': 'lower_is_better'}"
deck,parent,uniform_thrash.uniform_thrash,20261004-155646165-493e81c71a98465ab34e0f0259ec6c04,14115.7082,187648,4690.9,4690.9,failed,PASS,ad445c59f8b11925,e643e886c2ebbdd5,True,ineligible,True,completed,"{'revision': 1, 'iterations': 40, 'sample_count': 10, 'measurement_iterations_multiplier': 4, 'warmup_iterations': 3, 'gpu_completion_mode': 'per_iteration', 'unit': 'us', 'direction': 'lower_is_better'}"
deck,parent,vertex_buffer_allocation.mixed.arrays,20261004-155702316-e00789b9b7ce4ac29a50a84271c31fbd,146360.6621,2256694,56417.1,,not evaluated,PASS,377e6c029807f325,377e6c029807f325,True,ineligible,True,completed,"{'revision': 1, 'iterations': 40, 'sample_count': 10, 'measurement_iterations_multiplier': 4, 'warmup_iterations': 3, 'gpu_completion_mode': 'per_iteration', 'unit': 'us', 'direction': 'lower_is_better'}"
deck,parent,vertex_buffer_allocation.mixed.inline_arrays,20261004-155702316-e00789b9b7ce4ac29a50a84271c31fbd,146360.6621,18856534,471413.1,,not evaluated,PASS,377e6c029807f325,377e6c029807f325,True,ineligible,True,completed,"{'revision': 1, 'iterations': 40, 'sample_count': 10, 'measurement_iterations_multiplier': 4, 'warmup_iterations': 3, 'gpu_completion_mode': 'per_iteration', 'unit': 'us', 'direction': 'lower_is_better'}"
deck,parent,vertex_buffer_allocation.mixed.inline_buffers,20261004-155702316-e00789b9b7ce4ac29a50a84271c31fbd,146360.6621,73294193,1832354.4,,not evaluated,PASS,377e6c029807f325,377e6c029807f325,True,ineligible,True,completed,"{'revision': 1, 'iterations': 40, 'sample_count': 10, 'measurement_iterations_multiplier': 4, 'warmup_iterations': 3, 'gpu_completion_mode': 'per_iteration', 'unit': 'us', 'direction': 'lower_is_better'}"
deck,parent,vertex_buffer_allocation.mixed.inline_elements,20261004-155702316-e00789b9b7ce4ac29a50a84271c31fbd,146360.6621,2223345,55583.3,,not evaluated,PASS,377e6c029807f325,377e6c029807f325,True,ineligible,True,completed,"{'revision': 1, 'iterations': 40, 'sample_count': 10, 'measurement_iterations_multiplier': 4, 'warmup_iterations': 3, 'gpu_completion_mode': 'per_iteration', 'unit': 'us', 'direction': 'lower_is_better'}"
deck,parent,vertex_buffer_allocation.tiny.arrays,20261004-155702316-e00789b9b7ce4ac29a50a84271c31fbd,146360.6621,3008063,75201,,not evaluated,PASS,377e6c029807f325,377e6c029807f325,True,ineligible,True,completed,"{'revision': 1, 'iterations': 40, 'sample_count': 10, 'measurement_iterations_multiplier': 4, 'warmup_iterations': 3, 'gpu_completion_mode': 'per_iteration', 'unit': 'us', 'direction': 'lower_is_better'}"
deck,parent,vertex_buffer_allocation.tiny.inline_arrays,20261004-155702316-e00789b9b7ce4ac29a50a84271c31fbd,146360.6621,3284478,82111.4,,not evaluated,PASS,377e6c029807f325,377e6c029807f325,True,ineligible,True,completed,"{'revision': 1, 'iterations': 40, 'sample_count': 10, 'measurement_iterations_multiplier': 4, 'warmup_iterations': 3, 'gpu_completion_mode': 'per_iteration', 'unit': 'us', 'direction': 'lower_is_better'}"
deck,parent,vertex_buffer_allocation.tiny.inline_buffers,20261004-155702316-e00789b9b7ce4ac29a50a84271c31fbd,146360.6621,3411023,85275.2,,not evaluated,PASS,377e6c029807f325,377e6c029807f325,True,ineligible,True,completed,"{'revision': 1, 'iterations': 40, 'sample_count': 10, 'measurement_iterations_multiplier': 4, 'warmup_iterations': 3, 'gpu_completion_mode': 'per_iteration', 'unit': 'us', 'direction': 'lower_is_better'}"
deck,parent,vertex_buffer_allocation.tiny.inline_elements,20261004-155702316-e00789b9b7ce4ac29a50a84271c31fbd,146360.6621,2948743,73718.2,,not evaluated,PASS,377e6c029807f325,377e6c029807f325,True,ineligible,True,completed,"{'revision': 1, 'iterations': 40, 'sample_count': 10, 'measurement_iterations_multiplier': 4, 'warmup_iterations': 3, 'gpu_completion_mode': 'per_iteration', 'unit': 'us', 'direction': 'lower_is_better'}"
deck,parent,vertex_buffer_allocation.rising_transient_growth,20261004-155702316-e00789b9b7ce4ac29a50a84271c31fbd,146360.6621,5340649,1335162,,not evaluated,PASS,377e6c029807f325,,False,ineligible,True,completed,"{'revision': 1, 'iterations': 4, 'sample_count': 1, 'measurement_iterations_multiplier': 4, 'warmup_iterations': 3, 'gpu_completion_mode': 'per_iteration', 'unit': 'us', 'direction': 'lower_is_better'}"
deck,parent,vertex_buffer_allocation.disjoint_same_page,20261004-155702316-e00789b9b7ce4ac29a50a84271c31fbd,146360.6621,2936298,73407.1,,not evaluated,PASS,fdcd25a37910bb25,d93bb411fee61f6d,True,ineligible,True,completed,"{'revision': 1, 'iterations': 40, 'sample_count': 10, 'measurement_iterations_multiplier': 4, 'warmup_iterations': 3, 'gpu_completion_mode': 'per_iteration', 'unit': 'us', 'direction': 'lower_is_better'}"
deck,candidate,busy_pfifo.pfifo_saturation,20261004-155939738-1512bef6e2dd44cabbe15eda12e7867c,90326.8953,7276604,181914.7,,not evaluated,PASS,618832b1599bf211,1508607624bb8506,True,ineligible,True,completed,"{'revision': 1, 'iterations': 40, 'sample_count': 10, 'measurement_iterations_multiplier': 4, 'warmup_iterations': 3, 'gpu_completion_mode': 'per_iteration', 'unit': 'us', 'direction': 'lower_is_better'}"
deck,candidate,busy_pfifo.pgraph_pattern_polling,20261004-155939738-1512bef6e2dd44cabbe15eda12e7867c,90326.8953,36438496,9109624,,not evaluated,PASS,386d0f085e98c325,386d0f085e98c325,True,ineligible,True,completed,"{'revision': 1, 'iterations': 4, 'sample_count': 1, 'measurement_iterations_multiplier': 4, 'warmup_iterations': 3, 'gpu_completion_mode': 'per_iteration', 'unit': 'us', 'direction': 'lower_is_better'}"
deck,candidate,pfifo_array_elements.array_element_pgr2,20261004-155939738-1512bef6e2dd44cabbe15eda12e7867c,90326.8953,46774,1461.25,,not evaluated,PASS,bbc8b0702ffd0325,bbc8b0702ffd0325,True,ineligible,True,completed,"{'revision': 1, 'iterations': 32, 'sample_count': 8, 'measurement_iterations_multiplier': 4, 'warmup_iterations': 3, 'gpu_completion_mode': 'per_iteration', 'unit': 'us', 'direction': 'lower_is_better'}"
deck,candidate,pfifo_array_elements.array_element16,20261004-155939738-1512bef6e2dd44cabbe15eda12e7867c,90326.8953,61688,1927.5,,not evaluated,PASS,9c884de2a5d32325,9c884de2a5d32325,True,ineligible,True,completed,"{'revision': 1, 'iterations': 32, 'sample_count': 8, 'measurement_iterations_multiplier': 4, 'warmup_iterations': 3, 'gpu_completion_mode': 'per_iteration', 'unit': 'us', 'direction': 'lower_is_better'}"
deck,candidate,pfifo_array_elements.array_element32,20261004-155939738-1512bef6e2dd44cabbe15eda12e7867c,90326.8953,58051,1813.75,,not evaluated,PASS,e079f0cf1a994325,e079f0cf1a994325,True,ineligible,True,completed,"{'revision': 1, 'iterations': 32, 'sample_count': 8, 'measurement_iterations_multiplier': 4, 'warmup_iterations': 3, 'gpu_completion_mode': 'per_iteration', 'unit': 'us', 'direction': 'lower_is_better'}"
deck,candidate,pfifo_packet_boundary.array_element16_overflow,20261004-155939738-1512bef6e2dd44cabbe15eda12e7867c,90326.8953,186159,46539,,not evaluated,PASS,4d1756526f052325,,False,ineligible,True,completed,"{'revision': 1, 'iterations': 4, 'sample_count': 1, 'measurement_iterations_multiplier': 4, 'warmup_iterations': 3, 'gpu_completion_mode': 'per_iteration', 'unit': 'us', 'direction': 'lower_is_better'}"
deck,candidate,pfifo_packet_boundary.array_element32_overflow,20261004-155939738-1512bef6e2dd44cabbe15eda12e7867c,90326.8953,346126,86531,,not evaluated,PASS,6eb7071be692a325,,False,ineligible,True,completed,"{'revision': 1, 'iterations': 4, 'sample_count': 1, 'measurement_iterations_multiplier': 4, 'warmup_iterations': 3, 'gpu_completion_mode': 'per_iteration', 'unit': 'us', 'direction': 'lower_is_better'}"
deck,candidate,pfifo_packet_boundary.inline_array_overflow,20261004-155939738-1512bef6e2dd44cabbe15eda12e7867c,90326.8953,266802,66700,,not evaluated,PASS,847da1930526a325,,False,ineligible,True,completed,"{'revision': 1, 'iterations': 4, 'sample_count': 1, 'measurement_iterations_multiplier': 4, 'warmup_iterations': 3, 'gpu_completion_mode': 'per_iteration', 'unit': 'us', 'direction': 'lower_is_better'}"
deck,candidate,pfifo_packet_boundary.incrementing_inline_fallback,20261004-155939738-1512bef6e2dd44cabbe15eda12e7867c,90326.8953,472,118,,not evaluated,PASS,640439ee8ecd2325,,False,ineligible,True,completed,"{'revision': 1, 'iterations': 4, 'sample_count': 1, 'measurement_iterations_multiplier': 4, 'warmup_iterations': 3, 'gpu_completion_mode': 'per_iteration', 'unit': 'us', 'direction': 'lower_is_better'}"
deck,candidate,cpu_floating_point.sse_scalar,20261004-160112170-07c3485b92d84b54b335229e4c2c1457,179077.2709,48410885,1210271.9,1210271.9,passed,PASS,6962077c244da325,6962077c244da325,True,eligible,True,completed,"{'revision': 1, 'iterations': 40, 'sample_count': 10, 'measurement_iterations_multiplier': 4, 'warmup_iterations': 3, 'gpu_completion_mode': 'per_iteration', 'unit': 'us', 'direction': 'lower_is_better'}"
deck,candidate,cpu_floating_point.x87_scalar,20261004-160112170-07c3485b92d84b54b335229e4c2c1457,179077.2709,46069636,1151740.6,1151740.6,passed,PASS,6962077c244da325,6962077c244da325,True,eligible,True,completed,"{'revision': 1, 'iterations': 40, 'sample_count': 10, 'measurement_iterations_multiplier': 4, 'warmup_iterations': 3, 'gpu_completion_mode': 'per_iteration', 'unit': 'us', 'direction': 'lower_is_better'}"
deck,candidate,cpu_translation_blocks.direct_loop,20261004-160112170-07c3485b92d84b54b335229e4c2c1457,179077.2709,831881,20796.6,20796.6,passed,PASS,bd1fc9bf0c318325,bd1fc9bf0c318325,True,eligible,True,completed,"{'revision': 1, 'iterations': 40, 'sample_count': 10, 'measurement_iterations_multiplier': 4, 'warmup_iterations': 3, 'gpu_completion_mode': 'per_iteration', 'unit': 'us', 'direction': 'lower_is_better'}"
deck,candidate,cpu_translation_blocks.indirect_dispatch,20261004-160112170-07c3485b92d84b54b335229e4c2c1457,179077.2709,2673125,66827.7,66827.7,passed,PASS,c0426cf669a02325,c0426cf669a02325,True,eligible,True,completed,"{'revision': 1, 'iterations': 40, 'sample_count': 10, 'measurement_iterations_multiplier': 4, 'warmup_iterations': 3, 'gpu_completion_mode': 'per_iteration', 'unit': 'us', 'direction': 'lower_is_better'}"
deck,candidate,cpu_translation_blocks.indirect_dispatch_stress,20261004-160112170-07c3485b92d84b54b335229e4c2c1457,179077.2709,55245787,1381144.3,1381144.3,passed,PASS,fbd507cb0c622325,fbd507cb0c622325,True,eligible,True,completed,"{'revision': 1, 'iterations': 40, 'sample_count': 10, 'measurement_iterations_multiplier': 4, 'warmup_iterations': 3, 'gpu_completion_mode': 'per_iteration', 'unit': 'us', 'direction': 'lower_is_better'}"
deck,candidate,fill_rate.solid,20261004-160413283-294e3236bd04432fa5c8f82d7f901bf9,15207.6449,187759,4693.5,4693.5,failed,PASS,aa539e0bcd4e54b3,08b0f60773aac775,True,ineligible,True,completed,"{'revision': 1, 'iterations': 40, 'sample_count': 10, 'measurement_iterations_multiplier': 4, 'warmup_iterations': 3, 'gpu_completion_mode': 'per_iteration', 'unit': 'us', 'direction': 'lower_is_better'}"
deck,candidate,fill_rate.textured,20261004-160413283-294e3236bd04432fa5c8f82d7f901bf9,15207.6449,377483,9436.7,9436.7,failed,PASS,92f42c56c1fbe869,99b433323df1684d,True,ineligible,True,completed,"{'revision': 1, 'iterations': 40, 'sample_count': 10, 'measurement_iterations_multiplier': 4, 'warmup_iterations': 3, 'gpu_completion_mode': 'per_iteration', 'unit': 'us', 'direction': 'lower_is_better'}"
deck,candidate,pipeline_texture_switch.clear_texture_normal,20261004-160430533-7920997f61c342cca8f6819c9da6fedc,35932.0525,1116246,34882.25,,not evaluated,PASS,22ba4f1405cda325,22ba4f1405cda325,True,ineligible,True,completed,"{'revision': 1, 'iterations': 32, 'sample_count': 8, 'measurement_iterations_multiplier': 4, 'warmup_iterations': 3, 'gpu_completion_mode': 'per_iteration', 'unit': 'us', 'direction': 'lower_is_better'}"
deck,candidate,pipeline_texture_switch.palette_dma_remap,20261004-160430533-7920997f61c342cca8f6819c9da6fedc,35932.0525,66103,16525,,not evaluated,PASS,fbf687de65082325,,False,ineligible,True,completed,"{'revision': 1, 'iterations': 4, 'sample_count': 1, 'measurement_iterations_multiplier': 4, 'warmup_iterations': 3, 'gpu_completion_mode': 'per_iteration', 'unit': 'us', 'direction': 'lower_is_better'}"
deck,candidate,pipeline_texture_switch.palette_only_update,20261004-160430533-7920997f61c342cca8f6819c9da6fedc,35932.0525,208639,52159,,not evaluated,PASS,467aab2f95cda325,,False,ineligible,True,completed,"{'revision': 1, 'iterations': 4, 'sample_count': 1, 'measurement_iterations_multiplier': 4, 'warmup_iterations': 3, 'gpu_completion_mode': 'per_iteration', 'unit': 'us', 'direction': 'lower_is_better'}"
deck,candidate,pipeline_texture_switch.sampler_only_identity,20261004-160430533-7920997f61c342cca8f6819c9da6fedc,35932.0525,1960372,61261.25,,not evaluated,PASS,0b8438c8404da325,0b8438c8404da325,True,ineligible,True,completed,"{'revision': 1, 'iterations': 32, 'sample_count': 8, 'measurement_iterations_multiplier': 4, 'warmup_iterations': 3, 'gpu_completion_mode': 'per_iteration', 'unit': 'us', 'direction': 'lower_is_better'}"
deck,candidate,pipeline_texture_switch.shader_negative_control,20261004-160430533-7920997f61c342cca8f6819c9da6fedc,35932.0525,2235768,69867.5,,not evaluated,PASS,f110c8bd6338c325,f110c8bd6338c325,True,ineligible,True,completed,"{'revision': 1, 'iterations': 32, 'sample_count': 8, 'measurement_iterations_multiplier': 4, 'warmup_iterations': 3, 'gpu_completion_mode': 'per_iteration', 'unit': 'us', 'direction': 'lower_is_better'}"
deck,candidate,pipeline_texture_switch.shared_page_overlap,20261004-160430533-7920997f61c342cca8f6819c9da6fedc,35932.0525,317739,79434,,not evaluated,PASS,83bb59a8648da325,,False,ineligible,True,completed,"{'revision': 1, 'iterations': 4, 'sample_count': 1, 'measurement_iterations_multiplier': 4, 'warmup_iterations': 3, 'gpu_completion_mode': 'per_iteration', 'unit': 'us', 'direction': 'lower_is_better'}"
deck,candidate,pipeline_texture_switch.texture_dma_remap,20261004-160430533-7920997f61c342cca8f6819c9da6fedc,35932.0525,65964,16491,,not evaluated,PASS,fbf687de65082325,,False,ineligible,True,completed,"{'revision': 1, 'iterations': 4, 'sample_count': 1, 'measurement_iterations_multiplier': 4, 'warmup_iterations': 3, 'gpu_completion_mode': 'per_iteration', 'unit': 'us', 'direction': 'lower_is_better'}"
deck,candidate,pipeline_texture_switch.texture_switch,20261004-160430533-7920997f61c342cca8f6819c9da6fedc,35932.0525,2247636,70238.25,,not evaluated,PASS,8ae05d31fb00c325,8ae05d31fb00c325,True,ineligible,True,completed,"{'revision': 1, 'iterations': 32, 'sample_count': 8, 'measurement_iterations_multiplier': 4, 'warmup_iterations': 3, 'gpu_completion_mode': 'per_iteration', 'unit': 'us', 'direction': 'lower_is_better'}"
deck,candidate,report_query.clear_boundary,20261004-160508503-9865496a5a9f45bfadf20406f7a44165,15283.8307,35048,2190.25,,not evaluated,PASS,b5eb7c4b9c8da325,,False,ineligible,True,completed,"{'revision': 2, 'iterations': 16, 'sample_count': 4, 'measurement_iterations_multiplier': 4, 'warmup_iterations': 3, 'gpu_completion_mode': 'per_iteration', 'unit': 'us', 'direction': 'lower_is_better'}"
deck,candidate,report_query.dma_descriptor_rewrite,20261004-160508503-9865496a5a9f45bfadf20406f7a44165,15283.8307,12949,12949,,not evaluated,PASS,c0c0fdbececda325,,False,ineligible,True,completed,"{'revision': 2, 'iterations': 1, 'sample_count': 1, 'measurement_iterations_multiplier': 1, 'warmup_iterations': 0, 'gpu_completion_mode': 'per_iteration', 'unit': 'us', 'direction': 'lower_is_better'}"
deck,candidate,report_query.dma_range_guard,20261004-160508503-9865496a5a9f45bfadf20406f7a44165,15283.8307,7858,7858,,not evaluated,PASS,3f648ce11a4da325,,False,ineligible,True,completed,"{'revision': 2, 'iterations': 1, 'sample_count': 1, 'measurement_iterations_multiplier': 1, 'warmup_iterations': 0, 'gpu_completion_mode': 'per_iteration', 'unit': 'us', 'direction': 'lower_is_better'}"
deck,candidate,report_query.dma_target_switch,20261004-160508503-9865496a5a9f45bfadf20406f7a44165,15283.8307,32258,2015.75,,not evaluated,PASS,4c4bd8cd440da325,,False,ineligible,True,completed,"{'revision': 2, 'iterations': 16, 'sample_count': 4, 'measurement_iterations_multiplier': 4, 'warmup_iterations': 3, 'gpu_completion_mode': 'per_iteration', 'unit': 'us', 'direction': 'lower_is_better'}"
deck,candidate,report_query.fifo_producer_ordering,20261004-160508503-9865496a5a9f45bfadf20406f7a44165,15283.8307,21781,1360.75,,not evaluated,PASS,0d907c24a88da325,,False,ineligible,True,completed,"{'revision': 2, 'iterations': 16, 'sample_count': 4, 'measurement_iterations_multiplier': 4, 'warmup_iterations': 3, 'gpu_completion_mode': 'per_iteration', 'unit': 'us', 'direction': 'lower_is_better'}"
deck,candidate,report_query.multiple_boundaries,20261004-160508503-9865496a5a9f45bfadf20406f7a44165,15283.8307,11647,727.5,,not evaluated,PASS,0c966fc9ba4da325,,False,ineligible,True,completed,"{'revision': 2, 'iterations': 16, 'sample_count': 4, 'measurement_iterations_multiplier': 4, 'warmup_iterations': 3, 'gpu_completion_mode': 'per_iteration', 'unit': 'us', 'direction': 'lower_is_better'}"
deck,candidate,report_query.single_boundary,20261004-160508503-9865496a5a9f45bfadf20406f7a44165,15283.8307,9229,576.5,,not evaluated,PASS,60e674c9fecda325,,False,ineligible,True,completed,"{'revision': 2, 'iterations': 16, 'sample_count': 4, 'measurement_iterations_multiplier': 4, 'warmup_iterations': 3, 'gpu_completion_mode': 'per_iteration', 'unit': 'us', 'direction': 'lower_is_better'}"
deck,candidate,report_query.zero_query,20261004-160508503-9865496a5a9f45bfadf20406f7a44165,15283.8307,7714,481.75,,not evaluated,PASS,23875dfeb40da325,,False,ineligible,True,completed,"{'revision': 2, 'iterations': 16, 'sample_count': 4, 'measurement_iterations_multiplier': 4, 'warmup_iterations': 3, 'gpu_completion_mode': 'per_iteration', 'unit': 'us', 'direction': 'lower_is_better'}"
deck,candidate,shader_lifecycle.readiness_train_visible,20261004-160525320-1c6baf5324814e9a9b75dc9a2dd54a8d,24178.3392,65565,16391,,not evaluated,PASS,d4c939c4f0ce4325,,False,ineligible,True,completed,"{'revision': 1, 'iterations': 4, 'sample_count': 1, 'measurement_iterations_multiplier': 4, 'warmup_iterations': 3, 'gpu_completion_mode': 'per_iteration', 'unit': 'us', 'direction': 'lower_is_better'}"
deck,candidate,shader_lifecycle.readiness_replay_visible,20261004-160551587-13426f3c1c864e8d940c0161e032e7e8,24160.055,64643,16160,,not evaluated,PASS,d4c939c4f0ce4325,,False,ineligible,True,completed,"{'revision': 1, 'iterations': 4, 'sample_count': 1, 'measurement_iterations_multiplier': 4, 'warmup_iterations': 3, 'gpu_completion_mode': 'per_iteration', 'unit': 'us', 'direction': 'lower_is_better'}"
deck,candidate,shader_lifecycle.readiness_identical_replay,20261004-160617786-52e8c0aa2d554986b32ceca637657002,52169.4812,16058275,4014568,,not evaluated,PASS,70615ec6b77f8325,,False,ineligible,True,completed,"{'revision': 1, 'iterations': 4, 'sample_count': 1, 'measurement_iterations_multiplier': 4, 'warmup_iterations': 3, 'gpu_completion_mode': 'per_iteration', 'unit': 'us', 'direction': 'lower_is_better'}"
deck,candidate,shader_lifecycle.readiness_uniform_only,20261004-160712022-62e265ca03534597ad9f7264555545c3,24074.5546,67054,16763,,not evaluated,PASS,113d534d51f95325,,False,ineligible,True,completed,"{'revision': 1, 'iterations': 4, 'sample_count': 1, 'measurement_iterations_multiplier': 4, 'warmup_iterations': 3, 'gpu_completion_mode': 'per_iteration', 'unit': 'us', 'direction': 'lower_is_better'}"
deck,candidate,shader_lifecycle.readiness_early_demand,20261004-160738134-1f28af8a9606468cbf79738e5d845d25,23982.8367,66505,16626,,not evaluated,PASS,d4c939c4f0ce4325,,False,ineligible,True,completed,"{'revision': 1, 'iterations': 4, 'sample_count': 1, 'measurement_iterations_multiplier': 4, 'warmup_iterations': 3, 'gpu_completion_mode': 'per_iteration', 'unit': 'us', 'direction': 'lower_is_better'}"
deck,candidate,game_load.long_unlocked_scene.cpu,20261004-160804165-8167578708564c02a826d3b02a66f4fb,258636.2245,1242017,38812.75,38812.75,passed,PASS,7c59a4dc0f8ba325,7c59a4dc0f8ba325,True,eligible,True,completed,"{'revision': 1, 'iterations': 32, 'sample_count': 8, 'measurement_iterations_multiplier': 4, 'warmup_iterations': 3, 'gpu_completion_mode': 'per_iteration', 'unit': 'us', 'direction': 'lower_is_better'}"
deck,candidate,game_load.long_unlocked_scene.pfifo,20261004-160804165-8167578708564c02a826d3b02a66f4fb,258636.2245,295474,9233,9233,passed,PASS,7c59a4dc0f8ba325,7c59a4dc0f8ba325,True,eligible,True,completed,"{'revision': 1, 'iterations': 32, 'sample_count': 8, 'measurement_iterations_multiplier': 4, 'warmup_iterations': 3, 'gpu_completion_mode': 'per_iteration', 'unit': 'us', 'direction': 'lower_is_better'}"
deck,candidate,game_load.long_unlocked_scene.alpha_overdraw,20261004-160804165-8167578708564c02a826d3b02a66f4fb,258636.2245,3465945,108310.375,108310.375,passed,PASS,7c59a4dc0f8ba325,7c59a4dc0f8ba325,True,eligible,True,completed,"{'revision': 1, 'iterations': 32, 'sample_count': 8, 'measurement_iterations_multiplier': 4, 'warmup_iterations': 3, 'gpu_completion_mode': 'per_iteration', 'unit': 'us', 'direction': 'lower_is_better'}"
deck,candidate,game_load.long_unlocked_scene.streaming_surface_reuse,20261004-160804165-8167578708564c02a826d3b02a66f4fb,258636.2245,899812,28118.75,28118.75,passed,PASS,7c59a4dc0f8ba325,7c59a4dc0f8ba325,True,eligible,True,completed,"{'revision': 1, 'iterations': 32, 'sample_count': 8, 'measurement_iterations_multiplier': 4, 'warmup_iterations': 3, 'gpu_completion_mode': 'per_iteration', 'unit': 'us', 'direction': 'lower_is_better'}"
deck,candidate,game_load.long_unlocked_scene.combined,20261004-160804165-8167578708564c02a826d3b02a66f4fb,258636.2245,6307351,197104.25,197104.25,passed,PASS,7c59a4dc0f8ba325,7c59a4dc0f8ba325,True,eligible,True,completed,"{'revision': 1, 'iterations': 32, 'sample_count': 8, 'measurement_iterations_multiplier': 4, 'warmup_iterations': 3, 'gpu_completion_mode': 'per_iteration', 'unit': 'us', 'direction': 'lower_is_better'}"
deck,candidate,game_load.long_unlocked_scene.full_system,20261004-160804165-8167578708564c02a826d3b02a66f4fb,258636.2245,6414616,200456.5,200456.5,passed,PASS,7c59a4dc0f8ba325,7c59a4dc0f8ba325,True,eligible,True,completed,"{'revision': 1, 'iterations': 32, 'sample_count': 8, 'measurement_iterations_multiplier': 4, 'warmup_iterations': 3, 'gpu_completion_mode': 'per_iteration', 'unit': 'us', 'direction': 'lower_is_better'}"
deck,candidate,game_load.cross_title_hotpath.queued_vertex_cpu_writes,20261004-160804165-8167578708564c02a826d3b02a66f4fb,258636.2245,4635067,144845.5,144845.5,passed,PASS,cf19c8d27e2aa325,cf19c8d27e2aa325,True,eligible,True,completed,"{'revision': 1, 'iterations': 32, 'sample_count': 8, 'measurement_iterations_multiplier': 4, 'warmup_iterations': 3, 'gpu_completion_mode': 'per_iteration', 'unit': 'us', 'direction': 'lower_is_better'}"
deck,candidate,game_load.cross_title_hotpath.pgr2_small_draws,20261004-160804165-8167578708564c02a826d3b02a66f4fb,258636.2245,9387427,293356.625,293356.625,passed,PASS,2a1e0148d2c0e325,2a1e0148d2c0e325,True,eligible,True,completed,"{'revision': 1, 'iterations': 32, 'sample_count': 8, 'measurement_iterations_multiplier': 4, 'warmup_iterations': 3, 'gpu_completion_mode': 'per_iteration', 'unit': 'us', 'direction': 'lower_is_better'}"
deck,candidate,game_load.cross_title_hotpath.texture_update_reuse,20261004-160804165-8167578708564c02a826d3b02a66f4fb,258636.2245,133684,4177.125,4177.125,passed,PASS,5612bef321a56325,5612bef321a56325,True,eligible,True,completed,"{'revision': 1, 'iterations': 32, 'sample_count': 8, 'measurement_iterations_multiplier': 4, 'warmup_iterations': 3, 'gpu_completion_mode': 'per_iteration', 'unit': 'us', 'direction': 'lower_is_better'}"
deck,candidate,game_load.cross_title_hotpath.surface_reuse,20261004-160804165-8167578708564c02a826d3b02a66f4fb,258636.2245,494432,15450.625,15450.625,passed,PASS,846d9f21b7c6a325,846d9f21b7c6a325,True,eligible,True,completed,"{'revision': 1, 'iterations': 32, 'sample_count': 8, 'measurement_iterations_multiplier': 4, 'warmup_iterations': 3, 'gpu_completion_mode': 'per_iteration', 'unit': 'us', 'direction': 'lower_is_better'}"
deck,candidate,game_load.cross_title_hotpath.pipeline_state_churn,20261004-160804165-8167578708564c02a826d3b02a66f4fb,258636.2245,4666632,145832,145832,passed,PASS,22f040b2add4a325,22f040b2add4a325,True,eligible,True,completed,"{'revision': 1, 'iterations': 32, 'sample_count': 8, 'measurement_iterations_multiplier': 4, 'warmup_iterations': 3, 'gpu_completion_mode': 'per_iteration', 'unit': 'us', 'direction': 'lower_is_better'}"
deck,candidate,game_load.cross_title_hotpath.blend_constant_reuse,20261004-160804165-8167578708564c02a826d3b02a66f4fb,258636.2245,9000819,281275.25,281275.25,passed,PASS,a08ca118008fa325,a08ca118008fa325,True,eligible,True,completed,"{'revision': 1, 'iterations': 32, 'sample_count': 8, 'measurement_iterations_multiplier': 4, 'warmup_iterations': 3, 'gpu_completion_mode': 'per_iteration', 'unit': 'us', 'direction': 'lower_is_better'}"
deck,candidate,game_load.cross_title_hotpath.texture_binding_reuse,20261004-160804165-8167578708564c02a826d3b02a66f4fb,258636.2245,11646918,363965.75,363965.75,passed,PASS,dfaaa3022df6a325,dfaaa3022df6a325,True,eligible,True,completed,"{'revision': 1, 'iterations': 32, 'sample_count': 8, 'measurement_iterations_multiplier': 4, 'warmup_iterations': 3, 'gpu_completion_mode': 'per_iteration', 'unit': 'us', 'direction': 'lower_is_better'}"
deck,candidate,game_load.cross_title_hotpath.pgr2_lagspot_inline_elements,20261004-160804165-8167578708564c02a826d3b02a66f4fb,258636.2245,7016411,219262.5,219262.5,passed,PASS,1289219c28d5a325,1289219c28d5a325,True,eligible,True,completed,"{'revision': 1, 'iterations': 32, 'sample_count': 8, 'measurement_iterations_multiplier': 4, 'warmup_iterations': 3, 'gpu_completion_mode': 'per_iteration', 'unit': 'us', 'direction': 'lower_is_better'}"
deck,candidate,game_load.cross_title_hotpath.scaled_surface_pressure,20261004-160804165-8167578708564c02a826d3b02a66f4fb,258636.2245,64904090,2028252.375,2028252.375,passed,PASS,e81e5b4a4675a325,e81e5b4a4675a325,True,eligible,True,completed,"{'revision': 1, 'iterations': 32, 'sample_count': 8, 'measurement_iterations_multiplier': 4, 'warmup_iterations': 3, 'gpu_completion_mode': 'per_iteration', 'unit': 'us', 'direction': 'lower_is_better'}"
deck,candidate,game_load.cross_title_hotpath.s3tc_streaming_fenced_draws,20261004-160804165-8167578708564c02a826d3b02a66f4fb,258636.2245,89983957,2811998.25,2811998.25,passed,PASS,a0f51c6c46a52325,a0f51c6c46a52325,True,eligible,True,completed,"{'revision': 1, 'iterations': 32, 'sample_count': 8, 'measurement_iterations_multiplier': 4, 'warmup_iterations': 3, 'gpu_completion_mode': 'per_iteration', 'unit': 'us', 'direction': 'lower_is_better'}"
deck,candidate,game_load.cross_title_hotpath.gpu_wait_control,20261004-160804165-8167578708564c02a826d3b02a66f4fb,258636.2245,141353,4417,4417,passed,PASS,828855c0a34e2325,828855c0a34e2325,True,eligible,True,completed,"{'revision': 1, 'iterations': 32, 'sample_count': 8, 'measurement_iterations_multiplier': 4, 'warmup_iterations': 3, 'gpu_completion_mode': 'per_iteration', 'unit': 'us', 'direction': 'lower_is_better'}"
deck,candidate,game_load.s3tc_sync_factor.dxt1_same_address_wait,20261004-161224838-68bd386d88844cf481ed94918e545e76,56472.7894,600008,18749.75,18749.75,failed,PASS,3403675459d4d3d5,db28300321744de5,True,ineligible,True,completed,"{'revision': 1, 'iterations': 32, 'sample_count': 8, 'measurement_iterations_multiplier': 4, 'warmup_iterations': 3, 'gpu_completion_mode': 'per_iteration', 'unit': 'us', 'direction': 'lower_is_better'}"
deck,candidate,game_load.s3tc_sync_factor.dxt1_same_address_queued,20261004-161224838-68bd386d88844cf481ed94918e545e76,56472.7894,564945,17654.25,17654.25,failed,PASS,0826e7e1a629712f,9998993e8dcf6939,True,ineligible,True,completed,"{'revision': 1, 'iterations': 32, 'sample_count': 8, 'measurement_iterations_multiplier': 4, 'warmup_iterations': 3, 'gpu_completion_mode': 'per_iteration', 'unit': 'us', 'direction': 'lower_is_better'}"
deck,candidate,game_load.s3tc_sync_factor.dxt1_ring_payload_generations,20261004-161224838-68bd386d88844cf481ed94918e545e76,56472.7894,1645396,51418.125,51418.125,failed,PASS,3403675459d4d3d5,db28300321744de5,True,ineligible,True,completed,"{'revision': 1, 'iterations': 32, 'sample_count': 8, 'measurement_iterations_multiplier': 4, 'warmup_iterations': 3, 'gpu_completion_mode': 'per_iteration', 'unit': 'us', 'direction': 'lower_is_better'}"
deck,candidate,game_load.s3tc_sync_factor.dxt1_dirty_once_redraw,20261004-161224838-68bd386d88844cf481ed94918e545e76,56472.7894,532464,16639.125,16639.125,passed,PASS,428c04bbb0a62725,428c04bbb0a62725,True,ineligible,True,completed,"{'revision': 1, 'iterations': 32, 'sample_count': 8, 'measurement_iterations_multiplier': 4, 'warmup_iterations': 3, 'gpu_completion_mode': 'per_iteration', 'unit': 'us', 'direction': 'lower_is_better'}"
deck,candidate,game_load.s3tc_sync_factor.rgba8_same_address_wait,20261004-161224838-68bd386d88844cf481ed94918e545e76,56472.7894,2265174,70786.25,70786.25,passed,PASS,3403675459d4d3d5,3403675459d4d3d5,True,ineligible,True,completed,"{'revision': 1, 'iterations': 32, 'sample_count': 8, 'measurement_iterations_multiplier': 4, 'warmup_iterations': 3, 'gpu_completion_mode': 'per_iteration', 'unit': 'us', 'direction': 'lower_is_better'}"
deck,candidate,game_load.s3tc_sync_factor.rgba8_same_address_queued,20261004-161224838-68bd386d88844cf481ed94918e545e76,56472.7894,2130577,66580.125,66580.125,failed,PASS,8252acec5fba1557,719d8f45c46b69f6,True,ineligible,True,completed,"{'revision': 1, 'iterations': 32, 'sample_count': 8, 'measurement_iterations_multiplier': 4, 'warmup_iterations': 3, 'gpu_completion_mode': 'per_iteration', 'unit': 'us', 'direction': 'lower_is_better'}"
deck,candidate,game_load.s3tc_sync_factor.rgba8_ring_payload_generations,20261004-161224838-68bd386d88844cf481ed94918e545e76,56472.7894,9268932,289653.75,289653.75,passed,PASS,3403675459d4d3d5,3403675459d4d3d5,True,ineligible,True,completed,"{'revision': 1, 'iterations': 32, 'sample_count': 8, 'measurement_iterations_multiplier': 4, 'warmup_iterations': 3, 'gpu_completion_mode': 'per_iteration', 'unit': 'us', 'direction': 'lower_is_better'}"
deck,candidate,game_load.s3tc_sync_factor.rgba8_dirty_once_redraw,20261004-161224838-68bd386d88844cf481ed94918e545e76,56472.7894,532215,16631.375,16631.375,passed,PASS,428c04bbb0a62725,428c04bbb0a62725,True,ineligible,True,completed,"{'revision': 1, 'iterations': 32, 'sample_count': 8, 'measurement_iterations_multiplier': 4, 'warmup_iterations': 3, 'gpu_completion_mode': 'per_iteration', 'unit': 'us', 'direction': 'lower_is_better'}"
deck,candidate,game_load.s3tc_sync_factor.bc2_native_eligible,20261004-161224838-68bd386d88844cf481ed94918e545e76,56472.7894,2665262,83289,83289,failed,PASS,3403675459d4d3d5,db28300321744de5,True,ineligible,True,completed,"{'revision': 1, 'iterations': 32, 'sample_count': 8, 'measurement_iterations_multiplier': 4, 'warmup_iterations': 3, 'gpu_completion_mode': 'per_iteration', 'unit': 'us', 'direction': 'lower_is_better'}"
deck,candidate,game_load.s3tc_sync_factor.bc2_bordered_fallback,20261004-161224838-68bd386d88844cf481ed94918e545e76,56472.7894,7204149,225129.25,225129.25,passed,PASS,db28300321744de5,db28300321744de5,True,ineligible,True,completed,"{'revision': 1, 'iterations': 32, 'sample_count': 8, 'measurement_iterations_multiplier': 4, 'warmup_iterations': 3, 'gpu_completion_mode': 'per_iteration', 'unit': 'us', 'direction': 'lower_is_better'}"
deck,candidate,game_load.s3tc_sync_factor.bc3_native_eligible,20261004-161224838-68bd386d88844cf481ed94918e545e76,56472.7894,2669223,83413,83413,failed,PASS,3403675459d4d3d5,db28300321744de5,True,ineligible,True,completed,"{'revision': 1, 'iterations': 32, 'sample_count': 8, 'measurement_iterations_multiplier': 4, 'warmup_iterations': 3, 'gpu_completion_mode': 'per_iteration', 'unit': 'us', 'direction': 'lower_is_better'}"
deck,candidate,game_load.s3tc_sync_factor.bc3_bordered_fallback,20261004-161224838-68bd386d88844cf481ed94918e545e76,56472.7894,7023053,219470.25,219470.25,passed,PASS,db28300321744de5,db28300321744de5,True,ineligible,True,completed,"{'revision': 1, 'iterations': 32, 'sample_count': 8, 'measurement_iterations_multiplier': 4, 'warmup_iterations': 3, 'gpu_completion_mode': 'per_iteration', 'unit': 'us', 'direction': 'lower_is_better'}"
deck,candidate,game_load.repeated_display,20261004-161323346-bef2abeaa1c5423b8e84196dc50f465b,36359.1836,531902,16621.625,16621.625,passed,PASS,36f446003b9d6325,36f446003b9d6325,True,ineligible,True,completed,"{'revision': 1, 'iterations': 32, 'sample_count': 8, 'measurement_iterations_multiplier': 4, 'warmup_iterations': 3, 'gpu_completion_mode': 'per_iteration', 'unit': 'us', 'direction': 'lower_is_better'}"
deck,candidate,game_load.repeated_display_boosted,20261004-161323346-bef2abeaa1c5423b8e84196dc50f465b,36359.1836,1599747,49991.625,49991.625,passed,PASS,b2bc760cb1fba325,b2bc760cb1fba325,True,ineligible,True,completed,"{'revision': 1, 'iterations': 32, 'sample_count': 8, 'measurement_iterations_multiplier': 4, 'warmup_iterations': 3, 'gpu_completion_mode': 'per_iteration', 'unit': 'us', 'direction': 'lower_is_better'}"
deck,candidate,game_load.doax_menu_representative.cpu_only,20261004-161323346-bef2abeaa1c5423b8e84196dc50f465b,36359.1836,722398,22574.375,22574.375,passed,PASS,5abb9d9faaa22325,5abb9d9faaa22325,True,ineligible,True,completed,"{'revision': 1, 'iterations': 32, 'sample_count': 8, 'measurement_iterations_multiplier': 4, 'warmup_iterations': 3, 'gpu_completion_mode': 'per_iteration', 'unit': 'us', 'direction': 'lower_is_better'}"
deck,candidate,game_load.doax_menu_representative.pfifo_only,20261004-161323346-bef2abeaa1c5423b8e84196dc50f465b,36359.1836,158397,4949.5,4949.5,passed,PASS,f9826bbdd7912325,f9826bbdd7912325,True,ineligible,True,completed,"{'revision': 1, 'iterations': 32, 'sample_count': 8, 'measurement_iterations_multiplier': 4, 'warmup_iterations': 3, 'gpu_completion_mode': 'per_iteration', 'unit': 'us', 'direction': 'lower_is_better'}"
deck,candidate,game_load.doax_menu_representative.gpu_only,20261004-161323346-bef2abeaa1c5423b8e84196dc50f465b,36359.1836,1796893,56152.5,56152.5,passed,PASS,d3984ab7dcb8e325,d3984ab7dcb8e325,True,ineligible,True,completed,"{'revision': 1, 'iterations': 32, 'sample_count': 8, 'measurement_iterations_multiplier': 4, 'warmup_iterations': 3, 'gpu_completion_mode': 'per_iteration', 'unit': 'us', 'direction': 'lower_is_better'}"
deck,candidate,game_load.doax_menu_representative.streaming_only,20261004-161323346-bef2abeaa1c5423b8e84196dc50f465b,36359.1836,436188,13630.375,13630.375,passed,PASS,491294aadc23a325,491294aadc23a325,True,ineligible,True,completed,"{'revision': 1, 'iterations': 32, 'sample_count': 8, 'measurement_iterations_multiplier': 4, 'warmup_iterations': 3, 'gpu_completion_mode': 'per_iteration', 'unit': 'us', 'direction': 'lower_is_better'}"
deck,candidate,game_load.doax_menu_representative.cpu_pfifo_gpu,20261004-161323346-bef2abeaa1c5423b8e84196dc50f465b,36359.1836,2472055,77251.25,77251.25,failed,PASS,5d530c66b8da2325,302026d9f9232325,True,ineligible,True,completed,"{'revision': 1, 'iterations': 32, 'sample_count': 8, 'measurement_iterations_multiplier': 4, 'warmup_iterations': 3, 'gpu_completion_mode': 'per_iteration', 'unit': 'us', 'direction': 'lower_is_better'}"
deck,candidate,game_load.doax_menu_representative.cpu_pfifo_gpu_streaming,20261004-161323346-bef2abeaa1c5423b8e84196dc50f465b,36359.1836,2860611,89393.625,89393.625,passed,PASS,9e98944350a52325,9e98944350a52325,True,ineligible,True,completed,"{'revision': 1, 'iterations': 32, 'sample_count': 8, 'measurement_iterations_multiplier': 4, 'warmup_iterations': 3, 'gpu_completion_mode': 'per_iteration', 'unit': 'us', 'direction': 'lower_is_better'}"
deck,candidate,game_load.doax_menu_representative.full_system,20261004-161323346-bef2abeaa1c5423b8e84196dc50f465b,36359.1836,2755184,86099.125,86099.125,passed,PASS,7896e875a8ad2325,7896e875a8ad2325,True,ineligible,True,completed,"{'revision': 1, 'iterations': 32, 'sample_count': 8, 'measurement_iterations_multiplier': 4, 'warmup_iterations': 3, 'gpu_completion_mode': 'per_iteration', 'unit': 'us', 'direction': 'lower_is_better'}"
deck,candidate,game_load.doax_menu_stress.cpu_only,20261004-161323346-bef2abeaa1c5423b8e84196dc50f465b,36359.1836,1477845,46182.125,46182.125,passed,PASS,4b7c157e1e9ce325,4b7c157e1e9ce325,True,ineligible,True,completed,"{'revision': 1, 'iterations': 32, 'sample_count': 8, 'measurement_iterations_multiplier': 4, 'warmup_iterations': 3, 'gpu_completion_mode': 'per_iteration', 'unit': 'us', 'direction': 'lower_is_better'}"
deck,candidate,game_load.doax_menu_stress.pfifo_only,20261004-161323346-bef2abeaa1c5423b8e84196dc50f465b,36359.1836,281448,8794.875,8794.875,passed,PASS,f46d8f2a39a6e325,f46d8f2a39a6e325,True,ineligible,True,completed,"{'revision': 1, 'iterations': 32, 'sample_count': 8, 'measurement_iterations_multiplier': 4, 'warmup_iterations': 3, 'gpu_completion_mode': 'per_iteration', 'unit': 'us', 'direction': 'lower_is_better'}"
deck,candidate,game_load.doax_menu_stress.gpu_only,20261004-161323346-bef2abeaa1c5423b8e84196dc50f465b,36359.1836,3131040,97844.625,97844.625,passed,PASS,bcaf8b0e8de5a325,bcaf8b0e8de5a325,True,ineligible,True,completed,"{'revision': 1, 'iterations': 32, 'sample_count': 8, 'measurement_iterations_multiplier': 4, 'warmup_iterations': 3, 'gpu_completion_mode': 'per_iteration', 'unit': 'us', 'direction': 'lower_is_better'}"
deck,candidate,game_load.doax_menu_stress.streaming_only,20261004-161401760-10067f7451a54f4dbe6e77d490418beb,88189.9587,974503,30452.875,30452.875,passed,PASS,06e0eccda97d2325,06e0eccda97d2325,True,ineligible,True,completed,"{'revision': 1, 'iterations': 32, 'sample_count': 8, 'measurement_iterations_multiplier': 4, 'warmup_iterations': 3, 'gpu_completion_mode': 'per_iteration', 'unit': 'us', 'direction': 'lower_is_better'}"
deck,candidate,game_load.doax_menu_stress.cpu_pfifo_gpu,20261004-161401760-10067f7451a54f4dbe6e77d490418beb,88189.9587,4941474,154420.875,154420.875,failed,PASS,30f332d7669ba325,7707cd4649e4a325,True,ineligible,True,completed,"{'revision': 1, 'iterations': 32, 'sample_count': 8, 'measurement_iterations_multiplier': 4, 'warmup_iterations': 3, 'gpu_completion_mode': 'per_iteration', 'unit': 'us', 'direction': 'lower_is_better'}"
deck,candidate,game_load.doax_menu_stress.cpu_pfifo_gpu_streaming,20261004-161401760-10067f7451a54f4dbe6e77d490418beb,88189.9587,5474428,171075.375,171075.375,passed,PASS,d4d9dedf3ef06325,d4d9dedf3ef06325,True,ineligible,True,completed,"{'revision': 1, 'iterations': 32, 'sample_count': 8, 'measurement_iterations_multiplier': 4, 'warmup_iterations': 3, 'gpu_completion_mode': 'per_iteration', 'unit': 'us', 'direction': 'lower_is_better'}"
deck,candidate,game_load.doax_menu_stress.full_system,20261004-161401760-10067f7451a54f4dbe6e77d490418beb,88189.9587,5679253,177476.375,177476.375,passed,PASS,8cf51e8eb67fa325,8cf51e8eb67fa325,True,ineligible,True,completed,"{'revision': 1, 'iterations': 32, 'sample_count': 8, 'measurement_iterations_multiplier': 4, 'warmup_iterations': 3, 'gpu_completion_mode': 'per_iteration', 'unit': 'us', 'direction': 'lower_is_better'}"
deck,candidate,game_load.pgr2_ai_backup.cpu_only,20261004-161401760-10067f7451a54f4dbe6e77d490418beb,88189.9587,2399200,74974.5,74974.5,passed,PASS,e6df98b3e513a325,e6df98b3e513a325,True,ineligible,True,completed,"{'revision': 1, 'iterations': 32, 'sample_count': 8, 'measurement_iterations_multiplier': 4, 'warmup_iterations': 3, 'gpu_completion_mode': 'per_iteration', 'unit': 'us', 'direction': 'lower_is_better'}"
deck,candidate,game_load.pgr2_ai_backup.pfifo_only,20261004-161401760-10067f7451a54f4dbe6e77d490418beb,88189.9587,1111235,34725.75,34725.75,passed,PASS,e57ef83b3a66e325,e57ef83b3a66e325,True,ineligible,True,completed,"{'revision': 1, 'iterations': 32, 'sample_count': 8, 'measurement_iterations_multiplier': 4, 'warmup_iterations': 3, 'gpu_completion_mode': 'per_iteration', 'unit': 'us', 'direction': 'lower_is_better'}"
deck,candidate,game_load.pgr2_ai_backup.gpu_only,20261004-161401760-10067f7451a54f4dbe6e77d490418beb,88189.9587,8423449,263232.375,263232.375,passed,PASS,02ffd9b12aa96325,02ffd9b12aa96325,True,ineligible,True,completed,"{'revision': 1, 'iterations': 32, 'sample_count': 8, 'measurement_iterations_multiplier': 4, 'warmup_iterations': 3, 'gpu_completion_mode': 'per_iteration', 'unit': 'us', 'direction': 'lower_is_better'}"
deck,candidate,game_load.pgr2_ai_backup.streaming_only,20261004-161401760-10067f7451a54f4dbe6e77d490418beb,88189.9587,367108,11471.625,11471.625,passed,PASS,155df5f182392325,155df5f182392325,True,ineligible,True,completed,"{'revision': 1, 'iterations': 32, 'sample_count': 8, 'measurement_iterations_multiplier': 4, 'warmup_iterations': 3, 'gpu_completion_mode': 'per_iteration', 'unit': 'us', 'direction': 'lower_is_better'}"
deck,candidate,game_load.pgr2_ai_backup.cpu_pfifo_gpu,20261004-161401760-10067f7451a54f4dbe6e77d490418beb,88189.9587,11931166,372848.625,372848.625,failed,PASS,519ce083c370e325,ab22104929b9e325,True,ineligible,True,completed,"{'revision': 1, 'iterations': 32, 'sample_count': 8, 'measurement_iterations_multiplier': 4, 'warmup_iterations': 3, 'gpu_completion_mode': 'per_iteration', 'unit': 'us', 'direction': 'lower_is_better'}"
deck,candidate,game_load.pgr2_ai_backup.cpu_pfifo_gpu_streaming,20261004-161401760-10067f7451a54f4dbe6e77d490418beb,88189.9587,12000772,375023.875,375023.875,passed,PASS,66a43765efc02325,66a43765efc02325,True,ineligible,True,completed,"{'revision': 1, 'iterations': 32, 'sample_count': 8, 'measurement_iterations_multiplier': 4, 'warmup_iterations': 3, 'gpu_completion_mode': 'per_iteration', 'unit': 'us', 'direction': 'lower_is_better'}"
deck,candidate,game_load.pgr2_ai_backup.full_system,20261004-161401760-10067f7451a54f4dbe6e77d490418beb,88189.9587,12161440,380044.625,380044.625,passed,PASS,55485325870d6325,55485325870d6325,True,ineligible,True,completed,"{'revision': 1, 'iterations': 32, 'sample_count': 8, 'measurement_iterations_multiplier': 4, 'warmup_iterations': 3, 'gpu_completion_mode': 'per_iteration', 'unit': 'us', 'direction': 'lower_is_better'}"
deck,candidate,high_vertex_count.arrays,20261004-161531995-cb5d5ebec65a4d8794a1b4ffd1702212,39896.0503,69768,174.08,174.08,failed,PASS,e67a1ce72784a588,cd6d0d64451d191b,True,ineligible,True,completed,"{'revision': 1, 'iterations': 400, 'sample_count': 100, 'measurement_iterations_multiplier': 4, 'warmup_iterations': 3, 'gpu_completion_mode': 'per_iteration', 'unit': 'us', 'direction': 'lower_is_better'}"
deck,candidate,high_vertex_count.inline_arrays,20261004-161531995-cb5d5ebec65a4d8794a1b4ffd1702212,39896.0503,4845530,121137.9,121137.9,failed,PASS,e67a1ce72784a588,31a890c7f71db193,True,ineligible,True,completed,"{'revision': 1, 'iterations': 40, 'sample_count': 10, 'measurement_iterations_multiplier': 4, 'warmup_iterations': 3, 'gpu_completion_mode': 'per_iteration', 'unit': 'us', 'direction': 'lower_is_better'}"
deck,candidate,high_vertex_count.inline_buffers,20261004-161531995-cb5d5ebec65a4d8794a1b4ffd1702212,39896.0503,13685331,684266.2,684266.2,failed,PASS,e67a1ce72784a588,f320b0df5ba62943,True,ineligible,True,completed,"{'revision': 1, 'iterations': 20, 'sample_count': 5, 'measurement_iterations_multiplier': 4, 'warmup_iterations': 3, 'gpu_completion_mode': 'per_iteration', 'unit': 'us', 'direction': 'lower_is_better'}"
deck,candidate,high_vertex_count.inline_elements,20261004-161531995-cb5d5ebec65a4d8794a1b4ffd1702212,39896.0503,1333607,6667.64,6667.64,failed,PASS,e67a1ce72784a588,b24516b5372da0f3,True,ineligible,True,completed,"{'revision': 1, 'iterations': 200, 'sample_count': 50, 'measurement_iterations_multiplier': 4, 'warmup_iterations': 3, 'gpu_completion_mode': 'per_iteration', 'unit': 'us', 'direction': 'lower_is_better'}"
deck,candidate,primitive_type.line_loop.fixed_function,20261004-161531995-cb5d5ebec65a4d8794a1b4ffd1702212,39896.0503,89980,2249.1,2249.1,failed,PASS,4024a5cb9bd0fa4e,d48f43c09e534094,True,ineligible,True,completed,"{'revision': 1, 'iterations': 40, 'sample_count': 10, 'measurement_iterations_multiplier': 4, 'warmup_iterations': 3, 'gpu_completion_mode': 'per_iteration', 'unit': 'us', 'direction': 'lower_is_better'}"
deck,candidate,primitive_type.line_loop.vertex_shader,20261004-161531995-cb5d5ebec65a4d8794a1b4ffd1702212,39896.0503,96026,2400.2,2400.2,failed,PASS,4024a5cb9bd0fa4e,47373dc0c7be28f8,True,ineligible,True,completed,"{'revision': 1, 'iterations': 40, 'sample_count': 10, 'measurement_iterations_multiplier': 4, 'warmup_iterations': 3, 'gpu_completion_mode': 'per_iteration', 'unit': 'us', 'direction': 'lower_is_better'}"
deck,candidate,primitive_type.line_strip.fixed_function,20261004-161531995-cb5d5ebec65a4d8794a1b4ffd1702212,39896.0503,48603,1214.7,1214.7,failed,PASS,4024a5cb9bd0fa4e,0964935c28234a4a,True,ineligible,True,completed,"{'revision': 1, 'iterations': 40, 'sample_count': 10, 'measurement_iterations_multiplier': 4, 'warmup_iterations': 3, 'gpu_completion_mode': 'per_iteration', 'unit': 'us', 'direction': 'lower_is_better'}"
deck,candidate,primitive_type.line_strip.vertex_shader,20261004-161531995-cb5d5ebec65a4d8794a1b4ffd1702212,39896.0503,51538,1288,1288,failed,PASS,4024a5cb9bd0fa4e,94b433237d71b182,True,ineligible,True,completed,"{'revision': 1, 'iterations': 40, 'sample_count': 10, 'measurement_iterations_multiplier': 4, 'warmup_iterations': 3, 'gpu_completion_mode': 'per_iteration', 'unit': 'us', 'direction': 'lower_is_better'}"
deck,candidate,primitive_type.lines.fixed_function,20261004-161531995-cb5d5ebec65a4d8794a1b4ffd1702212,39896.0503,152055,3801,3801,failed,PASS,5440c372c6a2a101,6c16b2698ec4e26b,True,ineligible,True,completed,"{'revision': 1, 'iterations': 40, 'sample_count': 10, 'measurement_iterations_multiplier': 4, 'warmup_iterations': 3, 'gpu_completion_mode': 'per_iteration', 'unit': 'us', 'direction': 'lower_is_better'}"
deck,candidate,primitive_type.lines.vertex_shader,20261004-161531995-cb5d5ebec65a4d8794a1b4ffd1702212,39896.0503,175445,4385.9,4385.9,failed,PASS,5440c372c6a2a101,53924aa6f5e55b57,True,ineligible,True,completed,"{'revision': 1, 'iterations': 40, 'sample_count': 10, 'measurement_iterations_multiplier': 4, 'warmup_iterations': 3, 'gpu_completion_mode': 'per_iteration', 'unit': 'us', 'direction': 'lower_is_better'}"
deck,candidate,primitive_type.points.fixed_function,20261004-161531995-cb5d5ebec65a4d8794a1b4ffd1702212,39896.0503,91955,2298.6,2298.6,failed,PASS,6813f0dbe94bac3c,7400f7a8ac9d8c86,True,ineligible,True,completed,"{'revision': 1, 'iterations': 40, 'sample_count': 10, 'measurement_iterations_multiplier': 4, 'warmup_iterations': 3, 'gpu_completion_mode': 'per_iteration', 'unit': 'us', 'direction': 'lower_is_better'}"
deck,candidate,primitive_type.points.vertex_shader,20261004-161531995-cb5d5ebec65a4d8794a1b4ffd1702212,39896.0503,93033,2325.4,2325.4,failed,PASS,6813f0dbe94bac3c,f1d83724373d0036,True,ineligible,True,completed,"{'revision': 1, 'iterations': 40, 'sample_count': 10, 'measurement_iterations_multiplier': 4, 'warmup_iterations': 3, 'gpu_completion_mode': 'per_iteration', 'unit': 'us', 'direction': 'lower_is_better'}"
deck,candidate,primitive_type.polygon.fixed_function,20261004-161613429-d0c2c2b11d4b45ae876264470e16a9c7,18645.3844,94398,2359.5,2359.5,failed,PASS,e0d0b9dbefa71269,515407015a00c880,True,ineligible,True,completed,"{'revision': 1, 'iterations': 40, 'sample_count': 10, 'measurement_iterations_multiplier': 4, 'warmup_iterations': 3, 'gpu_completion_mode': 'per_iteration', 'unit': 'us', 'direction': 'lower_is_better'}"
deck,candidate,primitive_type.polygon.vertex_shader,20261004-161613429-d0c2c2b11d4b45ae876264470e16a9c7,18645.3844,222562,5563.6,5563.6,failed,PASS,e0d0b9dbefa71269,4376cbfa562c7d14,True,ineligible,True,completed,"{'revision': 1, 'iterations': 40, 'sample_count': 10, 'measurement_iterations_multiplier': 4, 'warmup_iterations': 3, 'gpu_completion_mode': 'per_iteration', 'unit': 'us', 'direction': 'lower_is_better'}"
deck,candidate,primitive_type.quad_strip.fixed_function,20261004-161613429-d0c2c2b11d4b45ae876264470e16a9c7,18645.3844,295809,7394.9,7394.9,failed,PASS,e1f46a0779ee1f21,190c4f06474f8467,True,ineligible,True,completed,"{'revision': 1, 'iterations': 40, 'sample_count': 10, 'measurement_iterations_multiplier': 4, 'warmup_iterations': 3, 'gpu_completion_mode': 'per_iteration', 'unit': 'us', 'direction': 'lower_is_better'}"
deck,candidate,primitive_type.quad_strip.vertex_shader,20261004-161613429-d0c2c2b11d4b45ae876264470e16a9c7,18645.3844,169422,4235.2,4235.2,failed,PASS,e1f46a0779ee1f21,d5cf212c5788c3df,True,ineligible,True,completed,"{'revision': 1, 'iterations': 40, 'sample_count': 10, 'measurement_iterations_multiplier': 4, 'warmup_iterations': 3, 'gpu_completion_mode': 'per_iteration', 'unit': 'us', 'direction': 'lower_is_better'}"
deck,candidate,primitive_type.quads.fixed_function,20261004-161613429-d0c2c2b11d4b45ae876264470e16a9c7,18645.3844,283598,7089.5,7089.5,failed,PASS,d14f30833e638324,b52448622bc1c001,True,ineligible,True,completed,"{'revision': 1, 'iterations': 40, 'sample_count': 10, 'measurement_iterations_multiplier': 4, 'warmup_iterations': 3, 'gpu_completion_mode': 'per_iteration', 'unit': 'us', 'direction': 'lower_is_better'}"
deck,candidate,primitive_type.quads.vertex_shader,20261004-161613429-d0c2c2b11d4b45ae876264470e16a9c7,18645.3844,285229,7130.5,7130.5,failed,PASS,d14f30833e638324,fbac823960948b69,True,ineligible,True,completed,"{'revision': 1, 'iterations': 40, 'sample_count': 10, 'measurement_iterations_multiplier': 4, 'warmup_iterations': 3, 'gpu_completion_mode': 'per_iteration', 'unit': 'us', 'direction': 'lower_is_better'}"
deck,candidate,primitive_type.triangle_fan.fixed_function,20261004-161613429-d0c2c2b11d4b45ae876264470e16a9c7,18645.3844,50557,1263.6,1263.6,failed,PASS,eadb3b4945fe25df,ba0d8daf7940c5d2,True,ineligible,True,completed,"{'revision': 1, 'iterations': 40, 'sample_count': 10, 'measurement_iterations_multiplier': 4, 'warmup_iterations': 3, 'gpu_completion_mode': 'per_iteration', 'unit': 'us', 'direction': 'lower_is_better'}"
deck,candidate,primitive_type.triangle_fan.vertex_shader,20261004-161613429-d0c2c2b11d4b45ae876264470e16a9c7,18645.3844,48509,1212.3,1212.3,failed,PASS,eadb3b4945fe25df,134a22bd3882e48e,True,ineligible,True,completed,"{'revision': 1, 'iterations': 40, 'sample_count': 10, 'measurement_iterations_multiplier': 4, 'warmup_iterations': 3, 'gpu_completion_mode': 'per_iteration', 'unit': 'us', 'direction': 'lower_is_better'}"
deck,candidate,primitive_type.triangle_strip.fixed_function,20261004-161613429-d0c2c2b11d4b45ae876264470e16a9c7,18645.3844,96884,2421.8,2421.8,failed,PASS,ee7f6eeeb2263031,d15b03d8ead6bb03,True,ineligible,True,completed,"{'revision': 1, 'iterations': 40, 'sample_count': 10, 'measurement_iterations_multiplier': 4, 'warmup_iterations': 3, 'gpu_completion_mode': 'per_iteration', 'unit': 'us', 'direction': 'lower_is_better'}"
deck,candidate,primitive_type.triangle_strip.vertex_shader,20261004-161613429-d0c2c2b11d4b45ae876264470e16a9c7,18645.3844,83474,2086.5,2086.5,failed,PASS,ee7f6eeeb2263031,f7cfda74a4111eff,True,ineligible,True,completed,"{'revision': 1, 'iterations': 40, 'sample_count': 10, 'measurement_iterations_multiplier': 4, 'warmup_iterations': 3, 'gpu_completion_mode': 'per_iteration', 'unit': 'us', 'direction': 'lower_is_better'}"
deck,candidate,primitive_type.triangles.fixed_function,20261004-161613429-d0c2c2b11d4b45ae876264470e16a9c7,18645.3844,223982,5599.2,5599.2,failed,PASS,a53b3ecbc7019828,4521bcfbdb43e248,True,ineligible,True,completed,"{'revision': 1, 'iterations': 40, 'sample_count': 10, 'measurement_iterations_multiplier': 4, 'warmup_iterations': 3, 'gpu_completion_mode': 'per_iteration', 'unit': 'us', 'direction': 'lower_is_better'}"
deck,candidate,primitive_type.triangles.vertex_shader,20261004-161613429-d0c2c2b11d4b45ae876264470e16a9c7,18645.3844,239932,5998,5998,failed,PASS,a53b3ecbc7019828,d86abc6e019e36fc,True,ineligible,True,completed,"{'revision': 1, 'iterations': 40, 'sample_count': 10, 'measurement_iterations_multiplier': 4, 'warmup_iterations': 3, 'gpu_completion_mode': 'per_iteration', 'unit': 'us', 'direction': 'lower_is_better'}"
deck,candidate,texture_cubemap_fallback.bordered_palette_size1,20261004-161634132-e687473130e24b80892a18caa7081fb6,132864.349,531749,16616.625,16616.625,failed,FAIL,56d00ed89334a325,,True,ineligible,True,completed,"{'revision': 1, 'iterations': 32, 'sample_count': 8, 'measurement_iterations_multiplier': 4, 'warmup_iterations': 3, 'gpu_completion_mode': 'per_iteration', 'unit': 'us', 'direction': 'lower_is_better'}"
deck,candidate,texture_cubemap_fallback.bordered_palette_size2,20261004-161634132-e687473130e24b80892a18caa7081fb6,132864.349,531677,16614.5,16614.5,failed,FAIL,bb93d50a6b1ba325,,True,ineligible,True,completed,"{'revision': 1, 'iterations': 32, 'sample_count': 8, 'measurement_iterations_multiplier': 4, 'warmup_iterations': 3, 'gpu_completion_mode': 'per_iteration', 'unit': 'us', 'direction': 'lower_is_better'}"
deck,candidate,texture_cubemap_fallback.bordered_palette_size4,20261004-161634132-e687473130e24b80892a18caa7081fb6,132864.349,533196,16661.875,16661.875,failed,FAIL,55460e1d2302a325,,True,ineligible,True,completed,"{'revision': 1, 'iterations': 32, 'sample_count': 8, 'measurement_iterations_multiplier': 4, 'warmup_iterations': 3, 'gpu_completion_mode': 'per_iteration', 'unit': 'us', 'direction': 'lower_is_better'}"
deck,candidate,texture_cubemap_fallback.bordered_palette_size8,20261004-161634132-e687473130e24b80892a18caa7081fb6,132864.349,533097,16658.875,16658.875,failed,FAIL,53ccfb3cac5633d3,,True,ineligible,True,completed,"{'revision': 1, 'iterations': 32, 'sample_count': 8, 'measurement_iterations_multiplier': 4, 'warmup_iterations': 3, 'gpu_completion_mode': 'per_iteration', 'unit': 'us', 'direction': 'lower_is_better'}"
deck,candidate,texture_cubemap_fallback.bordered_r6g5b5_size1,20261004-161634132-e687473130e24b80892a18caa7081fb6,132864.349,532845,16651.125,16651.125,failed,FAIL,56d00ed89334a325,,True,ineligible,True,completed,"{'revision': 1, 'iterations': 32, 'sample_count': 8, 'measurement_iterations_multiplier': 4, 'warmup_iterations': 3, 'gpu_completion_mode': 'per_iteration', 'unit': 'us', 'direction': 'lower_is_better'}"
deck,candidate,texture_cubemap_fallback.bordered_r6g5b5_size2,20261004-161634132-e687473130e24b80892a18caa7081fb6,132864.349,533024,16656.625,16656.625,failed,FAIL,0e8ba11521b73f45,,True,ineligible,True,completed,"{'revision': 1, 'iterations': 32, 'sample_count': 8, 'measurement_iterations_multiplier': 4, 'warmup_iterations': 3, 'gpu_completion_mode': 'per_iteration', 'unit': 'us', 'direction': 'lower_is_better'}"
deck,candidate,texture_cubemap_fallback.bordered_r6g5b5_size4,20261004-161634132-e687473130e24b80892a18caa7081fb6,132864.349,533153,16660.75,16660.75,failed,FAIL,31dbcc2110e01525,,True,ineligible,True,completed,"{'revision': 1, 'iterations': 32, 'sample_count': 8, 'measurement_iterations_multiplier': 4, 'warmup_iterations': 3, 'gpu_completion_mode': 'per_iteration', 'unit': 'us', 'direction': 'lower_is_better'}"
deck,candidate,texture_cubemap_fallback.bordered_rgba8_size1,20261004-161634132-e687473130e24b80892a18caa7081fb6,132864.349,533100,16658.875,16658.875,failed,FAIL,56d00ed89334a325,,True,ineligible,True,completed,"{'revision': 1, 'iterations': 32, 'sample_count': 8, 'measurement_iterations_multiplier': 4, 'warmup_iterations': 3, 'gpu_completion_mode': 'per_iteration', 'unit': 'us', 'direction': 'lower_is_better'}"
deck,candidate,texture_cubemap_fallback.bordered_rgba8_size2,20261004-161634132-e687473130e24b80892a18caa7081fb6,132864.349,532895,16652.5,16652.5,failed,FAIL,bb93d50a6b1ba325,,True,ineligible,True,completed,"{'revision': 1, 'iterations': 32, 'sample_count': 8, 'measurement_iterations_multiplier': 4, 'warmup_iterations': 3, 'gpu_completion_mode': 'per_iteration', 'unit': 'us', 'direction': 'lower_is_better'}"
deck,candidate,texture_cubemap_fallback.bordered_rgba8_size4,20261004-161634132-e687473130e24b80892a18caa7081fb6,132864.349,533062,16657.875,16657.875,failed,FAIL,55460e1d2302a325,,True,ineligible,True,completed,"{'revision': 1, 'iterations': 32, 'sample_count': 8, 'measurement_iterations_multiplier': 4, 'warmup_iterations': 3, 'gpu_completion_mode': 'per_iteration', 'unit': 'us', 'direction': 'lower_is_better'}"
deck,candidate,texture_cubemap_fallback.bordered_rgba8_size8,20261004-161634132-e687473130e24b80892a18caa7081fb6,132864.349,533104,16659,16659,failed,FAIL,f3129198a7b005f5,,True,ineligible,True,completed,"{'revision': 1, 'iterations': 32, 'sample_count': 8, 'measurement_iterations_multiplier': 4, 'warmup_iterations': 3, 'gpu_completion_mode': 'per_iteration', 'unit': 'us', 'direction': 'lower_is_better'}"
deck,candidate,texture_cubemap_fallback.unbordered_subblock_dxt1,20261004-161634132-e687473130e24b80892a18caa7081fb6,132864.349,532967,16654.75,16654.75,passed,PASS,be0f2013c1997ca5,,True,ineligible,True,completed,"{'revision': 1, 'iterations': 32, 'sample_count': 8, 'measurement_iterations_multiplier': 4, 'warmup_iterations': 3, 'gpu_completion_mode': 'per_iteration', 'unit': 'us', 'direction': 'lower_is_better'}"
deck,candidate,texture_cubemap_fallback.bordered_r6g5b5_size8,20261004-161849056-4ea1210ac77347d3a91cf8dd8743d6b3,24586.8533,532107,16628,16628,failed,FAIL,72ca2acdd1d976a5,,True,ineligible,True,completed,"{'revision': 1, 'iterations': 32, 'sample_count': 8, 'measurement_iterations_multiplier': 4, 'warmup_iterations': 3, 'gpu_completion_mode': 'per_iteration', 'unit': 'us', 'direction': 'lower_is_better'}"
deck,candidate,surface.basic,20261004-161915176-693856c569a34b2d86848d5d43fbc72f,31838.0624,1734955,43373.5,43373.5,failed,PASS,cf6533efef4c476e,6f90d43f59b710fa,True,ineligible,True,completed,"{'revision': 1, 'iterations': 40, 'sample_count': 10, 'measurement_iterations_multiplier': 4, 'warmup_iterations': 3, 'gpu_completion_mode': 'per_iteration', 'unit': 'us', 'direction': 'lower_is_better'}"
deck,candidate,surface.cpu_read_after_gpu_write,20261004-161915176-693856c569a34b2d86848d5d43fbc72f,31838.0624,284330,3553.85,3553.85,passed,PASS,572720976b602325,572720976b602325,True,ineligible,True,completed,"{'revision': 1, 'iterations': 80, 'sample_count': 20, 'measurement_iterations_multiplier': 4, 'warmup_iterations': 3, 'gpu_completion_mode': 'per_iteration', 'unit': 'us', 'direction': 'lower_is_better'}"
deck,candidate,surface.cpu_read_clean_surface,20261004-161915176-693856c569a34b2d86848d5d43fbc72f,31838.0624,124523,310.95,310.95,passed,PASS,aa32af524aa52325,aa32af524aa52325,True,ineligible,True,completed,"{'revision': 1, 'iterations': 400, 'sample_count': 100, 'measurement_iterations_multiplier': 4, 'warmup_iterations': 3, 'gpu_completion_mode': 'per_iteration', 'unit': 'us', 'direction': 'lower_is_better'}"
deck,candidate,surface.framebuffer_working_set_002,20261004-161915176-693856c569a34b2d86848d5d43fbc72f,31838.0624,367253,4590.3,4590.3,failed,PASS,cb732f2ae5736b2d,ab1fa4b103c05f05,True,ineligible,True,completed,"{'revision': 1, 'iterations': 80, 'sample_count': 20, 'measurement_iterations_multiplier': 4, 'warmup_iterations': 3, 'gpu_completion_mode': 'per_iteration', 'unit': 'us', 'direction': 'lower_is_better'}"
deck,candidate,surface.framebuffer_working_set_008,20261004-161915176-693856c569a34b2d86848d5d43fbc72f,31838.0624,416224,5202.5,5202.5,failed,PASS,7ffda0d97cce712d,8393e7935b67da71,True,ineligible,True,completed,"{'revision': 1, 'iterations': 80, 'sample_count': 20, 'measurement_iterations_multiplier': 4, 'warmup_iterations': 3, 'gpu_completion_mode': 'per_iteration', 'unit': 'us', 'direction': 'lower_is_better'}"
deck,candidate,surface.framebuffer_working_set_032,20261004-161915176-693856c569a34b2d86848d5d43fbc72f,31838.0624,308684,3858.2,3858.2,failed,PASS,2baad45ae0ed71a5,4e53301a279a7e09,True,ineligible,True,completed,"{'revision': 1, 'iterations': 80, 'sample_count': 20, 'measurement_iterations_multiplier': 4, 'warmup_iterations': 3, 'gpu_completion_mode': 'per_iteration', 'unit': 'us', 'direction': 'lower_is_better'}"
deck,candidate,surface.framebuffer_working_set_064,20261004-161915176-693856c569a34b2d86848d5d43fbc72f,31838.0624,410990,5136.95,5136.95,failed,PASS,2baad45ae0ed71a5,dbdfafa7ed2f28c9,True,ineligible,True,completed,"{'revision': 1, 'iterations': 80, 'sample_count': 20, 'measurement_iterations_multiplier': 4, 'warmup_iterations': 3, 'gpu_completion_mode': 'per_iteration', 'unit': 'us', 'direction': 'lower_is_better'}"
deck,candidate,surface.full_clear_elision_guard,20261004-161915176-693856c569a34b2d86848d5d43fbc72f,31838.0624,1746282,4365.3,4365.3,failed,PASS,49bc2d7eec9c4725,01a1571033aa9dfd,True,ineligible,True,completed,"{'revision': 1, 'iterations': 400, 'sample_count': 100, 'measurement_iterations_multiplier': 4, 'warmup_iterations': 3, 'gpu_completion_mode': 'per_iteration', 'unit': 'us', 'direction': 'lower_is_better'}"
deck,candidate,surface.overlapping_surface_churn_representative,20261004-161915176-693856c569a34b2d86848d5d43fbc72f,31838.0624,2126794,5316.61,5316.61,failed,PASS,7a8c35cdc9c70725,7b4f2884714177a5,True,ineligible,True,completed,"{'revision': 1, 'iterations': 400, 'sample_count': 100, 'measurement_iterations_multiplier': 4, 'warmup_iterations': 3, 'gpu_completion_mode': 'per_iteration', 'unit': 'us', 'direction': 'lower_is_better'}"
deck,candidate,surface.overlapping_surface_churn_stress,20261004-161915176-693856c569a34b2d86848d5d43fbc72f,31838.0624,2621436,65535.5,65535.5,failed,PASS,7a8c35cdc9c70725,19890b325809498d,True,ineligible,True,completed,"{'revision': 1, 'iterations': 40, 'sample_count': 10, 'measurement_iterations_multiplier': 4, 'warmup_iterations': 3, 'gpu_completion_mode': 'per_iteration', 'unit': 'us', 'direction': 'lower_is_better'}"
deck,candidate,surface.partial_channel_clear_guard,20261004-161915176-693856c569a34b2d86848d5d43fbc72f,31838.0624,1902190,4755.15,4755.15,failed,PASS,b52bc22d6eedd725,31d730ce613f92bd,True,ineligible,True,completed,"{'revision': 1, 'iterations': 400, 'sample_count': 100, 'measurement_iterations_multiplier': 4, 'warmup_iterations': 3, 'gpu_completion_mode': 'per_iteration', 'unit': 'us', 'direction': 'lower_is_better'}"
deck,candidate,surface.surface_download_path,20261004-161915176-693856c569a34b2d86848d5d43fbc72f,31838.0624,2013342,50333.1,50333.1,failed,PASS,3a281ef8b6b324c2,eb6604c45975bcec,True,ineligible,True,completed,"{'revision': 1, 'iterations': 40, 'sample_count': 10, 'measurement_iterations_multiplier': 4, 'warmup_iterations': 3, 'gpu_completion_mode': 'per_iteration', 'unit': 'us', 'direction': 'lower_is_better'}"
deck,candidate,surface.surface_list_lookup_002,20261004-161949055-5d99f414ba674526a3b75c857dd6a750,76414.4846,335731,4196.25,4196.25,failed,PASS,fa475bc695046525,26ff617c53458a53,True,ineligible,True,completed,"{'revision': 1, 'iterations': 80, 'sample_count': 20, 'measurement_iterations_multiplier': 4, 'warmup_iterations': 3, 'gpu_completion_mode': 'per_iteration', 'unit': 'us', 'direction': 'lower_is_better'}"
deck,candidate,surface.surface_list_lookup_008,20261004-161949055-5d99f414ba674526a3b75c857dd6a750,76414.4846,473131,5913.8,5913.8,failed,PASS,9489ca620c4f97a5,18e8676fcc804922,True,ineligible,True,completed,"{'revision': 1, 'iterations': 80, 'sample_count': 20, 'measurement_iterations_multiplier': 4, 'warmup_iterations': 3, 'gpu_completion_mode': 'per_iteration', 'unit': 'us', 'direction': 'lower_is_better'}"
deck,candidate,surface.surface_list_lookup_032,20261004-161949055-5d99f414ba674526a3b75c857dd6a750,76414.4846,404947,5061.4,5061.4,failed,PASS,8cdf93e7e3e6ce25,1bc652a47e609cf5,True,ineligible,True,completed,"{'revision': 1, 'iterations': 80, 'sample_count': 20, 'measurement_iterations_multiplier': 4, 'warmup_iterations': 3, 'gpu_completion_mode': 'per_iteration', 'unit': 'us', 'direction': 'lower_is_better'}"
deck,candidate,surface.surface_list_lookup_128,20261004-161949055-5d99f414ba674526a3b75c857dd6a750,76414.4846,449493,5618.3,5618.3,failed,PASS,8cdf93e7e3e6ce25,4b4650aa45e0be8d,True,ineligible,True,completed,"{'revision': 1, 'iterations': 80, 'sample_count': 20, 'measurement_iterations_multiplier': 4, 'warmup_iterations': 3, 'gpu_completion_mode': 'per_iteration', 'unit': 'us', 'direction': 'lower_is_better'}"
deck,candidate,surface.vulkan_memory_pressure.representative.growth,20261004-161949055-5d99f414ba674526a3b75c857dd6a750,76414.4846,3018551,188659,188659,failed,PASS,17046af640418325,a1ce1e9182d42125,True,ineligible,True,completed,"{'revision': 1, 'iterations': 16, 'sample_count': 4, 'measurement_iterations_multiplier': 4, 'warmup_iterations': 3, 'gpu_completion_mode': 'per_iteration', 'unit': 'us', 'direction': 'lower_is_better'}"
deck,candidate,surface.vulkan_memory_pressure.representative.plateau,20261004-161949055-5d99f414ba674526a3b75c857dd6a750,76414.4846,2952857,184553,184553,failed,PASS,490075aafd91af25,c00be5b19acc4e6f,True,ineligible,True,completed,"{'revision': 1, 'iterations': 16, 'sample_count': 4, 'measurement_iterations_multiplier': 4, 'warmup_iterations': 3, 'gpu_completion_mode': 'per_iteration', 'unit': 'us', 'direction': 'lower_is_better'}"
deck,candidate,surface.vulkan_memory_pressure.representative.alias_resize,20261004-161949055-5d99f414ba674526a3b75c857dd6a750,76414.4846,1727434,107964.25,107964.25,failed,PASS,ed56b68868e2f325,0247ea98d29062c5,True,ineligible,True,completed,"{'revision': 1, 'iterations': 16, 'sample_count': 4, 'measurement_iterations_multiplier': 4, 'warmup_iterations': 3, 'gpu_completion_mode': 'per_iteration', 'unit': 'us', 'direction': 'lower_is_better'}"
deck,candidate,surface.vulkan_memory_pressure.representative.reuse,20261004-161949055-5d99f414ba674526a3b75c857dd6a750,76414.4846,2700433,168776.75,168776.75,failed,PASS,b8b4854297220f25,d885d846be04bb3d,True,ineligible,True,completed,"{'revision': 1, 'iterations': 16, 'sample_count': 4, 'measurement_iterations_multiplier': 4, 'warmup_iterations': 3, 'gpu_completion_mode': 'per_iteration', 'unit': 'us', 'direction': 'lower_is_better'}"
deck,candidate,surface.vulkan_memory_pressure.representative.idle_retention,20261004-161949055-5d99f414ba674526a3b75c857dd6a750,76414.4846,26531,1658,1658,failed,PASS,dfa4d6a81f791525,4ab34638455a76e1,True,ineligible,True,completed,"{'revision': 1, 'iterations': 16, 'sample_count': 4, 'measurement_iterations_multiplier': 4, 'warmup_iterations': 3, 'gpu_completion_mode': 'per_iteration', 'unit': 'us', 'direction': 'lower_is_better'}"
deck,candidate,surface.vulkan_memory_pressure.stress.growth,20261004-161949055-5d99f414ba674526a3b75c857dd6a750,76414.4846,9617730,601107.75,601107.75,failed,PASS,17a43e09af9b8325,063949c8ff1686f9,True,ineligible,True,completed,"{'revision': 1, 'iterations': 16, 'sample_count': 4, 'measurement_iterations_multiplier': 4, 'warmup_iterations': 3, 'gpu_completion_mode': 'per_iteration', 'unit': 'us', 'direction': 'lower_is_better'}"
deck,candidate,surface.vulkan_memory_pressure.stress.plateau,20261004-161949055-5d99f414ba674526a3b75c857dd6a750,76414.4846,11303922,706494.75,706494.75,failed,PASS,4732cd7c1520a325,769bf225e8cc48d5,True,ineligible,True,completed,"{'revision': 1, 'iterations': 16, 'sample_count': 4, 'measurement_iterations_multiplier': 4, 'warmup_iterations': 3, 'gpu_completion_mode': 'per_iteration', 'unit': 'us', 'direction': 'lower_is_better'}"
deck,candidate,surface.vulkan_memory_pressure.stress.alias_resize,20261004-161949055-5d99f414ba674526a3b75c857dd6a750,76414.4846,7301269,456328.75,456328.75,failed,PASS,34e2ce9b25a3bf25,c1ab77f18dbbc86d,True,ineligible,True,completed,"{'revision': 1, 'iterations': 16, 'sample_count': 4, 'measurement_iterations_multiplier': 4, 'warmup_iterations': 3, 'gpu_completion_mode': 'per_iteration', 'unit': 'us', 'direction': 'lower_is_better'}"
deck,candidate,surface.vulkan_memory_pressure.stress.reuse,20261004-161949055-5d99f414ba674526a3b75c857dd6a750,76414.4846,10720406,670025,670025,failed,PASS,0a989678bb57ff25,837b6a123bb12a09,True,ineligible,True,completed,"{'revision': 1, 'iterations': 16, 'sample_count': 4, 'measurement_iterations_multiplier': 4, 'warmup_iterations': 3, 'gpu_completion_mode': 'per_iteration', 'unit': 'us', 'direction': 'lower_is_better'}"
deck,candidate,surface.vulkan_memory_pressure.stress.idle_retention,20261004-161949055-5d99f414ba674526a3b75c857dd6a750,76414.4846,47307,2956.5,2956.5,failed,PASS,c60ef78ce0171b25,a24e2d9ee2191cd8,True,ineligible,True,completed,"{'revision': 1, 'iterations': 16, 'sample_count': 4, 'measurement_iterations_multiplier': 4, 'warmup_iterations': 3, 'gpu_completion_mode': 'per_iteration', 'unit': 'us', 'direction': 'lower_is_better'}"
deck,candidate,tiny_draw.arrays.fixed_function,20261004-162107510-754c9afd7f744642bb30d0016d60ea18,39701.9097,2866326,71657.8,71657.8,failed,PASS,acf025546cf667b5,5636eabc173a3691,True,ineligible,True,completed,"{'revision': 1, 'iterations': 40, 'sample_count': 10, 'measurement_iterations_multiplier': 4, 'warmup_iterations': 3, 'gpu_completion_mode': 'per_iteration', 'unit': 'us', 'direction': 'lower_is_better'}"
deck,candidate,tiny_draw.arrays.vertex_shader,20261004-162107510-754c9afd7f744642bb30d0016d60ea18,39701.9097,2661510,66537.3,66537.3,failed,PASS,acf025546cf667b5,5528df4b56e8f75d,True,ineligible,True,completed,"{'revision': 1, 'iterations': 40, 'sample_count': 10, 'measurement_iterations_multiplier': 4, 'warmup_iterations': 3, 'gpu_completion_mode': 'per_iteration', 'unit': 'us', 'direction': 'lower_is_better'}"
deck,candidate,tiny_draw.inline_arrays.fixed_function,20261004-162107510-754c9afd7f744642bb30d0016d60ea18,39701.9097,3320051,83001,83001,failed,PASS,acf025546cf667b5,24f378fc9981dad5,True,ineligible,True,completed,"{'revision': 1, 'iterations': 40, 'sample_count': 10, 'measurement_iterations_multiplier': 4, 'warmup_iterations': 3, 'gpu_completion_mode': 'per_iteration', 'unit': 'us', 'direction': 'lower_is_better'}"
deck,candidate,tiny_draw.inline_arrays.vertex_shader,20261004-162107510-754c9afd7f744642bb30d0016d60ea18,39701.9097,3139062,78476.1,78476.1,failed,PASS,acf025546cf667b5,1f7bd52bdb2ddb2d,True,ineligible,True,completed,"{'revision': 1, 'iterations': 40, 'sample_count': 10, 'measurement_iterations_multiplier': 4, 'warmup_iterations': 3, 'gpu_completion_mode': 'per_iteration', 'unit': 'us', 'direction': 'lower_is_better'}"
deck,candidate,tiny_draw.inline_buffers.fixed_function,20261004-162107510-754c9afd7f744642bb30d0016d60ea18,39701.9097,2607716,65192.4,65192.4,failed,PASS,acf025546cf667b5,1d33c1f03f3df5d5,True,ineligible,True,completed,"{'revision': 1, 'iterations': 40, 'sample_count': 10, 'measurement_iterations_multiplier': 4, 'warmup_iterations': 3, 'gpu_completion_mode': 'per_iteration', 'unit': 'us', 'direction': 'lower_is_better'}"
deck,candidate,tiny_draw.inline_buffers.vertex_shader,20261004-162107510-754c9afd7f744642bb30d0016d60ea18,39701.9097,2689035,67225.5,67225.5,failed,PASS,acf025546cf667b5,98123d79a8ae06a5,True,ineligible,True,completed,"{'revision': 1, 'iterations': 40, 'sample_count': 10, 'measurement_iterations_multiplier': 4, 'warmup_iterations': 3, 'gpu_completion_mode': 'per_iteration', 'unit': 'us', 'direction': 'lower_is_better'}"
deck,candidate,tiny_draw.inline_elements.fixed_function,20261004-162107510-754c9afd7f744642bb30d0016d60ea18,39701.9097,2563407,64084.8,64084.8,failed,PASS,acf025546cf667b5,cd0e5481b375a40d,True,ineligible,True,completed,"{'revision': 1, 'iterations': 40, 'sample_count': 10, 'measurement_iterations_multiplier': 4, 'warmup_iterations': 3, 'gpu_completion_mode': 'per_iteration', 'unit': 'us', 'direction': 'lower_is_better'}"
deck,candidate,tiny_draw.inline_elements.vertex_shader,20261004-162107510-754c9afd7f744642bb30d0016d60ea18,39701.9097,2523033,63075.5,63075.5,failed,PASS,acf025546cf667b5,0539f844d85cc73d,True,ineligible,True,completed,"{'revision': 1, 'iterations': 40, 'sample_count': 10, 'measurement_iterations_multiplier': 4, 'warmup_iterations': 3, 'gpu_completion_mode': 'per_iteration', 'unit': 'us', 'direction': 'lower_is_better'}"
deck,candidate,uniform_thrash.uniform_thrash,20261004-162149250-29e5bbd6c6364394943a3ca80395cc2a,14041.4675,170713,4267.4,4267.4,failed,PASS,ad445c59f8b11925,e643e886c2ebbdd5,True,ineligible,True,completed,"{'revision': 1, 'iterations': 40, 'sample_count': 10, 'measurement_iterations_multiplier': 4, 'warmup_iterations': 3, 'gpu_completion_mode': 'per_iteration', 'unit': 'us', 'direction': 'lower_is_better'}"
deck,candidate,vertex_buffer_allocation.mixed.arrays,20261004-162205326-63a65157fc964995b80c7d8ec13eeb88,146487.583,2262049,56551,,not evaluated,PASS,377e6c029807f325,377e6c029807f325,True,ineligible,True,completed,"{'revision': 1, 'iterations': 40, 'sample_count': 10, 'measurement_iterations_multiplier': 4, 'warmup_iterations': 3, 'gpu_completion_mode': 'per_iteration', 'unit': 'us', 'direction': 'lower_is_better'}"
deck,candidate,vertex_buffer_allocation.mixed.inline_arrays,20261004-162205326-63a65157fc964995b80c7d8ec13eeb88,146487.583,18716644,467915.8,,not evaluated,PASS,377e6c029807f325,377e6c029807f325,True,ineligible,True,completed,"{'revision': 1, 'iterations': 40, 'sample_count': 10, 'measurement_iterations_multiplier': 4, 'warmup_iterations': 3, 'gpu_completion_mode': 'per_iteration', 'unit': 'us', 'direction': 'lower_is_better'}"
deck,candidate,vertex_buffer_allocation.mixed.inline_buffers,20261004-162205326-63a65157fc964995b80c7d8ec13eeb88,146487.583,73667198,1841679.5,,not evaluated,PASS,377e6c029807f325,377e6c029807f325,True,ineligible,True,completed,"{'revision': 1, 'iterations': 40, 'sample_count': 10, 'measurement_iterations_multiplier': 4, 'warmup_iterations': 3, 'gpu_completion_mode': 'per_iteration', 'unit': 'us', 'direction': 'lower_is_better'}"
deck,candidate,vertex_buffer_allocation.mixed.inline_elements,20261004-162205326-63a65157fc964995b80c7d8ec13eeb88,146487.583,2224064,55601.2,,not evaluated,PASS,377e6c029807f325,377e6c029807f325,True,ineligible,True,completed,"{'revision': 1, 'iterations': 40, 'sample_count': 10, 'measurement_iterations_multiplier': 4, 'warmup_iterations': 3, 'gpu_completion_mode': 'per_iteration', 'unit': 'us', 'direction': 'lower_is_better'}"
deck,candidate,vertex_buffer_allocation.tiny.arrays,20261004-162205326-63a65157fc964995b80c7d8ec13eeb88,146487.583,2955982,73899.3,,not evaluated,PASS,377e6c029807f325,377e6c029807f325,True,ineligible,True,completed,"{'revision': 1, 'iterations': 40, 'sample_count': 10, 'measurement_iterations_multiplier': 4, 'warmup_iterations': 3, 'gpu_completion_mode': 'per_iteration', 'unit': 'us', 'direction': 'lower_is_better'}"
deck,candidate,vertex_buffer_allocation.tiny.inline_arrays,20261004-162205326-63a65157fc964995b80c7d8ec13eeb88,146487.583,3400014,85000,,not evaluated,PASS,377e6c029807f325,377e6c029807f325,True,ineligible,True,completed,"{'revision': 1, 'iterations': 40, 'sample_count': 10, 'measurement_iterations_multiplier': 4, 'warmup_iterations': 3, 'gpu_completion_mode': 'per_iteration', 'unit': 'us', 'direction': 'lower_is_better'}"
deck,candidate,vertex_buffer_allocation.tiny.inline_buffers,20261004-162205326-63a65157fc964995b80c7d8ec13eeb88,146487.583,3394664,84866.2,,not evaluated,PASS,377e6c029807f325,377e6c029807f325,True,ineligible,True,completed,"{'revision': 1, 'iterations': 40, 'sample_count': 10, 'measurement_iterations_multiplier': 4, 'warmup_iterations': 3, 'gpu_completion_mode': 'per_iteration', 'unit': 'us', 'direction': 'lower_is_better'}"
deck,candidate,vertex_buffer_allocation.tiny.inline_elements,20261004-162205326-63a65157fc964995b80c7d8ec13eeb88,146487.583,2918674,72966.5,,not evaluated,PASS,377e6c029807f325,377e6c029807f325,True,ineligible,True,completed,"{'revision': 1, 'iterations': 40, 'sample_count': 10, 'measurement_iterations_multiplier': 4, 'warmup_iterations': 3, 'gpu_completion_mode': 'per_iteration', 'unit': 'us', 'direction': 'lower_is_better'}"
deck,candidate,vertex_buffer_allocation.rising_transient_growth,20261004-162205326-63a65157fc964995b80c7d8ec13eeb88,146487.583,5435982,1358995,,not evaluated,PASS,377e6c029807f325,,False,ineligible,True,completed,"{'revision': 1, 'iterations': 4, 'sample_count': 1, 'measurement_iterations_multiplier': 4, 'warmup_iterations': 3, 'gpu_completion_mode': 'per_iteration', 'unit': 'us', 'direction': 'lower_is_better'}"
deck,candidate,vertex_buffer_allocation.disjoint_same_page,20261004-162205326-63a65157fc964995b80c7d8ec13eeb88,146487.583,2773336,69333,,not evaluated,PASS,fdcd25a37910bb25,d93bb411fee61f6d,True,ineligible,True,completed,"{'revision': 1, 'iterations': 40, 'sample_count': 10, 'measurement_iterations_multiplier': 4, 'warmup_iterations': 3, 'gpu_completion_mode': 'per_iteration', 'unit': 'us', 'direction': 'lower_is_better'}"
win,parent,busy_pfifo.pfifo_saturation,20261004-153901848-98556fd0be5a49f1a78f34de3d0f8a6c,49656.3222,3459770,86493.8,,not evaluated,PASS,1508607624bb8506,1508607624bb8506,True,ineligible,True,completed,"{'revision': 1, 'iterations': 40, 'sample_count': 10, 'measurement_iterations_multiplier': 4, 'warmup_iterations': 3, 'gpu_completion_mode': 'per_iteration', 'unit': 'us', 'direction': 'lower_is_better'}"
win,parent,busy_pfifo.pgraph_pattern_polling,20261004-153901848-98556fd0be5a49f1a78f34de3d0f8a6c,49656.3222,18487498,4621874,,not evaluated,PASS,386d0f085e98c325,386d0f085e98c325,True,ineligible,True,completed,"{'revision': 1, 'iterations': 4, 'sample_count': 1, 'measurement_iterations_multiplier': 4, 'warmup_iterations': 3, 'gpu_completion_mode': 'per_iteration', 'unit': 'us', 'direction': 'lower_is_better'}"
win,parent,pfifo_array_elements.array_element_pgr2,20261004-153901848-98556fd0be5a49f1a78f34de3d0f8a6c,49656.3222,14773,461.125,,not evaluated,PASS,bbc8b0702ffd0325,bbc8b0702ffd0325,True,ineligible,True,completed,"{'revision': 1, 'iterations': 32, 'sample_count': 8, 'measurement_iterations_multiplier': 4, 'warmup_iterations': 3, 'gpu_completion_mode': 'per_iteration', 'unit': 'us', 'direction': 'lower_is_better'}"
win,parent,pfifo_array_elements.array_element16,20261004-153901848-98556fd0be5a49f1a78f34de3d0f8a6c,49656.3222,16905,528,,not evaluated,PASS,9c884de2a5d32325,9c884de2a5d32325,True,ineligible,True,completed,"{'revision': 1, 'iterations': 32, 'sample_count': 8, 'measurement_iterations_multiplier': 4, 'warmup_iterations': 3, 'gpu_completion_mode': 'per_iteration', 'unit': 'us', 'direction': 'lower_is_better'}"
win,parent,pfifo_array_elements.array_element32,20261004-153901848-98556fd0be5a49f1a78f34de3d0f8a6c,49656.3222,30043,938.5,,not evaluated,PASS,e079f0cf1a994325,e079f0cf1a994325,True,ineligible,True,completed,"{'revision': 1, 'iterations': 32, 'sample_count': 8, 'measurement_iterations_multiplier': 4, 'warmup_iterations': 3, 'gpu_completion_mode': 'per_iteration', 'unit': 'us', 'direction': 'lower_is_better'}"
win,parent,pfifo_packet_boundary.array_element16_overflow,20261004-153901848-98556fd0be5a49f1a78f34de3d0f8a6c,49656.3222,58991,14747,,not evaluated,PASS,4d1756526f052325,,False,ineligible,True,completed,"{'revision': 1, 'iterations': 4, 'sample_count': 1, 'measurement_iterations_multiplier': 4, 'warmup_iterations': 3, 'gpu_completion_mode': 'per_iteration', 'unit': 'us', 'direction': 'lower_is_better'}"
win,parent,pfifo_packet_boundary.array_element32_overflow,20261004-153901848-98556fd0be5a49f1a78f34de3d0f8a6c,49656.3222,118850,29712,,not evaluated,PASS,6eb7071be692a325,,False,ineligible,True,completed,"{'revision': 1, 'iterations': 4, 'sample_count': 1, 'measurement_iterations_multiplier': 4, 'warmup_iterations': 3, 'gpu_completion_mode': 'per_iteration', 'unit': 'us', 'direction': 'lower_is_better'}"
win,parent,pfifo_packet_boundary.inline_array_overflow,20261004-153901848-98556fd0be5a49f1a78f34de3d0f8a6c,49656.3222,117436,29359,,not evaluated,PASS,847da1930526a325,,False,ineligible,True,completed,"{'revision': 1, 'iterations': 4, 'sample_count': 1, 'measurement_iterations_multiplier': 4, 'warmup_iterations': 3, 'gpu_completion_mode': 'per_iteration', 'unit': 'us', 'direction': 'lower_is_better'}"
win,parent,pfifo_packet_boundary.incrementing_inline_fallback,20261004-153901848-98556fd0be5a49f1a78f34de3d0f8a6c,49656.3222,111,27,,not evaluated,PASS,640439ee8ecd2325,,False,ineligible,True,completed,"{'revision': 1, 'iterations': 4, 'sample_count': 1, 'measurement_iterations_multiplier': 4, 'warmup_iterations': 3, 'gpu_completion_mode': 'per_iteration', 'unit': 'us', 'direction': 'lower_is_better'}"
win,parent,cpu_floating_point.sse_scalar,20261004-153954123-a0796dd52d62413e8bed85096e52a51d,107825.7837,21385412,534634.8,534634.8,passed,PASS,6962077c244da325,6962077c244da325,True,ineligible,True,completed,"{'revision': 1, 'iterations': 40, 'sample_count': 10, 'measurement_iterations_multiplier': 4, 'warmup_iterations': 3, 'gpu_completion_mode': 'per_iteration', 'unit': 'us', 'direction': 'lower_is_better'}"
win,parent,cpu_floating_point.x87_scalar,20261004-153954123-a0796dd52d62413e8bed85096e52a51d,107825.7837,33073725,826842.8,826842.8,passed,PASS,6962077c244da325,6962077c244da325,True,ineligible,True,completed,"{'revision': 1, 'iterations': 40, 'sample_count': 10, 'measurement_iterations_multiplier': 4, 'warmup_iterations': 3, 'gpu_completion_mode': 'per_iteration', 'unit': 'us', 'direction': 'lower_is_better'}"
win,parent,cpu_translation_blocks.direct_loop,20261004-153954123-a0796dd52d62413e8bed85096e52a51d,107825.7837,396080,9901.5,9901.5,passed,PASS,bd1fc9bf0c318325,bd1fc9bf0c318325,True,ineligible,True,completed,"{'revision': 1, 'iterations': 40, 'sample_count': 10, 'measurement_iterations_multiplier': 4, 'warmup_iterations': 3, 'gpu_completion_mode': 'per_iteration', 'unit': 'us', 'direction': 'lower_is_better'}"
win,parent,cpu_translation_blocks.indirect_dispatch,20261004-153954123-a0796dd52d62413e8bed85096e52a51d,107825.7837,1627696,40692,40692,passed,PASS,c0426cf669a02325,c0426cf669a02325,True,ineligible,True,completed,"{'revision': 1, 'iterations': 40, 'sample_count': 10, 'measurement_iterations_multiplier': 4, 'warmup_iterations': 3, 'gpu_completion_mode': 'per_iteration', 'unit': 'us', 'direction': 'lower_is_better'}"
win,parent,cpu_translation_blocks.indirect_dispatch_stress,20261004-153954123-a0796dd52d62413e8bed85096e52a51d,107825.7837,32316915,807922.4,807922.4,passed,PASS,fbd507cb0c622325,fbd507cb0c622325,True,ineligible,True,completed,"{'revision': 1, 'iterations': 40, 'sample_count': 10, 'measurement_iterations_multiplier': 4, 'warmup_iterations': 3, 'gpu_completion_mode': 'per_iteration', 'unit': 'us', 'direction': 'lower_is_better'}"
win,parent,fill_rate.solid,20261004-154144555-aa4f9c21109c40f6b9672cbfacf0963c,12226.7541,67046,1675.7,1675.7,passed,PASS,08b0f60773aac775,08b0f60773aac775,True,ineligible,True,completed,"{'revision': 1, 'iterations': 40, 'sample_count': 10, 'measurement_iterations_multiplier': 4, 'warmup_iterations': 3, 'gpu_completion_mode': 'per_iteration', 'unit': 'us', 'direction': 'lower_is_better'}"
win,parent,fill_rate.textured,20261004-154144555-aa4f9c21109c40f6b9672cbfacf0963c,12226.7541,49797,1244.6,1244.6,passed,PASS,99b433323df1684d,99b433323df1684d,True,ineligible,True,completed,"{'revision': 1, 'iterations': 40, 'sample_count': 10, 'measurement_iterations_multiplier': 4, 'warmup_iterations': 3, 'gpu_completion_mode': 'per_iteration', 'unit': 'us', 'direction': 'lower_is_better'}"
win,parent,pipeline_texture_switch.clear_texture_normal,20261004-154159385-4bb483f2fc7c4282a1c3fdc81b31ba54,16121.1624,412607,12893.625,,not evaluated,PASS,22ba4f1405cda325,22ba4f1405cda325,True,ineligible,True,completed,"{'revision': 1, 'iterations': 32, 'sample_count': 8, 'measurement_iterations_multiplier': 4, 'warmup_iterations': 3, 'gpu_completion_mode': 'per_iteration', 'unit': 'us', 'direction': 'lower_is_better'}"
win,parent,pipeline_texture_switch.palette_dma_remap,20261004-154159385-4bb483f2fc7c4282a1c3fdc81b31ba54,16121.1624,66497,16624,,not evaluated,PASS,fbf687de65082325,,False,ineligible,True,completed,"{'revision': 1, 'iterations': 4, 'sample_count': 1, 'measurement_iterations_multiplier': 4, 'warmup_iterations': 3, 'gpu_completion_mode': 'per_iteration', 'unit': 'us', 'direction': 'lower_is_better'}"
win,parent,pipeline_texture_switch.palette_only_update,20261004-154159385-4bb483f2fc7c4282a1c3fdc81b31ba54,16121.1624,73816,18454,,not evaluated,PASS,467aab2f95cda325,,False,ineligible,True,completed,"{'revision': 1, 'iterations': 4, 'sample_count': 1, 'measurement_iterations_multiplier': 4, 'warmup_iterations': 3, 'gpu_completion_mode': 'per_iteration', 'unit': 'us', 'direction': 'lower_is_better'}"
win,parent,pipeline_texture_switch.sampler_only_identity,20261004-154159385-4bb483f2fc7c4282a1c3fdc81b31ba54,16121.1624,739989,23124.375,,not evaluated,PASS,0b8438c8404da325,0b8438c8404da325,True,ineligible,True,completed,"{'revision': 1, 'iterations': 32, 'sample_count': 8, 'measurement_iterations_multiplier': 4, 'warmup_iterations': 3, 'gpu_completion_mode': 'per_iteration', 'unit': 'us', 'direction': 'lower_is_better'}"
win,parent,pipeline_texture_switch.shader_negative_control,20261004-154159385-4bb483f2fc7c4282a1c3fdc81b31ba54,16121.1624,589771,18429.875,,not evaluated,PASS,f110c8bd6338c325,f110c8bd6338c325,True,ineligible,True,completed,"{'revision': 1, 'iterations': 32, 'sample_count': 8, 'measurement_iterations_multiplier': 4, 'warmup_iterations': 3, 'gpu_completion_mode': 'per_iteration', 'unit': 'us', 'direction': 'lower_is_better'}"
win,parent,pipeline_texture_switch.shared_page_overlap,20261004-154159385-4bb483f2fc7c4282a1c3fdc81b31ba54,16121.1624,74443,18610,,not evaluated,PASS,83bb59a8648da325,,False,ineligible,True,completed,"{'revision': 1, 'iterations': 4, 'sample_count': 1, 'measurement_iterations_multiplier': 4, 'warmup_iterations': 3, 'gpu_completion_mode': 'per_iteration', 'unit': 'us', 'direction': 'lower_is_better'}"
win,parent,pipeline_texture_switch.texture_dma_remap,20261004-154159385-4bb483f2fc7c4282a1c3fdc81b31ba54,16121.1624,66819,16704,,not evaluated,PASS,fbf687de65082325,,False,ineligible,True,completed,"{'revision': 1, 'iterations': 4, 'sample_count': 1, 'measurement_iterations_multiplier': 4, 'warmup_iterations': 3, 'gpu_completion_mode': 'per_iteration', 'unit': 'us', 'direction': 'lower_is_better'}"
win,parent,pipeline_texture_switch.texture_switch,20261004-154159385-4bb483f2fc7c4282a1c3fdc81b31ba54,16121.1624,606367,18948.5,,not evaluated,PASS,8ae05d31fb00c325,8ae05d31fb00c325,True,ineligible,True,completed,"{'revision': 1, 'iterations': 32, 'sample_count': 8, 'measurement_iterations_multiplier': 4, 'warmup_iterations': 3, 'gpu_completion_mode': 'per_iteration', 'unit': 'us', 'direction': 'lower_is_better'}"
win,parent,report_query.clear_boundary,20261004-154218113-292d5ec5c58c44c7b2a87b0a86c044a0,12578.7774,17760,1109.5,,not evaluated,PASS,b5eb7c4b9c8da325,,False,ineligible,True,completed,"{'revision': 2, 'iterations': 16, 'sample_count': 4, 'measurement_iterations_multiplier': 4, 'warmup_iterations': 3, 'gpu_completion_mode': 'per_iteration', 'unit': 'us', 'direction': 'lower_is_better'}"
win,parent,report_query.dma_descriptor_rewrite,20261004-154218113-292d5ec5c58c44c7b2a87b0a86c044a0,12578.7774,3802,3802,,not evaluated,PASS,c0c0fdbececda325,,False,ineligible,True,completed,"{'revision': 2, 'iterations': 1, 'sample_count': 1, 'measurement_iterations_multiplier': 1, 'warmup_iterations': 0, 'gpu_completion_mode': 'per_iteration', 'unit': 'us', 'direction': 'lower_is_better'}"
win,parent,report_query.dma_range_guard,20261004-154218113-292d5ec5c58c44c7b2a87b0a86c044a0,12578.7774,1715,1715,,not evaluated,PASS,3f648ce11a4da325,,False,ineligible,True,completed,"{'revision': 2, 'iterations': 1, 'sample_count': 1, 'measurement_iterations_multiplier': 1, 'warmup_iterations': 0, 'gpu_completion_mode': 'per_iteration', 'unit': 'us', 'direction': 'lower_is_better'}"
win,parent,report_query.dma_target_switch,20261004-154218113-292d5ec5c58c44c7b2a87b0a86c044a0,12578.7774,21408,1337.5,,not evaluated,PASS,4c4bd8cd440da325,,False,ineligible,True,completed,"{'revision': 2, 'iterations': 16, 'sample_count': 4, 'measurement_iterations_multiplier': 4, 'warmup_iterations': 3, 'gpu_completion_mode': 'per_iteration', 'unit': 'us', 'direction': 'lower_is_better'}"
win,parent,report_query.fifo_producer_ordering,20261004-154218113-292d5ec5c58c44c7b2a87b0a86c044a0,12578.7774,21694,1355.75,,not evaluated,PASS,0d907c24a88da325,,False,ineligible,True,completed,"{'revision': 2, 'iterations': 16, 'sample_count': 4, 'measurement_iterations_multiplier': 4, 'warmup_iterations': 3, 'gpu_completion_mode': 'per_iteration', 'unit': 'us', 'direction': 'lower_is_better'}"
win,parent,report_query.multiple_boundaries,20261004-154218113-292d5ec5c58c44c7b2a87b0a86c044a0,12578.7774,12050,752.75,,not evaluated,PASS,0c966fc9ba4da325,,False,ineligible,True,completed,"{'revision': 2, 'iterations': 16, 'sample_count': 4, 'measurement_iterations_multiplier': 4, 'warmup_iterations': 3, 'gpu_completion_mode': 'per_iteration', 'unit': 'us', 'direction': 'lower_is_better'}"
win,parent,report_query.single_boundary,20261004-154218113-292d5ec5c58c44c7b2a87b0a86c044a0,12578.7774,15097,943,,not evaluated,PASS,60e674c9fecda325,,False,ineligible,True,completed,"{'revision': 2, 'iterations': 16, 'sample_count': 4, 'measurement_iterations_multiplier': 4, 'warmup_iterations': 3, 'gpu_completion_mode': 'per_iteration', 'unit': 'us', 'direction': 'lower_is_better'}"
win,parent,report_query.zero_query,20261004-154218113-292d5ec5c58c44c7b2a87b0a86c044a0,12578.7774,9863,615.75,,not evaluated,PASS,23875dfeb40da325,,False,ineligible,True,completed,"{'revision': 2, 'iterations': 16, 'sample_count': 4, 'measurement_iterations_multiplier': 4, 'warmup_iterations': 3, 'gpu_completion_mode': 'per_iteration', 'unit': 'us', 'direction': 'lower_is_better'}"
win,parent,shader_lifecycle.readiness_train_visible,20261004-154233303-a12d49cb9d5a45d2b3b3e450a3bd00d4,22177.6628,66354,16588,,not evaluated,PASS,d4c939c4f0ce4325,,False,ineligible,True,completed,"{'revision': 1, 'iterations': 4, 'sample_count': 1, 'measurement_iterations_multiplier': 4, 'warmup_iterations': 3, 'gpu_completion_mode': 'per_iteration', 'unit': 'us', 'direction': 'lower_is_better'}"
win,parent,shader_lifecycle.readiness_replay_visible,20261004-154258097-3548f8a863f145dd8db242a9e5d7f7a9,22129.3028,65872,16468,,not evaluated,PASS,d4c939c4f0ce4325,,False,ineligible,True,completed,"{'revision': 1, 'iterations': 4, 'sample_count': 1, 'measurement_iterations_multiplier': 4, 'warmup_iterations': 3, 'gpu_completion_mode': 'per_iteration', 'unit': 'us', 'direction': 'lower_is_better'}"
win,parent,shader_lifecycle.readiness_identical_replay,20261004-154322835-40cb19f3e5224d8d923ab5054234d3a6,50143.8345,16065300,4016325,,not evaluated,PASS,70615ec6b77f8325,,False,ineligible,True,completed,"{'revision': 1, 'iterations': 4, 'sample_count': 1, 'measurement_iterations_multiplier': 4, 'warmup_iterations': 3, 'gpu_completion_mode': 'per_iteration', 'unit': 'us', 'direction': 'lower_is_better'}"
win,parent,shader_lifecycle.readiness_uniform_only,20261004-154416100-9faf508bff8d4b77a2cb08191ee65f01,22096.301,66311,16577,,not evaluated,PASS,113d534d51f95325,,False,ineligible,True,completed,"{'revision': 1, 'iterations': 4, 'sample_count': 1, 'measurement_iterations_multiplier': 4, 'warmup_iterations': 3, 'gpu_completion_mode': 'per_iteration', 'unit': 'us', 'direction': 'lower_is_better'}"
win,parent,shader_lifecycle.readiness_early_demand,20261004-154440808-71e84260a0704c319c6a961ccf893e2d,22150.2276,66015,16503,,not evaluated,PASS,d4c939c4f0ce4325,,False,ineligible,True,completed,"{'revision': 1, 'iterations': 4, 'sample_count': 1, 'measurement_iterations_multiplier': 4, 'warmup_iterations': 3, 'gpu_completion_mode': 'per_iteration', 'unit': 'us', 'direction': 'lower_is_better'}"
win,parent,game_load.long_unlocked_scene.cpu,20261004-154505558-2b9987bf238c47008495d4bcf8bb851e,91113.9069,784745,24522.75,24522.75,passed,PASS,7c59a4dc0f8ba325,7c59a4dc0f8ba325,True,ineligible,True,completed,"{'revision': 1, 'iterations': 32, 'sample_count': 8, 'measurement_iterations_multiplier': 4, 'warmup_iterations': 3, 'gpu_completion_mode': 'per_iteration', 'unit': 'us', 'direction': 'lower_is_better'}"
win,parent,game_load.long_unlocked_scene.pfifo,20261004-154505558-2b9987bf238c47008495d4bcf8bb851e,91113.9069,192649,6019.75,6019.75,passed,PASS,7c59a4dc0f8ba325,7c59a4dc0f8ba325,True,ineligible,True,completed,"{'revision': 1, 'iterations': 32, 'sample_count': 8, 'measurement_iterations_multiplier': 4, 'warmup_iterations': 3, 'gpu_completion_mode': 'per_iteration', 'unit': 'us', 'direction': 'lower_is_better'}"
win,parent,game_load.long_unlocked_scene.alpha_overdraw,20261004-154505558-2b9987bf238c47008495d4bcf8bb851e,91113.9069,1617170,50536.25,50536.25,passed,PASS,7c59a4dc0f8ba325,7c59a4dc0f8ba325,True,ineligible,True,completed,"{'revision': 1, 'iterations': 32, 'sample_count': 8, 'measurement_iterations_multiplier': 4, 'warmup_iterations': 3, 'gpu_completion_mode': 'per_iteration', 'unit': 'us', 'direction': 'lower_is_better'}"
win,parent,game_load.long_unlocked_scene.streaming_surface_reuse,20261004-154505558-2b9987bf238c47008495d4bcf8bb851e,91113.9069,520902,16277.875,16277.875,passed,PASS,7c59a4dc0f8ba325,7c59a4dc0f8ba325,True,ineligible,True,completed,"{'revision': 1, 'iterations': 32, 'sample_count': 8, 'measurement_iterations_multiplier': 4, 'warmup_iterations': 3, 'gpu_completion_mode': 'per_iteration', 'unit': 'us', 'direction': 'lower_is_better'}"
win,parent,game_load.long_unlocked_scene.combined,20261004-154505558-2b9987bf238c47008495d4bcf8bb851e,91113.9069,3144575,98267.625,98267.625,passed,PASS,7c59a4dc0f8ba325,7c59a4dc0f8ba325,True,ineligible,True,completed,"{'revision': 1, 'iterations': 32, 'sample_count': 8, 'measurement_iterations_multiplier': 4, 'warmup_iterations': 3, 'gpu_completion_mode': 'per_iteration', 'unit': 'us', 'direction': 'lower_is_better'}"
win,parent,game_load.long_unlocked_scene.full_system,20261004-154505558-2b9987bf238c47008495d4bcf8bb851e,91113.9069,3158958,98717.125,98717.125,passed,PASS,7c59a4dc0f8ba325,7c59a4dc0f8ba325,True,ineligible,True,completed,"{'revision': 1, 'iterations': 32, 'sample_count': 8, 'measurement_iterations_multiplier': 4, 'warmup_iterations': 3, 'gpu_completion_mode': 'per_iteration', 'unit': 'us', 'direction': 'lower_is_better'}"
win,parent,game_load.cross_title_hotpath.queued_vertex_cpu_writes,20261004-154505558-2b9987bf238c47008495d4bcf8bb851e,91113.9069,2133784,66680.125,66680.125,passed,PASS,cf19c8d27e2aa325,cf19c8d27e2aa325,True,ineligible,True,completed,"{'revision': 1, 'iterations': 32, 'sample_count': 8, 'measurement_iterations_multiplier': 4, 'warmup_iterations': 3, 'gpu_completion_mode': 'per_iteration', 'unit': 'us', 'direction': 'lower_is_better'}"
win,parent,game_load.cross_title_hotpath.pgr2_small_draws,20261004-154505558-2b9987bf238c47008495d4bcf8bb851e,91113.9069,4072815,127275,127275,passed,PASS,2a1e0148d2c0e325,2a1e0148d2c0e325,True,ineligible,True,completed,"{'revision': 1, 'iterations': 32, 'sample_count': 8, 'measurement_iterations_multiplier': 4, 'warmup_iterations': 3, 'gpu_completion_mode': 'per_iteration', 'unit': 'us', 'direction': 'lower_is_better'}"
win,parent,game_load.cross_title_hotpath.texture_update_reuse,20261004-154505558-2b9987bf238c47008495d4bcf8bb851e,91113.9069,95685,2989.625,2989.625,passed,PASS,5612bef321a56325,5612bef321a56325,True,ineligible,True,completed,"{'revision': 1, 'iterations': 32, 'sample_count': 8, 'measurement_iterations_multiplier': 4, 'warmup_iterations': 3, 'gpu_completion_mode': 'per_iteration', 'unit': 'us', 'direction': 'lower_is_better'}"
win,parent,game_load.cross_title_hotpath.surface_reuse,20261004-154505558-2b9987bf238c47008495d4bcf8bb851e,91113.9069,210286,6571,6571,passed,PASS,846d9f21b7c6a325,846d9f21b7c6a325,True,ineligible,True,completed,"{'revision': 1, 'iterations': 32, 'sample_count': 8, 'measurement_iterations_multiplier': 4, 'warmup_iterations': 3, 'gpu_completion_mode': 'per_iteration', 'unit': 'us', 'direction': 'lower_is_better'}"
win,parent,game_load.cross_title_hotpath.pipeline_state_churn,20261004-154505558-2b9987bf238c47008495d4bcf8bb851e,91113.9069,2133243,66663.375,66663.375,passed,PASS,22f040b2add4a325,22f040b2add4a325,True,ineligible,True,completed,"{'revision': 1, 'iterations': 32, 'sample_count': 8, 'measurement_iterations_multiplier': 4, 'warmup_iterations': 3, 'gpu_completion_mode': 'per_iteration', 'unit': 'us', 'direction': 'lower_is_better'}"
win,parent,game_load.cross_title_hotpath.blend_constant_reuse,20261004-154505558-2b9987bf238c47008495d4bcf8bb851e,91113.9069,3733249,116663.5,116663.5,passed,PASS,a08ca118008fa325,a08ca118008fa325,True,ineligible,True,completed,"{'revision': 1, 'iterations': 32, 'sample_count': 8, 'measurement_iterations_multiplier': 4, 'warmup_iterations': 3, 'gpu_completion_mode': 'per_iteration', 'unit': 'us', 'direction': 'lower_is_better'}"
win,parent,game_load.cross_title_hotpath.texture_binding_reuse,20261004-154505558-2b9987bf238c47008495d4bcf8bb851e,91113.9069,4798190,149943,149943,passed,PASS,dfaaa3022df6a325,dfaaa3022df6a325,True,ineligible,True,completed,"{'revision': 1, 'iterations': 32, 'sample_count': 8, 'measurement_iterations_multiplier': 4, 'warmup_iterations': 3, 'gpu_completion_mode': 'per_iteration', 'unit': 'us', 'direction': 'lower_is_better'}"
win,parent,game_load.cross_title_hotpath.pgr2_lagspot_inline_elements,20261004-154505558-2b9987bf238c47008495d4bcf8bb851e,91113.9069,3264584,102017.75,102017.75,passed,PASS,1289219c28d5a325,1289219c28d5a325,True,ineligible,True,completed,"{'revision': 1, 'iterations': 32, 'sample_count': 8, 'measurement_iterations_multiplier': 4, 'warmup_iterations': 3, 'gpu_completion_mode': 'per_iteration', 'unit': 'us', 'direction': 'lower_is_better'}"
win,parent,game_load.cross_title_hotpath.scaled_surface_pressure,20261004-154505558-2b9987bf238c47008495d4bcf8bb851e,91113.9069,9364771,292648.75,292648.75,passed,PASS,e81e5b4a4675a325,e81e5b4a4675a325,True,ineligible,True,completed,"{'revision': 1, 'iterations': 32, 'sample_count': 8, 'measurement_iterations_multiplier': 4, 'warmup_iterations': 3, 'gpu_completion_mode': 'per_iteration', 'unit': 'us', 'direction': 'lower_is_better'}"
win,parent,game_load.cross_title_hotpath.s3tc_streaming_fenced_draws,20261004-154505558-2b9987bf238c47008495d4bcf8bb851e,91113.9069,31738078,991814.5,991814.5,passed,PASS,a0f51c6c46a52325,a0f51c6c46a52325,True,ineligible,True,completed,"{'revision': 1, 'iterations': 32, 'sample_count': 8, 'measurement_iterations_multiplier': 4, 'warmup_iterations': 3, 'gpu_completion_mode': 'per_iteration', 'unit': 'us', 'direction': 'lower_is_better'}"
win,parent,game_load.cross_title_hotpath.gpu_wait_control,20261004-154505558-2b9987bf238c47008495d4bcf8bb851e,91113.9069,37335,1166.125,1166.125,passed,PASS,828855c0a34e2325,828855c0a34e2325,True,ineligible,True,completed,"{'revision': 1, 'iterations': 32, 'sample_count': 8, 'measurement_iterations_multiplier': 4, 'warmup_iterations': 3, 'gpu_completion_mode': 'per_iteration', 'unit': 'us', 'direction': 'lower_is_better'}"
win,parent,game_load.s3tc_sync_factor.dxt1_same_address_wait,20261004-154639277-20a5c104c9fc479288b76550b2fcb0ab,33871.4091,529763,16554.875,16554.875,failed,PASS,3403675459d4d3d5,db28300321744de5,True,ineligible,True,completed,"{'revision': 1, 'iterations': 32, 'sample_count': 8, 'measurement_iterations_multiplier': 4, 'warmup_iterations': 3, 'gpu_completion_mode': 'per_iteration', 'unit': 'us', 'direction': 'lower_is_better'}"
win,parent,game_load.s3tc_sync_factor.dxt1_same_address_queued,20261004-154639277-20a5c104c9fc479288b76550b2fcb0ab,33871.4091,533225,16662.875,16662.875,failed,PASS,c6c615dd6593cd9b,9998993e8dcf6939,True,ineligible,True,completed,"{'revision': 1, 'iterations': 32, 'sample_count': 8, 'measurement_iterations_multiplier': 4, 'warmup_iterations': 3, 'gpu_completion_mode': 'per_iteration', 'unit': 'us', 'direction': 'lower_is_better'}"
win,parent,game_load.s3tc_sync_factor.dxt1_ring_payload_generations,20261004-154639277-20a5c104c9fc479288b76550b2fcb0ab,33871.4091,1050100,32815.125,32815.125,failed,PASS,3403675459d4d3d5,db28300321744de5,True,ineligible,True,completed,"{'revision': 1, 'iterations': 32, 'sample_count': 8, 'measurement_iterations_multiplier': 4, 'warmup_iterations': 3, 'gpu_completion_mode': 'per_iteration', 'unit': 'us', 'direction': 'lower_is_better'}"
win,parent,game_load.s3tc_sync_factor.dxt1_dirty_once_redraw,20261004-154639277-20a5c104c9fc479288b76550b2fcb0ab,33871.4091,533235,16663.25,16663.25,passed,PASS,428c04bbb0a62725,428c04bbb0a62725,True,ineligible,True,completed,"{'revision': 1, 'iterations': 32, 'sample_count': 8, 'measurement_iterations_multiplier': 4, 'warmup_iterations': 3, 'gpu_completion_mode': 'per_iteration', 'unit': 'us', 'direction': 'lower_is_better'}"
win,parent,game_load.s3tc_sync_factor.rgba8_same_address_wait,20261004-154639277-20a5c104c9fc479288b76550b2fcb0ab,33871.4091,1601179,50036.375,50036.375,passed,PASS,3403675459d4d3d5,3403675459d4d3d5,True,ineligible,True,completed,"{'revision': 1, 'iterations': 32, 'sample_count': 8, 'measurement_iterations_multiplier': 4, 'warmup_iterations': 3, 'gpu_completion_mode': 'per_iteration', 'unit': 'us', 'direction': 'lower_is_better'}"
win,parent,game_load.s3tc_sync_factor.rgba8_same_address_queued,20261004-154639277-20a5c104c9fc479288b76550b2fcb0ab,33871.4091,1597981,49936.5,49936.5,failed,PASS,aff257fce74a117b,719d8f45c46b69f6,True,ineligible,True,completed,"{'revision': 1, 'iterations': 32, 'sample_count': 8, 'measurement_iterations_multiplier': 4, 'warmup_iterations': 3, 'gpu_completion_mode': 'per_iteration', 'unit': 'us', 'direction': 'lower_is_better'}"
win,parent,game_load.s3tc_sync_factor.rgba8_ring_payload_generations,20261004-154639277-20a5c104c9fc479288b76550b2fcb0ab,33871.4091,4266346,133323,133323,passed,PASS,3403675459d4d3d5,3403675459d4d3d5,True,ineligible,True,completed,"{'revision': 1, 'iterations': 32, 'sample_count': 8, 'measurement_iterations_multiplier': 4, 'warmup_iterations': 3, 'gpu_completion_mode': 'per_iteration', 'unit': 'us', 'direction': 'lower_is_better'}"
win,parent,game_load.s3tc_sync_factor.rgba8_dirty_once_redraw,20261004-154639277-20a5c104c9fc479288b76550b2fcb0ab,33871.4091,533196,16661.875,16661.875,passed,PASS,428c04bbb0a62725,428c04bbb0a62725,True,ineligible,True,completed,"{'revision': 1, 'iterations': 32, 'sample_count': 8, 'measurement_iterations_multiplier': 4, 'warmup_iterations': 3, 'gpu_completion_mode': 'per_iteration', 'unit': 'us', 'direction': 'lower_is_better'}"
win,parent,game_load.s3tc_sync_factor.bc2_native_eligible,20261004-154639277-20a5c104c9fc479288b76550b2fcb0ab,33871.4091,1083759,33867.125,33867.125,failed,PASS,3403675459d4d3d5,db28300321744de5,True,ineligible,True,completed,"{'revision': 1, 'iterations': 32, 'sample_count': 8, 'measurement_iterations_multiplier': 4, 'warmup_iterations': 3, 'gpu_completion_mode': 'per_iteration', 'unit': 'us', 'direction': 'lower_is_better'}"
win,parent,game_load.s3tc_sync_factor.bc2_bordered_fallback,20261004-154639277-20a5c104c9fc479288b76550b2fcb0ab,33871.4091,3217292,100540.125,100540.125,passed,PASS,db28300321744de5,db28300321744de5,True,ineligible,True,completed,"{'revision': 1, 'iterations': 32, 'sample_count': 8, 'measurement_iterations_multiplier': 4, 'warmup_iterations': 3, 'gpu_completion_mode': 'per_iteration', 'unit': 'us', 'direction': 'lower_is_better'}"
win,parent,game_load.s3tc_sync_factor.bc3_native_eligible,20261004-154639277-20a5c104c9fc479288b76550b2fcb0ab,33871.4091,1066858,33339,33339,failed,PASS,3403675459d4d3d5,db28300321744de5,True,ineligible,True,completed,"{'revision': 1, 'iterations': 32, 'sample_count': 8, 'measurement_iterations_multiplier': 4, 'warmup_iterations': 3, 'gpu_completion_mode': 'per_iteration', 'unit': 'us', 'direction': 'lower_is_better'}"
win,parent,game_load.s3tc_sync_factor.bc3_bordered_fallback,20261004-154639277-20a5c104c9fc479288b76550b2fcb0ab,33871.4091,3199322,99978.375,99978.375,passed,PASS,db28300321744de5,db28300321744de5,True,ineligible,True,completed,"{'revision': 1, 'iterations': 32, 'sample_count': 8, 'measurement_iterations_multiplier': 4, 'warmup_iterations': 3, 'gpu_completion_mode': 'per_iteration', 'unit': 'us', 'direction': 'lower_is_better'}"
win,parent,game_load.repeated_display,20261004-154715755-66fdeda52d4c4350b402984121980121,23129.2136,532770,16648.625,16648.625,passed,PASS,36f446003b9d6325,36f446003b9d6325,True,ineligible,True,completed,"{'revision': 1, 'iterations': 32, 'sample_count': 8, 'measurement_iterations_multiplier': 4, 'warmup_iterations': 3, 'gpu_completion_mode': 'per_iteration', 'unit': 'us', 'direction': 'lower_is_better'}"
win,parent,game_load.repeated_display_boosted,20261004-154715755-66fdeda52d4c4350b402984121980121,23129.2136,1600077,50002.125,50002.125,passed,PASS,b2bc760cb1fba325,b2bc760cb1fba325,True,ineligible,True,completed,"{'revision': 1, 'iterations': 32, 'sample_count': 8, 'measurement_iterations_multiplier': 4, 'warmup_iterations': 3, 'gpu_completion_mode': 'per_iteration', 'unit': 'us', 'direction': 'lower_is_better'}"
win,parent,game_load.doax_menu_representative.cpu_only,20261004-154715755-66fdeda52d4c4350b402984121980121,23129.2136,447268,13976.75,13976.75,passed,PASS,5abb9d9faaa22325,5abb9d9faaa22325,True,ineligible,True,completed,"{'revision': 1, 'iterations': 32, 'sample_count': 8, 'measurement_iterations_multiplier': 4, 'warmup_iterations': 3, 'gpu_completion_mode': 'per_iteration', 'unit': 'us', 'direction': 'lower_is_better'}"
win,parent,game_load.doax_menu_representative.pfifo_only,20261004-154715755-66fdeda52d4c4350b402984121980121,23129.2136,79465,2483.125,2483.125,passed,PASS,f9826bbdd7912325,f9826bbdd7912325,True,ineligible,True,completed,"{'revision': 1, 'iterations': 32, 'sample_count': 8, 'measurement_iterations_multiplier': 4, 'warmup_iterations': 3, 'gpu_completion_mode': 'per_iteration', 'unit': 'us', 'direction': 'lower_is_better'}"
win,parent,game_load.doax_menu_representative.gpu_only,20261004-154715755-66fdeda52d4c4350b402984121980121,23129.2136,584915,18278.25,18278.25,passed,PASS,d3984ab7dcb8e325,d3984ab7dcb8e325,True,ineligible,True,completed,"{'revision': 1, 'iterations': 32, 'sample_count': 8, 'measurement_iterations_multiplier': 4, 'warmup_iterations': 3, 'gpu_completion_mode': 'per_iteration', 'unit': 'us', 'direction': 'lower_is_better'}"
win,parent,game_load.doax_menu_representative.streaming_only,20261004-154715755-66fdeda52d4c4350b402984121980121,23129.2136,175158,5473.25,5473.25,passed,PASS,491294aadc23a325,491294aadc23a325,True,ineligible,True,completed,"{'revision': 1, 'iterations': 32, 'sample_count': 8, 'measurement_iterations_multiplier': 4, 'warmup_iterations': 3, 'gpu_completion_mode': 'per_iteration', 'unit': 'us', 'direction': 'lower_is_better'}"
win,parent,game_load.doax_menu_representative.cpu_pfifo_gpu,20261004-154715755-66fdeda52d4c4350b402984121980121,23129.2136,1109097,34658.875,34658.875,passed,PASS,302026d9f9232325,302026d9f9232325,True,ineligible,True,completed,"{'revision': 1, 'iterations': 32, 'sample_count': 8, 'measurement_iterations_multiplier': 4, 'warmup_iterations': 3, 'gpu_completion_mode': 'per_iteration', 'unit': 'us', 'direction': 'lower_is_better'}"
win,parent,game_load.doax_menu_representative.cpu_pfifo_gpu_streaming,20261004-154715755-66fdeda52d4c4350b402984121980121,23129.2136,1240711,38771.875,38771.875,passed,PASS,9e98944350a52325,9e98944350a52325,True,ineligible,True,completed,"{'revision': 1, 'iterations': 32, 'sample_count': 8, 'measurement_iterations_multiplier': 4, 'warmup_iterations': 3, 'gpu_completion_mode': 'per_iteration', 'unit': 'us', 'direction': 'lower_is_better'}"
win,parent,game_load.doax_menu_representative.full_system,20261004-154715755-66fdeda52d4c4350b402984121980121,23129.2136,1250218,39069,39069,passed,PASS,7896e875a8ad2325,7896e875a8ad2325,True,ineligible,True,completed,"{'revision': 1, 'iterations': 32, 'sample_count': 8, 'measurement_iterations_multiplier': 4, 'warmup_iterations': 3, 'gpu_completion_mode': 'per_iteration', 'unit': 'us', 'direction': 'lower_is_better'}"
win,parent,game_load.doax_menu_stress.cpu_only,20261004-154715755-66fdeda52d4c4350b402984121980121,23129.2136,886951,27716.875,27716.875,passed,PASS,4b7c157e1e9ce325,4b7c157e1e9ce325,True,ineligible,True,completed,"{'revision': 1, 'iterations': 32, 'sample_count': 8, 'measurement_iterations_multiplier': 4, 'warmup_iterations': 3, 'gpu_completion_mode': 'per_iteration', 'unit': 'us', 'direction': 'lower_is_better'}"
win,parent,game_load.doax_menu_stress.pfifo_only,20261004-154715755-66fdeda52d4c4350b402984121980121,23129.2136,159263,4976.625,4976.625,passed,PASS,f46d8f2a39a6e325,f46d8f2a39a6e325,True,ineligible,True,completed,"{'revision': 1, 'iterations': 32, 'sample_count': 8, 'measurement_iterations_multiplier': 4, 'warmup_iterations': 3, 'gpu_completion_mode': 'per_iteration', 'unit': 'us', 'direction': 'lower_is_better'}"
win,parent,game_load.doax_menu_stress.gpu_only,20261004-154715755-66fdeda52d4c4350b402984121980121,23129.2136,1158282,36196,36196,passed,PASS,bcaf8b0e8de5a325,bcaf8b0e8de5a325,True,ineligible,True,completed,"{'revision': 1, 'iterations': 32, 'sample_count': 8, 'measurement_iterations_multiplier': 4, 'warmup_iterations': 3, 'gpu_completion_mode': 'per_iteration', 'unit': 'us', 'direction': 'lower_is_better'}"
win,parent,game_load.doax_menu_stress.streaming_only,20261004-154741494-dfcb347660694f9d9a6a646c7b1c1615,43379.7491,527044,16469.75,16469.75,passed,PASS,06e0eccda97d2325,06e0eccda97d2325,True,ineligible,True,completed,"{'revision': 1, 'iterations': 32, 'sample_count': 8, 'measurement_iterations_multiplier': 4, 'warmup_iterations': 3, 'gpu_completion_mode': 'per_iteration', 'unit': 'us', 'direction': 'lower_is_better'}"
win,parent,game_load.doax_menu_stress.cpu_pfifo_gpu,20261004-154741494-dfcb347660694f9d9a6a646c7b1c1615,43379.7491,2202286,68820.875,68820.875,passed,PASS,7707cd4649e4a325,7707cd4649e4a325,True,ineligible,True,completed,"{'revision': 1, 'iterations': 32, 'sample_count': 8, 'measurement_iterations_multiplier': 4, 'warmup_iterations': 3, 'gpu_completion_mode': 'per_iteration', 'unit': 'us', 'direction': 'lower_is_better'}"
win,parent,game_load.doax_menu_stress.cpu_pfifo_gpu_streaming,20261004-154741494-dfcb347660694f9d9a6a646c7b1c1615,43379.7491,2410685,75333.625,75333.625,passed,PASS,d4d9dedf3ef06325,d4d9dedf3ef06325,True,ineligible,True,completed,"{'revision': 1, 'iterations': 32, 'sample_count': 8, 'measurement_iterations_multiplier': 4, 'warmup_iterations': 3, 'gpu_completion_mode': 'per_iteration', 'unit': 'us', 'direction': 'lower_is_better'}"
win,parent,game_load.doax_menu_stress.full_system,20261004-154741494-dfcb347660694f9d9a6a646c7b1c1615,43379.7491,2408483,75264.75,75264.75,passed,PASS,8cf51e8eb67fa325,8cf51e8eb67fa325,True,ineligible,True,completed,"{'revision': 1, 'iterations': 32, 'sample_count': 8, 'measurement_iterations_multiplier': 4, 'warmup_iterations': 3, 'gpu_completion_mode': 'per_iteration', 'unit': 'us', 'direction': 'lower_is_better'}"
win,parent,game_load.pgr2_ai_backup.cpu_only,20261004-154741494-dfcb347660694f9d9a6a646c7b1c1615,43379.7491,1401775,43805,43805,passed,PASS,e6df98b3e513a325,e6df98b3e513a325,True,ineligible,True,completed,"{'revision': 1, 'iterations': 32, 'sample_count': 8, 'measurement_iterations_multiplier': 4, 'warmup_iterations': 3, 'gpu_completion_mode': 'per_iteration', 'unit': 'us', 'direction': 'lower_is_better'}"
win,parent,game_load.pgr2_ai_backup.pfifo_only,20261004-154741494-dfcb347660694f9d9a6a646c7b1c1615,43379.7491,531901,16621.5,16621.5,passed,PASS,e57ef83b3a66e325,e57ef83b3a66e325,True,ineligible,True,completed,"{'revision': 1, 'iterations': 32, 'sample_count': 8, 'measurement_iterations_multiplier': 4, 'warmup_iterations': 3, 'gpu_completion_mode': 'per_iteration', 'unit': 'us', 'direction': 'lower_is_better'}"
win,parent,game_load.pgr2_ai_backup.gpu_only,20261004-154741494-dfcb347660694f9d9a6a646c7b1c1615,43379.7491,3022644,94457.25,94457.25,passed,PASS,02ffd9b12aa96325,02ffd9b12aa96325,True,ineligible,True,completed,"{'revision': 1, 'iterations': 32, 'sample_count': 8, 'measurement_iterations_multiplier': 4, 'warmup_iterations': 3, 'gpu_completion_mode': 'per_iteration', 'unit': 'us', 'direction': 'lower_is_better'}"
win,parent,game_load.pgr2_ai_backup.streaming_only,20261004-154741494-dfcb347660694f9d9a6a646c7b1c1615,43379.7491,122301,3821.5,3821.5,passed,PASS,155df5f182392325,155df5f182392325,True,ineligible,True,completed,"{'revision': 1, 'iterations': 32, 'sample_count': 8, 'measurement_iterations_multiplier': 4, 'warmup_iterations': 3, 'gpu_completion_mode': 'per_iteration', 'unit': 'us', 'direction': 'lower_is_better'}"
win,parent,game_load.pgr2_ai_backup.cpu_pfifo_gpu,20261004-154741494-dfcb347660694f9d9a6a646c7b1c1615,43379.7491,4925450,153919.875,153919.875,passed,PASS,ab22104929b9e325,ab22104929b9e325,True,ineligible,True,completed,"{'revision': 1, 'iterations': 32, 'sample_count': 8, 'measurement_iterations_multiplier': 4, 'warmup_iterations': 3, 'gpu_completion_mode': 'per_iteration', 'unit': 'us', 'direction': 'lower_is_better'}"
win,parent,game_load.pgr2_ai_backup.cpu_pfifo_gpu_streaming,20261004-154741494-dfcb347660694f9d9a6a646c7b1c1615,43379.7491,5042694,157584,157584,passed,PASS,66a43765efc02325,66a43765efc02325,True,ineligible,True,completed,"{'revision': 1, 'iterations': 32, 'sample_count': 8, 'measurement_iterations_multiplier': 4, 'warmup_iterations': 3, 'gpu_completion_mode': 'per_iteration', 'unit': 'us', 'direction': 'lower_is_better'}"
win,parent,game_load.pgr2_ai_backup.full_system,20261004-154741494-dfcb347660694f9d9a6a646c7b1c1615,43379.7491,5068305,158384.125,158384.125,passed,PASS,55485325870d6325,55485325870d6325,True,ineligible,True,completed,"{'revision': 1, 'iterations': 32, 'sample_count': 8, 'measurement_iterations_multiplier': 4, 'warmup_iterations': 3, 'gpu_completion_mode': 'per_iteration', 'unit': 'us', 'direction': 'lower_is_better'}"
win,parent,high_vertex_count.arrays,20261004-154827489-2f4045fc7ad84565a05e599b543558ba,21963.3646,37441,93.21,93.21,failed,PASS,a27c67890c2d9083,cd6d0d64451d191b,True,ineligible,True,completed,"{'revision': 1, 'iterations': 400, 'sample_count': 100, 'measurement_iterations_multiplier': 4, 'warmup_iterations': 3, 'gpu_completion_mode': 'per_iteration', 'unit': 'us', 'direction': 'lower_is_better'}"
win,parent,high_vertex_count.inline_arrays,20261004-154827489-2f4045fc7ad84565a05e599b543558ba,21963.3646,2382181,59554.2,59554.2,failed,PASS,a27c67890c2d9083,31a890c7f71db193,True,ineligible,True,completed,"{'revision': 1, 'iterations': 40, 'sample_count': 10, 'measurement_iterations_multiplier': 4, 'warmup_iterations': 3, 'gpu_completion_mode': 'per_iteration', 'unit': 'us', 'direction': 'lower_is_better'}"
win,parent,high_vertex_count.inline_buffers,20261004-154827489-2f4045fc7ad84565a05e599b543558ba,21963.3646,4688341,234416.8,234416.8,failed,PASS,a27c67890c2d9083,f320b0df5ba62943,True,ineligible,True,completed,"{'revision': 1, 'iterations': 20, 'sample_count': 5, 'measurement_iterations_multiplier': 4, 'warmup_iterations': 3, 'gpu_completion_mode': 'per_iteration', 'unit': 'us', 'direction': 'lower_is_better'}"
win,parent,high_vertex_count.inline_elements,20261004-154827489-2f4045fc7ad84565a05e599b543558ba,21963.3646,784572,3922.5,3922.5,failed,PASS,a27c67890c2d9083,b24516b5372da0f3,True,ineligible,True,completed,"{'revision': 1, 'iterations': 200, 'sample_count': 50, 'measurement_iterations_multiplier': 4, 'warmup_iterations': 3, 'gpu_completion_mode': 'per_iteration', 'unit': 'us', 'direction': 'lower_is_better'}"
win,parent,primitive_type.line_loop.fixed_function,20261004-154827489-2f4045fc7ad84565a05e599b543558ba,21963.3646,24076,601.7,601.7,failed,PASS,f2158581ac6e3919,d48f43c09e534094,True,ineligible,True,completed,"{'revision': 1, 'iterations': 40, 'sample_count': 10, 'measurement_iterations_multiplier': 4, 'warmup_iterations': 3, 'gpu_completion_mode': 'per_iteration', 'unit': 'us', 'direction': 'lower_is_better'}"
win,parent,primitive_type.line_loop.vertex_shader,20261004-154827489-2f4045fc7ad84565a05e599b543558ba,21963.3646,23288,581.8,581.8,failed,PASS,f2158581ac6e3919,47373dc0c7be28f8,True,ineligible,True,completed,"{'revision': 1, 'iterations': 40, 'sample_count': 10, 'measurement_iterations_multiplier': 4, 'warmup_iterations': 3, 'gpu_completion_mode': 'per_iteration', 'unit': 'us', 'direction': 'lower_is_better'}"
win,parent,primitive_type.line_strip.fixed_function,20261004-154827489-2f4045fc7ad84565a05e599b543558ba,21963.3646,25340,633.1,633.1,failed,PASS,f2158581ac6e3919,0964935c28234a4a,True,ineligible,True,completed,"{'revision': 1, 'iterations': 40, 'sample_count': 10, 'measurement_iterations_multiplier': 4, 'warmup_iterations': 3, 'gpu_completion_mode': 'per_iteration', 'unit': 'us', 'direction': 'lower_is_better'}"
win,parent,primitive_type.line_strip.vertex_shader,20261004-154827489-2f4045fc7ad84565a05e599b543558ba,21963.3646,23770,593.9,593.9,failed,PASS,f2158581ac6e3919,94b433237d71b182,True,ineligible,True,completed,"{'revision': 1, 'iterations': 40, 'sample_count': 10, 'measurement_iterations_multiplier': 4, 'warmup_iterations': 3, 'gpu_completion_mode': 'per_iteration', 'unit': 'us', 'direction': 'lower_is_better'}"
win,parent,primitive_type.lines.fixed_function,20261004-154827489-2f4045fc7ad84565a05e599b543558ba,21963.3646,46655,1166,1166,failed,PASS,1766a7f93aa72a14,6c16b2698ec4e26b,True,ineligible,True,completed,"{'revision': 1, 'iterations': 40, 'sample_count': 10, 'measurement_iterations_multiplier': 4, 'warmup_iterations': 3, 'gpu_completion_mode': 'per_iteration', 'unit': 'us', 'direction': 'lower_is_better'}"
win,parent,primitive_type.lines.vertex_shader,20261004-154827489-2f4045fc7ad84565a05e599b543558ba,21963.3646,49996,1249.5,1249.5,failed,PASS,1766a7f93aa72a14,53924aa6f5e55b57,True,ineligible,True,completed,"{'revision': 1, 'iterations': 40, 'sample_count': 10, 'measurement_iterations_multiplier': 4, 'warmup_iterations': 3, 'gpu_completion_mode': 'per_iteration', 'unit': 'us', 'direction': 'lower_is_better'}"
win,parent,primitive_type.points.fixed_function,20261004-154827489-2f4045fc7ad84565a05e599b543558ba,21963.3646,23392,584.3,584.3,failed,PASS,5b296619f665c070,7400f7a8ac9d8c86,True,ineligible,True,completed,"{'revision': 1, 'iterations': 40, 'sample_count': 10, 'measurement_iterations_multiplier': 4, 'warmup_iterations': 3, 'gpu_completion_mode': 'per_iteration', 'unit': 'us', 'direction': 'lower_is_better'}"
win,parent,primitive_type.points.vertex_shader,20261004-154827489-2f4045fc7ad84565a05e599b543558ba,21963.3646,23903,597.3,597.3,failed,PASS,5b296619f665c070,f1d83724373d0036,True,ineligible,True,completed,"{'revision': 1, 'iterations': 40, 'sample_count': 10, 'measurement_iterations_multiplier': 4, 'warmup_iterations': 3, 'gpu_completion_mode': 'per_iteration', 'unit': 'us', 'direction': 'lower_is_better'}"
win,parent,primitive_type.polygon.fixed_function,20261004-154852068-300b5cc0c551411c9e2f99eac4aadcdc,13366.9641,50674,1266.6,1266.6,failed,PASS,2c4beaa06aba1000,515407015a00c880,True,ineligible,True,completed,"{'revision': 1, 'iterations': 40, 'sample_count': 10, 'measurement_iterations_multiplier': 4, 'warmup_iterations': 3, 'gpu_completion_mode': 'per_iteration', 'unit': 'us', 'direction': 'lower_is_better'}"
win,parent,primitive_type.polygon.vertex_shader,20261004-154852068-300b5cc0c551411c9e2f99eac4aadcdc,13366.9641,36988,924.3,924.3,failed,PASS,2c4beaa06aba1000,4376cbfa562c7d14,True,ineligible,True,completed,"{'revision': 1, 'iterations': 40, 'sample_count': 10, 'measurement_iterations_multiplier': 4, 'warmup_iterations': 3, 'gpu_completion_mode': 'per_iteration', 'unit': 'us', 'direction': 'lower_is_better'}"
win,parent,primitive_type.quad_strip.fixed_function,20261004-154852068-300b5cc0c551411c9e2f99eac4aadcdc,13366.9641,71069,1776.4,1776.4,failed,PASS,f64b4495347cec73,190c4f06474f8467,True,ineligible,True,completed,"{'revision': 1, 'iterations': 40, 'sample_count': 10, 'measurement_iterations_multiplier': 4, 'warmup_iterations': 3, 'gpu_completion_mode': 'per_iteration', 'unit': 'us', 'direction': 'lower_is_better'}"
win,parent,primitive_type.quad_strip.vertex_shader,20261004-154852068-300b5cc0c551411c9e2f99eac4aadcdc,13366.9641,45556,1138.4,1138.4,failed,PASS,f64b4495347cec73,d5cf212c5788c3df,True,ineligible,True,completed,"{'revision': 1, 'iterations': 40, 'sample_count': 10, 'measurement_iterations_multiplier': 4, 'warmup_iterations': 3, 'gpu_completion_mode': 'per_iteration', 'unit': 'us', 'direction': 'lower_is_better'}"
win,parent,primitive_type.quads.fixed_function,20261004-154852068-300b5cc0c551411c9e2f99eac4aadcdc,13366.9641,89227,2230.5,2230.5,failed,PASS,114a1419338256e5,b52448622bc1c001,True,ineligible,True,completed,"{'revision': 1, 'iterations': 40, 'sample_count': 10, 'measurement_iterations_multiplier': 4, 'warmup_iterations': 3, 'gpu_completion_mode': 'per_iteration', 'unit': 'us', 'direction': 'lower_is_better'}"
win,parent,primitive_type.quads.vertex_shader,20261004-154852068-300b5cc0c551411c9e2f99eac4aadcdc,13366.9641,90425,2260.3,2260.3,failed,PASS,114a1419338256e5,fbac823960948b69,True,ineligible,True,completed,"{'revision': 1, 'iterations': 40, 'sample_count': 10, 'measurement_iterations_multiplier': 4, 'warmup_iterations': 3, 'gpu_completion_mode': 'per_iteration', 'unit': 'us', 'direction': 'lower_is_better'}"
win,parent,primitive_type.triangle_fan.fixed_function,20261004-154852068-300b5cc0c551411c9e2f99eac4aadcdc,13366.9641,23015,574.9,574.9,failed,PASS,36644f0fd11db166,ba0d8daf7940c5d2,True,ineligible,True,completed,"{'revision': 1, 'iterations': 40, 'sample_count': 10, 'measurement_iterations_multiplier': 4, 'warmup_iterations': 3, 'gpu_completion_mode': 'per_iteration', 'unit': 'us', 'direction': 'lower_is_better'}"
win,parent,primitive_type.triangle_fan.vertex_shader,20261004-154852068-300b5cc0c551411c9e2f99eac4aadcdc,13366.9641,22655,565.9,565.9,failed,PASS,36644f0fd11db166,134a22bd3882e48e,True,ineligible,True,completed,"{'revision': 1, 'iterations': 40, 'sample_count': 10, 'measurement_iterations_multiplier': 4, 'warmup_iterations': 3, 'gpu_completion_mode': 'per_iteration', 'unit': 'us', 'direction': 'lower_is_better'}"
win,parent,primitive_type.triangle_strip.fixed_function,20261004-154852068-300b5cc0c551411c9e2f99eac4aadcdc,13366.9641,22882,571.8,571.8,failed,PASS,d7b289579fdaa1ab,d15b03d8ead6bb03,True,ineligible,True,completed,"{'revision': 1, 'iterations': 40, 'sample_count': 10, 'measurement_iterations_multiplier': 4, 'warmup_iterations': 3, 'gpu_completion_mode': 'per_iteration', 'unit': 'us', 'direction': 'lower_is_better'}"
win,parent,primitive_type.triangle_strip.vertex_shader,20261004-154852068-300b5cc0c551411c9e2f99eac4aadcdc,13366.9641,22499,562,562,failed,PASS,d7b289579fdaa1ab,f7cfda74a4111eff,True,ineligible,True,completed,"{'revision': 1, 'iterations': 40, 'sample_count': 10, 'measurement_iterations_multiplier': 4, 'warmup_iterations': 3, 'gpu_completion_mode': 'per_iteration', 'unit': 'us', 'direction': 'lower_is_better'}"
win,parent,primitive_type.triangles.fixed_function,20261004-154852068-300b5cc0c551411c9e2f99eac4aadcdc,13366.9641,69878,1746.6,1746.6,failed,PASS,72f05baf369ceb60,4521bcfbdb43e248,True,ineligible,True,completed,"{'revision': 1, 'iterations': 40, 'sample_count': 10, 'measurement_iterations_multiplier': 4, 'warmup_iterations': 3, 'gpu_completion_mode': 'per_iteration', 'unit': 'us', 'direction': 'lower_is_better'}"
win,parent,primitive_type.triangles.vertex_shader,20261004-154852068-300b5cc0c551411c9e2f99eac4aadcdc,13366.9641,66743,1668.2,1668.2,failed,PASS,72f05baf369ceb60,d86abc6e019e36fc,True,ineligible,True,completed,"{'revision': 1, 'iterations': 40, 'sample_count': 10, 'measurement_iterations_multiplier': 4, 'warmup_iterations': 3, 'gpu_completion_mode': 'per_iteration', 'unit': 'us', 'direction': 'lower_is_better'}"
win,parent,texture_cubemap_fallback.bordered_palette_size1,20261004-154908047-883660bca4e74c098dd8efb8fd26b5f0,27101.5986,532753,16648.25,,not evaluated,FAIL,56d00ed89334a325,,True,ineligible,False,failed,"{'revision': 1, 'iterations': 32, 'sample_count': 8, 'measurement_iterations_multiplier': 4, 'warmup_iterations': 3, 'gpu_completion_mode': 'per_iteration', 'unit': 'us', 'direction': 'lower_is_better'}"
win,parent,surface.basic,20261004-154957076-381dc9eb226047d3b711946a0f8f6eaf,18446.3025,802565,20063.7,20063.7,failed,PASS,42459952797c47fa,6f90d43f59b710fa,True,ineligible,True,completed,"{'revision': 1, 'iterations': 40, 'sample_count': 10, 'measurement_iterations_multiplier': 4, 'warmup_iterations': 3, 'gpu_completion_mode': 'per_iteration', 'unit': 'us', 'direction': 'lower_is_better'}"
win,parent,surface.cpu_read_after_gpu_write,20261004-154957076-381dc9eb226047d3b711946a0f8f6eaf,18446.3025,69134,863.7,863.7,passed,PASS,572720976b602325,572720976b602325,True,ineligible,True,completed,"{'revision': 1, 'iterations': 80, 'sample_count': 20, 'measurement_iterations_multiplier': 4, 'warmup_iterations': 3, 'gpu_completion_mode': 'per_iteration', 'unit': 'us', 'direction': 'lower_is_better'}"
win,parent,surface.cpu_read_clean_surface,20261004-154957076-381dc9eb226047d3b711946a0f8f6eaf,18446.3025,24247,60.27,60.27,passed,PASS,aa32af524aa52325,aa32af524aa52325,True,ineligible,True,completed,"{'revision': 1, 'iterations': 400, 'sample_count': 100, 'measurement_iterations_multiplier': 4, 'warmup_iterations': 3, 'gpu_completion_mode': 'per_iteration', 'unit': 'us', 'direction': 'lower_is_better'}"
win,parent,surface.framebuffer_working_set_002,20261004-154957076-381dc9eb226047d3b711946a0f8f6eaf,18446.3025,105636,1320.15,1320.15,failed,PASS,9f3b0609a42777d5,ab1fa4b103c05f05,True,ineligible,True,completed,"{'revision': 1, 'iterations': 80, 'sample_count': 20, 'measurement_iterations_multiplier': 4, 'warmup_iterations': 3, 'gpu_completion_mode': 'per_iteration', 'unit': 'us', 'direction': 'lower_is_better'}"
win,parent,surface.framebuffer_working_set_008,20261004-154957076-381dc9eb226047d3b711946a0f8f6eaf,18446.3025,107024,1337.45,1337.45,failed,PASS,64cbf95dec8f59e5,8393e7935b67da71,True,ineligible,True,completed,"{'revision': 1, 'iterations': 80, 'sample_count': 20, 'measurement_iterations_multiplier': 4, 'warmup_iterations': 3, 'gpu_completion_mode': 'per_iteration', 'unit': 'us', 'direction': 'lower_is_better'}"
win,parent,surface.framebuffer_working_set_032,20261004-154957076-381dc9eb226047d3b711946a0f8f6eaf,18446.3025,107177,1339.35,1339.35,failed,PASS,a6116feb11a28c25,4e53301a279a7e09,True,ineligible,True,completed,"{'revision': 1, 'iterations': 80, 'sample_count': 20, 'measurement_iterations_multiplier': 4, 'warmup_iterations': 3, 'gpu_completion_mode': 'per_iteration', 'unit': 'us', 'direction': 'lower_is_better'}"
win,parent,surface.framebuffer_working_set_064,20261004-154957076-381dc9eb226047d3b711946a0f8f6eaf,18446.3025,105231,1315,1315,failed,PASS,a6116feb11a28c25,dbdfafa7ed2f28c9,True,ineligible,True,completed,"{'revision': 1, 'iterations': 80, 'sample_count': 20, 'measurement_iterations_multiplier': 4, 'warmup_iterations': 3, 'gpu_completion_mode': 'per_iteration', 'unit': 'us', 'direction': 'lower_is_better'}"
win,parent,surface.full_clear_elision_guard,20261004-154957076-381dc9eb226047d3b711946a0f8f6eaf,18446.3025,633688,1583.9,1583.9,failed,PASS,d91a0e75979a1f25,01a1571033aa9dfd,True,ineligible,True,completed,"{'revision': 1, 'iterations': 400, 'sample_count': 100, 'measurement_iterations_multiplier': 4, 'warmup_iterations': 3, 'gpu_completion_mode': 'per_iteration', 'unit': 'us', 'direction': 'lower_is_better'}"
win,parent,surface.overlapping_surface_churn_representative,20261004-154957076-381dc9eb226047d3b711946a0f8f6eaf,18446.3025,848743,2121.53,2121.53,failed,PASS,caf66d4bf5691525,7b4f2884714177a5,True,ineligible,True,completed,"{'revision': 1, 'iterations': 400, 'sample_count': 100, 'measurement_iterations_multiplier': 4, 'warmup_iterations': 3, 'gpu_completion_mode': 'per_iteration', 'unit': 'us', 'direction': 'lower_is_better'}"
win,parent,surface.overlapping_surface_churn_stress,20261004-154957076-381dc9eb226047d3b711946a0f8f6eaf,18446.3025,929645,23240.8,23240.8,failed,PASS,caf66d4bf5691525,19890b325809498d,True,ineligible,True,completed,"{'revision': 1, 'iterations': 40, 'sample_count': 10, 'measurement_iterations_multiplier': 4, 'warmup_iterations': 3, 'gpu_completion_mode': 'per_iteration', 'unit': 'us', 'direction': 'lower_is_better'}"
win,parent,surface.partial_channel_clear_guard,20261004-154957076-381dc9eb226047d3b711946a0f8f6eaf,18446.3025,636280,1590.29,1590.29,failed,PASS,eb2cb498aa73af25,31d730ce613f92bd,True,ineligible,True,completed,"{'revision': 1, 'iterations': 400, 'sample_count': 100, 'measurement_iterations_multiplier': 4, 'warmup_iterations': 3, 'gpu_completion_mode': 'per_iteration', 'unit': 'us', 'direction': 'lower_is_better'}"
win,parent,surface.surface_download_path,20261004-154957076-381dc9eb226047d3b711946a0f8f6eaf,18446.3025,551118,13777.7,13777.7,failed,PASS,2b0e8aac0f8838e8,eb6604c45975bcec,True,ineligible,True,completed,"{'revision': 1, 'iterations': 40, 'sample_count': 10, 'measurement_iterations_multiplier': 4, 'warmup_iterations': 3, 'gpu_completion_mode': 'per_iteration', 'unit': 'us', 'direction': 'lower_is_better'}"
win,parent,surface.surface_list_lookup_002,20261004-155018150-972b98b10e03433e9384f6c1821d6b31,18289.7891,138491,1730.8,1730.8,failed,PASS,fa475bc695046525,26ff617c53458a53,True,ineligible,True,completed,"{'revision': 1, 'iterations': 80, 'sample_count': 20, 'measurement_iterations_multiplier': 4, 'warmup_iterations': 3, 'gpu_completion_mode': 'per_iteration', 'unit': 'us', 'direction': 'lower_is_better'}"
win,parent,surface.surface_list_lookup_008,20261004-155018150-972b98b10e03433e9384f6c1821d6b31,18289.7891,108478,1355.6,1355.6,failed,PASS,eaf6788dfe8d2f25,18e8676fcc804922,True,ineligible,True,completed,"{'revision': 1, 'iterations': 80, 'sample_count': 20, 'measurement_iterations_multiplier': 4, 'warmup_iterations': 3, 'gpu_completion_mode': 'per_iteration', 'unit': 'us', 'direction': 'lower_is_better'}"
win,parent,surface.surface_list_lookup_032,20261004-155018150-972b98b10e03433e9384f6c1821d6b31,18289.7891,109899,1373.35,1373.35,failed,PASS,c6275b91195a5325,1bc652a47e609cf5,True,ineligible,True,completed,"{'revision': 1, 'iterations': 80, 'sample_count': 20, 'measurement_iterations_multiplier': 4, 'warmup_iterations': 3, 'gpu_completion_mode': 'per_iteration', 'unit': 'us', 'direction': 'lower_is_better'}"
win,parent,surface.surface_list_lookup_128,20261004-155018150-972b98b10e03433e9384f6c1821d6b31,18289.7891,109237,1365.1,1365.1,failed,PASS,c6275b91195a5325,4b4650aa45e0be8d,True,ineligible,True,completed,"{'revision': 1, 'iterations': 80, 'sample_count': 20, 'measurement_iterations_multiplier': 4, 'warmup_iterations': 3, 'gpu_completion_mode': 'per_iteration', 'unit': 'us', 'direction': 'lower_is_better'}"
win,parent,surface.vulkan_memory_pressure.representative.growth,20261004-155018150-972b98b10e03433e9384f6c1821d6b31,18289.7891,199050,12440,12440,failed,PASS,1b85a83206804325,a1ce1e9182d42125,True,ineligible,True,completed,"{'revision': 1, 'iterations': 16, 'sample_count': 4, 'measurement_iterations_multiplier': 4, 'warmup_iterations': 3, 'gpu_completion_mode': 'per_iteration', 'unit': 'us', 'direction': 'lower_is_better'}"
win,parent,surface.vulkan_memory_pressure.representative.plateau,20261004-155018150-972b98b10e03433e9384f6c1821d6b31,18289.7891,205831,12864,12864,failed,PASS,94973dc83ee12325,c00be5b19acc4e6f,True,ineligible,True,completed,"{'revision': 1, 'iterations': 16, 'sample_count': 4, 'measurement_iterations_multiplier': 4, 'warmup_iterations': 3, 'gpu_completion_mode': 'per_iteration', 'unit': 'us', 'direction': 'lower_is_better'}"
win,parent,surface.vulkan_memory_pressure.representative.alias_resize,20261004-155018150-972b98b10e03433e9384f6c1821d6b31,18289.7891,205298,12830.75,12830.75,failed,PASS,7e3cba40d2e56b25,0247ea98d29062c5,True,ineligible,True,completed,"{'revision': 1, 'iterations': 16, 'sample_count': 4, 'measurement_iterations_multiplier': 4, 'warmup_iterations': 3, 'gpu_completion_mode': 'per_iteration', 'unit': 'us', 'direction': 'lower_is_better'}"
win,parent,surface.vulkan_memory_pressure.representative.reuse,20261004-155018150-972b98b10e03433e9384f6c1821d6b31,18289.7891,206303,12893.5,12893.5,failed,PASS,834dc31dcb46cb25,d885d846be04bb3d,True,ineligible,True,completed,"{'revision': 1, 'iterations': 16, 'sample_count': 4, 'measurement_iterations_multiplier': 4, 'warmup_iterations': 3, 'gpu_completion_mode': 'per_iteration', 'unit': 'us', 'direction': 'lower_is_better'}"
win,parent,surface.vulkan_memory_pressure.representative.idle_retention,20261004-155018150-972b98b10e03433e9384f6c1821d6b31,18289.7891,16167,1009.75,1009.75,failed,PASS,e45ec923aeb05125,4ab34638455a76e1,True,ineligible,True,completed,"{'revision': 1, 'iterations': 16, 'sample_count': 4, 'measurement_iterations_multiplier': 4, 'warmup_iterations': 3, 'gpu_completion_mode': 'per_iteration', 'unit': 'us', 'direction': 'lower_is_better'}"
win,parent,surface.vulkan_memory_pressure.stress.growth,20261004-155018150-972b98b10e03433e9384f6c1821d6b31,18289.7891,773118,48319.5,48319.5,failed,PASS,16b728a467be7f25,063949c8ff1686f9,True,ineligible,True,completed,"{'revision': 1, 'iterations': 16, 'sample_count': 4, 'measurement_iterations_multiplier': 4, 'warmup_iterations': 3, 'gpu_completion_mode': 'per_iteration', 'unit': 'us', 'direction': 'lower_is_better'}"
win,parent,surface.vulkan_memory_pressure.stress.plateau,20261004-155018150-972b98b10e03433e9384f6c1821d6b31,18289.7891,776497,48530.5,48530.5,failed,PASS,2936a367d6aa6725,769bf225e8cc48d5,True,ineligible,True,completed,"{'revision': 1, 'iterations': 16, 'sample_count': 4, 'measurement_iterations_multiplier': 4, 'warmup_iterations': 3, 'gpu_completion_mode': 'per_iteration', 'unit': 'us', 'direction': 'lower_is_better'}"
win,parent,surface.vulkan_memory_pressure.stress.alias_resize,20261004-155018150-972b98b10e03433e9384f6c1821d6b31,18289.7891,832381,52023.5,52023.5,failed,PASS,d5ab377572e54f25,c1ab77f18dbbc86d,True,ineligible,True,completed,"{'revision': 1, 'iterations': 16, 'sample_count': 4, 'measurement_iterations_multiplier': 4, 'warmup_iterations': 3, 'gpu_completion_mode': 'per_iteration', 'unit': 'us', 'direction': 'lower_is_better'}"
win,parent,surface.vulkan_memory_pressure.stress.reuse,20261004-155018150-972b98b10e03433e9384f6c1821d6b31,18289.7891,852103,53256,53256,failed,PASS,12e4fbb929c6c725,837b6a123bb12a09,True,ineligible,True,completed,"{'revision': 1, 'iterations': 16, 'sample_count': 4, 'measurement_iterations_multiplier': 4, 'warmup_iterations': 3, 'gpu_completion_mode': 'per_iteration', 'unit': 'us', 'direction': 'lower_is_better'}"
win,parent,surface.vulkan_memory_pressure.stress.idle_retention,20261004-155018150-972b98b10e03433e9384f6c1821d6b31,18289.7891,9478,592,592,failed,PASS,0289a35e3cbf6925,a24e2d9ee2191cd8,True,ineligible,True,completed,"{'revision': 1, 'iterations': 16, 'sample_count': 4, 'measurement_iterations_multiplier': 4, 'warmup_iterations': 3, 'gpu_completion_mode': 'per_iteration', 'unit': 'us', 'direction': 'lower_is_better'}"
win,parent,tiny_draw.arrays.fixed_function,20261004-155039047-b6f802bbc14143b4995cdb6772ce2734,20782.685,1287510,32187.3,32187.3,failed,PASS,acf025546cf667b5,5636eabc173a3691,True,ineligible,True,completed,"{'revision': 1, 'iterations': 40, 'sample_count': 10, 'measurement_iterations_multiplier': 4, 'warmup_iterations': 3, 'gpu_completion_mode': 'per_iteration', 'unit': 'us', 'direction': 'lower_is_better'}"
win,parent,tiny_draw.arrays.vertex_shader,20261004-155039047-b6f802bbc14143b4995cdb6772ce2734,20782.685,920454,23010.9,23010.9,failed,PASS,acf025546cf667b5,5528df4b56e8f75d,True,ineligible,True,completed,"{'revision': 1, 'iterations': 40, 'sample_count': 10, 'measurement_iterations_multiplier': 4, 'warmup_iterations': 3, 'gpu_completion_mode': 'per_iteration', 'unit': 'us', 'direction': 'lower_is_better'}"
win,parent,tiny_draw.inline_arrays.fixed_function,20261004-155039047-b6f802bbc14143b4995cdb6772ce2734,20782.685,1159281,28981.6,28981.6,failed,PASS,acf025546cf667b5,24f378fc9981dad5,True,ineligible,True,completed,"{'revision': 1, 'iterations': 40, 'sample_count': 10, 'measurement_iterations_multiplier': 4, 'warmup_iterations': 3, 'gpu_completion_mode': 'per_iteration', 'unit': 'us', 'direction': 'lower_is_better'}"
win,parent,tiny_draw.inline_arrays.vertex_shader,20261004-155039047-b6f802bbc14143b4995cdb6772ce2734,20782.685,1111114,27777.5,27777.5,failed,PASS,acf025546cf667b5,1f7bd52bdb2ddb2d,True,ineligible,True,completed,"{'revision': 1, 'iterations': 40, 'sample_count': 10, 'measurement_iterations_multiplier': 4, 'warmup_iterations': 3, 'gpu_completion_mode': 'per_iteration', 'unit': 'us', 'direction': 'lower_is_better'}"
win,parent,tiny_draw.inline_buffers.fixed_function,20261004-155039047-b6f802bbc14143b4995cdb6772ce2734,20782.685,709250,17730.9,17730.9,failed,PASS,acf025546cf667b5,1d33c1f03f3df5d5,True,ineligible,True,completed,"{'revision': 1, 'iterations': 40, 'sample_count': 10, 'measurement_iterations_multiplier': 4, 'warmup_iterations': 3, 'gpu_completion_mode': 'per_iteration', 'unit': 'us', 'direction': 'lower_is_better'}"
win,parent,tiny_draw.inline_buffers.vertex_shader,20261004-155039047-b6f802bbc14143b4995cdb6772ce2734,20782.685,716448,17910.8,17910.8,failed,PASS,acf025546cf667b5,98123d79a8ae06a5,True,ineligible,True,completed,"{'revision': 1, 'iterations': 40, 'sample_count': 10, 'measurement_iterations_multiplier': 4, 'warmup_iterations': 3, 'gpu_completion_mode': 'per_iteration', 'unit': 'us', 'direction': 'lower_is_better'}"
win,parent,tiny_draw.inline_elements.fixed_function,20261004-155039047-b6f802bbc14143b4995cdb6772ce2734,20782.685,922508,23062.3,23062.3,failed,PASS,acf025546cf667b5,cd0e5481b375a40d,True,ineligible,True,completed,"{'revision': 1, 'iterations': 40, 'sample_count': 10, 'measurement_iterations_multiplier': 4, 'warmup_iterations': 3, 'gpu_completion_mode': 'per_iteration', 'unit': 'us', 'direction': 'lower_is_better'}"
win,parent,tiny_draw.inline_elements.vertex_shader,20261004-155039047-b6f802bbc14143b4995cdb6772ce2734,20782.685,923102,23077.1,23077.1,failed,PASS,acf025546cf667b5,0539f844d85cc73d,True,ineligible,True,completed,"{'revision': 1, 'iterations': 40, 'sample_count': 10, 'measurement_iterations_multiplier': 4, 'warmup_iterations': 3, 'gpu_completion_mode': 'per_iteration', 'unit': 'us', 'direction': 'lower_is_better'}"
win,parent,uniform_thrash.uniform_thrash,20261004-155102445-6be1e5b1c9254b27a3ec87e693e291c1,12143.288,68885,1721.9,1721.9,failed,PASS,09eb5907ef624c25,e643e886c2ebbdd5,True,ineligible,True,completed,"{'revision': 1, 'iterations': 40, 'sample_count': 10, 'measurement_iterations_multiplier': 4, 'warmup_iterations': 3, 'gpu_completion_mode': 'per_iteration', 'unit': 'us', 'direction': 'lower_is_better'}"
win,parent,vertex_buffer_allocation.mixed.arrays,20261004-155117203-2663f9810eee44ac8122363ef38f2b70,64428.4072,1206631,30165.4,,not evaluated,PASS,377e6c029807f325,377e6c029807f325,True,ineligible,True,completed,"{'revision': 1, 'iterations': 40, 'sample_count': 10, 'measurement_iterations_multiplier': 4, 'warmup_iterations': 3, 'gpu_completion_mode': 'per_iteration', 'unit': 'us', 'direction': 'lower_is_better'}"
win,parent,vertex_buffer_allocation.mixed.inline_arrays,20261004-155117203-2663f9810eee44ac8122363ef38f2b70,64428.4072,8938827,223470.2,,not evaluated,PASS,377e6c029807f325,377e6c029807f325,True,ineligible,True,completed,"{'revision': 1, 'iterations': 40, 'sample_count': 10, 'measurement_iterations_multiplier': 4, 'warmup_iterations': 3, 'gpu_completion_mode': 'per_iteration', 'unit': 'us', 'direction': 'lower_is_better'}"
win,parent,vertex_buffer_allocation.mixed.inline_buffers,20261004-155117203-2663f9810eee44ac8122363ef38f2b70,64428.4072,25614606,640364.7,,not evaluated,PASS,377e6c029807f325,377e6c029807f325,True,ineligible,True,completed,"{'revision': 1, 'iterations': 40, 'sample_count': 10, 'measurement_iterations_multiplier': 4, 'warmup_iterations': 3, 'gpu_completion_mode': 'per_iteration', 'unit': 'us', 'direction': 'lower_is_better'}"
win,parent,vertex_buffer_allocation.mixed.inline_elements,20261004-155117203-2663f9810eee44ac8122363ef38f2b70,64428.4072,1315312,32882.3,,not evaluated,PASS,377e6c029807f325,377e6c029807f325,True,ineligible,True,completed,"{'revision': 1, 'iterations': 40, 'sample_count': 10, 'measurement_iterations_multiplier': 4, 'warmup_iterations': 3, 'gpu_completion_mode': 'per_iteration', 'unit': 'us', 'direction': 'lower_is_better'}"
win,parent,vertex_buffer_allocation.tiny.arrays,20261004-155117203-2663f9810eee44ac8122363ef38f2b70,64428.4072,1317517,32937.6,,not evaluated,PASS,377e6c029807f325,377e6c029807f325,True,ineligible,True,completed,"{'revision': 1, 'iterations': 40, 'sample_count': 10, 'measurement_iterations_multiplier': 4, 'warmup_iterations': 3, 'gpu_completion_mode': 'per_iteration', 'unit': 'us', 'direction': 'lower_is_better'}"
win,parent,vertex_buffer_allocation.tiny.inline_arrays,20261004-155117203-2663f9810eee44ac8122363ef38f2b70,64428.4072,1446560,36163.7,,not evaluated,PASS,377e6c029807f325,377e6c029807f325,True,ineligible,True,completed,"{'revision': 1, 'iterations': 40, 'sample_count': 10, 'measurement_iterations_multiplier': 4, 'warmup_iterations': 3, 'gpu_completion_mode': 'per_iteration', 'unit': 'us', 'direction': 'lower_is_better'}"
win,parent,vertex_buffer_allocation.tiny.inline_buffers,20261004-155117203-2663f9810eee44ac8122363ef38f2b70,64428.4072,1435500,35887.1,,not evaluated,PASS,377e6c029807f325,377e6c029807f325,True,ineligible,True,completed,"{'revision': 1, 'iterations': 40, 'sample_count': 10, 'measurement_iterations_multiplier': 4, 'warmup_iterations': 3, 'gpu_completion_mode': 'per_iteration', 'unit': 'us', 'direction': 'lower_is_better'}"
win,parent,vertex_buffer_allocation.tiny.inline_elements,20261004-155117203-2663f9810eee44ac8122363ef38f2b70,64428.4072,1342309,33557.4,,not evaluated,PASS,377e6c029807f325,377e6c029807f325,True,ineligible,True,completed,"{'revision': 1, 'iterations': 40, 'sample_count': 10, 'measurement_iterations_multiplier': 4, 'warmup_iterations': 3, 'gpu_completion_mode': 'per_iteration', 'unit': 'us', 'direction': 'lower_is_better'}"
win,parent,vertex_buffer_allocation.rising_transient_growth,20261004-155117203-2663f9810eee44ac8122363ef38f2b70,64428.4072,2647024,661756,,not evaluated,PASS,377e6c029807f325,,False,ineligible,True,completed,"{'revision': 1, 'iterations': 4, 'sample_count': 1, 'measurement_iterations_multiplier': 4, 'warmup_iterations': 3, 'gpu_completion_mode': 'per_iteration', 'unit': 'us', 'direction': 'lower_is_better'}"
win,parent,vertex_buffer_allocation.disjoint_same_page,20261004-155117203-2663f9810eee44ac8122363ef38f2b70,64428.4072,1227172,30679,,not evaluated,PASS,fdcd25a37910bb25,d93bb411fee61f6d,True,ineligible,True,completed,"{'revision': 1, 'iterations': 40, 'sample_count': 10, 'measurement_iterations_multiplier': 4, 'warmup_iterations': 3, 'gpu_completion_mode': 'per_iteration', 'unit': 'us', 'direction': 'lower_is_better'}"
win,candidate,busy_pfifo.pfifo_saturation,20261004-155225289-b0306dad3bf04693a4ad6d2e205fa4d6,50033.5987,3475137,86878,,not evaluated,PASS,1508607624bb8506,1508607624bb8506,True,ineligible,True,completed,"{'revision': 1, 'iterations': 40, 'sample_count': 10, 'measurement_iterations_multiplier': 4, 'warmup_iterations': 3, 'gpu_completion_mode': 'per_iteration', 'unit': 'us', 'direction': 'lower_is_better'}"
win,candidate,busy_pfifo.pgraph_pattern_polling,20261004-155225289-b0306dad3bf04693a4ad6d2e205fa4d6,50033.5987,18609528,4652382,,not evaluated,PASS,386d0f085e98c325,386d0f085e98c325,True,ineligible,True,completed,"{'revision': 1, 'iterations': 4, 'sample_count': 1, 'measurement_iterations_multiplier': 4, 'warmup_iterations': 3, 'gpu_completion_mode': 'per_iteration', 'unit': 'us', 'direction': 'lower_is_better'}"
win,candidate,pfifo_array_elements.array_element_pgr2,20261004-155225289-b0306dad3bf04693a4ad6d2e205fa4d6,50033.5987,15266,476.75,,not evaluated,PASS,bbc8b0702ffd0325,bbc8b0702ffd0325,True,ineligible,True,completed,"{'revision': 1, 'iterations': 32, 'sample_count': 8, 'measurement_iterations_multiplier': 4, 'warmup_iterations': 3, 'gpu_completion_mode': 'per_iteration', 'unit': 'us', 'direction': 'lower_is_better'}"
win,candidate,pfifo_array_elements.array_element16,20261004-155225289-b0306dad3bf04693a4ad6d2e205fa4d6,50033.5987,17675,552,,not evaluated,PASS,9c884de2a5d32325,9c884de2a5d32325,True,ineligible,True,completed,"{'revision': 1, 'iterations': 32, 'sample_count': 8, 'measurement_iterations_multiplier': 4, 'warmup_iterations': 3, 'gpu_completion_mode': 'per_iteration', 'unit': 'us', 'direction': 'lower_is_better'}"
win,candidate,pfifo_array_elements.array_element32,20261004-155225289-b0306dad3bf04693a4ad6d2e205fa4d6,50033.5987,30195,943.25,,not evaluated,PASS,e079f0cf1a994325,e079f0cf1a994325,True,ineligible,True,completed,"{'revision': 1, 'iterations': 32, 'sample_count': 8, 'measurement_iterations_multiplier': 4, 'warmup_iterations': 3, 'gpu_completion_mode': 'per_iteration', 'unit': 'us', 'direction': 'lower_is_better'}"
win,candidate,pfifo_packet_boundary.array_element16_overflow,20261004-155225289-b0306dad3bf04693a4ad6d2e205fa4d6,50033.5987,59650,14912,,not evaluated,PASS,4d1756526f052325,,False,ineligible,True,completed,"{'revision': 1, 'iterations': 4, 'sample_count': 1, 'measurement_iterations_multiplier': 4, 'warmup_iterations': 3, 'gpu_completion_mode': 'per_iteration', 'unit': 'us', 'direction': 'lower_is_better'}"
win,candidate,pfifo_packet_boundary.array_element32_overflow,20261004-155225289-b0306dad3bf04693a4ad6d2e205fa4d6,50033.5987,122191,30547,,not evaluated,PASS,6eb7071be692a325,,False,ineligible,True,completed,"{'revision': 1, 'iterations': 4, 'sample_count': 1, 'measurement_iterations_multiplier': 4, 'warmup_iterations': 3, 'gpu_completion_mode': 'per_iteration', 'unit': 'us', 'direction': 'lower_is_better'}"
win,candidate,pfifo_packet_boundary.inline_array_overflow,20261004-155225289-b0306dad3bf04693a4ad6d2e205fa4d6,50033.5987,120348,30087,,not evaluated,PASS,847da1930526a325,,False,ineligible,True,completed,"{'revision': 1, 'iterations': 4, 'sample_count': 1, 'measurement_iterations_multiplier': 4, 'warmup_iterations': 3, 'gpu_completion_mode': 'per_iteration', 'unit': 'us', 'direction': 'lower_is_better'}"
win,candidate,pfifo_packet_boundary.incrementing_inline_fallback,20261004-155225289-b0306dad3bf04693a4ad6d2e205fa4d6,50033.5987,118,29,,not evaluated,PASS,640439ee8ecd2325,,False,ineligible,True,completed,"{'revision': 1, 'iterations': 4, 'sample_count': 1, 'measurement_iterations_multiplier': 4, 'warmup_iterations': 3, 'gpu_completion_mode': 'per_iteration', 'unit': 'us', 'direction': 'lower_is_better'}"
win,candidate,cpu_floating_point.sse_scalar,20261004-155317936-d7c28a39be69473198d572a9d418e8dd,109147.7406,21279979,531999.2,531999.2,passed,PASS,6962077c244da325,6962077c244da325,True,ineligible,True,completed,"{'revision': 1, 'iterations': 40, 'sample_count': 10, 'measurement_iterations_multiplier': 4, 'warmup_iterations': 3, 'gpu_completion_mode': 'per_iteration', 'unit': 'us', 'direction': 'lower_is_better'}"
win,candidate,cpu_floating_point.x87_scalar,20261004-155317936-d7c28a39be69473198d572a9d418e8dd,109147.7406,33712080,842801.6,842801.6,passed,PASS,6962077c244da325,6962077c244da325,True,ineligible,True,completed,"{'revision': 1, 'iterations': 40, 'sample_count': 10, 'measurement_iterations_multiplier': 4, 'warmup_iterations': 3, 'gpu_completion_mode': 'per_iteration', 'unit': 'us', 'direction': 'lower_is_better'}"
win,candidate,cpu_translation_blocks.direct_loop,20261004-155317936-d7c28a39be69473198d572a9d418e8dd,109147.7406,412305,10307.3,10307.3,passed,PASS,bd1fc9bf0c318325,bd1fc9bf0c318325,True,ineligible,True,completed,"{'revision': 1, 'iterations': 40, 'sample_count': 10, 'measurement_iterations_multiplier': 4, 'warmup_iterations': 3, 'gpu_completion_mode': 'per_iteration', 'unit': 'us', 'direction': 'lower_is_better'}"
win,candidate,cpu_translation_blocks.indirect_dispatch,20261004-155317936-d7c28a39be69473198d572a9d418e8dd,109147.7406,1672733,41817.9,41817.9,passed,PASS,c0426cf669a02325,c0426cf669a02325,True,ineligible,True,completed,"{'revision': 1, 'iterations': 40, 'sample_count': 10, 'measurement_iterations_multiplier': 4, 'warmup_iterations': 3, 'gpu_completion_mode': 'per_iteration', 'unit': 'us', 'direction': 'lower_is_better'}"
win,candidate,cpu_translation_blocks.indirect_dispatch_stress,20261004-155317936-d7c28a39be69473198d572a9d418e8dd,109147.7406,32961684,824041.7,824041.7,passed,PASS,fbd507cb0c622325,fbd507cb0c622325,True,ineligible,True,completed,"{'revision': 1, 'iterations': 40, 'sample_count': 10, 'measurement_iterations_multiplier': 4, 'warmup_iterations': 3, 'gpu_completion_mode': 'per_iteration', 'unit': 'us', 'direction': 'lower_is_better'}"
win,candidate,fill_rate.solid,20261004-155509705-8a71ad114da44775a6c8e2566b1535b9,12321.6549,68376,1709.1,1709.1,passed,PASS,08b0f60773aac775,08b0f60773aac775,True,ineligible,True,completed,"{'revision': 1, 'iterations': 40, 'sample_count': 10, 'measurement_iterations_multiplier': 4, 'warmup_iterations': 3, 'gpu_completion_mode': 'per_iteration', 'unit': 'us', 'direction': 'lower_is_better'}"
win,candidate,fill_rate.textured,20261004-155509705-8a71ad114da44775a6c8e2566b1535b9,12321.6549,51014,1274.9,1274.9,passed,PASS,99b433323df1684d,99b433323df1684d,True,ineligible,True,completed,"{'revision': 1, 'iterations': 40, 'sample_count': 10, 'measurement_iterations_multiplier': 4, 'warmup_iterations': 3, 'gpu_completion_mode': 'per_iteration', 'unit': 'us', 'direction': 'lower_is_better'}"
win,candidate,pipeline_texture_switch.clear_texture_normal,20261004-155524632-b36c0fef91ea43769033324efb7e48b6,15758.8837,406387,12699.125,,not evaluated,PASS,22ba4f1405cda325,22ba4f1405cda325,True,ineligible,True,completed,"{'revision': 1, 'iterations': 32, 'sample_count': 8, 'measurement_iterations_multiplier': 4, 'warmup_iterations': 3, 'gpu_completion_mode': 'per_iteration', 'unit': 'us', 'direction': 'lower_is_better'}"
win,candidate,pipeline_texture_switch.palette_dma_remap,20261004-155524632-b36c0fef91ea43769033324efb7e48b6,15758.8837,66489,16622,,not evaluated,PASS,fbf687de65082325,,False,ineligible,True,completed,"{'revision': 1, 'iterations': 4, 'sample_count': 1, 'measurement_iterations_multiplier': 4, 'warmup_iterations': 3, 'gpu_completion_mode': 'per_iteration', 'unit': 'us', 'direction': 'lower_is_better'}"
win,candidate,pipeline_texture_switch.palette_only_update,20261004-155524632-b36c0fef91ea43769033324efb7e48b6,15758.8837,75278,18819,,not evaluated,PASS,467aab2f95cda325,,False,ineligible,True,completed,"{'revision': 1, 'iterations': 4, 'sample_count': 1, 'measurement_iterations_multiplier': 4, 'warmup_iterations': 3, 'gpu_completion_mode': 'per_iteration', 'unit': 'us', 'direction': 'lower_is_better'}"
win,candidate,pipeline_texture_switch.sampler_only_identity,20261004-155524632-b36c0fef91ea43769033324efb7e48b6,15758.8837,734960,22967,,not evaluated,PASS,0b8438c8404da325,0b8438c8404da325,True,ineligible,True,completed,"{'revision': 1, 'iterations': 32, 'sample_count': 8, 'measurement_iterations_multiplier': 4, 'warmup_iterations': 3, 'gpu_completion_mode': 'per_iteration', 'unit': 'us', 'direction': 'lower_is_better'}"
win,candidate,pipeline_texture_switch.shader_negative_control,20261004-155524632-b36c0fef91ea43769033324efb7e48b6,15758.8837,594008,18562.25,,not evaluated,PASS,f110c8bd6338c325,f110c8bd6338c325,True,ineligible,True,completed,"{'revision': 1, 'iterations': 32, 'sample_count': 8, 'measurement_iterations_multiplier': 4, 'warmup_iterations': 3, 'gpu_completion_mode': 'per_iteration', 'unit': 'us', 'direction': 'lower_is_better'}"
win,candidate,pipeline_texture_switch.shared_page_overlap,20261004-155524632-b36c0fef91ea43769033324efb7e48b6,15758.8837,74112,18528,,not evaluated,PASS,83bb59a8648da325,,False,ineligible,True,completed,"{'revision': 1, 'iterations': 4, 'sample_count': 1, 'measurement_iterations_multiplier': 4, 'warmup_iterations': 3, 'gpu_completion_mode': 'per_iteration', 'unit': 'us', 'direction': 'lower_is_better'}"
win,candidate,pipeline_texture_switch.texture_dma_remap,20261004-155524632-b36c0fef91ea43769033324efb7e48b6,15758.8837,66574,16643,,not evaluated,PASS,fbf687de65082325,,False,ineligible,True,completed,"{'revision': 1, 'iterations': 4, 'sample_count': 1, 'measurement_iterations_multiplier': 4, 'warmup_iterations': 3, 'gpu_completion_mode': 'per_iteration', 'unit': 'us', 'direction': 'lower_is_better'}"
win,candidate,pipeline_texture_switch.texture_switch,20261004-155524632-b36c0fef91ea43769033324efb7e48b6,15758.8837,604345,18885.5,,not evaluated,PASS,8ae05d31fb00c325,8ae05d31fb00c325,True,ineligible,True,completed,"{'revision': 1, 'iterations': 32, 'sample_count': 8, 'measurement_iterations_multiplier': 4, 'warmup_iterations': 3, 'gpu_completion_mode': 'per_iteration', 'unit': 'us', 'direction': 'lower_is_better'}"
win,candidate,report_query.clear_boundary,20261004-155543011-c62504d1de6845c58d7c00525d97e9c2,12565.364,17530,1095.25,,not evaluated,PASS,b5eb7c4b9c8da325,,False,ineligible,True,completed,"{'revision': 2, 'iterations': 16, 'sample_count': 4, 'measurement_iterations_multiplier': 4, 'warmup_iterations': 3, 'gpu_completion_mode': 'per_iteration', 'unit': 'us', 'direction': 'lower_is_better'}"
win,candidate,report_query.dma_descriptor_rewrite,20261004-155543011-c62504d1de6845c58d7c00525d97e9c2,12565.364,3873,3873,,not evaluated,PASS,c0c0fdbececda325,,False,ineligible,True,completed,"{'revision': 2, 'iterations': 1, 'sample_count': 1, 'measurement_iterations_multiplier': 1, 'warmup_iterations': 0, 'gpu_completion_mode': 'per_iteration', 'unit': 'us', 'direction': 'lower_is_better'}"
win,candidate,report_query.dma_range_guard,20261004-155543011-c62504d1de6845c58d7c00525d97e9c2,12565.364,1728,1728,,not evaluated,PASS,3f648ce11a4da325,,False,ineligible,True,completed,"{'revision': 2, 'iterations': 1, 'sample_count': 1, 'measurement_iterations_multiplier': 1, 'warmup_iterations': 0, 'gpu_completion_mode': 'per_iteration', 'unit': 'us', 'direction': 'lower_is_better'}"
win,candidate,report_query.dma_target_switch,20261004-155543011-c62504d1de6845c58d7c00525d97e9c2,12565.364,21249,1327.75,,not evaluated,PASS,4c4bd8cd440da325,,False,ineligible,True,completed,"{'revision': 2, 'iterations': 16, 'sample_count': 4, 'measurement_iterations_multiplier': 4, 'warmup_iterations': 3, 'gpu_completion_mode': 'per_iteration', 'unit': 'us', 'direction': 'lower_is_better'}"
win,candidate,report_query.fifo_producer_ordering,20261004-155543011-c62504d1de6845c58d7c00525d97e9c2,12565.364,21003,1312,,not evaluated,PASS,0d907c24a88da325,,False,ineligible,True,completed,"{'revision': 2, 'iterations': 16, 'sample_count': 4, 'measurement_iterations_multiplier': 4, 'warmup_iterations': 3, 'gpu_completion_mode': 'per_iteration', 'unit': 'us', 'direction': 'lower_is_better'}"
win,candidate,report_query.multiple_boundaries,20261004-155543011-c62504d1de6845c58d7c00525d97e9c2,12565.364,12571,785.5,,not evaluated,PASS,0c966fc9ba4da325,,False,ineligible,True,completed,"{'revision': 2, 'iterations': 16, 'sample_count': 4, 'measurement_iterations_multiplier': 4, 'warmup_iterations': 3, 'gpu_completion_mode': 'per_iteration', 'unit': 'us', 'direction': 'lower_is_better'}"
win,candidate,report_query.single_boundary,20261004-155543011-c62504d1de6845c58d7c00525d97e9c2,12565.364,14630,914,,not evaluated,PASS,60e674c9fecda325,,False,ineligible,True,completed,"{'revision': 2, 'iterations': 16, 'sample_count': 4, 'measurement_iterations_multiplier': 4, 'warmup_iterations': 3, 'gpu_completion_mode': 'per_iteration', 'unit': 'us', 'direction': 'lower_is_better'}"
win,candidate,report_query.zero_query,20261004-155543011-c62504d1de6845c58d7c00525d97e9c2,12565.364,9703,606,,not evaluated,PASS,23875dfeb40da325,,False,ineligible,True,completed,"{'revision': 2, 'iterations': 16, 'sample_count': 4, 'measurement_iterations_multiplier': 4, 'warmup_iterations': 3, 'gpu_completion_mode': 'per_iteration', 'unit': 'us', 'direction': 'lower_is_better'}"
win,candidate,shader_lifecycle.readiness_train_visible,20261004-155558177-ee2034211f9c4f468c4a30c9f2eb99c8,22067.2629,66163,16540,,not evaluated,PASS,d4c939c4f0ce4325,,False,ineligible,True,completed,"{'revision': 1, 'iterations': 4, 'sample_count': 1, 'measurement_iterations_multiplier': 4, 'warmup_iterations': 3, 'gpu_completion_mode': 'per_iteration', 'unit': 'us', 'direction': 'lower_is_better'}"
win,candidate,shader_lifecycle.readiness_replay_visible,20261004-155622861-4392b41b5a254fc395327d2a4a8f3c0e,22107.4633,66071,16517,,not evaluated,PASS,d4c939c4f0ce4325,,False,ineligible,True,completed,"{'revision': 1, 'iterations': 4, 'sample_count': 1, 'measurement_iterations_multiplier': 4, 'warmup_iterations': 3, 'gpu_completion_mode': 'per_iteration', 'unit': 'us', 'direction': 'lower_is_better'}"
win,candidate,shader_lifecycle.readiness_identical_replay,20261004-155647577-25e8c563b85f44fb9100f8e361497f69,50052.7932,16063191,4015797,,not evaluated,PASS,70615ec6b77f8325,,False,ineligible,True,completed,"{'revision': 1, 'iterations': 4, 'sample_count': 1, 'measurement_iterations_multiplier': 4, 'warmup_iterations': 3, 'gpu_completion_mode': 'per_iteration', 'unit': 'us', 'direction': 'lower_is_better'}"
win,candidate,shader_lifecycle.readiness_uniform_only,20261004-155740249-589fba44a4ea4e75b9975ee2e331e66e,22158.7574,66308,16577,,not evaluated,PASS,113d534d51f95325,,False,ineligible,True,completed,"{'revision': 1, 'iterations': 4, 'sample_count': 1, 'measurement_iterations_multiplier': 4, 'warmup_iterations': 3, 'gpu_completion_mode': 'per_iteration', 'unit': 'us', 'direction': 'lower_is_better'}"
win,candidate,shader_lifecycle.readiness_early_demand,20261004-155805018-9a2c9b21a91f4330a4c6e7b54580bf7a,22084.1496,65933,16483,,not evaluated,PASS,d4c939c4f0ce4325,,False,ineligible,True,completed,"{'revision': 1, 'iterations': 4, 'sample_count': 1, 'measurement_iterations_multiplier': 4, 'warmup_iterations': 3, 'gpu_completion_mode': 'per_iteration', 'unit': 'us', 'direction': 'lower_is_better'}"
win,candidate,game_load.long_unlocked_scene.cpu,20261004-155829699-fcb4469c026b463dbbff96299cc5e6f0,91279.0851,793068,24783,24783,passed,PASS,7c59a4dc0f8ba325,7c59a4dc0f8ba325,True,ineligible,True,completed,"{'revision': 1, 'iterations': 32, 'sample_count': 8, 'measurement_iterations_multiplier': 4, 'warmup_iterations': 3, 'gpu_completion_mode': 'per_iteration', 'unit': 'us', 'direction': 'lower_is_better'}"
win,candidate,game_load.long_unlocked_scene.pfifo,20261004-155829699-fcb4469c026b463dbbff96299cc5e6f0,91279.0851,193066,6032.875,6032.875,passed,PASS,7c59a4dc0f8ba325,7c59a4dc0f8ba325,True,ineligible,True,completed,"{'revision': 1, 'iterations': 32, 'sample_count': 8, 'measurement_iterations_multiplier': 4, 'warmup_iterations': 3, 'gpu_completion_mode': 'per_iteration', 'unit': 'us', 'direction': 'lower_is_better'}"
win,candidate,game_load.long_unlocked_scene.alpha_overdraw,20261004-155829699-fcb4469c026b463dbbff96299cc5e6f0,91279.0851,1648421,51512.625,51512.625,passed,PASS,7c59a4dc0f8ba325,7c59a4dc0f8ba325,True,ineligible,True,completed,"{'revision': 1, 'iterations': 32, 'sample_count': 8, 'measurement_iterations_multiplier': 4, 'warmup_iterations': 3, 'gpu_completion_mode': 'per_iteration', 'unit': 'us', 'direction': 'lower_is_better'}"
win,candidate,game_load.long_unlocked_scene.streaming_surface_reuse,20261004-155829699-fcb4469c026b463dbbff96299cc5e6f0,91279.0851,512434,16013.25,16013.25,passed,PASS,7c59a4dc0f8ba325,7c59a4dc0f8ba325,True,ineligible,True,completed,"{'revision': 1, 'iterations': 32, 'sample_count': 8, 'measurement_iterations_multiplier': 4, 'warmup_iterations': 3, 'gpu_completion_mode': 'per_iteration', 'unit': 'us', 'direction': 'lower_is_better'}"
win,candidate,game_load.long_unlocked_scene.combined,20261004-155829699-fcb4469c026b463dbbff96299cc5e6f0,91279.0851,3159466,98732.875,98732.875,passed,PASS,7c59a4dc0f8ba325,7c59a4dc0f8ba325,True,ineligible,True,completed,"{'revision': 1, 'iterations': 32, 'sample_count': 8, 'measurement_iterations_multiplier': 4, 'warmup_iterations': 3, 'gpu_completion_mode': 'per_iteration', 'unit': 'us', 'direction': 'lower_is_better'}"
win,candidate,game_load.long_unlocked_scene.full_system,20261004-155829699-fcb4469c026b463dbbff96299cc5e6f0,91279.0851,3173300,99165.125,99165.125,passed,PASS,7c59a4dc0f8ba325,7c59a4dc0f8ba325,True,ineligible,True,completed,"{'revision': 1, 'iterations': 32, 'sample_count': 8, 'measurement_iterations_multiplier': 4, 'warmup_iterations': 3, 'gpu_completion_mode': 'per_iteration', 'unit': 'us', 'direction': 'lower_is_better'}"
win,candidate,game_load.cross_title_hotpath.queued_vertex_cpu_writes,20261004-155829699-fcb4469c026b463dbbff96299cc5e6f0,91279.0851,2149444,67169.625,67169.625,passed,PASS,cf19c8d27e2aa325,cf19c8d27e2aa325,True,ineligible,True,completed,"{'revision': 1, 'iterations': 32, 'sample_count': 8, 'measurement_iterations_multiplier': 4, 'warmup_iterations': 3, 'gpu_completion_mode': 'per_iteration', 'unit': 'us', 'direction': 'lower_is_better'}"
win,candidate,game_load.cross_title_hotpath.pgr2_small_draws,20261004-155829699-fcb4469c026b463dbbff96299cc5e6f0,91279.0851,4106792,128336.875,128336.875,passed,PASS,2a1e0148d2c0e325,2a1e0148d2c0e325,True,ineligible,True,completed,"{'revision': 1, 'iterations': 32, 'sample_count': 8, 'measurement_iterations_multiplier': 4, 'warmup_iterations': 3, 'gpu_completion_mode': 'per_iteration', 'unit': 'us', 'direction': 'lower_is_better'}"
win,candidate,game_load.cross_title_hotpath.texture_update_reuse,20261004-155829699-fcb4469c026b463dbbff96299cc5e6f0,91279.0851,93679,2927,2927,passed,PASS,5612bef321a56325,5612bef321a56325,True,ineligible,True,completed,"{'revision': 1, 'iterations': 32, 'sample_count': 8, 'measurement_iterations_multiplier': 4, 'warmup_iterations': 3, 'gpu_completion_mode': 'per_iteration', 'unit': 'us', 'direction': 'lower_is_better'}"
win,candidate,game_load.cross_title_hotpath.surface_reuse,20261004-155829699-fcb4469c026b463dbbff96299cc5e6f0,91279.0851,213743,6679.25,6679.25,passed,PASS,846d9f21b7c6a325,846d9f21b7c6a325,True,ineligible,True,completed,"{'revision': 1, 'iterations': 32, 'sample_count': 8, 'measurement_iterations_multiplier': 4, 'warmup_iterations': 3, 'gpu_completion_mode': 'per_iteration', 'unit': 'us', 'direction': 'lower_is_better'}"
win,candidate,game_load.cross_title_hotpath.pipeline_state_churn,20261004-155829699-fcb4469c026b463dbbff96299cc5e6f0,91279.0851,2132731,66647.625,66647.625,passed,PASS,22f040b2add4a325,22f040b2add4a325,True,ineligible,True,completed,"{'revision': 1, 'iterations': 32, 'sample_count': 8, 'measurement_iterations_multiplier': 4, 'warmup_iterations': 3, 'gpu_completion_mode': 'per_iteration', 'unit': 'us', 'direction': 'lower_is_better'}"
win,candidate,game_load.cross_title_hotpath.blend_constant_reuse,20261004-155829699-fcb4469c026b463dbbff96299cc5e6f0,91279.0851,3733184,116661.75,116661.75,passed,PASS,a08ca118008fa325,a08ca118008fa325,True,ineligible,True,completed,"{'revision': 1, 'iterations': 32, 'sample_count': 8, 'measurement_iterations_multiplier': 4, 'warmup_iterations': 3, 'gpu_completion_mode': 'per_iteration', 'unit': 'us', 'direction': 'lower_is_better'}"
win,candidate,game_load.cross_title_hotpath.texture_binding_reuse,20261004-155829699-fcb4469c026b463dbbff96299cc5e6f0,91279.0851,4803474,150108.125,150108.125,passed,PASS,dfaaa3022df6a325,dfaaa3022df6a325,True,ineligible,True,completed,"{'revision': 1, 'iterations': 32, 'sample_count': 8, 'measurement_iterations_multiplier': 4, 'warmup_iterations': 3, 'gpu_completion_mode': 'per_iteration', 'unit': 'us', 'direction': 'lower_is_better'}"
win,candidate,game_load.cross_title_hotpath.pgr2_lagspot_inline_elements,20261004-155829699-fcb4469c026b463dbbff96299cc5e6f0,91279.0851,3214745,100460.25,100460.25,passed,PASS,1289219c28d5a325,1289219c28d5a325,True,ineligible,True,completed,"{'revision': 1, 'iterations': 32, 'sample_count': 8, 'measurement_iterations_multiplier': 4, 'warmup_iterations': 3, 'gpu_completion_mode': 'per_iteration', 'unit': 'us', 'direction': 'lower_is_better'}"
win,candidate,game_load.cross_title_hotpath.scaled_surface_pressure,20261004-155829699-fcb4469c026b463dbbff96299cc5e6f0,91279.0851,9300896,290652.75,290652.75,passed,PASS,e81e5b4a4675a325,e81e5b4a4675a325,True,ineligible,True,completed,"{'revision': 1, 'iterations': 32, 'sample_count': 8, 'measurement_iterations_multiplier': 4, 'warmup_iterations': 3, 'gpu_completion_mode': 'per_iteration', 'unit': 'us', 'direction': 'lower_is_better'}"
win,candidate,game_load.cross_title_hotpath.s3tc_streaming_fenced_draws,20261004-155829699-fcb4469c026b463dbbff96299cc5e6f0,91279.0851,32068268,1002133,1002133,passed,PASS,a0f51c6c46a52325,a0f51c6c46a52325,True,ineligible,True,completed,"{'revision': 1, 'iterations': 32, 'sample_count': 8, 'measurement_iterations_multiplier': 4, 'warmup_iterations': 3, 'gpu_completion_mode': 'per_iteration', 'unit': 'us', 'direction': 'lower_is_better'}"
win,candidate,game_load.cross_title_hotpath.gpu_wait_control,20261004-155829699-fcb4469c026b463dbbff96299cc5e6f0,91279.0851,35318,1103.25,1103.25,passed,PASS,828855c0a34e2325,828855c0a34e2325,True,ineligible,True,completed,"{'revision': 1, 'iterations': 32, 'sample_count': 8, 'measurement_iterations_multiplier': 4, 'warmup_iterations': 3, 'gpu_completion_mode': 'per_iteration', 'unit': 'us', 'direction': 'lower_is_better'}"
win,candidate,game_load.s3tc_sync_factor.dxt1_same_address_wait,20261004-160003603-e78ab8e10d1248e498571b55a810ec8f,33900.6943,533021,16656.5,16656.5,failed,PASS,3403675459d4d3d5,db28300321744de5,True,ineligible,True,completed,"{'revision': 1, 'iterations': 32, 'sample_count': 8, 'measurement_iterations_multiplier': 4, 'warmup_iterations': 3, 'gpu_completion_mode': 'per_iteration', 'unit': 'us', 'direction': 'lower_is_better'}"
win,candidate,game_load.s3tc_sync_factor.dxt1_same_address_queued,20261004-160003603-e78ab8e10d1248e498571b55a810ec8f,33900.6943,533019,16656.5,16656.5,failed,PASS,a62070f4d841e01a,9998993e8dcf6939,True,ineligible,True,completed,"{'revision': 1, 'iterations': 32, 'sample_count': 8, 'measurement_iterations_multiplier': 4, 'warmup_iterations': 3, 'gpu_completion_mode': 'per_iteration', 'unit': 'us', 'direction': 'lower_is_better'}"
win,candidate,game_load.s3tc_sync_factor.dxt1_ring_payload_generations,20261004-160003603-e78ab8e10d1248e498571b55a810ec8f,33900.6943,1065986,33311.625,33311.625,failed,PASS,3403675459d4d3d5,db28300321744de5,True,ineligible,True,completed,"{'revision': 1, 'iterations': 32, 'sample_count': 8, 'measurement_iterations_multiplier': 4, 'warmup_iterations': 3, 'gpu_completion_mode': 'per_iteration', 'unit': 'us', 'direction': 'lower_is_better'}"
win,candidate,game_load.s3tc_sync_factor.dxt1_dirty_once_redraw,20261004-160003603-e78ab8e10d1248e498571b55a810ec8f,33900.6943,532855,16651.375,16651.375,passed,PASS,428c04bbb0a62725,428c04bbb0a62725,True,ineligible,True,completed,"{'revision': 1, 'iterations': 32, 'sample_count': 8, 'measurement_iterations_multiplier': 4, 'warmup_iterations': 3, 'gpu_completion_mode': 'per_iteration', 'unit': 'us', 'direction': 'lower_is_better'}"
win,candidate,game_load.s3tc_sync_factor.rgba8_same_address_wait,20261004-160003603-e78ab8e10d1248e498571b55a810ec8f,33900.6943,1598639,49957.25,49957.25,passed,PASS,3403675459d4d3d5,3403675459d4d3d5,True,ineligible,True,completed,"{'revision': 1, 'iterations': 32, 'sample_count': 8, 'measurement_iterations_multiplier': 4, 'warmup_iterations': 3, 'gpu_completion_mode': 'per_iteration', 'unit': 'us', 'direction': 'lower_is_better'}"
win,candidate,game_load.s3tc_sync_factor.rgba8_same_address_queued,20261004-160003603-e78ab8e10d1248e498571b55a810ec8f,33900.6943,1599029,49969.25,49969.25,failed,PASS,d2c745d5b3675858,719d8f45c46b69f6,True,ineligible,True,completed,"{'revision': 1, 'iterations': 32, 'sample_count': 8, 'measurement_iterations_multiplier': 4, 'warmup_iterations': 3, 'gpu_completion_mode': 'per_iteration', 'unit': 'us', 'direction': 'lower_is_better'}"
win,candidate,game_load.s3tc_sync_factor.rgba8_ring_payload_generations,20261004-160003603-e78ab8e10d1248e498571b55a810ec8f,33900.6943,4264322,133259.75,133259.75,passed,PASS,3403675459d4d3d5,3403675459d4d3d5,True,ineligible,True,completed,"{'revision': 1, 'iterations': 32, 'sample_count': 8, 'measurement_iterations_multiplier': 4, 'warmup_iterations': 3, 'gpu_completion_mode': 'per_iteration', 'unit': 'us', 'direction': 'lower_is_better'}"
win,candidate,game_load.s3tc_sync_factor.rgba8_dirty_once_redraw,20261004-160003603-e78ab8e10d1248e498571b55a810ec8f,33900.6943,533451,16669.875,16669.875,passed,PASS,428c04bbb0a62725,428c04bbb0a62725,True,ineligible,True,completed,"{'revision': 1, 'iterations': 32, 'sample_count': 8, 'measurement_iterations_multiplier': 4, 'warmup_iterations': 3, 'gpu_completion_mode': 'per_iteration', 'unit': 'us', 'direction': 'lower_is_better'}"
win,candidate,game_load.s3tc_sync_factor.bc2_native_eligible,20261004-160003603-e78ab8e10d1248e498571b55a810ec8f,33900.6943,1066631,33331.875,33331.875,failed,PASS,3403675459d4d3d5,db28300321744de5,True,ineligible,True,completed,"{'revision': 1, 'iterations': 32, 'sample_count': 8, 'measurement_iterations_multiplier': 4, 'warmup_iterations': 3, 'gpu_completion_mode': 'per_iteration', 'unit': 'us', 'direction': 'lower_is_better'}"
win,candidate,game_load.s3tc_sync_factor.bc2_bordered_fallback,20261004-160003603-e78ab8e10d1248e498571b55a810ec8f,33900.6943,3217948,100560.375,100560.375,passed,PASS,db28300321744de5,db28300321744de5,True,ineligible,True,completed,"{'revision': 1, 'iterations': 32, 'sample_count': 8, 'measurement_iterations_multiplier': 4, 'warmup_iterations': 3, 'gpu_completion_mode': 'per_iteration', 'unit': 'us', 'direction': 'lower_is_better'}"
win,candidate,game_load.s3tc_sync_factor.bc3_native_eligible,20261004-160003603-e78ab8e10d1248e498571b55a810ec8f,33900.6943,1099908,34372,34372,failed,PASS,3403675459d4d3d5,db28300321744de5,True,ineligible,True,completed,"{'revision': 1, 'iterations': 32, 'sample_count': 8, 'measurement_iterations_multiplier': 4, 'warmup_iterations': 3, 'gpu_completion_mode': 'per_iteration', 'unit': 'us', 'direction': 'lower_is_better'}"
win,candidate,game_load.s3tc_sync_factor.bc3_bordered_fallback,20261004-160003603-e78ab8e10d1248e498571b55a810ec8f,33900.6943,3199544,99985.375,99985.375,passed,PASS,db28300321744de5,db28300321744de5,True,ineligible,True,completed,"{'revision': 1, 'iterations': 32, 'sample_count': 8, 'measurement_iterations_multiplier': 4, 'warmup_iterations': 3, 'gpu_completion_mode': 'per_iteration', 'unit': 'us', 'direction': 'lower_is_better'}"
win,candidate,game_load.repeated_display,20261004-160040116-e7d10b2b9d48447da0b18020522097bb,23002.7531,532657,16645.25,16645.25,passed,PASS,36f446003b9d6325,36f446003b9d6325,True,ineligible,True,completed,"{'revision': 1, 'iterations': 32, 'sample_count': 8, 'measurement_iterations_multiplier': 4, 'warmup_iterations': 3, 'gpu_completion_mode': 'per_iteration', 'unit': 'us', 'direction': 'lower_is_better'}"
win,candidate,game_load.repeated_display_boosted,20261004-160040116-e7d10b2b9d48447da0b18020522097bb,23002.7531,1599929,49997.375,49997.375,passed,PASS,b2bc760cb1fba325,b2bc760cb1fba325,True,ineligible,True,completed,"{'revision': 1, 'iterations': 32, 'sample_count': 8, 'measurement_iterations_multiplier': 4, 'warmup_iterations': 3, 'gpu_completion_mode': 'per_iteration', 'unit': 'us', 'direction': 'lower_is_better'}"
win,candidate,game_load.doax_menu_representative.cpu_only,20261004-160040116-e7d10b2b9d48447da0b18020522097bb,23002.7531,446725,13959.875,13959.875,passed,PASS,5abb9d9faaa22325,5abb9d9faaa22325,True,ineligible,True,completed,"{'revision': 1, 'iterations': 32, 'sample_count': 8, 'measurement_iterations_multiplier': 4, 'warmup_iterations': 3, 'gpu_completion_mode': 'per_iteration', 'unit': 'us', 'direction': 'lower_is_better'}"
win,candidate,game_load.doax_menu_representative.pfifo_only,20261004-160040116-e7d10b2b9d48447da0b18020522097bb,23002.7531,80220,2506.5,2506.5,passed,PASS,f9826bbdd7912325,f9826bbdd7912325,True,ineligible,True,completed,"{'revision': 1, 'iterations': 32, 'sample_count': 8, 'measurement_iterations_multiplier': 4, 'warmup_iterations': 3, 'gpu_completion_mode': 'per_iteration', 'unit': 'us', 'direction': 'lower_is_better'}"
win,candidate,game_load.doax_menu_representative.gpu_only,20261004-160040116-e7d10b2b9d48447da0b18020522097bb,23002.7531,566579,17705.25,17705.25,passed,PASS,d3984ab7dcb8e325,d3984ab7dcb8e325,True,ineligible,True,completed,"{'revision': 1, 'iterations': 32, 'sample_count': 8, 'measurement_iterations_multiplier': 4, 'warmup_iterations': 3, 'gpu_completion_mode': 'per_iteration', 'unit': 'us', 'direction': 'lower_is_better'}"
win,candidate,game_load.doax_menu_representative.streaming_only,20261004-160040116-e7d10b2b9d48447da0b18020522097bb,23002.7531,175680,5489.625,5489.625,passed,PASS,491294aadc23a325,491294aadc23a325,True,ineligible,True,completed,"{'revision': 1, 'iterations': 32, 'sample_count': 8, 'measurement_iterations_multiplier': 4, 'warmup_iterations': 3, 'gpu_completion_mode': 'per_iteration', 'unit': 'us', 'direction': 'lower_is_better'}"
win,candidate,game_load.doax_menu_representative.cpu_pfifo_gpu,20261004-160040116-e7d10b2b9d48447da0b18020522097bb,23002.7531,1108900,34652.75,34652.75,passed,PASS,302026d9f9232325,302026d9f9232325,True,ineligible,True,completed,"{'revision': 1, 'iterations': 32, 'sample_count': 8, 'measurement_iterations_multiplier': 4, 'warmup_iterations': 3, 'gpu_completion_mode': 'per_iteration', 'unit': 'us', 'direction': 'lower_is_better'}"
win,candidate,game_load.doax_menu_representative.cpu_pfifo_gpu_streaming,20261004-160040116-e7d10b2b9d48447da0b18020522097bb,23002.7531,1219886,38121,38121,passed,PASS,9e98944350a52325,9e98944350a52325,True,ineligible,True,completed,"{'revision': 1, 'iterations': 32, 'sample_count': 8, 'measurement_iterations_multiplier': 4, 'warmup_iterations': 3, 'gpu_completion_mode': 'per_iteration', 'unit': 'us', 'direction': 'lower_is_better'}"
win,candidate,game_load.doax_menu_representative.full_system,20261004-160040116-e7d10b2b9d48447da0b18020522097bb,23002.7531,1227182,38349.125,38349.125,passed,PASS,7896e875a8ad2325,7896e875a8ad2325,True,ineligible,True,completed,"{'revision': 1, 'iterations': 32, 'sample_count': 8, 'measurement_iterations_multiplier': 4, 'warmup_iterations': 3, 'gpu_completion_mode': 'per_iteration', 'unit': 'us', 'direction': 'lower_is_better'}"
win,candidate,game_load.doax_menu_stress.cpu_only,20261004-160040116-e7d10b2b9d48447da0b18020522097bb,23002.7531,898180,28067.75,28067.75,passed,PASS,4b7c157e1e9ce325,4b7c157e1e9ce325,True,ineligible,True,completed,"{'revision': 1, 'iterations': 32, 'sample_count': 8, 'measurement_iterations_multiplier': 4, 'warmup_iterations': 3, 'gpu_completion_mode': 'per_iteration', 'unit': 'us', 'direction': 'lower_is_better'}"
win,candidate,game_load.doax_menu_stress.pfifo_only,20261004-160040116-e7d10b2b9d48447da0b18020522097bb,23002.7531,160023,5000.375,5000.375,passed,PASS,f46d8f2a39a6e325,f46d8f2a39a6e325,True,ineligible,True,completed,"{'revision': 1, 'iterations': 32, 'sample_count': 8, 'measurement_iterations_multiplier': 4, 'warmup_iterations': 3, 'gpu_completion_mode': 'per_iteration', 'unit': 'us', 'direction': 'lower_is_better'}"
win,candidate,game_load.doax_menu_stress.gpu_only,20261004-160040116-e7d10b2b9d48447da0b18020522097bb,23002.7531,1138523,35578.375,35578.375,passed,PASS,bcaf8b0e8de5a325,bcaf8b0e8de5a325,True,ineligible,True,completed,"{'revision': 1, 'iterations': 32, 'sample_count': 8, 'measurement_iterations_multiplier': 4, 'warmup_iterations': 3, 'gpu_completion_mode': 'per_iteration', 'unit': 'us', 'direction': 'lower_is_better'}"
win,candidate,game_load.doax_menu_stress.streaming_only,20261004-160105728-3536761d2a524be4b2e0aa0b0c71b30b,43092.1538,521706,16303,16303,passed,PASS,06e0eccda97d2325,06e0eccda97d2325,True,ineligible,True,completed,"{'revision': 1, 'iterations': 32, 'sample_count': 8, 'measurement_iterations_multiplier': 4, 'warmup_iterations': 3, 'gpu_completion_mode': 'per_iteration', 'unit': 'us', 'direction': 'lower_is_better'}"
win,candidate,game_load.doax_menu_stress.cpu_pfifo_gpu,20261004-160105728-3536761d2a524be4b2e0aa0b0c71b30b,43092.1538,2208481,69014.625,69014.625,passed,PASS,7707cd4649e4a325,7707cd4649e4a325,True,ineligible,True,completed,"{'revision': 1, 'iterations': 32, 'sample_count': 8, 'measurement_iterations_multiplier': 4, 'warmup_iterations': 3, 'gpu_completion_mode': 'per_iteration', 'unit': 'us', 'direction': 'lower_is_better'}"
win,candidate,game_load.doax_menu_stress.cpu_pfifo_gpu_streaming,20261004-160105728-3536761d2a524be4b2e0aa0b0c71b30b,43092.1538,2401685,75052.25,75052.25,passed,PASS,d4d9dedf3ef06325,d4d9dedf3ef06325,True,ineligible,True,completed,"{'revision': 1, 'iterations': 32, 'sample_count': 8, 'measurement_iterations_multiplier': 4, 'warmup_iterations': 3, 'gpu_completion_mode': 'per_iteration', 'unit': 'us', 'direction': 'lower_is_better'}"
win,candidate,game_load.doax_menu_stress.full_system,20261004-160105728-3536761d2a524be4b2e0aa0b0c71b30b,43092.1538,2409585,75299.25,75299.25,passed,PASS,8cf51e8eb67fa325,8cf51e8eb67fa325,True,ineligible,True,completed,"{'revision': 1, 'iterations': 32, 'sample_count': 8, 'measurement_iterations_multiplier': 4, 'warmup_iterations': 3, 'gpu_completion_mode': 'per_iteration', 'unit': 'us', 'direction': 'lower_is_better'}"
win,candidate,game_load.pgr2_ai_backup.cpu_only,20261004-160105728-3536761d2a524be4b2e0aa0b0c71b30b,43092.1538,1374723,42959.75,42959.75,passed,PASS,e6df98b3e513a325,e6df98b3e513a325,True,ineligible,True,completed,"{'revision': 1, 'iterations': 32, 'sample_count': 8, 'measurement_iterations_multiplier': 4, 'warmup_iterations': 3, 'gpu_completion_mode': 'per_iteration', 'unit': 'us', 'direction': 'lower_is_better'}"
win,candidate,game_load.pgr2_ai_backup.pfifo_only,20261004-160105728-3536761d2a524be4b2e0aa0b0c71b30b,43092.1538,528586,16517.875,16517.875,passed,PASS,e57ef83b3a66e325,e57ef83b3a66e325,True,ineligible,True,completed,"{'revision': 1, 'iterations': 32, 'sample_count': 8, 'measurement_iterations_multiplier': 4, 'warmup_iterations': 3, 'gpu_completion_mode': 'per_iteration', 'unit': 'us', 'direction': 'lower_is_better'}"
win,candidate,game_load.pgr2_ai_backup.gpu_only,20261004-160105728-3536761d2a524be4b2e0aa0b0c71b30b,43092.1538,2982475,93202,93202,passed,PASS,02ffd9b12aa96325,02ffd9b12aa96325,True,ineligible,True,completed,"{'revision': 1, 'iterations': 32, 'sample_count': 8, 'measurement_iterations_multiplier': 4, 'warmup_iterations': 3, 'gpu_completion_mode': 'per_iteration', 'unit': 'us', 'direction': 'lower_is_better'}"
win,candidate,game_load.pgr2_ai_backup.streaming_only,20261004-160105728-3536761d2a524be4b2e0aa0b0c71b30b,43092.1538,122607,3831.25,3831.25,passed,PASS,155df5f182392325,155df5f182392325,True,ineligible,True,completed,"{'revision': 1, 'iterations': 32, 'sample_count': 8, 'measurement_iterations_multiplier': 4, 'warmup_iterations': 3, 'gpu_completion_mode': 'per_iteration', 'unit': 'us', 'direction': 'lower_is_better'}"
win,candidate,game_load.pgr2_ai_backup.cpu_pfifo_gpu,20261004-160105728-3536761d2a524be4b2e0aa0b0c71b30b,43092.1538,4896479,153014.5,153014.5,passed,PASS,ab22104929b9e325,ab22104929b9e325,True,ineligible,True,completed,"{'revision': 1, 'iterations': 32, 'sample_count': 8, 'measurement_iterations_multiplier': 4, 'warmup_iterations': 3, 'gpu_completion_mode': 'per_iteration', 'unit': 'us', 'direction': 'lower_is_better'}"
win,candidate,game_load.pgr2_ai_backup.cpu_pfifo_gpu_streaming,20261004-160105728-3536761d2a524be4b2e0aa0b0c71b30b,43092.1538,4991458,155982.625,155982.625,passed,PASS,66a43765efc02325,66a43765efc02325,True,ineligible,True,completed,"{'revision': 1, 'iterations': 32, 'sample_count': 8, 'measurement_iterations_multiplier': 4, 'warmup_iterations': 3, 'gpu_completion_mode': 'per_iteration', 'unit': 'us', 'direction': 'lower_is_better'}"
win,candidate,game_load.pgr2_ai_backup.full_system,20261004-160105728-3536761d2a524be4b2e0aa0b0c71b30b,43092.1538,5022312,156946.875,156946.875,passed,PASS,55485325870d6325,55485325870d6325,True,ineligible,True,completed,"{'revision': 1, 'iterations': 32, 'sample_count': 8, 'measurement_iterations_multiplier': 4, 'warmup_iterations': 3, 'gpu_completion_mode': 'per_iteration', 'unit': 'us', 'direction': 'lower_is_better'}"
win,candidate,high_vertex_count.arrays,20261004-160151421-ddaf15392a154e5987b31e7d740ea76b,21601.9891,35365,88.05,88.05,failed,PASS,a27c67890c2d9083,cd6d0d64451d191b,True,ineligible,True,completed,"{'revision': 1, 'iterations': 400, 'sample_count': 100, 'measurement_iterations_multiplier': 4, 'warmup_iterations': 3, 'gpu_completion_mode': 'per_iteration', 'unit': 'us', 'direction': 'lower_is_better'}"
win,candidate,high_vertex_count.inline_arrays,20261004-160151421-ddaf15392a154e5987b31e7d740ea76b,21601.9891,2277987,56949.3,56949.3,failed,PASS,a27c67890c2d9083,31a890c7f71db193,True,ineligible,True,completed,"{'revision': 1, 'iterations': 40, 'sample_count': 10, 'measurement_iterations_multiplier': 4, 'warmup_iterations': 3, 'gpu_completion_mode': 'per_iteration', 'unit': 'us', 'direction': 'lower_is_better'}"
win,candidate,high_vertex_count.inline_buffers,20261004-160151421-ddaf15392a154e5987b31e7d740ea76b,21601.9891,4521734,226086.4,226086.4,failed,PASS,a27c67890c2d9083,f320b0df5ba62943,True,ineligible,True,completed,"{'revision': 1, 'iterations': 20, 'sample_count': 5, 'measurement_iterations_multiplier': 4, 'warmup_iterations': 3, 'gpu_completion_mode': 'per_iteration', 'unit': 'us', 'direction': 'lower_is_better'}"
win,candidate,high_vertex_count.inline_elements,20261004-160151421-ddaf15392a154e5987b31e7d740ea76b,21601.9891,767344,3836.34,3836.34,failed,PASS,a27c67890c2d9083,b24516b5372da0f3,True,ineligible,True,completed,"{'revision': 1, 'iterations': 200, 'sample_count': 50, 'measurement_iterations_multiplier': 4, 'warmup_iterations': 3, 'gpu_completion_mode': 'per_iteration', 'unit': 'us', 'direction': 'lower_is_better'}"
win,candidate,primitive_type.line_loop.fixed_function,20261004-160151421-ddaf15392a154e5987b31e7d740ea76b,21601.9891,23212,580,580,failed,PASS,f2158581ac6e3919,d48f43c09e534094,True,ineligible,True,completed,"{'revision': 1, 'iterations': 40, 'sample_count': 10, 'measurement_iterations_multiplier': 4, 'warmup_iterations': 3, 'gpu_completion_mode': 'per_iteration', 'unit': 'us', 'direction': 'lower_is_better'}"
win,candidate,primitive_type.line_loop.vertex_shader,20261004-160151421-ddaf15392a154e5987b31e7d740ea76b,21601.9891,22545,563.4,563.4,failed,PASS,f2158581ac6e3919,47373dc0c7be28f8,True,ineligible,True,completed,"{'revision': 1, 'iterations': 40, 'sample_count': 10, 'measurement_iterations_multiplier': 4, 'warmup_iterations': 3, 'gpu_completion_mode': 'per_iteration', 'unit': 'us', 'direction': 'lower_is_better'}"
win,candidate,primitive_type.line_strip.fixed_function,20261004-160151421-ddaf15392a154e5987b31e7d740ea76b,21601.9891,24338,608,608,failed,PASS,f2158581ac6e3919,0964935c28234a4a,True,ineligible,True,completed,"{'revision': 1, 'iterations': 40, 'sample_count': 10, 'measurement_iterations_multiplier': 4, 'warmup_iterations': 3, 'gpu_completion_mode': 'per_iteration', 'unit': 'us', 'direction': 'lower_is_better'}"
win,candidate,primitive_type.line_strip.vertex_shader,20261004-160151421-ddaf15392a154e5987b31e7d740ea76b,21601.9891,22500,562,562,failed,PASS,f2158581ac6e3919,94b433237d71b182,True,ineligible,True,completed,"{'revision': 1, 'iterations': 40, 'sample_count': 10, 'measurement_iterations_multiplier': 4, 'warmup_iterations': 3, 'gpu_completion_mode': 'per_iteration', 'unit': 'us', 'direction': 'lower_is_better'}"
win,candidate,primitive_type.lines.fixed_function,20261004-160151421-ddaf15392a154e5987b31e7d740ea76b,21601.9891,44964,1123.7,1123.7,failed,PASS,1766a7f93aa72a14,6c16b2698ec4e26b,True,ineligible,True,completed,"{'revision': 1, 'iterations': 40, 'sample_count': 10, 'measurement_iterations_multiplier': 4, 'warmup_iterations': 3, 'gpu_completion_mode': 'per_iteration', 'unit': 'us', 'direction': 'lower_is_better'}"
win,candidate,primitive_type.lines.vertex_shader,20261004-160151421-ddaf15392a154e5987b31e7d740ea76b,21601.9891,47978,1199.2,1199.2,failed,PASS,1766a7f93aa72a14,53924aa6f5e55b57,True,ineligible,True,completed,"{'revision': 1, 'iterations': 40, 'sample_count': 10, 'measurement_iterations_multiplier': 4, 'warmup_iterations': 3, 'gpu_completion_mode': 'per_iteration', 'unit': 'us', 'direction': 'lower_is_better'}"
win,candidate,primitive_type.points.fixed_function,20261004-160151421-ddaf15392a154e5987b31e7d740ea76b,21601.9891,22961,573.7,573.7,failed,PASS,5b296619f665c070,7400f7a8ac9d8c86,True,ineligible,True,completed,"{'revision': 1, 'iterations': 40, 'sample_count': 10, 'measurement_iterations_multiplier': 4, 'warmup_iterations': 3, 'gpu_completion_mode': 'per_iteration', 'unit': 'us', 'direction': 'lower_is_better'}"
win,candidate,primitive_type.points.vertex_shader,20261004-160151421-ddaf15392a154e5987b31e7d740ea76b,21601.9891,22570,563.9,563.9,failed,PASS,5b296619f665c070,f1d83724373d0036,True,ineligible,True,completed,"{'revision': 1, 'iterations': 40, 'sample_count': 10, 'measurement_iterations_multiplier': 4, 'warmup_iterations': 3, 'gpu_completion_mode': 'per_iteration', 'unit': 'us', 'direction': 'lower_is_better'}"
win,candidate,primitive_type.polygon.fixed_function,20261004-160215632-3e4281e9f43842318f305f78e9e03d5c,13339.9478,48557,1213.7,1213.7,failed,PASS,2c4beaa06aba1000,515407015a00c880,True,ineligible,True,completed,"{'revision': 1, 'iterations': 40, 'sample_count': 10, 'measurement_iterations_multiplier': 4, 'warmup_iterations': 3, 'gpu_completion_mode': 'per_iteration', 'unit': 'us', 'direction': 'lower_is_better'}"
win,candidate,primitive_type.polygon.vertex_shader,20261004-160215632-3e4281e9f43842318f305f78e9e03d5c,13339.9478,35591,889.4,889.4,failed,PASS,2c4beaa06aba1000,4376cbfa562c7d14,True,ineligible,True,completed,"{'revision': 1, 'iterations': 40, 'sample_count': 10, 'measurement_iterations_multiplier': 4, 'warmup_iterations': 3, 'gpu_completion_mode': 'per_iteration', 'unit': 'us', 'direction': 'lower_is_better'}"
win,candidate,primitive_type.quad_strip.fixed_function,20261004-160215632-3e4281e9f43842318f305f78e9e03d5c,13339.9478,72225,1805.2,1805.2,failed,PASS,f64b4495347cec73,190c4f06474f8467,True,ineligible,True,completed,"{'revision': 1, 'iterations': 40, 'sample_count': 10, 'measurement_iterations_multiplier': 4, 'warmup_iterations': 3, 'gpu_completion_mode': 'per_iteration', 'unit': 'us', 'direction': 'lower_is_better'}"
win,candidate,primitive_type.quad_strip.vertex_shader,20261004-160215632-3e4281e9f43842318f305f78e9e03d5c,13339.9478,45682,1141.7,1141.7,failed,PASS,f64b4495347cec73,d5cf212c5788c3df,True,ineligible,True,completed,"{'revision': 1, 'iterations': 40, 'sample_count': 10, 'measurement_iterations_multiplier': 4, 'warmup_iterations': 3, 'gpu_completion_mode': 'per_iteration', 'unit': 'us', 'direction': 'lower_is_better'}"
win,candidate,primitive_type.quads.fixed_function,20261004-160215632-3e4281e9f43842318f305f78e9e03d5c,13339.9478,92595,2314.5,2314.5,failed,PASS,114a1419338256e5,b52448622bc1c001,True,ineligible,True,completed,"{'revision': 1, 'iterations': 40, 'sample_count': 10, 'measurement_iterations_multiplier': 4, 'warmup_iterations': 3, 'gpu_completion_mode': 'per_iteration', 'unit': 'us', 'direction': 'lower_is_better'}"
win,candidate,primitive_type.quads.vertex_shader,20261004-160215632-3e4281e9f43842318f305f78e9e03d5c,13339.9478,91212,2279.9,2279.9,failed,PASS,114a1419338256e5,fbac823960948b69,True,ineligible,True,completed,"{'revision': 1, 'iterations': 40, 'sample_count': 10, 'measurement_iterations_multiplier': 4, 'warmup_iterations': 3, 'gpu_completion_mode': 'per_iteration', 'unit': 'us', 'direction': 'lower_is_better'}"
win,candidate,primitive_type.triangle_fan.fixed_function,20261004-160215632-3e4281e9f43842318f305f78e9e03d5c,13339.9478,24547,613.4,613.4,failed,PASS,36644f0fd11db166,ba0d8daf7940c5d2,True,ineligible,True,completed,"{'revision': 1, 'iterations': 40, 'sample_count': 10, 'measurement_iterations_multiplier': 4, 'warmup_iterations': 3, 'gpu_completion_mode': 'per_iteration', 'unit': 'us', 'direction': 'lower_is_better'}"
win,candidate,primitive_type.triangle_fan.vertex_shader,20261004-160215632-3e4281e9f43842318f305f78e9e03d5c,13339.9478,23341,583,583,failed,PASS,36644f0fd11db166,134a22bd3882e48e,True,ineligible,True,completed,"{'revision': 1, 'iterations': 40, 'sample_count': 10, 'measurement_iterations_multiplier': 4, 'warmup_iterations': 3, 'gpu_completion_mode': 'per_iteration', 'unit': 'us', 'direction': 'lower_is_better'}"
win,candidate,primitive_type.triangle_strip.fixed_function,20261004-160215632-3e4281e9f43842318f305f78e9e03d5c,13339.9478,23295,582,582,failed,PASS,d7b289579fdaa1ab,d15b03d8ead6bb03,True,ineligible,True,completed,"{'revision': 1, 'iterations': 40, 'sample_count': 10, 'measurement_iterations_multiplier': 4, 'warmup_iterations': 3, 'gpu_completion_mode': 'per_iteration', 'unit': 'us', 'direction': 'lower_is_better'}"
win,candidate,primitive_type.triangle_strip.vertex_shader,20261004-160215632-3e4281e9f43842318f305f78e9e03d5c,13339.9478,22933,573.1,573.1,failed,PASS,d7b289579fdaa1ab,f7cfda74a4111eff,True,ineligible,True,completed,"{'revision': 1, 'iterations': 40, 'sample_count': 10, 'measurement_iterations_multiplier': 4, 'warmup_iterations': 3, 'gpu_completion_mode': 'per_iteration', 'unit': 'us', 'direction': 'lower_is_better'}"
win,candidate,primitive_type.triangles.fixed_function,20261004-160215632-3e4281e9f43842318f305f78e9e03d5c,13339.9478,73546,1838.4,1838.4,failed,PASS,72f05baf369ceb60,4521bcfbdb43e248,True,ineligible,True,completed,"{'revision': 1, 'iterations': 40, 'sample_count': 10, 'measurement_iterations_multiplier': 4, 'warmup_iterations': 3, 'gpu_completion_mode': 'per_iteration', 'unit': 'us', 'direction': 'lower_is_better'}"
win,candidate,primitive_type.triangles.vertex_shader,20261004-160215632-3e4281e9f43842318f305f78e9e03d5c,13339.9478,67995,1699.5,1699.5,failed,PASS,72f05baf369ceb60,d86abc6e019e36fc,True,ineligible,True,completed,"{'revision': 1, 'iterations': 40, 'sample_count': 10, 'measurement_iterations_multiplier': 4, 'warmup_iterations': 3, 'gpu_completion_mode': 'per_iteration', 'unit': 'us', 'direction': 'lower_is_better'}"
win,candidate,texture_cubemap_fallback.bordered_palette_size1,20261004-160231588-1cd858c3c17c43ab8b718b9bcf7d1fc6,27170.2604,532711,16646.875,,not evaluated,FAIL,56d00ed89334a325,,True,ineligible,False,failed,"{'revision': 1, 'iterations': 32, 'sample_count': 8, 'measurement_iterations_multiplier': 4, 'warmup_iterations': 3, 'gpu_completion_mode': 'per_iteration', 'unit': 'us', 'direction': 'lower_is_better'}"
