host,variant,test,runId,runWallMs,guestWorkUs,guestRawSampleMeanUs,canonicalMeanUs,runnerLeafCheck,guestOutcome,framebuffer,oracleFramebuffer,oraclePresent,comparison,rawOutputComplete,processExecution,fixedWork
deck,parent,busy_pfifo.pfifo_saturation,20261004-133626695-5afdee6365b5437e841b4ed08ed4b973,89533.7145,6439666,160991.2,,not evaluated,PASS,618832b1599bf211,1508607624bb8506,True,ineligible,True,completed,"{'revision': 1, 'iterations': 40, 'sample_count': 10, 'measurement_iterations_multiplier': 4, 'warmup_iterations': 3, 'gpu_completion_mode': 'per_iteration', 'unit': 'us', 'direction': 'lower_is_better'}"
deck,parent,busy_pfifo.pgraph_pattern_polling,20261004-133626695-5afdee6365b5437e841b4ed08ed4b973,89533.7145,36818406,9204601,,not evaluated,PASS,386d0f085e98c325,386d0f085e98c325,True,ineligible,True,completed,"{'revision': 1, 'iterations': 4, 'sample_count': 1, 'measurement_iterations_multiplier': 4, 'warmup_iterations': 3, 'gpu_completion_mode': 'per_iteration', 'unit': 'us', 'direction': 'lower_is_better'}"
deck,parent,pfifo_array_elements.array_element_pgr2,20261004-133626695-5afdee6365b5437e841b4ed08ed4b973,89533.7145,52488,1639.75,,not evaluated,PASS,bbc8b0702ffd0325,bbc8b0702ffd0325,True,ineligible,True,completed,"{'revision': 1, 'iterations': 32, 'sample_count': 8, 'measurement_iterations_multiplier': 4, 'warmup_iterations': 3, 'gpu_completion_mode': 'per_iteration', 'unit': 'us', 'direction': 'lower_is_better'}"
deck,parent,pfifo_array_elements.array_element16,20261004-133626695-5afdee6365b5437e841b4ed08ed4b973,89533.7145,52817,1650.125,,not evaluated,PASS,9c884de2a5d32325,9c884de2a5d32325,True,ineligible,True,completed,"{'revision': 1, 'iterations': 32, 'sample_count': 8, 'measurement_iterations_multiplier': 4, 'warmup_iterations': 3, 'gpu_completion_mode': 'per_iteration', 'unit': 'us', 'direction': 'lower_is_better'}"
deck,parent,pfifo_array_elements.array_element32,20261004-133626695-5afdee6365b5437e841b4ed08ed4b973,89533.7145,47024,1469.25,,not evaluated,PASS,e079f0cf1a994325,e079f0cf1a994325,True,ineligible,True,completed,"{'revision': 1, 'iterations': 32, 'sample_count': 8, 'measurement_iterations_multiplier': 4, 'warmup_iterations': 3, 'gpu_completion_mode': 'per_iteration', 'unit': 'us', 'direction': 'lower_is_better'}"
deck,parent,pfifo_packet_boundary.array_element16_overflow,20261004-133626695-5afdee6365b5437e841b4ed08ed4b973,89533.7145,176190,44047,,not evaluated,PASS,4d1756526f052325,,False,ineligible,True,completed,"{'revision': 1, 'iterations': 4, 'sample_count': 1, 'measurement_iterations_multiplier': 4, 'warmup_iterations': 3, 'gpu_completion_mode': 'per_iteration', 'unit': 'us', 'direction': 'lower_is_better'}"
deck,parent,pfifo_packet_boundary.array_element32_overflow,20261004-133626695-5afdee6365b5437e841b4ed08ed4b973,89533.7145,360251,90062,,not evaluated,PASS,6eb7071be692a325,,False,ineligible,True,completed,"{'revision': 1, 'iterations': 4, 'sample_count': 1, 'measurement_iterations_multiplier': 4, 'warmup_iterations': 3, 'gpu_completion_mode': 'per_iteration', 'unit': 'us', 'direction': 'lower_is_better'}"
deck,parent,pfifo_packet_boundary.inline_array_overflow,20261004-133626695-5afdee6365b5437e841b4ed08ed4b973,89533.7145,282624,70656,,not evaluated,PASS,847da1930526a325,,False,ineligible,True,completed,"{'revision': 1, 'iterations': 4, 'sample_count': 1, 'measurement_iterations_multiplier': 4, 'warmup_iterations': 3, 'gpu_completion_mode': 'per_iteration', 'unit': 'us', 'direction': 'lower_is_better'}"
deck,parent,pfifo_packet_boundary.incrementing_inline_fallback,20261004-133626695-5afdee6365b5437e841b4ed08ed4b973,89533.7145,330,82,,not evaluated,PASS,640439ee8ecd2325,,False,ineligible,True,completed,"{'revision': 1, 'iterations': 4, 'sample_count': 1, 'measurement_iterations_multiplier': 4, 'warmup_iterations': 3, 'gpu_completion_mode': 'per_iteration', 'unit': 'us', 'direction': 'lower_is_better'}"
deck,parent,cpu_floating_point.sse_scalar,20261004-133758266-f064ae65bd384c329d0938e615b20a58,178743.895,48400244,1210005.8,1210005.8,passed,PASS,6962077c244da325,6962077c244da325,True,eligible,True,completed,"{'revision': 1, 'iterations': 40, 'sample_count': 10, 'measurement_iterations_multiplier': 4, 'warmup_iterations': 3, 'gpu_completion_mode': 'per_iteration', 'unit': 'us', 'direction': 'lower_is_better'}"
deck,parent,cpu_floating_point.x87_scalar,20261004-133758266-f064ae65bd384c329d0938e615b20a58,178743.895,46176566,1154413.7,1154413.7,passed,PASS,6962077c244da325,6962077c244da325,True,eligible,True,completed,"{'revision': 1, 'iterations': 40, 'sample_count': 10, 'measurement_iterations_multiplier': 4, 'warmup_iterations': 3, 'gpu_completion_mode': 'per_iteration', 'unit': 'us', 'direction': 'lower_is_better'}"
deck,parent,cpu_translation_blocks.direct_loop,20261004-133758266-f064ae65bd384c329d0938e615b20a58,178743.895,815280,20381.8,20381.8,passed,PASS,bd1fc9bf0c318325,bd1fc9bf0c318325,True,eligible,True,completed,"{'revision': 1, 'iterations': 40, 'sample_count': 10, 'measurement_iterations_multiplier': 4, 'warmup_iterations': 3, 'gpu_completion_mode': 'per_iteration', 'unit': 'us', 'direction': 'lower_is_better'}"
deck,parent,cpu_translation_blocks.indirect_dispatch,20261004-133758266-f064ae65bd384c329d0938e615b20a58,178743.895,2734861,68371.2,68371.2,passed,PASS,c0426cf669a02325,c0426cf669a02325,True,eligible,True,completed,"{'revision': 1, 'iterations': 40, 'sample_count': 10, 'measurement_iterations_multiplier': 4, 'warmup_iterations': 3, 'gpu_completion_mode': 'per_iteration', 'unit': 'us', 'direction': 'lower_is_better'}"
deck,parent,cpu_translation_blocks.indirect_dispatch_stress,20261004-133758266-f064ae65bd384c329d0938e615b20a58,178743.895,54672947,1366823.4,1366823.4,passed,PASS,fbd507cb0c622325,fbd507cb0c622325,True,eligible,True,completed,"{'revision': 1, 'iterations': 40, 'sample_count': 10, 'measurement_iterations_multiplier': 4, 'warmup_iterations': 3, 'gpu_completion_mode': 'per_iteration', 'unit': 'us', 'direction': 'lower_is_better'}"
deck,parent,fill_rate.solid,20261004-134059046-c3e9b0cbfee14d6da25df1fe679dfd6f,15229.2097,181746,4543.2,4543.2,failed,PASS,aa539e0bcd4e54b3,08b0f60773aac775,True,ineligible,True,completed,"{'revision': 1, 'iterations': 40, 'sample_count': 10, 'measurement_iterations_multiplier': 4, 'warmup_iterations': 3, 'gpu_completion_mode': 'per_iteration', 'unit': 'us', 'direction': 'lower_is_better'}"
deck,parent,fill_rate.textured,20261004-134059046-c3e9b0cbfee14d6da25df1fe679dfd6f,15229.2097,374171,9354,9354,failed,PASS,92f42c56c1fbe869,99b433323df1684d,True,ineligible,True,completed,"{'revision': 1, 'iterations': 40, 'sample_count': 10, 'measurement_iterations_multiplier': 4, 'warmup_iterations': 3, 'gpu_completion_mode': 'per_iteration', 'unit': 'us', 'direction': 'lower_is_better'}"
deck,parent,pipeline_texture_switch.clear_texture_normal,20261004-134115808-719b3fe3869241428200b8cb885856ea,24500.0651,1103451,34482.625,,not evaluated,PASS,22ba4f1405cda325,22ba4f1405cda325,True,ineligible,True,completed,"{'revision': 1, 'iterations': 32, 'sample_count': 8, 'measurement_iterations_multiplier': 4, 'warmup_iterations': 3, 'gpu_completion_mode': 'per_iteration', 'unit': 'us', 'direction': 'lower_is_better'}"
deck,parent,pipeline_texture_switch.palette_dma_remap,20261004-134115808-719b3fe3869241428200b8cb885856ea,24500.0651,66727,16681,,not evaluated,PASS,fbf687de65082325,,False,ineligible,True,completed,"{'revision': 1, 'iterations': 4, 'sample_count': 1, 'measurement_iterations_multiplier': 4, 'warmup_iterations': 3, 'gpu_completion_mode': 'per_iteration', 'unit': 'us', 'direction': 'lower_is_better'}"
deck,parent,pipeline_texture_switch.palette_only_update,20261004-134115808-719b3fe3869241428200b8cb885856ea,24500.0651,254088,63522,,not evaluated,PASS,467aab2f95cda325,,False,ineligible,True,completed,"{'revision': 1, 'iterations': 4, 'sample_count': 1, 'measurement_iterations_multiplier': 4, 'warmup_iterations': 3, 'gpu_completion_mode': 'per_iteration', 'unit': 'us', 'direction': 'lower_is_better'}"
deck,parent,pipeline_texture_switch.sampler_only_identity,20261004-134115808-719b3fe3869241428200b8cb885856ea,24500.0651,2166024,67687.875,,not evaluated,PASS,0b8438c8404da325,0b8438c8404da325,True,ineligible,True,completed,"{'revision': 1, 'iterations': 32, 'sample_count': 8, 'measurement_iterations_multiplier': 4, 'warmup_iterations': 3, 'gpu_completion_mode': 'per_iteration', 'unit': 'us', 'direction': 'lower_is_better'}"
deck,parent,pipeline_texture_switch.shader_negative_control,20261004-134115808-719b3fe3869241428200b8cb885856ea,24500.0651,1666151,52066.75,,not evaluated,PASS,f110c8bd6338c325,f110c8bd6338c325,True,ineligible,True,completed,"{'revision': 1, 'iterations': 32, 'sample_count': 8, 'measurement_iterations_multiplier': 4, 'warmup_iterations': 3, 'gpu_completion_mode': 'per_iteration', 'unit': 'us', 'direction': 'lower_is_better'}"
deck,parent,pipeline_texture_switch.shared_page_overlap,20261004-134115808-719b3fe3869241428200b8cb885856ea,24500.0651,197926,49481,,not evaluated,PASS,83bb59a8648da325,,False,ineligible,True,completed,"{'revision': 1, 'iterations': 4, 'sample_count': 1, 'measurement_iterations_multiplier': 4, 'warmup_iterations': 3, 'gpu_completion_mode': 'per_iteration', 'unit': 'us', 'direction': 'lower_is_better'}"
deck,parent,pipeline_texture_switch.texture_dma_remap,20261004-134115808-719b3fe3869241428200b8cb885856ea,24500.0651,66333,16583,,not evaluated,PASS,fbf687de65082325,,False,ineligible,True,completed,"{'revision': 1, 'iterations': 4, 'sample_count': 1, 'measurement_iterations_multiplier': 4, 'warmup_iterations': 3, 'gpu_completion_mode': 'per_iteration', 'unit': 'us', 'direction': 'lower_is_better'}"
deck,parent,pipeline_texture_switch.texture_switch,20261004-134115808-719b3fe3869241428200b8cb885856ea,24500.0651,1612054,50376.375,,not evaluated,PASS,8ae05d31fb00c325,8ae05d31fb00c325,True,ineligible,True,completed,"{'revision': 1, 'iterations': 32, 'sample_count': 8, 'measurement_iterations_multiplier': 4, 'warmup_iterations': 3, 'gpu_completion_mode': 'per_iteration', 'unit': 'us', 'direction': 'lower_is_better'}"
deck,parent,report_query.clear_boundary,20261004-134142347-bd27c361cd6747418f9dd907c6a33aa6,15296.2417,42408,2650.25,,not evaluated,PASS,b5eb7c4b9c8da325,,False,ineligible,True,completed,"{'revision': 2, 'iterations': 16, 'sample_count': 4, 'measurement_iterations_multiplier': 4, 'warmup_iterations': 3, 'gpu_completion_mode': 'per_iteration', 'unit': 'us', 'direction': 'lower_is_better'}"
deck,parent,report_query.dma_descriptor_rewrite,20261004-134142347-bd27c361cd6747418f9dd907c6a33aa6,15296.2417,12333,12333,,not evaluated,PASS,c0c0fdbececda325,,False,ineligible,True,completed,"{'revision': 2, 'iterations': 1, 'sample_count': 1, 'measurement_iterations_multiplier': 1, 'warmup_iterations': 0, 'gpu_completion_mode': 'per_iteration', 'unit': 'us', 'direction': 'lower_is_better'}"
deck,parent,report_query.dma_range_guard,20261004-134142347-bd27c361cd6747418f9dd907c6a33aa6,15296.2417,7345,7345,,not evaluated,PASS,3f648ce11a4da325,,False,ineligible,True,completed,"{'revision': 2, 'iterations': 1, 'sample_count': 1, 'measurement_iterations_multiplier': 1, 'warmup_iterations': 0, 'gpu_completion_mode': 'per_iteration', 'unit': 'us', 'direction': 'lower_is_better'}"
deck,parent,report_query.dma_target_switch,20261004-134142347-bd27c361cd6747418f9dd907c6a33aa6,15296.2417,32503,2031.25,,not evaluated,PASS,4c4bd8cd440da325,,False,ineligible,True,completed,"{'revision': 2, 'iterations': 16, 'sample_count': 4, 'measurement_iterations_multiplier': 4, 'warmup_iterations': 3, 'gpu_completion_mode': 'per_iteration', 'unit': 'us', 'direction': 'lower_is_better'}"
deck,parent,report_query.fifo_producer_ordering,20261004-134142347-bd27c361cd6747418f9dd907c6a33aa6,15296.2417,28766,1797.5,,not evaluated,PASS,0d907c24a88da325,,False,ineligible,True,completed,"{'revision': 2, 'iterations': 16, 'sample_count': 4, 'measurement_iterations_multiplier': 4, 'warmup_iterations': 3, 'gpu_completion_mode': 'per_iteration', 'unit': 'us', 'direction': 'lower_is_better'}"
deck,parent,report_query.multiple_boundaries,20261004-134142347-bd27c361cd6747418f9dd907c6a33aa6,15296.2417,16946,1059,,not evaluated,PASS,0c966fc9ba4da325,,False,ineligible,True,completed,"{'revision': 2, 'iterations': 16, 'sample_count': 4, 'measurement_iterations_multiplier': 4, 'warmup_iterations': 3, 'gpu_completion_mode': 'per_iteration', 'unit': 'us', 'direction': 'lower_is_better'}"
deck,parent,report_query.single_boundary,20261004-134142347-bd27c361cd6747418f9dd907c6a33aa6,15296.2417,18813,1175.5,,not evaluated,PASS,60e674c9fecda325,,False,ineligible,True,completed,"{'revision': 2, 'iterations': 16, 'sample_count': 4, 'measurement_iterations_multiplier': 4, 'warmup_iterations': 3, 'gpu_completion_mode': 'per_iteration', 'unit': 'us', 'direction': 'lower_is_better'}"
deck,parent,report_query.zero_query,20261004-134142347-bd27c361cd6747418f9dd907c6a33aa6,15296.2417,15065,941,,not evaluated,PASS,23875dfeb40da325,,False,ineligible,True,completed,"{'revision': 2, 'iterations': 16, 'sample_count': 4, 'measurement_iterations_multiplier': 4, 'warmup_iterations': 3, 'gpu_completion_mode': 'per_iteration', 'unit': 'us', 'direction': 'lower_is_better'}"
deck,parent,shader_lifecycle.readiness_train_visible,20261004-134159684-59c1ff9e021c4a899c7407cd35de8462,23964.6067,65595,16398,,not evaluated,PASS,d4c939c4f0ce4325,,False,ineligible,True,completed,"{'revision': 1, 'iterations': 4, 'sample_count': 1, 'measurement_iterations_multiplier': 4, 'warmup_iterations': 3, 'gpu_completion_mode': 'per_iteration', 'unit': 'us', 'direction': 'lower_is_better'}"
deck,parent,shader_lifecycle.readiness_replay_visible,20261004-134225684-50f475ff024347688f2f8fe50f65a03a,24097.5423,65963,16490,,not evaluated,PASS,d4c939c4f0ce4325,,False,ineligible,True,completed,"{'revision': 1, 'iterations': 4, 'sample_count': 1, 'measurement_iterations_multiplier': 4, 'warmup_iterations': 3, 'gpu_completion_mode': 'per_iteration', 'unit': 'us', 'direction': 'lower_is_better'}"
deck,parent,shader_lifecycle.readiness_identical_replay,20261004-134251813-0885dbc8504c4fa38f76f4dbb528d1d8,51986.3631,16065715,4016428,,not evaluated,PASS,70615ec6b77f8325,,False,ineligible,True,completed,"{'revision': 1, 'iterations': 4, 'sample_count': 1, 'measurement_iterations_multiplier': 4, 'warmup_iterations': 3, 'gpu_completion_mode': 'per_iteration', 'unit': 'us', 'direction': 'lower_is_better'}"
deck,parent,shader_lifecycle.readiness_uniform_only,20261004-134345337-2934b7b4164b45d3bf5db0c29889395e,24155.7089,66208,16552,,not evaluated,PASS,113d534d51f95325,,False,ineligible,True,completed,"{'revision': 1, 'iterations': 4, 'sample_count': 1, 'measurement_iterations_multiplier': 4, 'warmup_iterations': 3, 'gpu_completion_mode': 'per_iteration', 'unit': 'us', 'direction': 'lower_is_better'}"
deck,parent,shader_lifecycle.readiness_early_demand,20261004-134411031-e779cb3e33e34b6da37e1cb9a19e58d8,24138.2882,65144,16286,,not evaluated,PASS,d4c939c4f0ce4325,,False,ineligible,True,completed,"{'revision': 1, 'iterations': 4, 'sample_count': 1, 'measurement_iterations_multiplier': 4, 'warmup_iterations': 3, 'gpu_completion_mode': 'per_iteration', 'unit': 'us', 'direction': 'lower_is_better'}"
deck,parent,game_load.long_unlocked_scene.cpu,20261004-134437204-a3d419df8b8e4cd1954eba6efa02146a,259452.3674,1253754,39179.5,39179.5,passed,PASS,7c59a4dc0f8ba325,7c59a4dc0f8ba325,True,eligible,True,completed,"{'revision': 1, 'iterations': 32, 'sample_count': 8, 'measurement_iterations_multiplier': 4, 'warmup_iterations': 3, 'gpu_completion_mode': 'per_iteration', 'unit': 'us', 'direction': 'lower_is_better'}"
deck,parent,game_load.long_unlocked_scene.pfifo,20261004-134437204-a3d419df8b8e4cd1954eba6efa02146a,259452.3674,290805,9087.375,9087.375,passed,PASS,7c59a4dc0f8ba325,7c59a4dc0f8ba325,True,eligible,True,completed,"{'revision': 1, 'iterations': 32, 'sample_count': 8, 'measurement_iterations_multiplier': 4, 'warmup_iterations': 3, 'gpu_completion_mode': 'per_iteration', 'unit': 'us', 'direction': 'lower_is_better'}"
deck,parent,game_load.long_unlocked_scene.alpha_overdraw,20261004-134437204-a3d419df8b8e4cd1954eba6efa02146a,259452.3674,3355168,104848.625,104848.625,passed,PASS,7c59a4dc0f8ba325,7c59a4dc0f8ba325,True,eligible,True,completed,"{'revision': 1, 'iterations': 32, 'sample_count': 8, 'measurement_iterations_multiplier': 4, 'warmup_iterations': 3, 'gpu_completion_mode': 'per_iteration', 'unit': 'us', 'direction': 'lower_is_better'}"
deck,parent,game_load.long_unlocked_scene.streaming_surface_reuse,20261004-134437204-a3d419df8b8e4cd1954eba6efa02146a,259452.3674,860423,26887.875,26887.875,passed,PASS,7c59a4dc0f8ba325,7c59a4dc0f8ba325,True,eligible,True,completed,"{'revision': 1, 'iterations': 32, 'sample_count': 8, 'measurement_iterations_multiplier': 4, 'warmup_iterations': 3, 'gpu_completion_mode': 'per_iteration', 'unit': 'us', 'direction': 'lower_is_better'}"
deck,parent,game_load.long_unlocked_scene.combined,20261004-134437204-a3d419df8b8e4cd1954eba6efa02146a,259452.3674,6326616,197706.625,197706.625,passed,PASS,7c59a4dc0f8ba325,7c59a4dc0f8ba325,True,eligible,True,completed,"{'revision': 1, 'iterations': 32, 'sample_count': 8, 'measurement_iterations_multiplier': 4, 'warmup_iterations': 3, 'gpu_completion_mode': 'per_iteration', 'unit': 'us', 'direction': 'lower_is_better'}"
deck,parent,game_load.long_unlocked_scene.full_system,20261004-134437204-a3d419df8b8e4cd1954eba6efa02146a,259452.3674,6187543,193360.375,193360.375,passed,PASS,7c59a4dc0f8ba325,7c59a4dc0f8ba325,True,eligible,True,completed,"{'revision': 1, 'iterations': 32, 'sample_count': 8, 'measurement_iterations_multiplier': 4, 'warmup_iterations': 3, 'gpu_completion_mode': 'per_iteration', 'unit': 'us', 'direction': 'lower_is_better'}"
deck,parent,game_load.cross_title_hotpath.queued_vertex_cpu_writes,20261004-134437204-a3d419df8b8e4cd1954eba6efa02146a,259452.3674,4756981,148655.375,148655.375,passed,PASS,cf19c8d27e2aa325,cf19c8d27e2aa325,True,eligible,True,completed,"{'revision': 1, 'iterations': 32, 'sample_count': 8, 'measurement_iterations_multiplier': 4, 'warmup_iterations': 3, 'gpu_completion_mode': 'per_iteration', 'unit': 'us', 'direction': 'lower_is_better'}"
deck,parent,game_load.cross_title_hotpath.pgr2_small_draws,20261004-134437204-a3d419df8b8e4cd1954eba6efa02146a,259452.3674,9812301,306634,306634,passed,PASS,2a1e0148d2c0e325,2a1e0148d2c0e325,True,eligible,True,completed,"{'revision': 1, 'iterations': 32, 'sample_count': 8, 'measurement_iterations_multiplier': 4, 'warmup_iterations': 3, 'gpu_completion_mode': 'per_iteration', 'unit': 'us', 'direction': 'lower_is_better'}"
deck,parent,game_load.cross_title_hotpath.texture_update_reuse,20261004-134437204-a3d419df8b8e4cd1954eba6efa02146a,259452.3674,144201,4505.75,4505.75,passed,PASS,5612bef321a56325,5612bef321a56325,True,eligible,True,completed,"{'revision': 1, 'iterations': 32, 'sample_count': 8, 'measurement_iterations_multiplier': 4, 'warmup_iterations': 3, 'gpu_completion_mode': 'per_iteration', 'unit': 'us', 'direction': 'lower_is_better'}"
deck,parent,game_load.cross_title_hotpath.surface_reuse,20261004-134437204-a3d419df8b8e4cd1954eba6efa02146a,259452.3674,850087,26564.75,26564.75,passed,PASS,846d9f21b7c6a325,846d9f21b7c6a325,True,eligible,True,completed,"{'revision': 1, 'iterations': 32, 'sample_count': 8, 'measurement_iterations_multiplier': 4, 'warmup_iterations': 3, 'gpu_completion_mode': 'per_iteration', 'unit': 'us', 'direction': 'lower_is_better'}"
deck,parent,game_load.cross_title_hotpath.pipeline_state_churn,20261004-134437204-a3d419df8b8e4cd1954eba6efa02146a,259452.3674,4750558,148454.625,148454.625,passed,PASS,22f040b2add4a325,22f040b2add4a325,True,eligible,True,completed,"{'revision': 1, 'iterations': 32, 'sample_count': 8, 'measurement_iterations_multiplier': 4, 'warmup_iterations': 3, 'gpu_completion_mode': 'per_iteration', 'unit': 'us', 'direction': 'lower_is_better'}"
deck,parent,game_load.cross_title_hotpath.blend_constant_reuse,20261004-134437204-a3d419df8b8e4cd1954eba6efa02146a,259452.3674,9169855,286557.75,286557.75,passed,PASS,a08ca118008fa325,a08ca118008fa325,True,eligible,True,completed,"{'revision': 1, 'iterations': 32, 'sample_count': 8, 'measurement_iterations_multiplier': 4, 'warmup_iterations': 3, 'gpu_completion_mode': 'per_iteration', 'unit': 'us', 'direction': 'lower_is_better'}"
deck,parent,game_load.cross_title_hotpath.texture_binding_reuse,20261004-134437204-a3d419df8b8e4cd1954eba6efa02146a,259452.3674,11862724,370709.875,370709.875,passed,PASS,dfaaa3022df6a325,dfaaa3022df6a325,True,eligible,True,completed,"{'revision': 1, 'iterations': 32, 'sample_count': 8, 'measurement_iterations_multiplier': 4, 'warmup_iterations': 3, 'gpu_completion_mode': 'per_iteration', 'unit': 'us', 'direction': 'lower_is_better'}"
deck,parent,game_load.cross_title_hotpath.pgr2_lagspot_inline_elements,20261004-134437204-a3d419df8b8e4cd1954eba6efa02146a,259452.3674,7320719,228772.125,228772.125,passed,PASS,1289219c28d5a325,1289219c28d5a325,True,eligible,True,completed,"{'revision': 1, 'iterations': 32, 'sample_count': 8, 'measurement_iterations_multiplier': 4, 'warmup_iterations': 3, 'gpu_completion_mode': 'per_iteration', 'unit': 'us', 'direction': 'lower_is_better'}"
deck,parent,game_load.cross_title_hotpath.scaled_surface_pressure,20261004-134437204-a3d419df8b8e4cd1954eba6efa02146a,259452.3674,62152204,1942255.875,1942255.875,passed,PASS,e81e5b4a4675a325,e81e5b4a4675a325,True,eligible,True,completed,"{'revision': 1, 'iterations': 32, 'sample_count': 8, 'measurement_iterations_multiplier': 4, 'warmup_iterations': 3, 'gpu_completion_mode': 'per_iteration', 'unit': 'us', 'direction': 'lower_is_better'}"
deck,parent,game_load.cross_title_hotpath.s3tc_streaming_fenced_draws,20261004-134437204-a3d419df8b8e4cd1954eba6efa02146a,259452.3674,91561738,2861303.875,2861303.875,passed,PASS,a0f51c6c46a52325,a0f51c6c46a52325,True,eligible,True,completed,"{'revision': 1, 'iterations': 32, 'sample_count': 8, 'measurement_iterations_multiplier': 4, 'warmup_iterations': 3, 'gpu_completion_mode': 'per_iteration', 'unit': 'us', 'direction': 'lower_is_better'}"
deck,parent,game_load.cross_title_hotpath.gpu_wait_control,20261004-134437204-a3d419df8b8e4cd1954eba6efa02146a,259452.3674,156375,4886.25,4886.25,passed,PASS,828855c0a34e2325,828855c0a34e2325,True,eligible,True,completed,"{'revision': 1, 'iterations': 32, 'sample_count': 8, 'measurement_iterations_multiplier': 4, 'warmup_iterations': 3, 'gpu_completion_mode': 'per_iteration', 'unit': 'us', 'direction': 'lower_is_better'}"
deck,parent,game_load.s3tc_sync_factor.dxt1_same_address_wait,20261004-134858698-a1ca74be5fa24de5aa799ce3785272fa,56345.6111,578238,18069.25,18069.25,failed,PASS,3403675459d4d3d5,db28300321744de5,True,ineligible,True,completed,"{'revision': 1, 'iterations': 32, 'sample_count': 8, 'measurement_iterations_multiplier': 4, 'warmup_iterations': 3, 'gpu_completion_mode': 'per_iteration', 'unit': 'us', 'direction': 'lower_is_better'}"
deck,parent,game_load.s3tc_sync_factor.dxt1_same_address_queued,20261004-134858698-a1ca74be5fa24de5aa799ce3785272fa,56345.6111,548434,17138.375,17138.375,failed,PASS,ecf2d918a765893e,9998993e8dcf6939,True,ineligible,True,completed,"{'revision': 1, 'iterations': 32, 'sample_count': 8, 'measurement_iterations_multiplier': 4, 'warmup_iterations': 3, 'gpu_completion_mode': 'per_iteration', 'unit': 'us', 'direction': 'lower_is_better'}"
deck,parent,game_load.s3tc_sync_factor.dxt1_ring_payload_generations,20261004-134858698-a1ca74be5fa24de5aa799ce3785272fa,56345.6111,1598329,49947.375,49947.375,failed,PASS,3403675459d4d3d5,db28300321744de5,True,ineligible,True,completed,"{'revision': 1, 'iterations': 32, 'sample_count': 8, 'measurement_iterations_multiplier': 4, 'warmup_iterations': 3, 'gpu_completion_mode': 'per_iteration', 'unit': 'us', 'direction': 'lower_is_better'}"
deck,parent,game_load.s3tc_sync_factor.dxt1_dirty_once_redraw,20261004-134858698-a1ca74be5fa24de5aa799ce3785272fa,56345.6111,532439,16638.5,16638.5,passed,PASS,428c04bbb0a62725,428c04bbb0a62725,True,ineligible,True,completed,"{'revision': 1, 'iterations': 32, 'sample_count': 8, 'measurement_iterations_multiplier': 4, 'warmup_iterations': 3, 'gpu_completion_mode': 'per_iteration', 'unit': 'us', 'direction': 'lower_is_better'}"
deck,parent,game_load.s3tc_sync_factor.rgba8_same_address_wait,20261004-134858698-a1ca74be5fa24de5aa799ce3785272fa,56345.6111,2161524,67547.5,67547.5,passed,PASS,3403675459d4d3d5,3403675459d4d3d5,True,ineligible,True,completed,"{'revision': 1, 'iterations': 32, 'sample_count': 8, 'measurement_iterations_multiplier': 4, 'warmup_iterations': 3, 'gpu_completion_mode': 'per_iteration', 'unit': 'us', 'direction': 'lower_is_better'}"
deck,parent,game_load.s3tc_sync_factor.rgba8_same_address_queued,20261004-134858698-a1ca74be5fa24de5aa799ce3785272fa,56345.6111,2113511,66046.75,66046.75,failed,PASS,f587fdc867a985d4,719d8f45c46b69f6,True,ineligible,True,completed,"{'revision': 1, 'iterations': 32, 'sample_count': 8, 'measurement_iterations_multiplier': 4, 'warmup_iterations': 3, 'gpu_completion_mode': 'per_iteration', 'unit': 'us', 'direction': 'lower_is_better'}"
deck,parent,game_load.s3tc_sync_factor.rgba8_ring_payload_generations,20261004-134858698-a1ca74be5fa24de5aa799ce3785272fa,56345.6111,9414994,294218.25,294218.25,passed,PASS,3403675459d4d3d5,3403675459d4d3d5,True,ineligible,True,completed,"{'revision': 1, 'iterations': 32, 'sample_count': 8, 'measurement_iterations_multiplier': 4, 'warmup_iterations': 3, 'gpu_completion_mode': 'per_iteration', 'unit': 'us', 'direction': 'lower_is_better'}"
deck,parent,game_load.s3tc_sync_factor.rgba8_dirty_once_redraw,20261004-134858698-a1ca74be5fa24de5aa799ce3785272fa,56345.6111,532372,16636.25,16636.25,passed,PASS,428c04bbb0a62725,428c04bbb0a62725,True,ineligible,True,completed,"{'revision': 1, 'iterations': 32, 'sample_count': 8, 'measurement_iterations_multiplier': 4, 'warmup_iterations': 3, 'gpu_completion_mode': 'per_iteration', 'unit': 'us', 'direction': 'lower_is_better'}"
deck,parent,game_load.s3tc_sync_factor.bc2_native_eligible,20261004-134858698-a1ca74be5fa24de5aa799ce3785272fa,56345.6111,2674527,83578.5,83578.5,failed,PASS,3403675459d4d3d5,db28300321744de5,True,ineligible,True,completed,"{'revision': 1, 'iterations': 32, 'sample_count': 8, 'measurement_iterations_multiplier': 4, 'warmup_iterations': 3, 'gpu_completion_mode': 'per_iteration', 'unit': 'us', 'direction': 'lower_is_better'}"
deck,parent,game_load.s3tc_sync_factor.bc2_bordered_fallback,20261004-134858698-a1ca74be5fa24de5aa799ce3785272fa,56345.6111,7116151,222379.375,222379.375,passed,PASS,db28300321744de5,db28300321744de5,True,ineligible,True,completed,"{'revision': 1, 'iterations': 32, 'sample_count': 8, 'measurement_iterations_multiplier': 4, 'warmup_iterations': 3, 'gpu_completion_mode': 'per_iteration', 'unit': 'us', 'direction': 'lower_is_better'}"
deck,parent,game_load.s3tc_sync_factor.bc3_native_eligible,20261004-134858698-a1ca74be5fa24de5aa799ce3785272fa,56345.6111,2687126,83972.5,83972.5,failed,PASS,3403675459d4d3d5,db28300321744de5,True,ineligible,True,completed,"{'revision': 1, 'iterations': 32, 'sample_count': 8, 'measurement_iterations_multiplier': 4, 'warmup_iterations': 3, 'gpu_completion_mode': 'per_iteration', 'unit': 'us', 'direction': 'lower_is_better'}"
deck,parent,game_load.s3tc_sync_factor.bc3_bordered_fallback,20261004-134858698-a1ca74be5fa24de5aa799ce3785272fa,56345.6111,6999882,218746,218746,passed,PASS,db28300321744de5,db28300321744de5,True,ineligible,True,completed,"{'revision': 1, 'iterations': 32, 'sample_count': 8, 'measurement_iterations_multiplier': 4, 'warmup_iterations': 3, 'gpu_completion_mode': 'per_iteration', 'unit': 'us', 'direction': 'lower_is_better'}"
deck,parent,game_load.repeated_display,20261004-134957080-dd55ad0044814f08afac29d6d4c8c777,36633.9678,532229,16631.75,16631.75,passed,PASS,36f446003b9d6325,36f446003b9d6325,True,ineligible,True,completed,"{'revision': 1, 'iterations': 32, 'sample_count': 8, 'measurement_iterations_multiplier': 4, 'warmup_iterations': 3, 'gpu_completion_mode': 'per_iteration', 'unit': 'us', 'direction': 'lower_is_better'}"
deck,parent,game_load.repeated_display_boosted,20261004-134957080-dd55ad0044814f08afac29d6d4c8c777,36633.9678,1598447,49951,49951,passed,PASS,b2bc760cb1fba325,b2bc760cb1fba325,True,ineligible,True,completed,"{'revision': 1, 'iterations': 32, 'sample_count': 8, 'measurement_iterations_multiplier': 4, 'warmup_iterations': 3, 'gpu_completion_mode': 'per_iteration', 'unit': 'us', 'direction': 'lower_is_better'}"
deck,parent,game_load.doax_menu_representative.cpu_only,20261004-134957080-dd55ad0044814f08afac29d6d4c8c777,36633.9678,755458,23607.625,23607.625,passed,PASS,5abb9d9faaa22325,5abb9d9faaa22325,True,ineligible,True,completed,"{'revision': 1, 'iterations': 32, 'sample_count': 8, 'measurement_iterations_multiplier': 4, 'warmup_iterations': 3, 'gpu_completion_mode': 'per_iteration', 'unit': 'us', 'direction': 'lower_is_better'}"
deck,parent,game_load.doax_menu_representative.pfifo_only,20261004-134957080-dd55ad0044814f08afac29d6d4c8c777,36633.9678,159265,4976.75,4976.75,passed,PASS,f9826bbdd7912325,f9826bbdd7912325,True,ineligible,True,completed,"{'revision': 1, 'iterations': 32, 'sample_count': 8, 'measurement_iterations_multiplier': 4, 'warmup_iterations': 3, 'gpu_completion_mode': 'per_iteration', 'unit': 'us', 'direction': 'lower_is_better'}"
deck,parent,game_load.doax_menu_representative.gpu_only,20261004-134957080-dd55ad0044814f08afac29d6d4c8c777,36633.9678,1618361,50573.5,50573.5,passed,PASS,d3984ab7dcb8e325,d3984ab7dcb8e325,True,ineligible,True,completed,"{'revision': 1, 'iterations': 32, 'sample_count': 8, 'measurement_iterations_multiplier': 4, 'warmup_iterations': 3, 'gpu_completion_mode': 'per_iteration', 'unit': 'us', 'direction': 'lower_is_better'}"
deck,parent,game_load.doax_menu_representative.streaming_only,20261004-134957080-dd55ad0044814f08afac29d6d4c8c777,36633.9678,486040,15188.375,15188.375,passed,PASS,491294aadc23a325,491294aadc23a325,True,ineligible,True,completed,"{'revision': 1, 'iterations': 32, 'sample_count': 8, 'measurement_iterations_multiplier': 4, 'warmup_iterations': 3, 'gpu_completion_mode': 'per_iteration', 'unit': 'us', 'direction': 'lower_is_better'}"
deck,parent,game_load.doax_menu_representative.cpu_pfifo_gpu,20261004-134957080-dd55ad0044814f08afac29d6d4c8c777,36633.9678,2569650,80301.25,80301.25,failed,PASS,5d530c66b8da2325,302026d9f9232325,True,ineligible,True,completed,"{'revision': 1, 'iterations': 32, 'sample_count': 8, 'measurement_iterations_multiplier': 4, 'warmup_iterations': 3, 'gpu_completion_mode': 'per_iteration', 'unit': 'us', 'direction': 'lower_is_better'}"
deck,parent,game_load.doax_menu_representative.cpu_pfifo_gpu_streaming,20261004-134957080-dd55ad0044814f08afac29d6d4c8c777,36633.9678,2921798,91305.875,91305.875,passed,PASS,9e98944350a52325,9e98944350a52325,True,ineligible,True,completed,"{'revision': 1, 'iterations': 32, 'sample_count': 8, 'measurement_iterations_multiplier': 4, 'warmup_iterations': 3, 'gpu_completion_mode': 'per_iteration', 'unit': 'us', 'direction': 'lower_is_better'}"
deck,parent,game_load.doax_menu_representative.full_system,20261004-134957080-dd55ad0044814f08afac29d6d4c8c777,36633.9678,2959362,92479.625,92479.625,passed,PASS,7896e875a8ad2325,7896e875a8ad2325,True,ineligible,True,completed,"{'revision': 1, 'iterations': 32, 'sample_count': 8, 'measurement_iterations_multiplier': 4, 'warmup_iterations': 3, 'gpu_completion_mode': 'per_iteration', 'unit': 'us', 'direction': 'lower_is_better'}"
deck,parent,game_load.doax_menu_stress.cpu_only,20261004-134957080-dd55ad0044814f08afac29d6d4c8c777,36633.9678,1503775,46992.625,46992.625,passed,PASS,4b7c157e1e9ce325,4b7c157e1e9ce325,True,ineligible,True,completed,"{'revision': 1, 'iterations': 32, 'sample_count': 8, 'measurement_iterations_multiplier': 4, 'warmup_iterations': 3, 'gpu_completion_mode': 'per_iteration', 'unit': 'us', 'direction': 'lower_is_better'}"
deck,parent,game_load.doax_menu_stress.pfifo_only,20261004-134957080-dd55ad0044814f08afac29d6d4c8c777,36633.9678,304570,9517.25,9517.25,passed,PASS,f46d8f2a39a6e325,f46d8f2a39a6e325,True,ineligible,True,completed,"{'revision': 1, 'iterations': 32, 'sample_count': 8, 'measurement_iterations_multiplier': 4, 'warmup_iterations': 3, 'gpu_completion_mode': 'per_iteration', 'unit': 'us', 'direction': 'lower_is_better'}"
deck,parent,game_load.doax_menu_stress.gpu_only,20261004-134957080-dd55ad0044814f08afac29d6d4c8c777,36633.9678,3221544,100673.125,100673.125,passed,PASS,bcaf8b0e8de5a325,bcaf8b0e8de5a325,True,ineligible,True,completed,"{'revision': 1, 'iterations': 32, 'sample_count': 8, 'measurement_iterations_multiplier': 4, 'warmup_iterations': 3, 'gpu_completion_mode': 'per_iteration', 'unit': 'us', 'direction': 'lower_is_better'}"
deck,parent,game_load.doax_menu_stress.streaming_only,20261004-135035761-2e2af18422004597b14a362e24546d60,87879.0793,906270,28320.5,28320.5,passed,PASS,06e0eccda97d2325,06e0eccda97d2325,True,ineligible,True,completed,"{'revision': 1, 'iterations': 32, 'sample_count': 8, 'measurement_iterations_multiplier': 4, 'warmup_iterations': 3, 'gpu_completion_mode': 'per_iteration', 'unit': 'us', 'direction': 'lower_is_better'}"
deck,parent,game_load.doax_menu_stress.cpu_pfifo_gpu,20261004-135035761-2e2af18422004597b14a362e24546d60,87879.0793,5018426,156825.5,156825.5,failed,PASS,30f332d7669ba325,7707cd4649e4a325,True,ineligible,True,completed,"{'revision': 1, 'iterations': 32, 'sample_count': 8, 'measurement_iterations_multiplier': 4, 'warmup_iterations': 3, 'gpu_completion_mode': 'per_iteration', 'unit': 'us', 'direction': 'lower_is_better'}"
deck,parent,game_load.doax_menu_stress.cpu_pfifo_gpu_streaming,20261004-135035761-2e2af18422004597b14a362e24546d60,87879.0793,5562381,173824.125,173824.125,passed,PASS,d4d9dedf3ef06325,d4d9dedf3ef06325,True,ineligible,True,completed,"{'revision': 1, 'iterations': 32, 'sample_count': 8, 'measurement_iterations_multiplier': 4, 'warmup_iterations': 3, 'gpu_completion_mode': 'per_iteration', 'unit': 'us', 'direction': 'lower_is_better'}"
deck,parent,game_load.doax_menu_stress.full_system,20261004-135035761-2e2af18422004597b14a362e24546d60,87879.0793,5679087,177471.125,177471.125,passed,PASS,8cf51e8eb67fa325,8cf51e8eb67fa325,True,ineligible,True,completed,"{'revision': 1, 'iterations': 32, 'sample_count': 8, 'measurement_iterations_multiplier': 4, 'warmup_iterations': 3, 'gpu_completion_mode': 'per_iteration', 'unit': 'us', 'direction': 'lower_is_better'}"
deck,parent,game_load.pgr2_ai_backup.cpu_only,20261004-135035761-2e2af18422004597b14a362e24546d60,87879.0793,2309443,72169.625,72169.625,passed,PASS,e6df98b3e513a325,e6df98b3e513a325,True,ineligible,True,completed,"{'revision': 1, 'iterations': 32, 'sample_count': 8, 'measurement_iterations_multiplier': 4, 'warmup_iterations': 3, 'gpu_completion_mode': 'per_iteration', 'unit': 'us', 'direction': 'lower_is_better'}"
deck,parent,game_load.pgr2_ai_backup.pfifo_only,20261004-135035761-2e2af18422004597b14a362e24546d60,87879.0793,1020835,31900.625,31900.625,passed,PASS,e57ef83b3a66e325,e57ef83b3a66e325,True,ineligible,True,completed,"{'revision': 1, 'iterations': 32, 'sample_count': 8, 'measurement_iterations_multiplier': 4, 'warmup_iterations': 3, 'gpu_completion_mode': 'per_iteration', 'unit': 'us', 'direction': 'lower_is_better'}"
deck,parent,game_load.pgr2_ai_backup.gpu_only,20261004-135035761-2e2af18422004597b14a362e24546d60,87879.0793,8449074,264033.125,264033.125,passed,PASS,02ffd9b12aa96325,02ffd9b12aa96325,True,ineligible,True,completed,"{'revision': 1, 'iterations': 32, 'sample_count': 8, 'measurement_iterations_multiplier': 4, 'warmup_iterations': 3, 'gpu_completion_mode': 'per_iteration', 'unit': 'us', 'direction': 'lower_is_better'}"
deck,parent,game_load.pgr2_ai_backup.streaming_only,20261004-135035761-2e2af18422004597b14a362e24546d60,87879.0793,351809,10993.625,10993.625,passed,PASS,155df5f182392325,155df5f182392325,True,ineligible,True,completed,"{'revision': 1, 'iterations': 32, 'sample_count': 8, 'measurement_iterations_multiplier': 4, 'warmup_iterations': 3, 'gpu_completion_mode': 'per_iteration', 'unit': 'us', 'direction': 'lower_is_better'}"
deck,parent,game_load.pgr2_ai_backup.cpu_pfifo_gpu,20261004-135035761-2e2af18422004597b14a362e24546d60,87879.0793,11741486,366921,366921,failed,PASS,519ce083c370e325,ab22104929b9e325,True,ineligible,True,completed,"{'revision': 1, 'iterations': 32, 'sample_count': 8, 'measurement_iterations_multiplier': 4, 'warmup_iterations': 3, 'gpu_completion_mode': 'per_iteration', 'unit': 'us', 'direction': 'lower_is_better'}"
deck,parent,game_load.pgr2_ai_backup.cpu_pfifo_gpu_streaming,20261004-135035761-2e2af18422004597b14a362e24546d60,87879.0793,12056594,376768.125,376768.125,passed,PASS,66a43765efc02325,66a43765efc02325,True,ineligible,True,completed,"{'revision': 1, 'iterations': 32, 'sample_count': 8, 'measurement_iterations_multiplier': 4, 'warmup_iterations': 3, 'gpu_completion_mode': 'per_iteration', 'unit': 'us', 'direction': 'lower_is_better'}"
deck,parent,game_load.pgr2_ai_backup.full_system,20261004-135035761-2e2af18422004597b14a362e24546d60,87879.0793,12022983,375717.75,375717.75,passed,PASS,55485325870d6325,55485325870d6325,True,ineligible,True,completed,"{'revision': 1, 'iterations': 32, 'sample_count': 8, 'measurement_iterations_multiplier': 4, 'warmup_iterations': 3, 'gpu_completion_mode': 'per_iteration', 'unit': 'us', 'direction': 'lower_is_better'}"
deck,parent,high_vertex_count.arrays,20261004-135205680-3e4840f42bb84ac0afb151b088d2f701,39779.7256,69349,173.02,173.02,failed,PASS,e67a1ce72784a588,cd6d0d64451d191b,True,ineligible,True,completed,"{'revision': 1, 'iterations': 400, 'sample_count': 100, 'measurement_iterations_multiplier': 4, 'warmup_iterations': 3, 'gpu_completion_mode': 'per_iteration', 'unit': 'us', 'direction': 'lower_is_better'}"
deck,parent,high_vertex_count.inline_arrays,20261004-135205680-3e4840f42bb84ac0afb151b088d2f701,39779.7256,4774375,119359,119359,failed,PASS,e67a1ce72784a588,31a890c7f71db193,True,ineligible,True,completed,"{'revision': 1, 'iterations': 40, 'sample_count': 10, 'measurement_iterations_multiplier': 4, 'warmup_iterations': 3, 'gpu_completion_mode': 'per_iteration', 'unit': 'us', 'direction': 'lower_is_better'}"
deck,parent,high_vertex_count.inline_buffers,20261004-135205680-3e4840f42bb84ac0afb151b088d2f701,39779.7256,13795533,689776.2,689776.2,failed,PASS,e67a1ce72784a588,f320b0df5ba62943,True,ineligible,True,completed,"{'revision': 1, 'iterations': 20, 'sample_count': 5, 'measurement_iterations_multiplier': 4, 'warmup_iterations': 3, 'gpu_completion_mode': 'per_iteration', 'unit': 'us', 'direction': 'lower_is_better'}"
deck,parent,high_vertex_count.inline_elements,20261004-135205680-3e4840f42bb84ac0afb151b088d2f701,39779.7256,1330153,6650.4,6650.4,failed,PASS,e67a1ce72784a588,b24516b5372da0f3,True,ineligible,True,completed,"{'revision': 1, 'iterations': 200, 'sample_count': 50, 'measurement_iterations_multiplier': 4, 'warmup_iterations': 3, 'gpu_completion_mode': 'per_iteration', 'unit': 'us', 'direction': 'lower_is_better'}"
deck,parent,primitive_type.line_loop.fixed_function,20261004-135205680-3e4840f42bb84ac0afb151b088d2f701,39779.7256,96193,2404.5,2404.5,failed,PASS,4024a5cb9bd0fa4e,d48f43c09e534094,True,ineligible,True,completed,"{'revision': 1, 'iterations': 40, 'sample_count': 10, 'measurement_iterations_multiplier': 4, 'warmup_iterations': 3, 'gpu_completion_mode': 'per_iteration', 'unit': 'us', 'direction': 'lower_is_better'}"
deck,parent,primitive_type.line_loop.vertex_shader,20261004-135205680-3e4840f42bb84ac0afb151b088d2f701,39779.7256,97370,2433.9,2433.9,failed,PASS,4024a5cb9bd0fa4e,47373dc0c7be28f8,True,ineligible,True,completed,"{'revision': 1, 'iterations': 40, 'sample_count': 10, 'measurement_iterations_multiplier': 4, 'warmup_iterations': 3, 'gpu_completion_mode': 'per_iteration', 'unit': 'us', 'direction': 'lower_is_better'}"
deck,parent,primitive_type.line_strip.fixed_function,20261004-135205680-3e4840f42bb84ac0afb151b088d2f701,39779.7256,50630,1265.4,1265.4,failed,PASS,4024a5cb9bd0fa4e,0964935c28234a4a,True,ineligible,True,completed,"{'revision': 1, 'iterations': 40, 'sample_count': 10, 'measurement_iterations_multiplier': 4, 'warmup_iterations': 3, 'gpu_completion_mode': 'per_iteration', 'unit': 'us', 'direction': 'lower_is_better'}"
deck,parent,primitive_type.line_strip.vertex_shader,20261004-135205680-3e4840f42bb84ac0afb151b088d2f701,39779.7256,52789,1319.4,1319.4,failed,PASS,4024a5cb9bd0fa4e,94b433237d71b182,True,ineligible,True,completed,"{'revision': 1, 'iterations': 40, 'sample_count': 10, 'measurement_iterations_multiplier': 4, 'warmup_iterations': 3, 'gpu_completion_mode': 'per_iteration', 'unit': 'us', 'direction': 'lower_is_better'}"
deck,parent,primitive_type.lines.fixed_function,20261004-135205680-3e4840f42bb84ac0afb151b088d2f701,39779.7256,160072,4001.3,4001.3,failed,PASS,5440c372c6a2a101,6c16b2698ec4e26b,True,ineligible,True,completed,"{'revision': 1, 'iterations': 40, 'sample_count': 10, 'measurement_iterations_multiplier': 4, 'warmup_iterations': 3, 'gpu_completion_mode': 'per_iteration', 'unit': 'us', 'direction': 'lower_is_better'}"
deck,parent,primitive_type.lines.vertex_shader,20261004-135205680-3e4840f42bb84ac0afb151b088d2f701,39779.7256,181053,4526,4526,failed,PASS,5440c372c6a2a101,53924aa6f5e55b57,True,ineligible,True,completed,"{'revision': 1, 'iterations': 40, 'sample_count': 10, 'measurement_iterations_multiplier': 4, 'warmup_iterations': 3, 'gpu_completion_mode': 'per_iteration', 'unit': 'us', 'direction': 'lower_is_better'}"
deck,parent,primitive_type.points.fixed_function,20261004-135205680-3e4840f42bb84ac0afb151b088d2f701,39779.7256,91184,2279,2279,failed,PASS,6813f0dbe94bac3c,7400f7a8ac9d8c86,True,ineligible,True,completed,"{'revision': 1, 'iterations': 40, 'sample_count': 10, 'measurement_iterations_multiplier': 4, 'warmup_iterations': 3, 'gpu_completion_mode': 'per_iteration', 'unit': 'us', 'direction': 'lower_is_better'}"
deck,parent,primitive_type.points.vertex_shader,20261004-135205680-3e4840f42bb84ac0afb151b088d2f701,39779.7256,96600,2414.7,2414.7,failed,PASS,6813f0dbe94bac3c,f1d83724373d0036,True,ineligible,True,completed,"{'revision': 1, 'iterations': 40, 'sample_count': 10, 'measurement_iterations_multiplier': 4, 'warmup_iterations': 3, 'gpu_completion_mode': 'per_iteration', 'unit': 'us', 'direction': 'lower_is_better'}"
deck,parent,primitive_type.polygon.fixed_function,20261004-135247500-8b0086c9df764e7792d5b54addeb3495,18380.7763,99928,2497.8,2497.8,failed,PASS,e0d0b9dbefa71269,515407015a00c880,True,ineligible,True,completed,"{'revision': 1, 'iterations': 40, 'sample_count': 10, 'measurement_iterations_multiplier': 4, 'warmup_iterations': 3, 'gpu_completion_mode': 'per_iteration', 'unit': 'us', 'direction': 'lower_is_better'}"
deck,parent,primitive_type.polygon.vertex_shader,20261004-135247500-8b0086c9df764e7792d5b54addeb3495,18380.7763,231746,5793.2,5793.2,failed,PASS,e0d0b9dbefa71269,4376cbfa562c7d14,True,ineligible,True,completed,"{'revision': 1, 'iterations': 40, 'sample_count': 10, 'measurement_iterations_multiplier': 4, 'warmup_iterations': 3, 'gpu_completion_mode': 'per_iteration', 'unit': 'us', 'direction': 'lower_is_better'}"
deck,parent,primitive_type.quad_strip.fixed_function,20261004-135247500-8b0086c9df764e7792d5b54addeb3495,18380.7763,286765,7168.7,7168.7,failed,PASS,e1f46a0779ee1f21,190c4f06474f8467,True,ineligible,True,completed,"{'revision': 1, 'iterations': 40, 'sample_count': 10, 'measurement_iterations_multiplier': 4, 'warmup_iterations': 3, 'gpu_completion_mode': 'per_iteration', 'unit': 'us', 'direction': 'lower_is_better'}"
deck,parent,primitive_type.quad_strip.vertex_shader,20261004-135247500-8b0086c9df764e7792d5b54addeb3495,18380.7763,163137,4078,4078,failed,PASS,e1f46a0779ee1f21,d5cf212c5788c3df,True,ineligible,True,completed,"{'revision': 1, 'iterations': 40, 'sample_count': 10, 'measurement_iterations_multiplier': 4, 'warmup_iterations': 3, 'gpu_completion_mode': 'per_iteration', 'unit': 'us', 'direction': 'lower_is_better'}"
deck,parent,primitive_type.quads.fixed_function,20261004-135247500-8b0086c9df764e7792d5b54addeb3495,18380.7763,272455,6811,6811,failed,PASS,d14f30833e638324,b52448622bc1c001,True,ineligible,True,completed,"{'revision': 1, 'iterations': 40, 'sample_count': 10, 'measurement_iterations_multiplier': 4, 'warmup_iterations': 3, 'gpu_completion_mode': 'per_iteration', 'unit': 'us', 'direction': 'lower_is_better'}"
deck,parent,primitive_type.quads.vertex_shader,20261004-135247500-8b0086c9df764e7792d5b54addeb3495,18380.7763,283285,7081.7,7081.7,failed,PASS,d14f30833e638324,fbac823960948b69,True,ineligible,True,completed,"{'revision': 1, 'iterations': 40, 'sample_count': 10, 'measurement_iterations_multiplier': 4, 'warmup_iterations': 3, 'gpu_completion_mode': 'per_iteration', 'unit': 'us', 'direction': 'lower_is_better'}"
deck,parent,primitive_type.triangle_fan.fixed_function,20261004-135247500-8b0086c9df764e7792d5b54addeb3495,18380.7763,49837,1245.4,1245.4,failed,PASS,eadb3b4945fe25df,ba0d8daf7940c5d2,True,ineligible,True,completed,"{'revision': 1, 'iterations': 40, 'sample_count': 10, 'measurement_iterations_multiplier': 4, 'warmup_iterations': 3, 'gpu_completion_mode': 'per_iteration', 'unit': 'us', 'direction': 'lower_is_better'}"
deck,parent,primitive_type.triangle_fan.vertex_shader,20261004-135247500-8b0086c9df764e7792d5b54addeb3495,18380.7763,54313,1357.5,1357.5,failed,PASS,eadb3b4945fe25df,134a22bd3882e48e,True,ineligible,True,completed,"{'revision': 1, 'iterations': 40, 'sample_count': 10, 'measurement_iterations_multiplier': 4, 'warmup_iterations': 3, 'gpu_completion_mode': 'per_iteration', 'unit': 'us', 'direction': 'lower_is_better'}"
deck,parent,primitive_type.triangle_strip.fixed_function,20261004-135247500-8b0086c9df764e7792d5b54addeb3495,18380.7763,92008,2299.9,2299.9,failed,PASS,ee7f6eeeb2263031,d15b03d8ead6bb03,True,ineligible,True,completed,"{'revision': 1, 'iterations': 40, 'sample_count': 10, 'measurement_iterations_multiplier': 4, 'warmup_iterations': 3, 'gpu_completion_mode': 'per_iteration', 'unit': 'us', 'direction': 'lower_is_better'}"
deck,parent,primitive_type.triangle_strip.vertex_shader,20261004-135247500-8b0086c9df764e7792d5b54addeb3495,18380.7763,98588,2464.3,2464.3,failed,PASS,ee7f6eeeb2263031,f7cfda74a4111eff,True,ineligible,True,completed,"{'revision': 1, 'iterations': 40, 'sample_count': 10, 'measurement_iterations_multiplier': 4, 'warmup_iterations': 3, 'gpu_completion_mode': 'per_iteration', 'unit': 'us', 'direction': 'lower_is_better'}"
deck,parent,primitive_type.triangles.fixed_function,20261004-135247500-8b0086c9df764e7792d5b54addeb3495,18380.7763,234764,5868.6,5868.6,failed,PASS,a53b3ecbc7019828,4521bcfbdb43e248,True,ineligible,True,completed,"{'revision': 1, 'iterations': 40, 'sample_count': 10, 'measurement_iterations_multiplier': 4, 'warmup_iterations': 3, 'gpu_completion_mode': 'per_iteration', 'unit': 'us', 'direction': 'lower_is_better'}"
deck,parent,primitive_type.triangles.vertex_shader,20261004-135247500-8b0086c9df764e7792d5b54addeb3495,18380.7763,233528,5837.7,5837.7,failed,PASS,a53b3ecbc7019828,d86abc6e019e36fc,True,ineligible,True,completed,"{'revision': 1, 'iterations': 40, 'sample_count': 10, 'measurement_iterations_multiplier': 4, 'warmup_iterations': 3, 'gpu_completion_mode': 'per_iteration', 'unit': 'us', 'direction': 'lower_is_better'}"
deck,parent,texture_cubemap_fallback.bordered_palette_size1,20261004-135307924-d9c3b2b4628745b596f327494aa49e1d,132808.2577,532665,16645.25,16645.25,failed,FAIL,56d00ed89334a325,,True,ineligible,True,completed,"{'revision': 1, 'iterations': 32, 'sample_count': 8, 'measurement_iterations_multiplier': 4, 'warmup_iterations': 3, 'gpu_completion_mode': 'per_iteration', 'unit': 'us', 'direction': 'lower_is_better'}"
deck,parent,texture_cubemap_fallback.bordered_palette_size2,20261004-135307924-d9c3b2b4628745b596f327494aa49e1d,132808.2577,531333,16603.875,16603.875,failed,FAIL,bb93d50a6b1ba325,,True,ineligible,True,completed,"{'revision': 1, 'iterations': 32, 'sample_count': 8, 'measurement_iterations_multiplier': 4, 'warmup_iterations': 3, 'gpu_completion_mode': 'per_iteration', 'unit': 'us', 'direction': 'lower_is_better'}"
deck,parent,texture_cubemap_fallback.bordered_palette_size4,20261004-135307924-d9c3b2b4628745b596f327494aa49e1d,132808.2577,533160,16660.875,16660.875,failed,FAIL,55460e1d2302a325,,True,ineligible,True,completed,"{'revision': 1, 'iterations': 32, 'sample_count': 8, 'measurement_iterations_multiplier': 4, 'warmup_iterations': 3, 'gpu_completion_mode': 'per_iteration', 'unit': 'us', 'direction': 'lower_is_better'}"
deck,parent,texture_cubemap_fallback.bordered_palette_size8,20261004-135307924-d9c3b2b4628745b596f327494aa49e1d,132808.2577,532763,16648.5,16648.5,failed,FAIL,53ccfb3cac5633d3,,True,ineligible,True,completed,"{'revision': 1, 'iterations': 32, 'sample_count': 8, 'measurement_iterations_multiplier': 4, 'warmup_iterations': 3, 'gpu_completion_mode': 'per_iteration', 'unit': 'us', 'direction': 'lower_is_better'}"
deck,parent,texture_cubemap_fallback.bordered_r6g5b5_size1,20261004-135307924-d9c3b2b4628745b596f327494aa49e1d,132808.2577,533012,16656.375,16656.375,failed,FAIL,56d00ed89334a325,,True,ineligible,True,completed,"{'revision': 1, 'iterations': 32, 'sample_count': 8, 'measurement_iterations_multiplier': 4, 'warmup_iterations': 3, 'gpu_completion_mode': 'per_iteration', 'unit': 'us', 'direction': 'lower_is_better'}"
deck,parent,texture_cubemap_fallback.bordered_r6g5b5_size2,20261004-135307924-d9c3b2b4628745b596f327494aa49e1d,132808.2577,532670,16645.625,16645.625,failed,FAIL,0e8ba11521b73f45,,True,ineligible,True,completed,"{'revision': 1, 'iterations': 32, 'sample_count': 8, 'measurement_iterations_multiplier': 4, 'warmup_iterations': 3, 'gpu_completion_mode': 'per_iteration', 'unit': 'us', 'direction': 'lower_is_better'}"
deck,parent,texture_cubemap_fallback.bordered_r6g5b5_size4,20261004-135307924-d9c3b2b4628745b596f327494aa49e1d,132808.2577,533098,16658.875,16658.875,failed,FAIL,31dbcc2110e01525,,True,ineligible,True,completed,"{'revision': 1, 'iterations': 32, 'sample_count': 8, 'measurement_iterations_multiplier': 4, 'warmup_iterations': 3, 'gpu_completion_mode': 'per_iteration', 'unit': 'us', 'direction': 'lower_is_better'}"
deck,parent,texture_cubemap_fallback.bordered_rgba8_size1,20261004-135307924-d9c3b2b4628745b596f327494aa49e1d,132808.2577,532888,16652.375,16652.375,failed,FAIL,56d00ed89334a325,,True,ineligible,True,completed,"{'revision': 1, 'iterations': 32, 'sample_count': 8, 'measurement_iterations_multiplier': 4, 'warmup_iterations': 3, 'gpu_completion_mode': 'per_iteration', 'unit': 'us', 'direction': 'lower_is_better'}"
deck,parent,texture_cubemap_fallback.bordered_rgba8_size2,20261004-135307924-d9c3b2b4628745b596f327494aa49e1d,132808.2577,532992,16655.5,16655.5,failed,FAIL,bb93d50a6b1ba325,,True,ineligible,True,completed,"{'revision': 1, 'iterations': 32, 'sample_count': 8, 'measurement_iterations_multiplier': 4, 'warmup_iterations': 3, 'gpu_completion_mode': 'per_iteration', 'unit': 'us', 'direction': 'lower_is_better'}"
deck,parent,texture_cubemap_fallback.bordered_rgba8_size4,20261004-135307924-d9c3b2b4628745b596f327494aa49e1d,132808.2577,532985,16655.5,16655.5,failed,FAIL,55460e1d2302a325,,True,ineligible,True,completed,"{'revision': 1, 'iterations': 32, 'sample_count': 8, 'measurement_iterations_multiplier': 4, 'warmup_iterations': 3, 'gpu_completion_mode': 'per_iteration', 'unit': 'us', 'direction': 'lower_is_better'}"
deck,parent,texture_cubemap_fallback.bordered_rgba8_size8,20261004-135307924-d9c3b2b4628745b596f327494aa49e1d,132808.2577,532778,16649,16649,failed,FAIL,f3129198a7b005f5,,True,ineligible,True,completed,"{'revision': 1, 'iterations': 32, 'sample_count': 8, 'measurement_iterations_multiplier': 4, 'warmup_iterations': 3, 'gpu_completion_mode': 'per_iteration', 'unit': 'us', 'direction': 'lower_is_better'}"
deck,parent,texture_cubemap_fallback.unbordered_subblock_dxt1,20261004-135307924-d9c3b2b4628745b596f327494aa49e1d,132808.2577,532927,16653.625,16653.625,passed,PASS,be0f2013c1997ca5,,True,ineligible,True,completed,"{'revision': 1, 'iterations': 32, 'sample_count': 8, 'measurement_iterations_multiplier': 4, 'warmup_iterations': 3, 'gpu_completion_mode': 'per_iteration', 'unit': 'us', 'direction': 'lower_is_better'}"
deck,parent,texture_cubemap_fallback.bordered_r6g5b5_size8,20261004-135522770-46c477c4b93f4208a256766b6f04c3d4,24374.6082,531656,16613.875,16613.875,failed,FAIL,72ca2acdd1d976a5,,True,ineligible,True,completed,"{'revision': 1, 'iterations': 32, 'sample_count': 8, 'measurement_iterations_multiplier': 4, 'warmup_iterations': 3, 'gpu_completion_mode': 'per_iteration', 'unit': 'us', 'direction': 'lower_is_better'}"
deck,parent,surface.basic,20261004-135548681-dbdba3b7fbf147d6b74a0a19fd10f7b7,32887.6617,1679708,41992.4,41992.4,failed,PASS,cf6533efef4c476e,6f90d43f59b710fa,True,ineligible,True,completed,"{'revision': 1, 'iterations': 40, 'sample_count': 10, 'measurement_iterations_multiplier': 4, 'warmup_iterations': 3, 'gpu_completion_mode': 'per_iteration', 'unit': 'us', 'direction': 'lower_is_better'}"
deck,parent,surface.cpu_read_after_gpu_write,20261004-135548681-dbdba3b7fbf147d6b74a0a19fd10f7b7,32887.6617,279223,3489.9,3489.9,passed,PASS,572720976b602325,572720976b602325,True,ineligible,True,completed,"{'revision': 1, 'iterations': 80, 'sample_count': 20, 'measurement_iterations_multiplier': 4, 'warmup_iterations': 3, 'gpu_completion_mode': 'per_iteration', 'unit': 'us', 'direction': 'lower_is_better'}"
deck,parent,surface.cpu_read_clean_surface,20261004-135548681-dbdba3b7fbf147d6b74a0a19fd10f7b7,32887.6617,148354,370.51,370.51,passed,PASS,aa32af524aa52325,aa32af524aa52325,True,ineligible,True,completed,"{'revision': 1, 'iterations': 400, 'sample_count': 100, 'measurement_iterations_multiplier': 4, 'warmup_iterations': 3, 'gpu_completion_mode': 'per_iteration', 'unit': 'us', 'direction': 'lower_is_better'}"
deck,parent,surface.framebuffer_working_set_002,20261004-135548681-dbdba3b7fbf147d6b74a0a19fd10f7b7,32887.6617,371077,4638.1,4638.1,failed,PASS,cb732f2ae5736b2d,ab1fa4b103c05f05,True,ineligible,True,completed,"{'revision': 1, 'iterations': 80, 'sample_count': 20, 'measurement_iterations_multiplier': 4, 'warmup_iterations': 3, 'gpu_completion_mode': 'per_iteration', 'unit': 'us', 'direction': 'lower_is_better'}"
deck,parent,surface.framebuffer_working_set_008,20261004-135548681-dbdba3b7fbf147d6b74a0a19fd10f7b7,32887.6617,389872,4873,4873,failed,PASS,7ffda0d97cce712d,8393e7935b67da71,True,ineligible,True,completed,"{'revision': 1, 'iterations': 80, 'sample_count': 20, 'measurement_iterations_multiplier': 4, 'warmup_iterations': 3, 'gpu_completion_mode': 'per_iteration', 'unit': 'us', 'direction': 'lower_is_better'}"
deck,parent,surface.framebuffer_working_set_032,20261004-135548681-dbdba3b7fbf147d6b74a0a19fd10f7b7,32887.6617,412879,5160.65,5160.65,failed,PASS,2baad45ae0ed71a5,4e53301a279a7e09,True,ineligible,True,completed,"{'revision': 1, 'iterations': 80, 'sample_count': 20, 'measurement_iterations_multiplier': 4, 'warmup_iterations': 3, 'gpu_completion_mode': 'per_iteration', 'unit': 'us', 'direction': 'lower_is_better'}"
deck,parent,surface.framebuffer_working_set_064,20261004-135548681-dbdba3b7fbf147d6b74a0a19fd10f7b7,32887.6617,429917,5373.6,5373.6,failed,PASS,2baad45ae0ed71a5,dbdfafa7ed2f28c9,True,ineligible,True,completed,"{'revision': 1, 'iterations': 80, 'sample_count': 20, 'measurement_iterations_multiplier': 4, 'warmup_iterations': 3, 'gpu_completion_mode': 'per_iteration', 'unit': 'us', 'direction': 'lower_is_better'}"
deck,parent,surface.full_clear_elision_guard,20261004-135548681-dbdba3b7fbf147d6b74a0a19fd10f7b7,32887.6617,2388518,5970.9,5970.9,failed,PASS,49bc2d7eec9c4725,01a1571033aa9dfd,True,ineligible,True,completed,"{'revision': 1, 'iterations': 400, 'sample_count': 100, 'measurement_iterations_multiplier': 4, 'warmup_iterations': 3, 'gpu_completion_mode': 'per_iteration', 'unit': 'us', 'direction': 'lower_is_better'}"
deck,parent,surface.overlapping_surface_churn_representative,20261004-135548681-dbdba3b7fbf147d6b74a0a19fd10f7b7,32887.6617,2300603,5751.14,5751.14,failed,PASS,7a8c35cdc9c70725,7b4f2884714177a5,True,ineligible,True,completed,"{'revision': 1, 'iterations': 400, 'sample_count': 100, 'measurement_iterations_multiplier': 4, 'warmup_iterations': 3, 'gpu_completion_mode': 'per_iteration', 'unit': 'us', 'direction': 'lower_is_better'}"
deck,parent,surface.overlapping_surface_churn_stress,20261004-135548681-dbdba3b7fbf147d6b74a0a19fd10f7b7,32887.6617,2749049,68725.8,68725.8,failed,PASS,7a8c35cdc9c70725,19890b325809498d,True,ineligible,True,completed,"{'revision': 1, 'iterations': 40, 'sample_count': 10, 'measurement_iterations_multiplier': 4, 'warmup_iterations': 3, 'gpu_completion_mode': 'per_iteration', 'unit': 'us', 'direction': 'lower_is_better'}"
deck,parent,surface.partial_channel_clear_guard,20261004-135548681-dbdba3b7fbf147d6b74a0a19fd10f7b7,32887.6617,2160814,5401.58,5401.58,failed,PASS,b52bc22d6eedd725,31d730ce613f92bd,True,ineligible,True,completed,"{'revision': 1, 'iterations': 400, 'sample_count': 100, 'measurement_iterations_multiplier': 4, 'warmup_iterations': 3, 'gpu_completion_mode': 'per_iteration', 'unit': 'us', 'direction': 'lower_is_better'}"
deck,parent,surface.surface_download_path,20261004-135548681-dbdba3b7fbf147d6b74a0a19fd10f7b7,32887.6617,1983267,49581.2,49581.2,failed,PASS,3a281ef8b6b324c2,eb6604c45975bcec,True,ineligible,True,completed,"{'revision': 1, 'iterations': 40, 'sample_count': 10, 'measurement_iterations_multiplier': 4, 'warmup_iterations': 3, 'gpu_completion_mode': 'per_iteration', 'unit': 'us', 'direction': 'lower_is_better'}"
deck,parent,surface.surface_list_lookup_002,20261004-135623108-e5e9db5042a941fa8dc5d09631bfb6b0,69115.564,366723,4583.7,4583.7,failed,PASS,fa475bc695046525,26ff617c53458a53,True,ineligible,True,completed,"{'revision': 1, 'iterations': 80, 'sample_count': 20, 'measurement_iterations_multiplier': 4, 'warmup_iterations': 3, 'gpu_completion_mode': 'per_iteration', 'unit': 'us', 'direction': 'lower_is_better'}"
deck,parent,surface.surface_list_lookup_008,20261004-135623108-e5e9db5042a941fa8dc5d09631bfb6b0,69115.564,461923,5773.65,5773.65,failed,PASS,9489ca620c4f97a5,18e8676fcc804922,True,ineligible,True,completed,"{'revision': 1, 'iterations': 80, 'sample_count': 20, 'measurement_iterations_multiplier': 4, 'warmup_iterations': 3, 'gpu_completion_mode': 'per_iteration', 'unit': 'us', 'direction': 'lower_is_better'}"
deck,parent,surface.surface_list_lookup_032,20261004-135623108-e5e9db5042a941fa8dc5d09631bfb6b0,69115.564,408872,5110.6,5110.6,failed,PASS,8cdf93e7e3e6ce25,1bc652a47e609cf5,True,ineligible,True,completed,"{'revision': 1, 'iterations': 80, 'sample_count': 20, 'measurement_iterations_multiplier': 4, 'warmup_iterations': 3, 'gpu_completion_mode': 'per_iteration', 'unit': 'us', 'direction': 'lower_is_better'}"
deck,parent,surface.surface_list_lookup_128,20261004-135623108-e5e9db5042a941fa8dc5d09631bfb6b0,69115.564,423584,5294.35,5294.35,failed,PASS,8cdf93e7e3e6ce25,4b4650aa45e0be8d,True,ineligible,True,completed,"{'revision': 1, 'iterations': 80, 'sample_count': 20, 'measurement_iterations_multiplier': 4, 'warmup_iterations': 3, 'gpu_completion_mode': 'per_iteration', 'unit': 'us', 'direction': 'lower_is_better'}"
deck,parent,surface.vulkan_memory_pressure.representative.growth,20261004-135623108-e5e9db5042a941fa8dc5d09631bfb6b0,69115.564,2236332,139770.5,139770.5,failed,PASS,17046af640418325,a1ce1e9182d42125,True,ineligible,True,completed,"{'revision': 1, 'iterations': 16, 'sample_count': 4, 'measurement_iterations_multiplier': 4, 'warmup_iterations': 3, 'gpu_completion_mode': 'per_iteration', 'unit': 'us', 'direction': 'lower_is_better'}"
deck,parent,surface.vulkan_memory_pressure.representative.plateau,20261004-135623108-e5e9db5042a941fa8dc5d09631bfb6b0,69115.564,2390603,149412.5,149412.5,failed,PASS,490075aafd91af25,c00be5b19acc4e6f,True,ineligible,True,completed,"{'revision': 1, 'iterations': 16, 'sample_count': 4, 'measurement_iterations_multiplier': 4, 'warmup_iterations': 3, 'gpu_completion_mode': 'per_iteration', 'unit': 'us', 'direction': 'lower_is_better'}"
deck,parent,surface.vulkan_memory_pressure.representative.alias_resize,20261004-135623108-e5e9db5042a941fa8dc5d09631bfb6b0,69115.564,1188194,74261.75,74261.75,failed,PASS,ed56b68868e2f325,0247ea98d29062c5,True,ineligible,True,completed,"{'revision': 1, 'iterations': 16, 'sample_count': 4, 'measurement_iterations_multiplier': 4, 'warmup_iterations': 3, 'gpu_completion_mode': 'per_iteration', 'unit': 'us', 'direction': 'lower_is_better'}"
deck,parent,surface.vulkan_memory_pressure.representative.reuse,20261004-135623108-e5e9db5042a941fa8dc5d09631bfb6b0,69115.564,2349043,146815,146815,failed,PASS,b8b4854297220f25,d885d846be04bb3d,True,ineligible,True,completed,"{'revision': 1, 'iterations': 16, 'sample_count': 4, 'measurement_iterations_multiplier': 4, 'warmup_iterations': 3, 'gpu_completion_mode': 'per_iteration', 'unit': 'us', 'direction': 'lower_is_better'}"
deck,parent,surface.vulkan_memory_pressure.representative.idle_retention,20261004-135623108-e5e9db5042a941fa8dc5d09631bfb6b0,69115.564,25518,1594.75,1594.75,failed,PASS,dfa4d6a81f791525,4ab34638455a76e1,True,ineligible,True,completed,"{'revision': 1, 'iterations': 16, 'sample_count': 4, 'measurement_iterations_multiplier': 4, 'warmup_iterations': 3, 'gpu_completion_mode': 'per_iteration', 'unit': 'us', 'direction': 'lower_is_better'}"
deck,parent,surface.vulkan_memory_pressure.stress.growth,20261004-135623108-e5e9db5042a941fa8dc5d09631bfb6b0,69115.564,9450887,590680,590680,failed,PASS,17a43e09af9b8325,063949c8ff1686f9,True,ineligible,True,completed,"{'revision': 1, 'iterations': 16, 'sample_count': 4, 'measurement_iterations_multiplier': 4, 'warmup_iterations': 3, 'gpu_completion_mode': 'per_iteration', 'unit': 'us', 'direction': 'lower_is_better'}"
deck,parent,surface.vulkan_memory_pressure.stress.plateau,20261004-135623108-e5e9db5042a941fa8dc5d09631bfb6b0,69115.564,10475076,654691.75,654691.75,failed,PASS,4732cd7c1520a325,769bf225e8cc48d5,True,ineligible,True,completed,"{'revision': 1, 'iterations': 16, 'sample_count': 4, 'measurement_iterations_multiplier': 4, 'warmup_iterations': 3, 'gpu_completion_mode': 'per_iteration', 'unit': 'us', 'direction': 'lower_is_better'}"
deck,parent,surface.vulkan_memory_pressure.stress.alias_resize,20261004-135623108-e5e9db5042a941fa8dc5d09631bfb6b0,69115.564,4332889,270805,270805,failed,PASS,34e2ce9b25a3bf25,c1ab77f18dbbc86d,True,ineligible,True,completed,"{'revision': 1, 'iterations': 16, 'sample_count': 4, 'measurement_iterations_multiplier': 4, 'warmup_iterations': 3, 'gpu_completion_mode': 'per_iteration', 'unit': 'us', 'direction': 'lower_is_better'}"
deck,parent,surface.vulkan_memory_pressure.stress.reuse,20261004-135623108-e5e9db5042a941fa8dc5d09631bfb6b0,69115.564,10604229,662764,662764,failed,PASS,0a989678bb57ff25,837b6a123bb12a09,True,ineligible,True,completed,"{'revision': 1, 'iterations': 16, 'sample_count': 4, 'measurement_iterations_multiplier': 4, 'warmup_iterations': 3, 'gpu_completion_mode': 'per_iteration', 'unit': 'us', 'direction': 'lower_is_better'}"
deck,parent,surface.vulkan_memory_pressure.stress.idle_retention,20261004-135623108-e5e9db5042a941fa8dc5d09631bfb6b0,69115.564,42478,2654.25,2654.25,failed,PASS,c60ef78ce0171b25,a24e2d9ee2191cd8,True,ineligible,True,completed,"{'revision': 1, 'iterations': 16, 'sample_count': 4, 'measurement_iterations_multiplier': 4, 'warmup_iterations': 3, 'gpu_completion_mode': 'per_iteration', 'unit': 'us', 'direction': 'lower_is_better'}"
deck,parent,tiny_draw.arrays.fixed_function,20261004-135734265-8f5aff04351f4843acc5e2bae5baa27e,40679.1327,2970532,74262.9,74262.9,failed,PASS,acf025546cf667b5,5636eabc173a3691,True,ineligible,True,completed,"{'revision': 1, 'iterations': 40, 'sample_count': 10, 'measurement_iterations_multiplier': 4, 'warmup_iterations': 3, 'gpu_completion_mode': 'per_iteration', 'unit': 'us', 'direction': 'lower_is_better'}"
deck,parent,tiny_draw.arrays.vertex_shader,20261004-135734265-8f5aff04351f4843acc5e2bae5baa27e,40679.1327,2650526,66262.8,66262.8,failed,PASS,acf025546cf667b5,5528df4b56e8f75d,True,ineligible,True,completed,"{'revision': 1, 'iterations': 40, 'sample_count': 10, 'measurement_iterations_multiplier': 4, 'warmup_iterations': 3, 'gpu_completion_mode': 'per_iteration', 'unit': 'us', 'direction': 'lower_is_better'}"
deck,parent,tiny_draw.inline_arrays.fixed_function,20261004-135734265-8f5aff04351f4843acc5e2bae5baa27e,40679.1327,3447916,86197.5,86197.5,failed,PASS,acf025546cf667b5,24f378fc9981dad5,True,ineligible,True,completed,"{'revision': 1, 'iterations': 40, 'sample_count': 10, 'measurement_iterations_multiplier': 4, 'warmup_iterations': 3, 'gpu_completion_mode': 'per_iteration', 'unit': 'us', 'direction': 'lower_is_better'}"
deck,parent,tiny_draw.inline_arrays.vertex_shader,20261004-135734265-8f5aff04351f4843acc5e2bae5baa27e,40679.1327,3379408,84484.7,84484.7,failed,PASS,acf025546cf667b5,1f7bd52bdb2ddb2d,True,ineligible,True,completed,"{'revision': 1, 'iterations': 40, 'sample_count': 10, 'measurement_iterations_multiplier': 4, 'warmup_iterations': 3, 'gpu_completion_mode': 'per_iteration', 'unit': 'us', 'direction': 'lower_is_better'}"
deck,parent,tiny_draw.inline_buffers.fixed_function,20261004-135734265-8f5aff04351f4843acc5e2bae5baa27e,40679.1327,2764424,69110.1,69110.1,failed,PASS,acf025546cf667b5,1d33c1f03f3df5d5,True,ineligible,True,completed,"{'revision': 1, 'iterations': 40, 'sample_count': 10, 'measurement_iterations_multiplier': 4, 'warmup_iterations': 3, 'gpu_completion_mode': 'per_iteration', 'unit': 'us', 'direction': 'lower_is_better'}"
deck,parent,tiny_draw.inline_buffers.vertex_shader,20261004-135734265-8f5aff04351f4843acc5e2bae5baa27e,40679.1327,2792211,69804.8,69804.8,failed,PASS,acf025546cf667b5,98123d79a8ae06a5,True,ineligible,True,completed,"{'revision': 1, 'iterations': 40, 'sample_count': 10, 'measurement_iterations_multiplier': 4, 'warmup_iterations': 3, 'gpu_completion_mode': 'per_iteration', 'unit': 'us', 'direction': 'lower_is_better'}"
deck,parent,tiny_draw.inline_elements.fixed_function,20261004-135734265-8f5aff04351f4843acc5e2bae5baa27e,40679.1327,2639387,65984.2,65984.2,failed,PASS,acf025546cf667b5,cd0e5481b375a40d,True,ineligible,True,completed,"{'revision': 1, 'iterations': 40, 'sample_count': 10, 'measurement_iterations_multiplier': 4, 'warmup_iterations': 3, 'gpu_completion_mode': 'per_iteration', 'unit': 'us', 'direction': 'lower_is_better'}"
deck,parent,tiny_draw.inline_elements.vertex_shader,20261004-135734265-8f5aff04351f4843acc5e2bae5baa27e,40679.1327,2656512,66412.4,66412.4,failed,PASS,acf025546cf667b5,0539f844d85cc73d,True,ineligible,True,completed,"{'revision': 1, 'iterations': 40, 'sample_count': 10, 'measurement_iterations_multiplier': 4, 'warmup_iterations': 3, 'gpu_completion_mode': 'per_iteration', 'unit': 'us', 'direction': 'lower_is_better'}"
deck,parent,uniform_thrash.uniform_thrash,20261004-135816992-1e6b6989c95744ef9e7fbd18bfc8f399,14105.0975,165098,4127.1,4127.1,failed,PASS,ad445c59f8b11925,e643e886c2ebbdd5,True,ineligible,True,completed,"{'revision': 1, 'iterations': 40, 'sample_count': 10, 'measurement_iterations_multiplier': 4, 'warmup_iterations': 3, 'gpu_completion_mode': 'per_iteration', 'unit': 'us', 'direction': 'lower_is_better'}"
deck,parent,vertex_buffer_allocation.mixed.arrays,20261004-135833131-ec9bad7d18af424886778b937e19b444,144992.4393,2243946,56098.4,,not evaluated,PASS,377e6c029807f325,377e6c029807f325,True,ineligible,True,completed,"{'revision': 1, 'iterations': 40, 'sample_count': 10, 'measurement_iterations_multiplier': 4, 'warmup_iterations': 3, 'gpu_completion_mode': 'per_iteration', 'unit': 'us', 'direction': 'lower_is_better'}"
deck,parent,vertex_buffer_allocation.mixed.inline_arrays,20261004-135833131-ec9bad7d18af424886778b937e19b444,144992.4393,18812735,470318,,not evaluated,PASS,377e6c029807f325,377e6c029807f325,True,ineligible,True,completed,"{'revision': 1, 'iterations': 40, 'sample_count': 10, 'measurement_iterations_multiplier': 4, 'warmup_iterations': 3, 'gpu_completion_mode': 'per_iteration', 'unit': 'us', 'direction': 'lower_is_better'}"
deck,parent,vertex_buffer_allocation.mixed.inline_buffers,20261004-135833131-ec9bad7d18af424886778b937e19b444,144992.4393,72202961,1805073.6,,not evaluated,PASS,377e6c029807f325,377e6c029807f325,True,ineligible,True,completed,"{'revision': 1, 'iterations': 40, 'sample_count': 10, 'measurement_iterations_multiplier': 4, 'warmup_iterations': 3, 'gpu_completion_mode': 'per_iteration', 'unit': 'us', 'direction': 'lower_is_better'}"
deck,parent,vertex_buffer_allocation.mixed.inline_elements,20261004-135833131-ec9bad7d18af424886778b937e19b444,144992.4393,2186966,54673.9,,not evaluated,PASS,377e6c029807f325,377e6c029807f325,True,ineligible,True,completed,"{'revision': 1, 'iterations': 40, 'sample_count': 10, 'measurement_iterations_multiplier': 4, 'warmup_iterations': 3, 'gpu_completion_mode': 'per_iteration', 'unit': 'us', 'direction': 'lower_is_better'}"
deck,parent,vertex_buffer_allocation.tiny.arrays,20261004-135833131-ec9bad7d18af424886778b937e19b444,144992.4393,2843331,71082.9,,not evaluated,PASS,377e6c029807f325,377e6c029807f325,True,ineligible,True,completed,"{'revision': 1, 'iterations': 40, 'sample_count': 10, 'measurement_iterations_multiplier': 4, 'warmup_iterations': 3, 'gpu_completion_mode': 'per_iteration', 'unit': 'us', 'direction': 'lower_is_better'}"
deck,parent,vertex_buffer_allocation.tiny.inline_arrays,20261004-135833131-ec9bad7d18af424886778b937e19b444,144992.4393,3311507,82787.3,,not evaluated,PASS,377e6c029807f325,377e6c029807f325,True,ineligible,True,completed,"{'revision': 1, 'iterations': 40, 'sample_count': 10, 'measurement_iterations_multiplier': 4, 'warmup_iterations': 3, 'gpu_completion_mode': 'per_iteration', 'unit': 'us', 'direction': 'lower_is_better'}"
deck,parent,vertex_buffer_allocation.tiny.inline_buffers,20261004-135833131-ec9bad7d18af424886778b937e19b444,144992.4393,3452405,86309.7,,not evaluated,PASS,377e6c029807f325,377e6c029807f325,True,ineligible,True,completed,"{'revision': 1, 'iterations': 40, 'sample_count': 10, 'measurement_iterations_multiplier': 4, 'warmup_iterations': 3, 'gpu_completion_mode': 'per_iteration', 'unit': 'us', 'direction': 'lower_is_better'}"
deck,parent,vertex_buffer_allocation.tiny.inline_elements,20261004-135833131-ec9bad7d18af424886778b937e19b444,144992.4393,2954187,73854.4,,not evaluated,PASS,377e6c029807f325,377e6c029807f325,True,ineligible,True,completed,"{'revision': 1, 'iterations': 40, 'sample_count': 10, 'measurement_iterations_multiplier': 4, 'warmup_iterations': 3, 'gpu_completion_mode': 'per_iteration', 'unit': 'us', 'direction': 'lower_is_better'}"
deck,parent,vertex_buffer_allocation.rising_transient_growth,20261004-135833131-ec9bad7d18af424886778b937e19b444,144992.4393,5447056,1361764,,not evaluated,PASS,377e6c029807f325,,False,ineligible,True,completed,"{'revision': 1, 'iterations': 4, 'sample_count': 1, 'measurement_iterations_multiplier': 4, 'warmup_iterations': 3, 'gpu_completion_mode': 'per_iteration', 'unit': 'us', 'direction': 'lower_is_better'}"
deck,parent,vertex_buffer_allocation.disjoint_same_page,20261004-135833131-ec9bad7d18af424886778b937e19b444,144992.4393,2958868,73971.5,,not evaluated,PASS,fdcd25a37910bb25,d93bb411fee61f6d,True,ineligible,True,completed,"{'revision': 1, 'iterations': 40, 'sample_count': 10, 'measurement_iterations_multiplier': 4, 'warmup_iterations': 3, 'gpu_completion_mode': 'per_iteration', 'unit': 'us', 'direction': 'lower_is_better'}"
deck,candidate,busy_pfifo.pfifo_saturation,20261004-140108691-8dbd3cd6a4ca42d78639c8d08994f7f7,90642.1959,7272095,181801.9,,not evaluated,PASS,618832b1599bf211,1508607624bb8506,True,ineligible,True,completed,"{'revision': 1, 'iterations': 40, 'sample_count': 10, 'measurement_iterations_multiplier': 4, 'warmup_iterations': 3, 'gpu_completion_mode': 'per_iteration', 'unit': 'us', 'direction': 'lower_is_better'}"
deck,candidate,busy_pfifo.pgraph_pattern_polling,20261004-140108691-8dbd3cd6a4ca42d78639c8d08994f7f7,90642.1959,36742824,9185706,,not evaluated,PASS,386d0f085e98c325,386d0f085e98c325,True,ineligible,True,completed,"{'revision': 1, 'iterations': 4, 'sample_count': 1, 'measurement_iterations_multiplier': 4, 'warmup_iterations': 3, 'gpu_completion_mode': 'per_iteration', 'unit': 'us', 'direction': 'lower_is_better'}"
deck,candidate,pfifo_array_elements.array_element_pgr2,20261004-140108691-8dbd3cd6a4ca42d78639c8d08994f7f7,90642.1959,50866,1589.125,,not evaluated,PASS,bbc8b0702ffd0325,bbc8b0702ffd0325,True,ineligible,True,completed,"{'revision': 1, 'iterations': 32, 'sample_count': 8, 'measurement_iterations_multiplier': 4, 'warmup_iterations': 3, 'gpu_completion_mode': 'per_iteration', 'unit': 'us', 'direction': 'lower_is_better'}"
deck,candidate,pfifo_array_elements.array_element16,20261004-140108691-8dbd3cd6a4ca42d78639c8d08994f7f7,90642.1959,57682,1802.25,,not evaluated,PASS,9c884de2a5d32325,9c884de2a5d32325,True,ineligible,True,completed,"{'revision': 1, 'iterations': 32, 'sample_count': 8, 'measurement_iterations_multiplier': 4, 'warmup_iterations': 3, 'gpu_completion_mode': 'per_iteration', 'unit': 'us', 'direction': 'lower_is_better'}"
deck,candidate,pfifo_array_elements.array_element32,20261004-140108691-8dbd3cd6a4ca42d78639c8d08994f7f7,90642.1959,55601,1737.25,,not evaluated,PASS,e079f0cf1a994325,e079f0cf1a994325,True,ineligible,True,completed,"{'revision': 1, 'iterations': 32, 'sample_count': 8, 'measurement_iterations_multiplier': 4, 'warmup_iterations': 3, 'gpu_completion_mode': 'per_iteration', 'unit': 'us', 'direction': 'lower_is_better'}"
deck,candidate,pfifo_packet_boundary.array_element16_overflow,20261004-140108691-8dbd3cd6a4ca42d78639c8d08994f7f7,90642.1959,166628,41657,,not evaluated,PASS,4d1756526f052325,,False,ineligible,True,completed,"{'revision': 1, 'iterations': 4, 'sample_count': 1, 'measurement_iterations_multiplier': 4, 'warmup_iterations': 3, 'gpu_completion_mode': 'per_iteration', 'unit': 'us', 'direction': 'lower_is_better'}"
deck,candidate,pfifo_packet_boundary.array_element32_overflow,20261004-140108691-8dbd3cd6a4ca42d78639c8d08994f7f7,90642.1959,384178,96044,,not evaluated,PASS,6eb7071be692a325,,False,ineligible,True,completed,"{'revision': 1, 'iterations': 4, 'sample_count': 1, 'measurement_iterations_multiplier': 4, 'warmup_iterations': 3, 'gpu_completion_mode': 'per_iteration', 'unit': 'us', 'direction': 'lower_is_better'}"
deck,candidate,pfifo_packet_boundary.inline_array_overflow,20261004-140108691-8dbd3cd6a4ca42d78639c8d08994f7f7,90642.1959,279192,69798,,not evaluated,PASS,847da1930526a325,,False,ineligible,True,completed,"{'revision': 1, 'iterations': 4, 'sample_count': 1, 'measurement_iterations_multiplier': 4, 'warmup_iterations': 3, 'gpu_completion_mode': 'per_iteration', 'unit': 'us', 'direction': 'lower_is_better'}"
deck,candidate,pfifo_packet_boundary.incrementing_inline_fallback,20261004-140108691-8dbd3cd6a4ca42d78639c8d08994f7f7,90642.1959,198,49,,not evaluated,PASS,640439ee8ecd2325,,False,ineligible,True,completed,"{'revision': 1, 'iterations': 4, 'sample_count': 1, 'measurement_iterations_multiplier': 4, 'warmup_iterations': 3, 'gpu_completion_mode': 'per_iteration', 'unit': 'us', 'direction': 'lower_is_better'}"
deck,candidate,cpu_floating_point.sse_scalar,20261004-140241370-7c1b1ca80f7240c6833820fdd32d8fc9,178711.1371,47982144,1199553.2,1199553.2,passed,PASS,6962077c244da325,6962077c244da325,True,eligible,True,completed,"{'revision': 1, 'iterations': 40, 'sample_count': 10, 'measurement_iterations_multiplier': 4, 'warmup_iterations': 3, 'gpu_completion_mode': 'per_iteration', 'unit': 'us', 'direction': 'lower_is_better'}"
deck,candidate,cpu_floating_point.x87_scalar,20261004-140241370-7c1b1ca80f7240c6833820fdd32d8fc9,178711.1371,46355847,1158895.8,1158895.8,passed,PASS,6962077c244da325,6962077c244da325,True,eligible,True,completed,"{'revision': 1, 'iterations': 40, 'sample_count': 10, 'measurement_iterations_multiplier': 4, 'warmup_iterations': 3, 'gpu_completion_mode': 'per_iteration', 'unit': 'us', 'direction': 'lower_is_better'}"
deck,candidate,cpu_translation_blocks.direct_loop,20261004-140241370-7c1b1ca80f7240c6833820fdd32d8fc9,178711.1371,811346,20283.1,20283.1,passed,PASS,bd1fc9bf0c318325,bd1fc9bf0c318325,True,eligible,True,completed,"{'revision': 1, 'iterations': 40, 'sample_count': 10, 'measurement_iterations_multiplier': 4, 'warmup_iterations': 3, 'gpu_completion_mode': 'per_iteration', 'unit': 'us', 'direction': 'lower_is_better'}"
deck,candidate,cpu_translation_blocks.indirect_dispatch,20261004-140241370-7c1b1ca80f7240c6833820fdd32d8fc9,178711.1371,2747206,68679.9,68679.9,passed,PASS,c0426cf669a02325,c0426cf669a02325,True,eligible,True,completed,"{'revision': 1, 'iterations': 40, 'sample_count': 10, 'measurement_iterations_multiplier': 4, 'warmup_iterations': 3, 'gpu_completion_mode': 'per_iteration', 'unit': 'us', 'direction': 'lower_is_better'}"
deck,candidate,cpu_translation_blocks.indirect_dispatch_stress,20261004-140241370-7c1b1ca80f7240c6833820fdd32d8fc9,178711.1371,55020618,1375514.9,1375514.9,passed,PASS,fbd507cb0c622325,fbd507cb0c622325,True,eligible,True,completed,"{'revision': 1, 'iterations': 40, 'sample_count': 10, 'measurement_iterations_multiplier': 4, 'warmup_iterations': 3, 'gpu_completion_mode': 'per_iteration', 'unit': 'us', 'direction': 'lower_is_better'}"
deck,candidate,fill_rate.solid,20261004-140541617-8dd06e25ed324a8f9d9243bb9b70c6f5,15267.5768,163041,4075.6,4075.6,failed,PASS,aa539e0bcd4e54b3,08b0f60773aac775,True,ineligible,True,completed,"{'revision': 1, 'iterations': 40, 'sample_count': 10, 'measurement_iterations_multiplier': 4, 'warmup_iterations': 3, 'gpu_completion_mode': 'per_iteration', 'unit': 'us', 'direction': 'lower_is_better'}"
deck,candidate,fill_rate.textured,20261004-140541617-8dd06e25ed324a8f9d9243bb9b70c6f5,15267.5768,369546,9238.2,9238.2,failed,PASS,92f42c56c1fbe869,99b433323df1684d,True,ineligible,True,completed,"{'revision': 1, 'iterations': 40, 'sample_count': 10, 'measurement_iterations_multiplier': 4, 'warmup_iterations': 3, 'gpu_completion_mode': 'per_iteration', 'unit': 'us', 'direction': 'lower_is_better'}"
deck,candidate,pipeline_texture_switch.clear_texture_normal,20261004-140559455-73e1790a75ac4b3a8f4cf4a05e252a5e,24719.4048,1208879,37777,,not evaluated,PASS,22ba4f1405cda325,22ba4f1405cda325,True,ineligible,True,completed,"{'revision': 1, 'iterations': 32, 'sample_count': 8, 'measurement_iterations_multiplier': 4, 'warmup_iterations': 3, 'gpu_completion_mode': 'per_iteration', 'unit': 'us', 'direction': 'lower_is_better'}"
deck,candidate,pipeline_texture_switch.palette_dma_remap,20261004-140559455-73e1790a75ac4b3a8f4cf4a05e252a5e,24719.4048,66328,16582,,not evaluated,PASS,fbf687de65082325,,False,ineligible,True,completed,"{'revision': 1, 'iterations': 4, 'sample_count': 1, 'measurement_iterations_multiplier': 4, 'warmup_iterations': 3, 'gpu_completion_mode': 'per_iteration', 'unit': 'us', 'direction': 'lower_is_better'}"
deck,candidate,pipeline_texture_switch.palette_only_update,20261004-140559455-73e1790a75ac4b3a8f4cf4a05e252a5e,24719.4048,220629,55157,,not evaluated,PASS,467aab2f95cda325,,False,ineligible,True,completed,"{'revision': 1, 'iterations': 4, 'sample_count': 1, 'measurement_iterations_multiplier': 4, 'warmup_iterations': 3, 'gpu_completion_mode': 'per_iteration', 'unit': 'us', 'direction': 'lower_is_better'}"
deck,candidate,pipeline_texture_switch.sampler_only_identity,20261004-140559455-73e1790a75ac4b3a8f4cf4a05e252a5e,24719.4048,2016520,63015.75,,not evaluated,PASS,0b8438c8404da325,0b8438c8404da325,True,ineligible,True,completed,"{'revision': 1, 'iterations': 32, 'sample_count': 8, 'measurement_iterations_multiplier': 4, 'warmup_iterations': 3, 'gpu_completion_mode': 'per_iteration', 'unit': 'us', 'direction': 'lower_is_better'}"
deck,candidate,pipeline_texture_switch.shader_negative_control,20261004-140559455-73e1790a75ac4b3a8f4cf4a05e252a5e,24719.4048,1608189,50255.625,,not evaluated,PASS,f110c8bd6338c325,f110c8bd6338c325,True,ineligible,True,completed,"{'revision': 1, 'iterations': 32, 'sample_count': 8, 'measurement_iterations_multiplier': 4, 'warmup_iterations': 3, 'gpu_completion_mode': 'per_iteration', 'unit': 'us', 'direction': 'lower_is_better'}"
deck,candidate,pipeline_texture_switch.shared_page_overlap,20261004-140559455-73e1790a75ac4b3a8f4cf4a05e252a5e,24719.4048,212348,53087,,not evaluated,PASS,83bb59a8648da325,,False,ineligible,True,completed,"{'revision': 1, 'iterations': 4, 'sample_count': 1, 'measurement_iterations_multiplier': 4, 'warmup_iterations': 3, 'gpu_completion_mode': 'per_iteration', 'unit': 'us', 'direction': 'lower_is_better'}"
deck,candidate,pipeline_texture_switch.texture_dma_remap,20261004-140559455-73e1790a75ac4b3a8f4cf4a05e252a5e,24719.4048,66403,16600,,not evaluated,PASS,fbf687de65082325,,False,ineligible,True,completed,"{'revision': 1, 'iterations': 4, 'sample_count': 1, 'measurement_iterations_multiplier': 4, 'warmup_iterations': 3, 'gpu_completion_mode': 'per_iteration', 'unit': 'us', 'direction': 'lower_is_better'}"
deck,candidate,pipeline_texture_switch.texture_switch,20261004-140559455-73e1790a75ac4b3a8f4cf4a05e252a5e,24719.4048,1612842,50400.875,,not evaluated,PASS,8ae05d31fb00c325,8ae05d31fb00c325,True,ineligible,True,completed,"{'revision': 1, 'iterations': 32, 'sample_count': 8, 'measurement_iterations_multiplier': 4, 'warmup_iterations': 3, 'gpu_completion_mode': 'per_iteration', 'unit': 'us', 'direction': 'lower_is_better'}"
deck,candidate,report_query.clear_boundary,20261004-140626216-11f9de6ab7eb41269367ab0a40242dc6,15147.7049,26276,1642,,not evaluated,PASS,b5eb7c4b9c8da325,,False,ineligible,True,completed,"{'revision': 2, 'iterations': 16, 'sample_count': 4, 'measurement_iterations_multiplier': 4, 'warmup_iterations': 3, 'gpu_completion_mode': 'per_iteration', 'unit': 'us', 'direction': 'lower_is_better'}"
deck,candidate,report_query.dma_descriptor_rewrite,20261004-140626216-11f9de6ab7eb41269367ab0a40242dc6,15147.7049,14765,14765,,not evaluated,PASS,c0c0fdbececda325,,False,ineligible,True,completed,"{'revision': 2, 'iterations': 1, 'sample_count': 1, 'measurement_iterations_multiplier': 1, 'warmup_iterations': 0, 'gpu_completion_mode': 'per_iteration', 'unit': 'us', 'direction': 'lower_is_better'}"
deck,candidate,report_query.dma_range_guard,20261004-140626216-11f9de6ab7eb41269367ab0a40242dc6,15147.7049,6919,6919,,not evaluated,PASS,3f648ce11a4da325,,False,ineligible,True,completed,"{'revision': 2, 'iterations': 1, 'sample_count': 1, 'measurement_iterations_multiplier': 1, 'warmup_iterations': 0, 'gpu_completion_mode': 'per_iteration', 'unit': 'us', 'direction': 'lower_is_better'}"
deck,candidate,report_query.dma_target_switch,20261004-140626216-11f9de6ab7eb41269367ab0a40242dc6,15147.7049,55588,3474,,not evaluated,PASS,4c4bd8cd440da325,,False,ineligible,True,completed,"{'revision': 2, 'iterations': 16, 'sample_count': 4, 'measurement_iterations_multiplier': 4, 'warmup_iterations': 3, 'gpu_completion_mode': 'per_iteration', 'unit': 'us', 'direction': 'lower_is_better'}"
deck,candidate,report_query.fifo_producer_ordering,20261004-140626216-11f9de6ab7eb41269367ab0a40242dc6,15147.7049,21016,1313.25,,not evaluated,PASS,0d907c24a88da325,,False,ineligible,True,completed,"{'revision': 2, 'iterations': 16, 'sample_count': 4, 'measurement_iterations_multiplier': 4, 'warmup_iterations': 3, 'gpu_completion_mode': 'per_iteration', 'unit': 'us', 'direction': 'lower_is_better'}"
deck,candidate,report_query.multiple_boundaries,20261004-140626216-11f9de6ab7eb41269367ab0a40242dc6,15147.7049,13596,849.5,,not evaluated,PASS,0c966fc9ba4da325,,False,ineligible,True,completed,"{'revision': 2, 'iterations': 16, 'sample_count': 4, 'measurement_iterations_multiplier': 4, 'warmup_iterations': 3, 'gpu_completion_mode': 'per_iteration', 'unit': 'us', 'direction': 'lower_is_better'}"
deck,candidate,report_query.single_boundary,20261004-140626216-11f9de6ab7eb41269367ab0a40242dc6,15147.7049,8940,558.5,,not evaluated,PASS,60e674c9fecda325,,False,ineligible,True,completed,"{'revision': 2, 'iterations': 16, 'sample_count': 4, 'measurement_iterations_multiplier': 4, 'warmup_iterations': 3, 'gpu_completion_mode': 'per_iteration', 'unit': 'us', 'direction': 'lower_is_better'}"
deck,candidate,report_query.zero_query,20261004-140626216-11f9de6ab7eb41269367ab0a40242dc6,15147.7049,8994,561.75,,not evaluated,PASS,23875dfeb40da325,,False,ineligible,True,completed,"{'revision': 2, 'iterations': 16, 'sample_count': 4, 'measurement_iterations_multiplier': 4, 'warmup_iterations': 3, 'gpu_completion_mode': 'per_iteration', 'unit': 'us', 'direction': 'lower_is_better'}"
deck,candidate,shader_lifecycle.readiness_train_visible,20261004-140643405-2b04aba2041a4f93b8ae45d1dc99c225,24277.947,66500,16625,,not evaluated,PASS,d4c939c4f0ce4325,,False,ineligible,True,completed,"{'revision': 1, 'iterations': 4, 'sample_count': 1, 'measurement_iterations_multiplier': 4, 'warmup_iterations': 3, 'gpu_completion_mode': 'per_iteration', 'unit': 'us', 'direction': 'lower_is_better'}"
deck,candidate,shader_lifecycle.readiness_replay_visible,20261004-140709847-4511c98326ac4cb2ade8869744773511,24083.3122,66034,16508,,not evaluated,PASS,d4c939c4f0ce4325,,False,ineligible,True,completed,"{'revision': 1, 'iterations': 4, 'sample_count': 1, 'measurement_iterations_multiplier': 4, 'warmup_iterations': 3, 'gpu_completion_mode': 'per_iteration', 'unit': 'us', 'direction': 'lower_is_better'}"
deck,candidate,shader_lifecycle.readiness_identical_replay,20261004-140735467-3bb38c1675204cdd94c67ab9a1af8058,52821.7891,16108378,4027094,,not evaluated,PASS,70615ec6b77f8325,,False,ineligible,True,completed,"{'revision': 1, 'iterations': 4, 'sample_count': 1, 'measurement_iterations_multiplier': 4, 'warmup_iterations': 3, 'gpu_completion_mode': 'per_iteration', 'unit': 'us', 'direction': 'lower_is_better'}"
deck,candidate,shader_lifecycle.readiness_uniform_only,20261004-140830423-8e487f220f914c43826b23e7f48383f4,24243.5869,65998,16499,,not evaluated,PASS,113d534d51f95325,,False,ineligible,True,completed,"{'revision': 1, 'iterations': 4, 'sample_count': 1, 'measurement_iterations_multiplier': 4, 'warmup_iterations': 3, 'gpu_completion_mode': 'per_iteration', 'unit': 'us', 'direction': 'lower_is_better'}"
deck,candidate,shader_lifecycle.readiness_early_demand,20261004-140856706-543e8312afdb4e1992b669b357030eea,25547.268,65937,16484,,not evaluated,PASS,d4c939c4f0ce4325,,False,ineligible,True,completed,"{'revision': 1, 'iterations': 4, 'sample_count': 1, 'measurement_iterations_multiplier': 4, 'warmup_iterations': 3, 'gpu_completion_mode': 'per_iteration', 'unit': 'us', 'direction': 'lower_is_better'}"
deck,candidate,game_load.long_unlocked_scene.cpu,20261004-140924294-f72e8d9f72424c01ba497ef4248ce1a0,262056.9281,1272633,39769.375,39769.375,passed,PASS,7c59a4dc0f8ba325,7c59a4dc0f8ba325,True,eligible,True,completed,"{'revision': 1, 'iterations': 32, 'sample_count': 8, 'measurement_iterations_multiplier': 4, 'warmup_iterations': 3, 'gpu_completion_mode': 'per_iteration', 'unit': 'us', 'direction': 'lower_is_better'}"
deck,candidate,game_load.long_unlocked_scene.pfifo,20261004-140924294-f72e8d9f72424c01ba497ef4248ce1a0,262056.9281,316514,9890.75,9890.75,passed,PASS,7c59a4dc0f8ba325,7c59a4dc0f8ba325,True,eligible,True,completed,"{'revision': 1, 'iterations': 32, 'sample_count': 8, 'measurement_iterations_multiplier': 4, 'warmup_iterations': 3, 'gpu_completion_mode': 'per_iteration', 'unit': 'us', 'direction': 'lower_is_better'}"
deck,candidate,game_load.long_unlocked_scene.alpha_overdraw,20261004-140924294-f72e8d9f72424c01ba497ef4248ce1a0,262056.9281,3441037,107532,107532,passed,PASS,7c59a4dc0f8ba325,7c59a4dc0f8ba325,True,eligible,True,completed,"{'revision': 1, 'iterations': 32, 'sample_count': 8, 'measurement_iterations_multiplier': 4, 'warmup_iterations': 3, 'gpu_completion_mode': 'per_iteration', 'unit': 'us', 'direction': 'lower_is_better'}"
deck,candidate,game_load.long_unlocked_scene.streaming_surface_reuse,20261004-140924294-f72e8d9f72424c01ba497ef4248ce1a0,262056.9281,1054996,32968.25,32968.25,passed,PASS,7c59a4dc0f8ba325,7c59a4dc0f8ba325,True,eligible,True,completed,"{'revision': 1, 'iterations': 32, 'sample_count': 8, 'measurement_iterations_multiplier': 4, 'warmup_iterations': 3, 'gpu_completion_mode': 'per_iteration', 'unit': 'us', 'direction': 'lower_is_better'}"
deck,candidate,game_load.long_unlocked_scene.combined,20261004-140924294-f72e8d9f72424c01ba497ef4248ce1a0,262056.9281,6263401,195731,195731,passed,PASS,7c59a4dc0f8ba325,7c59a4dc0f8ba325,True,eligible,True,completed,"{'revision': 1, 'iterations': 32, 'sample_count': 8, 'measurement_iterations_multiplier': 4, 'warmup_iterations': 3, 'gpu_completion_mode': 'per_iteration', 'unit': 'us', 'direction': 'lower_is_better'}"
deck,candidate,game_load.long_unlocked_scene.full_system,20261004-140924294-f72e8d9f72424c01ba497ef4248ce1a0,262056.9281,6245010,195156.125,195156.125,passed,PASS,7c59a4dc0f8ba325,7c59a4dc0f8ba325,True,eligible,True,completed,"{'revision': 1, 'iterations': 32, 'sample_count': 8, 'measurement_iterations_multiplier': 4, 'warmup_iterations': 3, 'gpu_completion_mode': 'per_iteration', 'unit': 'us', 'direction': 'lower_is_better'}"
deck,candidate,game_load.cross_title_hotpath.queued_vertex_cpu_writes,20261004-140924294-f72e8d9f72424c01ba497ef4248ce1a0,262056.9281,4801560,150048.375,150048.375,passed,PASS,cf19c8d27e2aa325,cf19c8d27e2aa325,True,eligible,True,completed,"{'revision': 1, 'iterations': 32, 'sample_count': 8, 'measurement_iterations_multiplier': 4, 'warmup_iterations': 3, 'gpu_completion_mode': 'per_iteration', 'unit': 'us', 'direction': 'lower_is_better'}"
deck,candidate,game_load.cross_title_hotpath.pgr2_small_draws,20261004-140924294-f72e8d9f72424c01ba497ef4248ce1a0,262056.9281,9689017,302781.5,302781.5,passed,PASS,2a1e0148d2c0e325,2a1e0148d2c0e325,True,eligible,True,completed,"{'revision': 1, 'iterations': 32, 'sample_count': 8, 'measurement_iterations_multiplier': 4, 'warmup_iterations': 3, 'gpu_completion_mode': 'per_iteration', 'unit': 'us', 'direction': 'lower_is_better'}"
deck,candidate,game_load.cross_title_hotpath.texture_update_reuse,20261004-140924294-f72e8d9f72424c01ba497ef4248ce1a0,262056.9281,131205,4099.875,4099.875,passed,PASS,5612bef321a56325,5612bef321a56325,True,eligible,True,completed,"{'revision': 1, 'iterations': 32, 'sample_count': 8, 'measurement_iterations_multiplier': 4, 'warmup_iterations': 3, 'gpu_completion_mode': 'per_iteration', 'unit': 'us', 'direction': 'lower_is_better'}"
deck,candidate,game_load.cross_title_hotpath.surface_reuse,20261004-140924294-f72e8d9f72424c01ba497ef4248ce1a0,262056.9281,590316,18446.875,18446.875,passed,PASS,846d9f21b7c6a325,846d9f21b7c6a325,True,eligible,True,completed,"{'revision': 1, 'iterations': 32, 'sample_count': 8, 'measurement_iterations_multiplier': 4, 'warmup_iterations': 3, 'gpu_completion_mode': 'per_iteration', 'unit': 'us', 'direction': 'lower_is_better'}"
deck,candidate,game_load.cross_title_hotpath.pipeline_state_churn,20261004-140924294-f72e8d9f72424c01ba497ef4248ce1a0,262056.9281,4472461,139764,139764,passed,PASS,22f040b2add4a325,22f040b2add4a325,True,eligible,True,completed,"{'revision': 1, 'iterations': 32, 'sample_count': 8, 'measurement_iterations_multiplier': 4, 'warmup_iterations': 3, 'gpu_completion_mode': 'per_iteration', 'unit': 'us', 'direction': 'lower_is_better'}"
deck,candidate,game_load.cross_title_hotpath.blend_constant_reuse,20261004-140924294-f72e8d9f72424c01ba497ef4248ce1a0,262056.9281,9129771,285305,285305,passed,PASS,a08ca118008fa325,a08ca118008fa325,True,eligible,True,completed,"{'revision': 1, 'iterations': 32, 'sample_count': 8, 'measurement_iterations_multiplier': 4, 'warmup_iterations': 3, 'gpu_completion_mode': 'per_iteration', 'unit': 'us', 'direction': 'lower_is_better'}"
deck,candidate,game_load.cross_title_hotpath.texture_binding_reuse,20261004-140924294-f72e8d9f72424c01ba497ef4248ce1a0,262056.9281,11937665,373051.75,373051.75,passed,PASS,dfaaa3022df6a325,dfaaa3022df6a325,True,eligible,True,completed,"{'revision': 1, 'iterations': 32, 'sample_count': 8, 'measurement_iterations_multiplier': 4, 'warmup_iterations': 3, 'gpu_completion_mode': 'per_iteration', 'unit': 'us', 'direction': 'lower_is_better'}"
deck,candidate,game_load.cross_title_hotpath.pgr2_lagspot_inline_elements,20261004-140924294-f72e8d9f72424c01ba497ef4248ce1a0,262056.9281,7291136,227847.75,227847.75,passed,PASS,1289219c28d5a325,1289219c28d5a325,True,eligible,True,completed,"{'revision': 1, 'iterations': 32, 'sample_count': 8, 'measurement_iterations_multiplier': 4, 'warmup_iterations': 3, 'gpu_completion_mode': 'per_iteration', 'unit': 'us', 'direction': 'lower_is_better'}"
deck,candidate,game_load.cross_title_hotpath.scaled_surface_pressure,20261004-140924294-f72e8d9f72424c01ba497ef4248ce1a0,262056.9281,61451964,1920373.5,1920373.5,passed,PASS,e81e5b4a4675a325,e81e5b4a4675a325,True,eligible,True,completed,"{'revision': 1, 'iterations': 32, 'sample_count': 8, 'measurement_iterations_multiplier': 4, 'warmup_iterations': 3, 'gpu_completion_mode': 'per_iteration', 'unit': 'us', 'direction': 'lower_is_better'}"
deck,candidate,game_load.cross_title_hotpath.s3tc_streaming_fenced_draws,20261004-140924294-f72e8d9f72424c01ba497ef4248ce1a0,262056.9281,94761909,2961309.125,2961309.125,passed,PASS,a0f51c6c46a52325,a0f51c6c46a52325,True,eligible,True,completed,"{'revision': 1, 'iterations': 32, 'sample_count': 8, 'measurement_iterations_multiplier': 4, 'warmup_iterations': 3, 'gpu_completion_mode': 'per_iteration', 'unit': 'us', 'direction': 'lower_is_better'}"
deck,candidate,game_load.cross_title_hotpath.gpu_wait_control,20261004-140924294-f72e8d9f72424c01ba497ef4248ce1a0,262056.9281,157883,4933.625,4933.625,passed,PASS,828855c0a34e2325,828855c0a34e2325,True,eligible,True,completed,"{'revision': 1, 'iterations': 32, 'sample_count': 8, 'measurement_iterations_multiplier': 4, 'warmup_iterations': 3, 'gpu_completion_mode': 'per_iteration', 'unit': 'us', 'direction': 'lower_is_better'}"
deck,candidate,game_load.s3tc_sync_factor.dxt1_same_address_wait,20261004-141348417-197716d11cc647cda9a4ae1feba9f1eb,57869.162,546093,17065.125,17065.125,failed,PASS,3403675459d4d3d5,db28300321744de5,True,ineligible,True,completed,"{'revision': 1, 'iterations': 32, 'sample_count': 8, 'measurement_iterations_multiplier': 4, 'warmup_iterations': 3, 'gpu_completion_mode': 'per_iteration', 'unit': 'us', 'direction': 'lower_is_better'}"
deck,candidate,game_load.s3tc_sync_factor.dxt1_same_address_queued,20261004-141348417-197716d11cc647cda9a4ae1feba9f1eb,57869.162,565306,17665.5,17665.5,failed,PASS,706d2b9f5eaa534f,9998993e8dcf6939,True,ineligible,True,completed,"{'revision': 1, 'iterations': 32, 'sample_count': 8, 'measurement_iterations_multiplier': 4, 'warmup_iterations': 3, 'gpu_completion_mode': 'per_iteration', 'unit': 'us', 'direction': 'lower_is_better'}"
deck,candidate,game_load.s3tc_sync_factor.dxt1_ring_payload_generations,20261004-141348417-197716d11cc647cda9a4ae1feba9f1eb,57869.162,1597961,49935.875,49935.875,failed,PASS,3403675459d4d3d5,db28300321744de5,True,ineligible,True,completed,"{'revision': 1, 'iterations': 32, 'sample_count': 8, 'measurement_iterations_multiplier': 4, 'warmup_iterations': 3, 'gpu_completion_mode': 'per_iteration', 'unit': 'us', 'direction': 'lower_is_better'}"
deck,candidate,game_load.s3tc_sync_factor.dxt1_dirty_once_redraw,20261004-141348417-197716d11cc647cda9a4ae1feba9f1eb,57869.162,533436,16669.625,16669.625,passed,PASS,428c04bbb0a62725,428c04bbb0a62725,True,ineligible,True,completed,"{'revision': 1, 'iterations': 32, 'sample_count': 8, 'measurement_iterations_multiplier': 4, 'warmup_iterations': 3, 'gpu_completion_mode': 'per_iteration', 'unit': 'us', 'direction': 'lower_is_better'}"
deck,candidate,game_load.s3tc_sync_factor.rgba8_same_address_wait,20261004-141348417-197716d11cc647cda9a4ae1feba9f1eb,57869.162,2247846,70244.875,70244.875,passed,PASS,3403675459d4d3d5,3403675459d4d3d5,True,ineligible,True,completed,"{'revision': 1, 'iterations': 32, 'sample_count': 8, 'measurement_iterations_multiplier': 4, 'warmup_iterations': 3, 'gpu_completion_mode': 'per_iteration', 'unit': 'us', 'direction': 'lower_is_better'}"
deck,candidate,game_load.s3tc_sync_factor.rgba8_same_address_queued,20261004-141348417-197716d11cc647cda9a4ae1feba9f1eb,57869.162,2150601,67205.875,67205.875,failed,PASS,b1ac412d44fc39a3,719d8f45c46b69f6,True,ineligible,True,completed,"{'revision': 1, 'iterations': 32, 'sample_count': 8, 'measurement_iterations_multiplier': 4, 'warmup_iterations': 3, 'gpu_completion_mode': 'per_iteration', 'unit': 'us', 'direction': 'lower_is_better'}"
deck,candidate,game_load.s3tc_sync_factor.rgba8_ring_payload_generations,20261004-141348417-197716d11cc647cda9a4ae1feba9f1eb,57869.162,9700680,303145.75,303145.75,passed,PASS,3403675459d4d3d5,3403675459d4d3d5,True,ineligible,True,completed,"{'revision': 1, 'iterations': 32, 'sample_count': 8, 'measurement_iterations_multiplier': 4, 'warmup_iterations': 3, 'gpu_completion_mode': 'per_iteration', 'unit': 'us', 'direction': 'lower_is_better'}"
deck,candidate,game_load.s3tc_sync_factor.rgba8_dirty_once_redraw,20261004-141348417-197716d11cc647cda9a4ae1feba9f1eb,57869.162,531743,16616.75,16616.75,passed,PASS,428c04bbb0a62725,428c04bbb0a62725,True,ineligible,True,completed,"{'revision': 1, 'iterations': 32, 'sample_count': 8, 'measurement_iterations_multiplier': 4, 'warmup_iterations': 3, 'gpu_completion_mode': 'per_iteration', 'unit': 'us', 'direction': 'lower_is_better'}"
deck,candidate,game_load.s3tc_sync_factor.bc2_native_eligible,20261004-141348417-197716d11cc647cda9a4ae1feba9f1eb,57869.162,2682888,83839.75,83839.75,failed,PASS,3403675459d4d3d5,db28300321744de5,True,ineligible,True,completed,"{'revision': 1, 'iterations': 32, 'sample_count': 8, 'measurement_iterations_multiplier': 4, 'warmup_iterations': 3, 'gpu_completion_mode': 'per_iteration', 'unit': 'us', 'direction': 'lower_is_better'}"
deck,candidate,game_load.s3tc_sync_factor.bc2_bordered_fallback,20261004-141348417-197716d11cc647cda9a4ae1feba9f1eb,57869.162,7482566,233829.75,233829.75,passed,PASS,db28300321744de5,db28300321744de5,True,ineligible,True,completed,"{'revision': 1, 'iterations': 32, 'sample_count': 8, 'measurement_iterations_multiplier': 4, 'warmup_iterations': 3, 'gpu_completion_mode': 'per_iteration', 'unit': 'us', 'direction': 'lower_is_better'}"
deck,candidate,game_load.s3tc_sync_factor.bc3_native_eligible,20261004-141348417-197716d11cc647cda9a4ae1feba9f1eb,57869.162,2718097,84940.25,84940.25,failed,PASS,3403675459d4d3d5,db28300321744de5,True,ineligible,True,completed,"{'revision': 1, 'iterations': 32, 'sample_count': 8, 'measurement_iterations_multiplier': 4, 'warmup_iterations': 3, 'gpu_completion_mode': 'per_iteration', 'unit': 'us', 'direction': 'lower_is_better'}"
deck,candidate,game_load.s3tc_sync_factor.bc3_bordered_fallback,20261004-141348417-197716d11cc647cda9a4ae1feba9f1eb,57869.162,7503536,234485.125,234485.125,passed,PASS,db28300321744de5,db28300321744de5,True,ineligible,True,completed,"{'revision': 1, 'iterations': 32, 'sample_count': 8, 'measurement_iterations_multiplier': 4, 'warmup_iterations': 3, 'gpu_completion_mode': 'per_iteration', 'unit': 'us', 'direction': 'lower_is_better'}"
deck,candidate,game_load.repeated_display,20261004-141447820-e4ba8fbb53a943fab478e55acc7c1baf,36277.746,531648,16613.5,16613.5,passed,PASS,36f446003b9d6325,36f446003b9d6325,True,ineligible,True,completed,"{'revision': 1, 'iterations': 32, 'sample_count': 8, 'measurement_iterations_multiplier': 4, 'warmup_iterations': 3, 'gpu_completion_mode': 'per_iteration', 'unit': 'us', 'direction': 'lower_is_better'}"
deck,candidate,game_load.repeated_display_boosted,20261004-141447820-e4ba8fbb53a943fab478e55acc7c1baf,36277.746,1599664,49989.25,49989.25,passed,PASS,b2bc760cb1fba325,b2bc760cb1fba325,True,ineligible,True,completed,"{'revision': 1, 'iterations': 32, 'sample_count': 8, 'measurement_iterations_multiplier': 4, 'warmup_iterations': 3, 'gpu_completion_mode': 'per_iteration', 'unit': 'us', 'direction': 'lower_is_better'}"
deck,candidate,game_load.doax_menu_representative.cpu_only,20261004-141447820-e4ba8fbb53a943fab478e55acc7c1baf,36277.746,753778,23555.25,23555.25,passed,PASS,5abb9d9faaa22325,5abb9d9faaa22325,True,ineligible,True,completed,"{'revision': 1, 'iterations': 32, 'sample_count': 8, 'measurement_iterations_multiplier': 4, 'warmup_iterations': 3, 'gpu_completion_mode': 'per_iteration', 'unit': 'us', 'direction': 'lower_is_better'}"
deck,candidate,game_load.doax_menu_representative.pfifo_only,20261004-141447820-e4ba8fbb53a943fab478e55acc7c1baf,36277.746,150186,4692.75,4692.75,passed,PASS,f9826bbdd7912325,f9826bbdd7912325,True,ineligible,True,completed,"{'revision': 1, 'iterations': 32, 'sample_count': 8, 'measurement_iterations_multiplier': 4, 'warmup_iterations': 3, 'gpu_completion_mode': 'per_iteration', 'unit': 'us', 'direction': 'lower_is_better'}"
deck,candidate,game_load.doax_menu_representative.gpu_only,20261004-141447820-e4ba8fbb53a943fab478e55acc7c1baf,36277.746,1683188,52599.125,52599.125,passed,PASS,d3984ab7dcb8e325,d3984ab7dcb8e325,True,ineligible,True,completed,"{'revision': 1, 'iterations': 32, 'sample_count': 8, 'measurement_iterations_multiplier': 4, 'warmup_iterations': 3, 'gpu_completion_mode': 'per_iteration', 'unit': 'us', 'direction': 'lower_is_better'}"
deck,candidate,game_load.doax_menu_representative.streaming_only,20261004-141447820-e4ba8fbb53a943fab478e55acc7c1baf,36277.746,469676,14677,14677,passed,PASS,491294aadc23a325,491294aadc23a325,True,ineligible,True,completed,"{'revision': 1, 'iterations': 32, 'sample_count': 8, 'measurement_iterations_multiplier': 4, 'warmup_iterations': 3, 'gpu_completion_mode': 'per_iteration', 'unit': 'us', 'direction': 'lower_is_better'}"
deck,candidate,game_load.doax_menu_representative.cpu_pfifo_gpu,20261004-141447820-e4ba8fbb53a943fab478e55acc7c1baf,36277.746,2419123,75597.25,75597.25,failed,PASS,5d530c66b8da2325,302026d9f9232325,True,ineligible,True,completed,"{'revision': 1, 'iterations': 32, 'sample_count': 8, 'measurement_iterations_multiplier': 4, 'warmup_iterations': 3, 'gpu_completion_mode': 'per_iteration', 'unit': 'us', 'direction': 'lower_is_better'}"
deck,candidate,game_load.doax_menu_representative.cpu_pfifo_gpu_streaming,20261004-141447820-e4ba8fbb53a943fab478e55acc7c1baf,36277.746,2813322,87916,87916,passed,PASS,9e98944350a52325,9e98944350a52325,True,ineligible,True,completed,"{'revision': 1, 'iterations': 32, 'sample_count': 8, 'measurement_iterations_multiplier': 4, 'warmup_iterations': 3, 'gpu_completion_mode': 'per_iteration', 'unit': 'us', 'direction': 'lower_is_better'}"
deck,candidate,game_load.doax_menu_representative.full_system,20261004-141447820-e4ba8fbb53a943fab478e55acc7c1baf,36277.746,2980069,93126.75,93126.75,passed,PASS,7896e875a8ad2325,7896e875a8ad2325,True,ineligible,True,completed,"{'revision': 1, 'iterations': 32, 'sample_count': 8, 'measurement_iterations_multiplier': 4, 'warmup_iterations': 3, 'gpu_completion_mode': 'per_iteration', 'unit': 'us', 'direction': 'lower_is_better'}"
deck,candidate,game_load.doax_menu_stress.cpu_only,20261004-141447820-e4ba8fbb53a943fab478e55acc7c1baf,36277.746,1501307,46915.5,46915.5,passed,PASS,4b7c157e1e9ce325,4b7c157e1e9ce325,True,ineligible,True,completed,"{'revision': 1, 'iterations': 32, 'sample_count': 8, 'measurement_iterations_multiplier': 4, 'warmup_iterations': 3, 'gpu_completion_mode': 'per_iteration', 'unit': 'us', 'direction': 'lower_is_better'}"
deck,candidate,game_load.doax_menu_stress.pfifo_only,20261004-141447820-e4ba8fbb53a943fab478e55acc7c1baf,36277.746,302237,9444.5,9444.5,passed,PASS,f46d8f2a39a6e325,f46d8f2a39a6e325,True,ineligible,True,completed,"{'revision': 1, 'iterations': 32, 'sample_count': 8, 'measurement_iterations_multiplier': 4, 'warmup_iterations': 3, 'gpu_completion_mode': 'per_iteration', 'unit': 'us', 'direction': 'lower_is_better'}"
deck,candidate,game_load.doax_menu_stress.gpu_only,20261004-141447820-e4ba8fbb53a943fab478e55acc7c1baf,36277.746,3052874,95402.125,95402.125,passed,PASS,bcaf8b0e8de5a325,bcaf8b0e8de5a325,True,ineligible,True,completed,"{'revision': 1, 'iterations': 32, 'sample_count': 8, 'measurement_iterations_multiplier': 4, 'warmup_iterations': 3, 'gpu_completion_mode': 'per_iteration', 'unit': 'us', 'direction': 'lower_is_better'}"
deck,candidate,game_load.doax_menu_stress.streaming_only,20261004-141526702-e6b8edee3d934bd4a18a81e0d38707d3,86646.2219,952600,29768.375,29768.375,passed,PASS,06e0eccda97d2325,06e0eccda97d2325,True,ineligible,True,completed,"{'revision': 1, 'iterations': 32, 'sample_count': 8, 'measurement_iterations_multiplier': 4, 'warmup_iterations': 3, 'gpu_completion_mode': 'per_iteration', 'unit': 'us', 'direction': 'lower_is_better'}"
deck,candidate,game_load.doax_menu_stress.cpu_pfifo_gpu,20261004-141526702-e6b8edee3d934bd4a18a81e0d38707d3,86646.2219,5079292,158727.625,158727.625,failed,PASS,30f332d7669ba325,7707cd4649e4a325,True,ineligible,True,completed,"{'revision': 1, 'iterations': 32, 'sample_count': 8, 'measurement_iterations_multiplier': 4, 'warmup_iterations': 3, 'gpu_completion_mode': 'per_iteration', 'unit': 'us', 'direction': 'lower_is_better'}"
deck,candidate,game_load.doax_menu_stress.cpu_pfifo_gpu_streaming,20261004-141526702-e6b8edee3d934bd4a18a81e0d38707d3,86646.2219,5815479,181733.375,181733.375,passed,PASS,d4d9dedf3ef06325,d4d9dedf3ef06325,True,ineligible,True,completed,"{'revision': 1, 'iterations': 32, 'sample_count': 8, 'measurement_iterations_multiplier': 4, 'warmup_iterations': 3, 'gpu_completion_mode': 'per_iteration', 'unit': 'us', 'direction': 'lower_is_better'}"
deck,candidate,game_load.doax_menu_stress.full_system,20261004-141526702-e6b8edee3d934bd4a18a81e0d38707d3,86646.2219,5561330,173791.25,173791.25,passed,PASS,8cf51e8eb67fa325,8cf51e8eb67fa325,True,ineligible,True,completed,"{'revision': 1, 'iterations': 32, 'sample_count': 8, 'measurement_iterations_multiplier': 4, 'warmup_iterations': 3, 'gpu_completion_mode': 'per_iteration', 'unit': 'us', 'direction': 'lower_is_better'}"
deck,candidate,game_load.pgr2_ai_backup.cpu_only,20261004-141526702-e6b8edee3d934bd4a18a81e0d38707d3,86646.2219,2310667,72208,72208,passed,PASS,e6df98b3e513a325,e6df98b3e513a325,True,ineligible,True,completed,"{'revision': 1, 'iterations': 32, 'sample_count': 8, 'measurement_iterations_multiplier': 4, 'warmup_iterations': 3, 'gpu_completion_mode': 'per_iteration', 'unit': 'us', 'direction': 'lower_is_better'}"
deck,candidate,game_load.pgr2_ai_backup.pfifo_only,20261004-141526702-e6b8edee3d934bd4a18a81e0d38707d3,86646.2219,1014557,31704.5,31704.5,passed,PASS,e57ef83b3a66e325,e57ef83b3a66e325,True,ineligible,True,completed,"{'revision': 1, 'iterations': 32, 'sample_count': 8, 'measurement_iterations_multiplier': 4, 'warmup_iterations': 3, 'gpu_completion_mode': 'per_iteration', 'unit': 'us', 'direction': 'lower_is_better'}"
deck,candidate,game_load.pgr2_ai_backup.gpu_only,20261004-141526702-e6b8edee3d934bd4a18a81e0d38707d3,86646.2219,8244176,257630.125,257630.125,passed,PASS,02ffd9b12aa96325,02ffd9b12aa96325,True,ineligible,True,completed,"{'revision': 1, 'iterations': 32, 'sample_count': 8, 'measurement_iterations_multiplier': 4, 'warmup_iterations': 3, 'gpu_completion_mode': 'per_iteration', 'unit': 'us', 'direction': 'lower_is_better'}"
deck,candidate,game_load.pgr2_ai_backup.streaming_only,20261004-141526702-e6b8edee3d934bd4a18a81e0d38707d3,86646.2219,366793,11461.875,11461.875,passed,PASS,155df5f182392325,155df5f182392325,True,ineligible,True,completed,"{'revision': 1, 'iterations': 32, 'sample_count': 8, 'measurement_iterations_multiplier': 4, 'warmup_iterations': 3, 'gpu_completion_mode': 'per_iteration', 'unit': 'us', 'direction': 'lower_is_better'}"
deck,candidate,game_load.pgr2_ai_backup.cpu_pfifo_gpu,20261004-141526702-e6b8edee3d934bd4a18a81e0d38707d3,86646.2219,11392123,356003.375,356003.375,failed,PASS,519ce083c370e325,ab22104929b9e325,True,ineligible,True,completed,"{'revision': 1, 'iterations': 32, 'sample_count': 8, 'measurement_iterations_multiplier': 4, 'warmup_iterations': 3, 'gpu_completion_mode': 'per_iteration', 'unit': 'us', 'direction': 'lower_is_better'}"
deck,candidate,game_load.pgr2_ai_backup.cpu_pfifo_gpu_streaming,20261004-141526702-e6b8edee3d934bd4a18a81e0d38707d3,86646.2219,11661429,364419.125,364419.125,passed,PASS,66a43765efc02325,66a43765efc02325,True,ineligible,True,completed,"{'revision': 1, 'iterations': 32, 'sample_count': 8, 'measurement_iterations_multiplier': 4, 'warmup_iterations': 3, 'gpu_completion_mode': 'per_iteration', 'unit': 'us', 'direction': 'lower_is_better'}"
deck,candidate,game_load.pgr2_ai_backup.full_system,20261004-141526702-e6b8edee3d934bd4a18a81e0d38707d3,86646.2219,11714983,366092.875,366092.875,passed,PASS,55485325870d6325,55485325870d6325,True,ineligible,True,completed,"{'revision': 1, 'iterations': 32, 'sample_count': 8, 'measurement_iterations_multiplier': 4, 'warmup_iterations': 3, 'gpu_completion_mode': 'per_iteration', 'unit': 'us', 'direction': 'lower_is_better'}"
deck,candidate,high_vertex_count.arrays,20261004-141655388-386cf454f2c44dd99573da56220941e5,39607.2207,83339,208.04,208.04,failed,PASS,e67a1ce72784a588,cd6d0d64451d191b,True,ineligible,True,completed,"{'revision': 1, 'iterations': 400, 'sample_count': 100, 'measurement_iterations_multiplier': 4, 'warmup_iterations': 3, 'gpu_completion_mode': 'per_iteration', 'unit': 'us', 'direction': 'lower_is_better'}"
deck,candidate,high_vertex_count.inline_arrays,20261004-141655388-386cf454f2c44dd99573da56220941e5,39607.2207,4658429,116460.5,116460.5,failed,PASS,e67a1ce72784a588,31a890c7f71db193,True,ineligible,True,completed,"{'revision': 1, 'iterations': 40, 'sample_count': 10, 'measurement_iterations_multiplier': 4, 'warmup_iterations': 3, 'gpu_completion_mode': 'per_iteration', 'unit': 'us', 'direction': 'lower_is_better'}"
deck,candidate,high_vertex_count.inline_buffers,20261004-141655388-386cf454f2c44dd99573da56220941e5,39607.2207,13509802,675489.6,675489.6,failed,PASS,e67a1ce72784a588,f320b0df5ba62943,True,ineligible,True,completed,"{'revision': 1, 'iterations': 20, 'sample_count': 5, 'measurement_iterations_multiplier': 4, 'warmup_iterations': 3, 'gpu_completion_mode': 'per_iteration', 'unit': 'us', 'direction': 'lower_is_better'}"
deck,candidate,high_vertex_count.inline_elements,20261004-141655388-386cf454f2c44dd99573da56220941e5,39607.2207,1300357,6501.42,6501.42,failed,PASS,e67a1ce72784a588,b24516b5372da0f3,True,ineligible,True,completed,"{'revision': 1, 'iterations': 200, 'sample_count': 50, 'measurement_iterations_multiplier': 4, 'warmup_iterations': 3, 'gpu_completion_mode': 'per_iteration', 'unit': 'us', 'direction': 'lower_is_better'}"
deck,candidate,primitive_type.line_loop.fixed_function,20261004-141655388-386cf454f2c44dd99573da56220941e5,39607.2207,87666,2191.2,2191.2,failed,PASS,4024a5cb9bd0fa4e,d48f43c09e534094,True,ineligible,True,completed,"{'revision': 1, 'iterations': 40, 'sample_count': 10, 'measurement_iterations_multiplier': 4, 'warmup_iterations': 3, 'gpu_completion_mode': 'per_iteration', 'unit': 'us', 'direction': 'lower_is_better'}"
deck,candidate,primitive_type.line_loop.vertex_shader,20261004-141655388-386cf454f2c44dd99573da56220941e5,39607.2207,81385,2034.4,2034.4,failed,PASS,4024a5cb9bd0fa4e,47373dc0c7be28f8,True,ineligible,True,completed,"{'revision': 1, 'iterations': 40, 'sample_count': 10, 'measurement_iterations_multiplier': 4, 'warmup_iterations': 3, 'gpu_completion_mode': 'per_iteration', 'unit': 'us', 'direction': 'lower_is_better'}"
deck,candidate,primitive_type.line_strip.fixed_function,20261004-141655388-386cf454f2c44dd99573da56220941e5,39607.2207,53117,1327.5,1327.5,failed,PASS,4024a5cb9bd0fa4e,0964935c28234a4a,True,ineligible,True,completed,"{'revision': 1, 'iterations': 40, 'sample_count': 10, 'measurement_iterations_multiplier': 4, 'warmup_iterations': 3, 'gpu_completion_mode': 'per_iteration', 'unit': 'us', 'direction': 'lower_is_better'}"
deck,candidate,primitive_type.line_strip.vertex_shader,20261004-141655388-386cf454f2c44dd99573da56220941e5,39607.2207,47089,1176.9,1176.9,failed,PASS,4024a5cb9bd0fa4e,94b433237d71b182,True,ineligible,True,completed,"{'revision': 1, 'iterations': 40, 'sample_count': 10, 'measurement_iterations_multiplier': 4, 'warmup_iterations': 3, 'gpu_completion_mode': 'per_iteration', 'unit': 'us', 'direction': 'lower_is_better'}"
deck,candidate,primitive_type.lines.fixed_function,20261004-141655388-386cf454f2c44dd99573da56220941e5,39607.2207,179311,4482.6,4482.6,failed,PASS,5440c372c6a2a101,6c16b2698ec4e26b,True,ineligible,True,completed,"{'revision': 1, 'iterations': 40, 'sample_count': 10, 'measurement_iterations_multiplier': 4, 'warmup_iterations': 3, 'gpu_completion_mode': 'per_iteration', 'unit': 'us', 'direction': 'lower_is_better'}"
deck,candidate,primitive_type.lines.vertex_shader,20261004-141655388-386cf454f2c44dd99573da56220941e5,39607.2207,165489,4137,4137,failed,PASS,5440c372c6a2a101,53924aa6f5e55b57,True,ineligible,True,completed,"{'revision': 1, 'iterations': 40, 'sample_count': 10, 'measurement_iterations_multiplier': 4, 'warmup_iterations': 3, 'gpu_completion_mode': 'per_iteration', 'unit': 'us', 'direction': 'lower_is_better'}"
deck,candidate,primitive_type.points.fixed_function,20261004-141655388-386cf454f2c44dd99573da56220941e5,39607.2207,92015,2299.8,2299.8,failed,PASS,6813f0dbe94bac3c,7400f7a8ac9d8c86,True,ineligible,True,completed,"{'revision': 1, 'iterations': 40, 'sample_count': 10, 'measurement_iterations_multiplier': 4, 'warmup_iterations': 3, 'gpu_completion_mode': 'per_iteration', 'unit': 'us', 'direction': 'lower_is_better'}"
deck,candidate,primitive_type.points.vertex_shader,20261004-141655388-386cf454f2c44dd99573da56220941e5,39607.2207,89465,2236.3,2236.3,failed,PASS,6813f0dbe94bac3c,f1d83724373d0036,True,ineligible,True,completed,"{'revision': 1, 'iterations': 40, 'sample_count': 10, 'measurement_iterations_multiplier': 4, 'warmup_iterations': 3, 'gpu_completion_mode': 'per_iteration', 'unit': 'us', 'direction': 'lower_is_better'}"
deck,candidate,primitive_type.polygon.fixed_function,20261004-141737065-e6440bd0862948e4a8c8b4f0206b6f24,18326.1818,96829,2420.3,2420.3,failed,PASS,e0d0b9dbefa71269,515407015a00c880,True,ineligible,True,completed,"{'revision': 1, 'iterations': 40, 'sample_count': 10, 'measurement_iterations_multiplier': 4, 'warmup_iterations': 3, 'gpu_completion_mode': 'per_iteration', 'unit': 'us', 'direction': 'lower_is_better'}"
deck,candidate,primitive_type.polygon.vertex_shader,20261004-141737065-e6440bd0862948e4a8c8b4f0206b6f24,18326.1818,247000,6174.7,6174.7,failed,PASS,e0d0b9dbefa71269,4376cbfa562c7d14,True,ineligible,True,completed,"{'revision': 1, 'iterations': 40, 'sample_count': 10, 'measurement_iterations_multiplier': 4, 'warmup_iterations': 3, 'gpu_completion_mode': 'per_iteration', 'unit': 'us', 'direction': 'lower_is_better'}"
deck,candidate,primitive_type.quad_strip.fixed_function,20261004-141737065-e6440bd0862948e4a8c8b4f0206b6f24,18326.1818,279731,6992.9,6992.9,failed,PASS,e1f46a0779ee1f21,190c4f06474f8467,True,ineligible,True,completed,"{'revision': 1, 'iterations': 40, 'sample_count': 10, 'measurement_iterations_multiplier': 4, 'warmup_iterations': 3, 'gpu_completion_mode': 'per_iteration', 'unit': 'us', 'direction': 'lower_is_better'}"
deck,candidate,primitive_type.quad_strip.vertex_shader,20261004-141737065-e6440bd0862948e4a8c8b4f0206b6f24,18326.1818,175133,4377.9,4377.9,failed,PASS,e1f46a0779ee1f21,d5cf212c5788c3df,True,ineligible,True,completed,"{'revision': 1, 'iterations': 40, 'sample_count': 10, 'measurement_iterations_multiplier': 4, 'warmup_iterations': 3, 'gpu_completion_mode': 'per_iteration', 'unit': 'us', 'direction': 'lower_is_better'}"
deck,candidate,primitive_type.quads.fixed_function,20261004-141737065-e6440bd0862948e4a8c8b4f0206b6f24,18326.1818,276621,6915.2,6915.2,failed,PASS,d14f30833e638324,b52448622bc1c001,True,ineligible,True,completed,"{'revision': 1, 'iterations': 40, 'sample_count': 10, 'measurement_iterations_multiplier': 4, 'warmup_iterations': 3, 'gpu_completion_mode': 'per_iteration', 'unit': 'us', 'direction': 'lower_is_better'}"
deck,candidate,primitive_type.quads.vertex_shader,20261004-141737065-e6440bd0862948e4a8c8b4f0206b6f24,18326.1818,300569,7513.9,7513.9,failed,PASS,d14f30833e638324,fbac823960948b69,True,ineligible,True,completed,"{'revision': 1, 'iterations': 40, 'sample_count': 10, 'measurement_iterations_multiplier': 4, 'warmup_iterations': 3, 'gpu_completion_mode': 'per_iteration', 'unit': 'us', 'direction': 'lower_is_better'}"
deck,candidate,primitive_type.triangle_fan.fixed_function,20261004-141737065-e6440bd0862948e4a8c8b4f0206b6f24,18326.1818,49442,1235.8,1235.8,failed,PASS,eadb3b4945fe25df,ba0d8daf7940c5d2,True,ineligible,True,completed,"{'revision': 1, 'iterations': 40, 'sample_count': 10, 'measurement_iterations_multiplier': 4, 'warmup_iterations': 3, 'gpu_completion_mode': 'per_iteration', 'unit': 'us', 'direction': 'lower_is_better'}"
deck,candidate,primitive_type.triangle_fan.vertex_shader,20261004-141737065-e6440bd0862948e4a8c8b4f0206b6f24,18326.1818,52782,1319.2,1319.2,failed,PASS,eadb3b4945fe25df,134a22bd3882e48e,True,ineligible,True,completed,"{'revision': 1, 'iterations': 40, 'sample_count': 10, 'measurement_iterations_multiplier': 4, 'warmup_iterations': 3, 'gpu_completion_mode': 'per_iteration', 'unit': 'us', 'direction': 'lower_is_better'}"
deck,candidate,primitive_type.triangle_strip.fixed_function,20261004-141737065-e6440bd0862948e4a8c8b4f0206b6f24,18326.1818,93917,2347.6,2347.6,failed,PASS,ee7f6eeeb2263031,d15b03d8ead6bb03,True,ineligible,True,completed,"{'revision': 1, 'iterations': 40, 'sample_count': 10, 'measurement_iterations_multiplier': 4, 'warmup_iterations': 3, 'gpu_completion_mode': 'per_iteration', 'unit': 'us', 'direction': 'lower_is_better'}"
deck,candidate,primitive_type.triangle_strip.vertex_shader,20261004-141737065-e6440bd0862948e4a8c8b4f0206b6f24,18326.1818,98421,2460.3,2460.3,failed,PASS,ee7f6eeeb2263031,f7cfda74a4111eff,True,ineligible,True,completed,"{'revision': 1, 'iterations': 40, 'sample_count': 10, 'measurement_iterations_multiplier': 4, 'warmup_iterations': 3, 'gpu_completion_mode': 'per_iteration', 'unit': 'us', 'direction': 'lower_is_better'}"
deck,candidate,primitive_type.triangles.fixed_function,20261004-141737065-e6440bd0862948e4a8c8b4f0206b6f24,18326.1818,227178,5679,5679,failed,PASS,a53b3ecbc7019828,4521bcfbdb43e248,True,ineligible,True,completed,"{'revision': 1, 'iterations': 40, 'sample_count': 10, 'measurement_iterations_multiplier': 4, 'warmup_iterations': 3, 'gpu_completion_mode': 'per_iteration', 'unit': 'us', 'direction': 'lower_is_better'}"
deck,candidate,primitive_type.triangles.vertex_shader,20261004-141737065-e6440bd0862948e4a8c8b4f0206b6f24,18326.1818,224692,5616.9,5616.9,failed,PASS,a53b3ecbc7019828,d86abc6e019e36fc,True,ineligible,True,completed,"{'revision': 1, 'iterations': 40, 'sample_count': 10, 'measurement_iterations_multiplier': 4, 'warmup_iterations': 3, 'gpu_completion_mode': 'per_iteration', 'unit': 'us', 'direction': 'lower_is_better'}"
deck,candidate,texture_cubemap_fallback.bordered_palette_size1,20261004-141757430-011a8f1ac5b24f9e83240498570895b9,132716.7584,533404,16668.375,16668.375,failed,FAIL,56d00ed89334a325,,True,ineligible,True,completed,"{'revision': 1, 'iterations': 32, 'sample_count': 8, 'measurement_iterations_multiplier': 4, 'warmup_iterations': 3, 'gpu_completion_mode': 'per_iteration', 'unit': 'us', 'direction': 'lower_is_better'}"
deck,candidate,texture_cubemap_fallback.bordered_palette_size2,20261004-141757430-011a8f1ac5b24f9e83240498570895b9,132716.7584,531290,16602.25,16602.25,failed,FAIL,bb93d50a6b1ba325,,True,ineligible,True,completed,"{'revision': 1, 'iterations': 32, 'sample_count': 8, 'measurement_iterations_multiplier': 4, 'warmup_iterations': 3, 'gpu_completion_mode': 'per_iteration', 'unit': 'us', 'direction': 'lower_is_better'}"
deck,candidate,texture_cubemap_fallback.bordered_palette_size4,20261004-141757430-011a8f1ac5b24f9e83240498570895b9,132716.7584,532850,16651.125,16651.125,failed,FAIL,55460e1d2302a325,,True,ineligible,True,completed,"{'revision': 1, 'iterations': 32, 'sample_count': 8, 'measurement_iterations_multiplier': 4, 'warmup_iterations': 3, 'gpu_completion_mode': 'per_iteration', 'unit': 'us', 'direction': 'lower_is_better'}"
deck,candidate,texture_cubemap_fallback.bordered_palette_size8,20261004-141757430-011a8f1ac5b24f9e83240498570895b9,132716.7584,532943,16654.125,16654.125,failed,FAIL,53ccfb3cac5633d3,,True,ineligible,True,completed,"{'revision': 1, 'iterations': 32, 'sample_count': 8, 'measurement_iterations_multiplier': 4, 'warmup_iterations': 3, 'gpu_completion_mode': 'per_iteration', 'unit': 'us', 'direction': 'lower_is_better'}"
deck,candidate,texture_cubemap_fallback.bordered_r6g5b5_size1,20261004-141757430-011a8f1ac5b24f9e83240498570895b9,132716.7584,533029,16656.875,16656.875,failed,FAIL,56d00ed89334a325,,True,ineligible,True,completed,"{'revision': 1, 'iterations': 32, 'sample_count': 8, 'measurement_iterations_multiplier': 4, 'warmup_iterations': 3, 'gpu_completion_mode': 'per_iteration', 'unit': 'us', 'direction': 'lower_is_better'}"
deck,candidate,texture_cubemap_fallback.bordered_r6g5b5_size2,20261004-141757430-011a8f1ac5b24f9e83240498570895b9,132716.7584,532812,16649.875,16649.875,failed,FAIL,0e8ba11521b73f45,,True,ineligible,True,completed,"{'revision': 1, 'iterations': 32, 'sample_count': 8, 'measurement_iterations_multiplier': 4, 'warmup_iterations': 3, 'gpu_completion_mode': 'per_iteration', 'unit': 'us', 'direction': 'lower_is_better'}"
deck,candidate,texture_cubemap_fallback.bordered_r6g5b5_size4,20261004-141757430-011a8f1ac5b24f9e83240498570895b9,132716.7584,533168,16661.125,16661.125,failed,FAIL,31dbcc2110e01525,,True,ineligible,True,completed,"{'revision': 1, 'iterations': 32, 'sample_count': 8, 'measurement_iterations_multiplier': 4, 'warmup_iterations': 3, 'gpu_completion_mode': 'per_iteration', 'unit': 'us', 'direction': 'lower_is_better'}"
deck,candidate,texture_cubemap_fallback.bordered_rgba8_size1,20261004-141757430-011a8f1ac5b24f9e83240498570895b9,132716.7584,533101,16659,16659,failed,FAIL,56d00ed89334a325,,True,ineligible,True,completed,"{'revision': 1, 'iterations': 32, 'sample_count': 8, 'measurement_iterations_multiplier': 4, 'warmup_iterations': 3, 'gpu_completion_mode': 'per_iteration', 'unit': 'us', 'direction': 'lower_is_better'}"
deck,candidate,texture_cubemap_fallback.bordered_rgba8_size2,20261004-141757430-011a8f1ac5b24f9e83240498570895b9,132716.7584,532921,16653.375,16653.375,failed,FAIL,bb93d50a6b1ba325,,True,ineligible,True,completed,"{'revision': 1, 'iterations': 32, 'sample_count': 8, 'measurement_iterations_multiplier': 4, 'warmup_iterations': 3, 'gpu_completion_mode': 'per_iteration', 'unit': 'us', 'direction': 'lower_is_better'}"
deck,candidate,texture_cubemap_fallback.bordered_rgba8_size4,20261004-141757430-011a8f1ac5b24f9e83240498570895b9,132716.7584,532826,16650.375,16650.375,failed,FAIL,55460e1d2302a325,,True,ineligible,True,completed,"{'revision': 1, 'iterations': 32, 'sample_count': 8, 'measurement_iterations_multiplier': 4, 'warmup_iterations': 3, 'gpu_completion_mode': 'per_iteration', 'unit': 'us', 'direction': 'lower_is_better'}"
deck,candidate,texture_cubemap_fallback.bordered_rgba8_size8,20261004-141757430-011a8f1ac5b24f9e83240498570895b9,132716.7584,532873,16651.875,16651.875,failed,FAIL,f3129198a7b005f5,,True,ineligible,True,completed,"{'revision': 1, 'iterations': 32, 'sample_count': 8, 'measurement_iterations_multiplier': 4, 'warmup_iterations': 3, 'gpu_completion_mode': 'per_iteration', 'unit': 'us', 'direction': 'lower_is_better'}"
deck,candidate,texture_cubemap_fallback.unbordered_subblock_dxt1,20261004-141757430-011a8f1ac5b24f9e83240498570895b9,132716.7584,532872,16652,16652,passed,PASS,be0f2013c1997ca5,,True,ineligible,True,completed,"{'revision': 1, 'iterations': 32, 'sample_count': 8, 'measurement_iterations_multiplier': 4, 'warmup_iterations': 3, 'gpu_completion_mode': 'per_iteration', 'unit': 'us', 'direction': 'lower_is_better'}"
deck,candidate,texture_cubemap_fallback.bordered_r6g5b5_size8,20261004-142012182-f634ecadac3f4d77911434cb06384833,24739.6016,530692,16583.75,16583.75,failed,FAIL,72ca2acdd1d976a5,,True,ineligible,True,completed,"{'revision': 1, 'iterations': 32, 'sample_count': 8, 'measurement_iterations_multiplier': 4, 'warmup_iterations': 3, 'gpu_completion_mode': 'per_iteration', 'unit': 'us', 'direction': 'lower_is_better'}"
deck,candidate,surface.basic,20261004-142038457-48c793f7e9a74fc49e0d54879771098f,33276.7993,1712028,42800.3,42800.3,failed,PASS,cf6533efef4c476e,6f90d43f59b710fa,True,ineligible,True,completed,"{'revision': 1, 'iterations': 40, 'sample_count': 10, 'measurement_iterations_multiplier': 4, 'warmup_iterations': 3, 'gpu_completion_mode': 'per_iteration', 'unit': 'us', 'direction': 'lower_is_better'}"
deck,candidate,surface.cpu_read_after_gpu_write,20261004-142038457-48c793f7e9a74fc49e0d54879771098f,33276.7993,280155,3501.6,3501.6,passed,PASS,572720976b602325,572720976b602325,True,ineligible,True,completed,"{'revision': 1, 'iterations': 80, 'sample_count': 20, 'measurement_iterations_multiplier': 4, 'warmup_iterations': 3, 'gpu_completion_mode': 'per_iteration', 'unit': 'us', 'direction': 'lower_is_better'}"
deck,candidate,surface.cpu_read_clean_surface,20261004-142038457-48c793f7e9a74fc49e0d54879771098f,33276.7993,157859,394.31,394.31,passed,PASS,aa32af524aa52325,aa32af524aa52325,True,ineligible,True,completed,"{'revision': 1, 'iterations': 400, 'sample_count': 100, 'measurement_iterations_multiplier': 4, 'warmup_iterations': 3, 'gpu_completion_mode': 'per_iteration', 'unit': 'us', 'direction': 'lower_is_better'}"
deck,candidate,surface.framebuffer_working_set_002,20261004-142038457-48c793f7e9a74fc49e0d54879771098f,33276.7993,407408,5092.35,5092.35,failed,PASS,cb732f2ae5736b2d,ab1fa4b103c05f05,True,ineligible,True,completed,"{'revision': 1, 'iterations': 80, 'sample_count': 20, 'measurement_iterations_multiplier': 4, 'warmup_iterations': 3, 'gpu_completion_mode': 'per_iteration', 'unit': 'us', 'direction': 'lower_is_better'}"
deck,candidate,surface.framebuffer_working_set_008,20261004-142038457-48c793f7e9a74fc49e0d54879771098f,33276.7993,375576,4694.25,4694.25,failed,PASS,7ffda0d97cce712d,8393e7935b67da71,True,ineligible,True,completed,"{'revision': 1, 'iterations': 80, 'sample_count': 20, 'measurement_iterations_multiplier': 4, 'warmup_iterations': 3, 'gpu_completion_mode': 'per_iteration', 'unit': 'us', 'direction': 'lower_is_better'}"
deck,candidate,surface.framebuffer_working_set_032,20261004-142038457-48c793f7e9a74fc49e0d54879771098f,33276.7993,418066,5225.5,5225.5,failed,PASS,2baad45ae0ed71a5,4e53301a279a7e09,True,ineligible,True,completed,"{'revision': 1, 'iterations': 80, 'sample_count': 20, 'measurement_iterations_multiplier': 4, 'warmup_iterations': 3, 'gpu_completion_mode': 'per_iteration', 'unit': 'us', 'direction': 'lower_is_better'}"
deck,candidate,surface.framebuffer_working_set_064,20261004-142038457-48c793f7e9a74fc49e0d54879771098f,33276.7993,428406,5354.65,5354.65,failed,PASS,2baad45ae0ed71a5,dbdfafa7ed2f28c9,True,ineligible,True,completed,"{'revision': 1, 'iterations': 80, 'sample_count': 20, 'measurement_iterations_multiplier': 4, 'warmup_iterations': 3, 'gpu_completion_mode': 'per_iteration', 'unit': 'us', 'direction': 'lower_is_better'}"
deck,candidate,surface.full_clear_elision_guard,20261004-142038457-48c793f7e9a74fc49e0d54879771098f,33276.7993,2242639,5606.25,5606.25,failed,PASS,49bc2d7eec9c4725,01a1571033aa9dfd,True,ineligible,True,completed,"{'revision': 1, 'iterations': 400, 'sample_count': 100, 'measurement_iterations_multiplier': 4, 'warmup_iterations': 3, 'gpu_completion_mode': 'per_iteration', 'unit': 'us', 'direction': 'lower_is_better'}"
deck,candidate,surface.overlapping_surface_churn_representative,20261004-142038457-48c793f7e9a74fc49e0d54879771098f,33276.7993,2192281,5480.34,5480.34,failed,PASS,7a8c35cdc9c70725,7b4f2884714177a5,True,ineligible,True,completed,"{'revision': 1, 'iterations': 400, 'sample_count': 100, 'measurement_iterations_multiplier': 4, 'warmup_iterations': 3, 'gpu_completion_mode': 'per_iteration', 'unit': 'us', 'direction': 'lower_is_better'}"
deck,candidate,surface.overlapping_surface_churn_stress,20261004-142038457-48c793f7e9a74fc49e0d54879771098f,33276.7993,3254273,81356.5,81356.5,failed,PASS,7a8c35cdc9c70725,19890b325809498d,True,ineligible,True,completed,"{'revision': 1, 'iterations': 40, 'sample_count': 10, 'measurement_iterations_multiplier': 4, 'warmup_iterations': 3, 'gpu_completion_mode': 'per_iteration', 'unit': 'us', 'direction': 'lower_is_better'}"
deck,candidate,surface.partial_channel_clear_guard,20261004-142038457-48c793f7e9a74fc49e0d54879771098f,33276.7993,2262617,5656.18,5656.18,failed,PASS,b52bc22d6eedd725,31d730ce613f92bd,True,ineligible,True,completed,"{'revision': 1, 'iterations': 400, 'sample_count': 100, 'measurement_iterations_multiplier': 4, 'warmup_iterations': 3, 'gpu_completion_mode': 'per_iteration', 'unit': 'us', 'direction': 'lower_is_better'}"
deck,candidate,surface.surface_download_path,20261004-142038457-48c793f7e9a74fc49e0d54879771098f,33276.7993,1842278,46056.6,46056.6,failed,PASS,3a281ef8b6b324c2,eb6604c45975bcec,True,ineligible,True,completed,"{'revision': 1, 'iterations': 40, 'sample_count': 10, 'measurement_iterations_multiplier': 4, 'warmup_iterations': 3, 'gpu_completion_mode': 'per_iteration', 'unit': 'us', 'direction': 'lower_is_better'}"
deck,candidate,surface.surface_list_lookup_002,20261004-142113774-fce7295edde2420c913255e8b52cf51d,71468.3689,335246,4190.25,4190.25,failed,PASS,fa475bc695046525,26ff617c53458a53,True,ineligible,True,completed,"{'revision': 1, 'iterations': 80, 'sample_count': 20, 'measurement_iterations_multiplier': 4, 'warmup_iterations': 3, 'gpu_completion_mode': 'per_iteration', 'unit': 'us', 'direction': 'lower_is_better'}"
deck,candidate,surface.surface_list_lookup_008,20261004-142113774-fce7295edde2420c913255e8b52cf51d,71468.3689,457938,5723.9,5723.9,failed,PASS,9489ca620c4f97a5,18e8676fcc804922,True,ineligible,True,completed,"{'revision': 1, 'iterations': 80, 'sample_count': 20, 'measurement_iterations_multiplier': 4, 'warmup_iterations': 3, 'gpu_completion_mode': 'per_iteration', 'unit': 'us', 'direction': 'lower_is_better'}"
deck,candidate,surface.surface_list_lookup_032,20261004-142113774-fce7295edde2420c913255e8b52cf51d,71468.3689,374745,4683.85,4683.85,failed,PASS,8cdf93e7e3e6ce25,1bc652a47e609cf5,True,ineligible,True,completed,"{'revision': 1, 'iterations': 80, 'sample_count': 20, 'measurement_iterations_multiplier': 4, 'warmup_iterations': 3, 'gpu_completion_mode': 'per_iteration', 'unit': 'us', 'direction': 'lower_is_better'}"
deck,candidate,surface.surface_list_lookup_128,20261004-142113774-fce7295edde2420c913255e8b52cf51d,71468.3689,337701,4220.9,4220.9,failed,PASS,8cdf93e7e3e6ce25,4b4650aa45e0be8d,True,ineligible,True,completed,"{'revision': 1, 'iterations': 80, 'sample_count': 20, 'measurement_iterations_multiplier': 4, 'warmup_iterations': 3, 'gpu_completion_mode': 'per_iteration', 'unit': 'us', 'direction': 'lower_is_better'}"
deck,candidate,surface.vulkan_memory_pressure.representative.growth,20261004-142113774-fce7295edde2420c913255e8b52cf51d,71468.3689,2385485,149092.25,149092.25,failed,PASS,17046af640418325,a1ce1e9182d42125,True,ineligible,True,completed,"{'revision': 1, 'iterations': 16, 'sample_count': 4, 'measurement_iterations_multiplier': 4, 'warmup_iterations': 3, 'gpu_completion_mode': 'per_iteration', 'unit': 'us', 'direction': 'lower_is_better'}"
deck,candidate,surface.vulkan_memory_pressure.representative.plateau,20261004-142113774-fce7295edde2420c913255e8b52cf51d,71468.3689,2040413,127525.25,127525.25,failed,PASS,490075aafd91af25,c00be5b19acc4e6f,True,ineligible,True,completed,"{'revision': 1, 'iterations': 16, 'sample_count': 4, 'measurement_iterations_multiplier': 4, 'warmup_iterations': 3, 'gpu_completion_mode': 'per_iteration', 'unit': 'us', 'direction': 'lower_is_better'}"
deck,candidate,surface.vulkan_memory_pressure.representative.alias_resize,20261004-142113774-fce7295edde2420c913255e8b52cf51d,71468.3689,1722054,107628,107628,failed,PASS,ed56b68868e2f325,0247ea98d29062c5,True,ineligible,True,completed,"{'revision': 1, 'iterations': 16, 'sample_count': 4, 'measurement_iterations_multiplier': 4, 'warmup_iterations': 3, 'gpu_completion_mode': 'per_iteration', 'unit': 'us', 'direction': 'lower_is_better'}"
deck,candidate,surface.vulkan_memory_pressure.representative.reuse,20261004-142113774-fce7295edde2420c913255e8b52cf51d,71468.3689,2381256,148828.25,148828.25,failed,PASS,b8b4854297220f25,d885d846be04bb3d,True,ineligible,True,completed,"{'revision': 1, 'iterations': 16, 'sample_count': 4, 'measurement_iterations_multiplier': 4, 'warmup_iterations': 3, 'gpu_completion_mode': 'per_iteration', 'unit': 'us', 'direction': 'lower_is_better'}"
deck,candidate,surface.vulkan_memory_pressure.representative.idle_retention,20261004-142113774-fce7295edde2420c913255e8b52cf51d,71468.3689,26268,1641.25,1641.25,failed,PASS,dfa4d6a81f791525,4ab34638455a76e1,True,ineligible,True,completed,"{'revision': 1, 'iterations': 16, 'sample_count': 4, 'measurement_iterations_multiplier': 4, 'warmup_iterations': 3, 'gpu_completion_mode': 'per_iteration', 'unit': 'us', 'direction': 'lower_is_better'}"
deck,candidate,surface.vulkan_memory_pressure.stress.growth,20261004-142113774-fce7295edde2420c913255e8b52cf51d,71468.3689,9396983,587311,587311,failed,PASS,17a43e09af9b8325,063949c8ff1686f9,True,ineligible,True,completed,"{'revision': 1, 'iterations': 16, 'sample_count': 4, 'measurement_iterations_multiplier': 4, 'warmup_iterations': 3, 'gpu_completion_mode': 'per_iteration', 'unit': 'us', 'direction': 'lower_is_better'}"
deck,candidate,surface.vulkan_memory_pressure.stress.plateau,20261004-142113774-fce7295edde2420c913255e8b52cf51d,71468.3689,9931259,620703.25,620703.25,failed,PASS,4732cd7c1520a325,769bf225e8cc48d5,True,ineligible,True,completed,"{'revision': 1, 'iterations': 16, 'sample_count': 4, 'measurement_iterations_multiplier': 4, 'warmup_iterations': 3, 'gpu_completion_mode': 'per_iteration', 'unit': 'us', 'direction': 'lower_is_better'}"
deck,candidate,surface.vulkan_memory_pressure.stress.alias_resize,20261004-142113774-fce7295edde2420c913255e8b52cf51d,71468.3689,6386774,399173,399173,failed,PASS,34e2ce9b25a3bf25,c1ab77f18dbbc86d,True,ineligible,True,completed,"{'revision': 1, 'iterations': 16, 'sample_count': 4, 'measurement_iterations_multiplier': 4, 'warmup_iterations': 3, 'gpu_completion_mode': 'per_iteration', 'unit': 'us', 'direction': 'lower_is_better'}"
deck,candidate,surface.vulkan_memory_pressure.stress.reuse,20261004-142113774-fce7295edde2420c913255e8b52cf51d,71468.3689,10419962,651247.25,651247.25,failed,PASS,0a989678bb57ff25,837b6a123bb12a09,True,ineligible,True,completed,"{'revision': 1, 'iterations': 16, 'sample_count': 4, 'measurement_iterations_multiplier': 4, 'warmup_iterations': 3, 'gpu_completion_mode': 'per_iteration', 'unit': 'us', 'direction': 'lower_is_better'}"
deck,candidate,surface.vulkan_memory_pressure.stress.idle_retention,20261004-142113774-fce7295edde2420c913255e8b52cf51d,71468.3689,54127,3382.5,3382.5,failed,PASS,c60ef78ce0171b25,a24e2d9ee2191cd8,True,ineligible,True,completed,"{'revision': 1, 'iterations': 16, 'sample_count': 4, 'measurement_iterations_multiplier': 4, 'warmup_iterations': 3, 'gpu_completion_mode': 'per_iteration', 'unit': 'us', 'direction': 'lower_is_better'}"
deck,candidate,tiny_draw.arrays.fixed_function,20261004-142227282-db765e328ed94caab25cad267732d88a,40486.9434,2844943,71123.3,71123.3,failed,PASS,acf025546cf667b5,5636eabc173a3691,True,ineligible,True,completed,"{'revision': 1, 'iterations': 40, 'sample_count': 10, 'measurement_iterations_multiplier': 4, 'warmup_iterations': 3, 'gpu_completion_mode': 'per_iteration', 'unit': 'us', 'direction': 'lower_is_better'}"
deck,candidate,tiny_draw.arrays.vertex_shader,20261004-142227282-db765e328ed94caab25cad267732d88a,40486.9434,2639199,65979.6,65979.6,failed,PASS,acf025546cf667b5,5528df4b56e8f75d,True,ineligible,True,completed,"{'revision': 1, 'iterations': 40, 'sample_count': 10, 'measurement_iterations_multiplier': 4, 'warmup_iterations': 3, 'gpu_completion_mode': 'per_iteration', 'unit': 'us', 'direction': 'lower_is_better'}"
deck,candidate,tiny_draw.inline_arrays.fixed_function,20261004-142227282-db765e328ed94caab25cad267732d88a,40486.9434,3500182,87504.2,87504.2,failed,PASS,acf025546cf667b5,24f378fc9981dad5,True,ineligible,True,completed,"{'revision': 1, 'iterations': 40, 'sample_count': 10, 'measurement_iterations_multiplier': 4, 'warmup_iterations': 3, 'gpu_completion_mode': 'per_iteration', 'unit': 'us', 'direction': 'lower_is_better'}"
deck,candidate,tiny_draw.inline_arrays.vertex_shader,20261004-142227282-db765e328ed94caab25cad267732d88a,40486.9434,3344586,83614.3,83614.3,failed,PASS,acf025546cf667b5,1f7bd52bdb2ddb2d,True,ineligible,True,completed,"{'revision': 1, 'iterations': 40, 'sample_count': 10, 'measurement_iterations_multiplier': 4, 'warmup_iterations': 3, 'gpu_completion_mode': 'per_iteration', 'unit': 'us', 'direction': 'lower_is_better'}"
deck,candidate,tiny_draw.inline_buffers.fixed_function,20261004-142227282-db765e328ed94caab25cad267732d88a,40486.9434,2698946,67473.4,67473.4,failed,PASS,acf025546cf667b5,1d33c1f03f3df5d5,True,ineligible,True,completed,"{'revision': 1, 'iterations': 40, 'sample_count': 10, 'measurement_iterations_multiplier': 4, 'warmup_iterations': 3, 'gpu_completion_mode': 'per_iteration', 'unit': 'us', 'direction': 'lower_is_better'}"
deck,candidate,tiny_draw.inline_buffers.vertex_shader,20261004-142227282-db765e328ed94caab25cad267732d88a,40486.9434,2726804,68169.8,68169.8,failed,PASS,acf025546cf667b5,98123d79a8ae06a5,True,ineligible,True,completed,"{'revision': 1, 'iterations': 40, 'sample_count': 10, 'measurement_iterations_multiplier': 4, 'warmup_iterations': 3, 'gpu_completion_mode': 'per_iteration', 'unit': 'us', 'direction': 'lower_is_better'}"
deck,candidate,tiny_draw.inline_elements.fixed_function,20261004-142227282-db765e328ed94caab25cad267732d88a,40486.9434,2686579,67164.2,67164.2,failed,PASS,acf025546cf667b5,cd0e5481b375a40d,True,ineligible,True,completed,"{'revision': 1, 'iterations': 40, 'sample_count': 10, 'measurement_iterations_multiplier': 4, 'warmup_iterations': 3, 'gpu_completion_mode': 'per_iteration', 'unit': 'us', 'direction': 'lower_is_better'}"
deck,candidate,tiny_draw.inline_elements.vertex_shader,20261004-142227282-db765e328ed94caab25cad267732d88a,40486.9434,2725057,68126.2,68126.2,failed,PASS,acf025546cf667b5,0539f844d85cc73d,True,ineligible,True,completed,"{'revision': 1, 'iterations': 40, 'sample_count': 10, 'measurement_iterations_multiplier': 4, 'warmup_iterations': 3, 'gpu_completion_mode': 'per_iteration', 'unit': 'us', 'direction': 'lower_is_better'}"
deck,candidate,uniform_thrash.uniform_thrash,20261004-142309814-9d1b60353b694ac084d46ab17ef5c726,14038.495,168914,4222.4,4222.4,failed,PASS,ad445c59f8b11925,e643e886c2ebbdd5,True,ineligible,True,completed,"{'revision': 1, 'iterations': 40, 'sample_count': 10, 'measurement_iterations_multiplier': 4, 'warmup_iterations': 3, 'gpu_completion_mode': 'per_iteration', 'unit': 'us', 'direction': 'lower_is_better'}"
deck,candidate,vertex_buffer_allocation.mixed.arrays,20261004-142325889-225cc6610ae642f29fb57a9796fccd8e,147309.3792,2251649,56290.9,,not evaluated,PASS,377e6c029807f325,377e6c029807f325,True,ineligible,True,completed,"{'revision': 1, 'iterations': 40, 'sample_count': 10, 'measurement_iterations_multiplier': 4, 'warmup_iterations': 3, 'gpu_completion_mode': 'per_iteration', 'unit': 'us', 'direction': 'lower_is_better'}"
deck,candidate,vertex_buffer_allocation.mixed.inline_arrays,20261004-142325889-225cc6610ae642f29fb57a9796fccd8e,147309.3792,18711392,467784.2,,not evaluated,PASS,377e6c029807f325,377e6c029807f325,True,ineligible,True,completed,"{'revision': 1, 'iterations': 40, 'sample_count': 10, 'measurement_iterations_multiplier': 4, 'warmup_iterations': 3, 'gpu_completion_mode': 'per_iteration', 'unit': 'us', 'direction': 'lower_is_better'}"
deck,candidate,vertex_buffer_allocation.mixed.inline_buffers,20261004-142325889-225cc6610ae642f29fb57a9796fccd8e,147309.3792,73601821,1840045.2,,not evaluated,PASS,377e6c029807f325,377e6c029807f325,True,ineligible,True,completed,"{'revision': 1, 'iterations': 40, 'sample_count': 10, 'measurement_iterations_multiplier': 4, 'warmup_iterations': 3, 'gpu_completion_mode': 'per_iteration', 'unit': 'us', 'direction': 'lower_is_better'}"
deck,candidate,vertex_buffer_allocation.mixed.inline_elements,20261004-142325889-225cc6610ae642f29fb57a9796fccd8e,147309.3792,2245907,56147.3,,not evaluated,PASS,377e6c029807f325,377e6c029807f325,True,ineligible,True,completed,"{'revision': 1, 'iterations': 40, 'sample_count': 10, 'measurement_iterations_multiplier': 4, 'warmup_iterations': 3, 'gpu_completion_mode': 'per_iteration', 'unit': 'us', 'direction': 'lower_is_better'}"
deck,candidate,vertex_buffer_allocation.tiny.arrays,20261004-142325889-225cc6610ae642f29fb57a9796fccd8e,147309.3792,2908976,72723.9,,not evaluated,PASS,377e6c029807f325,377e6c029807f325,True,ineligible,True,completed,"{'revision': 1, 'iterations': 40, 'sample_count': 10, 'measurement_iterations_multiplier': 4, 'warmup_iterations': 3, 'gpu_completion_mode': 'per_iteration', 'unit': 'us', 'direction': 'lower_is_better'}"
deck,candidate,vertex_buffer_allocation.tiny.inline_arrays,20261004-142325889-225cc6610ae642f29fb57a9796fccd8e,147309.3792,3421655,85541,,not evaluated,PASS,377e6c029807f325,377e6c029807f325,True,ineligible,True,completed,"{'revision': 1, 'iterations': 40, 'sample_count': 10, 'measurement_iterations_multiplier': 4, 'warmup_iterations': 3, 'gpu_completion_mode': 'per_iteration', 'unit': 'us', 'direction': 'lower_is_better'}"
deck,candidate,vertex_buffer_allocation.tiny.inline_buffers,20261004-142325889-225cc6610ae642f29fb57a9796fccd8e,147309.3792,3498794,87469.3,,not evaluated,PASS,377e6c029807f325,377e6c029807f325,True,ineligible,True,completed,"{'revision': 1, 'iterations': 40, 'sample_count': 10, 'measurement_iterations_multiplier': 4, 'warmup_iterations': 3, 'gpu_completion_mode': 'per_iteration', 'unit': 'us', 'direction': 'lower_is_better'}"
deck,candidate,vertex_buffer_allocation.tiny.inline_elements,20261004-142325889-225cc6610ae642f29fb57a9796fccd8e,147309.3792,2988268,74706.3,,not evaluated,PASS,377e6c029807f325,377e6c029807f325,True,ineligible,True,completed,"{'revision': 1, 'iterations': 40, 'sample_count': 10, 'measurement_iterations_multiplier': 4, 'warmup_iterations': 3, 'gpu_completion_mode': 'per_iteration', 'unit': 'us', 'direction': 'lower_is_better'}"
deck,candidate,vertex_buffer_allocation.rising_transient_growth,20261004-142325889-225cc6610ae642f29fb57a9796fccd8e,147309.3792,5408077,1352019,,not evaluated,PASS,377e6c029807f325,,False,ineligible,True,completed,"{'revision': 1, 'iterations': 4, 'sample_count': 1, 'measurement_iterations_multiplier': 4, 'warmup_iterations': 3, 'gpu_completion_mode': 'per_iteration', 'unit': 'us', 'direction': 'lower_is_better'}"
deck,candidate,vertex_buffer_allocation.disjoint_same_page,20261004-142325889-225cc6610ae642f29fb57a9796fccd8e,147309.3792,2975023,74375.3,,not evaluated,PASS,fdcd25a37910bb25,d93bb411fee61f6d,True,ineligible,True,completed,"{'revision': 1, 'iterations': 40, 'sample_count': 10, 'measurement_iterations_multiplier': 4, 'warmup_iterations': 3, 'gpu_completion_mode': 'per_iteration', 'unit': 'us', 'direction': 'lower_is_better'}"
win,parent,busy_pfifo.pfifo_saturation,20261004-133115547-e9b67292f4ef46719aebf5e81c45e8e0,50094.6147,3443425,86085.3,,not evaluated,PASS,1508607624bb8506,1508607624bb8506,True,ineligible,True,completed,"{'revision': 1, 'iterations': 40, 'sample_count': 10, 'measurement_iterations_multiplier': 4, 'warmup_iterations': 3, 'gpu_completion_mode': 'per_iteration', 'unit': 'us', 'direction': 'lower_is_better'}"
win,parent,busy_pfifo.pgraph_pattern_polling,20261004-133115547-e9b67292f4ef46719aebf5e81c45e8e0,50094.6147,18975226,4743806,,not evaluated,PASS,386d0f085e98c325,386d0f085e98c325,True,ineligible,True,completed,"{'revision': 1, 'iterations': 4, 'sample_count': 1, 'measurement_iterations_multiplier': 4, 'warmup_iterations': 3, 'gpu_completion_mode': 'per_iteration', 'unit': 'us', 'direction': 'lower_is_better'}"
win,parent,pfifo_array_elements.array_element_pgr2,20261004-133115547-e9b67292f4ef46719aebf5e81c45e8e0,50094.6147,14957,466.875,,not evaluated,PASS,bbc8b0702ffd0325,bbc8b0702ffd0325,True,ineligible,True,completed,"{'revision': 1, 'iterations': 32, 'sample_count': 8, 'measurement_iterations_multiplier': 4, 'warmup_iterations': 3, 'gpu_completion_mode': 'per_iteration', 'unit': 'us', 'direction': 'lower_is_better'}"
win,parent,pfifo_array_elements.array_element16,20261004-133115547-e9b67292f4ef46719aebf5e81c45e8e0,50094.6147,16999,530.75,,not evaluated,PASS,9c884de2a5d32325,9c884de2a5d32325,True,ineligible,True,completed,"{'revision': 1, 'iterations': 32, 'sample_count': 8, 'measurement_iterations_multiplier': 4, 'warmup_iterations': 3, 'gpu_completion_mode': 'per_iteration', 'unit': 'us', 'direction': 'lower_is_better'}"
win,parent,pfifo_array_elements.array_element32,20261004-133115547-e9b67292f4ef46719aebf5e81c45e8e0,50094.6147,30606,956,,not evaluated,PASS,e079f0cf1a994325,e079f0cf1a994325,True,ineligible,True,completed,"{'revision': 1, 'iterations': 32, 'sample_count': 8, 'measurement_iterations_multiplier': 4, 'warmup_iterations': 3, 'gpu_completion_mode': 'per_iteration', 'unit': 'us', 'direction': 'lower_is_better'}"
win,parent,pfifo_packet_boundary.array_element16_overflow,20261004-133115547-e9b67292f4ef46719aebf5e81c45e8e0,50094.6147,60039,15009,,not evaluated,PASS,4d1756526f052325,,False,ineligible,True,completed,"{'revision': 1, 'iterations': 4, 'sample_count': 1, 'measurement_iterations_multiplier': 4, 'warmup_iterations': 3, 'gpu_completion_mode': 'per_iteration', 'unit': 'us', 'direction': 'lower_is_better'}"
win,parent,pfifo_packet_boundary.array_element32_overflow,20261004-133115547-e9b67292f4ef46719aebf5e81c45e8e0,50094.6147,119754,29938,,not evaluated,PASS,6eb7071be692a325,,False,ineligible,True,completed,"{'revision': 1, 'iterations': 4, 'sample_count': 1, 'measurement_iterations_multiplier': 4, 'warmup_iterations': 3, 'gpu_completion_mode': 'per_iteration', 'unit': 'us', 'direction': 'lower_is_better'}"
win,parent,pfifo_packet_boundary.inline_array_overflow,20261004-133115547-e9b67292f4ef46719aebf5e81c45e8e0,50094.6147,122104,30526,,not evaluated,PASS,847da1930526a325,,False,ineligible,True,completed,"{'revision': 1, 'iterations': 4, 'sample_count': 1, 'measurement_iterations_multiplier': 4, 'warmup_iterations': 3, 'gpu_completion_mode': 'per_iteration', 'unit': 'us', 'direction': 'lower_is_better'}"
win,parent,pfifo_packet_boundary.incrementing_inline_fallback,20261004-133115547-e9b67292f4ef46719aebf5e81c45e8e0,50094.6147,110,27,,not evaluated,PASS,640439ee8ecd2325,,False,ineligible,True,completed,"{'revision': 1, 'iterations': 4, 'sample_count': 1, 'measurement_iterations_multiplier': 4, 'warmup_iterations': 3, 'gpu_completion_mode': 'per_iteration', 'unit': 'us', 'direction': 'lower_is_better'}"
win,parent,cpu_floating_point.sse_scalar,20261004-133208262-7ce7abeafe5e499a9f8314c88b446b05,107545.8892,21166142,529153.1,529153.1,passed,PASS,6962077c244da325,6962077c244da325,True,ineligible,True,completed,"{'revision': 1, 'iterations': 40, 'sample_count': 10, 'measurement_iterations_multiplier': 4, 'warmup_iterations': 3, 'gpu_completion_mode': 'per_iteration', 'unit': 'us', 'direction': 'lower_is_better'}"
win,parent,cpu_floating_point.x87_scalar,20261004-133208262-7ce7abeafe5e499a9f8314c88b446b05,107545.8892,32885342,822133.1,822133.1,passed,PASS,6962077c244da325,6962077c244da325,True,ineligible,True,completed,"{'revision': 1, 'iterations': 40, 'sample_count': 10, 'measurement_iterations_multiplier': 4, 'warmup_iterations': 3, 'gpu_completion_mode': 'per_iteration', 'unit': 'us', 'direction': 'lower_is_better'}"
win,parent,cpu_translation_blocks.direct_loop,20261004-133208262-7ce7abeafe5e499a9f8314c88b446b05,107545.8892,399271,9981.4,9981.4,passed,PASS,bd1fc9bf0c318325,bd1fc9bf0c318325,True,ineligible,True,completed,"{'revision': 1, 'iterations': 40, 'sample_count': 10, 'measurement_iterations_multiplier': 4, 'warmup_iterations': 3, 'gpu_completion_mode': 'per_iteration', 'unit': 'us', 'direction': 'lower_is_better'}"
win,parent,cpu_translation_blocks.indirect_dispatch,20261004-133208262-7ce7abeafe5e499a9f8314c88b446b05,107545.8892,1612076,40301.6,40301.6,passed,PASS,c0426cf669a02325,c0426cf669a02325,True,ineligible,True,completed,"{'revision': 1, 'iterations': 40, 'sample_count': 10, 'measurement_iterations_multiplier': 4, 'warmup_iterations': 3, 'gpu_completion_mode': 'per_iteration', 'unit': 'us', 'direction': 'lower_is_better'}"
win,parent,cpu_translation_blocks.indirect_dispatch_stress,20261004-133208262-7ce7abeafe5e499a9f8314c88b446b05,107545.8892,32262133,806553,806553,passed,PASS,fbd507cb0c622325,fbd507cb0c622325,True,ineligible,True,completed,"{'revision': 1, 'iterations': 40, 'sample_count': 10, 'measurement_iterations_multiplier': 4, 'warmup_iterations': 3, 'gpu_completion_mode': 'per_iteration', 'unit': 'us', 'direction': 'lower_is_better'}"
win,parent,fill_rate.solid,20261004-133358441-90513b61a6df4704b4a545c30f80de0b,12355.0657,69554,1738.4,1738.4,passed,PASS,08b0f60773aac775,08b0f60773aac775,True,ineligible,True,completed,"{'revision': 1, 'iterations': 40, 'sample_count': 10, 'measurement_iterations_multiplier': 4, 'warmup_iterations': 3, 'gpu_completion_mode': 'per_iteration', 'unit': 'us', 'direction': 'lower_is_better'}"
win,parent,fill_rate.textured,20261004-133358441-90513b61a6df4704b4a545c30f80de0b,12355.0657,50274,1256.4,1256.4,passed,PASS,99b433323df1684d,99b433323df1684d,True,ineligible,True,completed,"{'revision': 1, 'iterations': 40, 'sample_count': 10, 'measurement_iterations_multiplier': 4, 'warmup_iterations': 3, 'gpu_completion_mode': 'per_iteration', 'unit': 'us', 'direction': 'lower_is_better'}"
win,parent,pipeline_texture_switch.clear_texture_normal,20261004-133413416-f9ddc1571aec41d0b11c11a99fc6cd0a,15789.7131,410063,12814.125,,not evaluated,PASS,22ba4f1405cda325,22ba4f1405cda325,True,ineligible,True,completed,"{'revision': 1, 'iterations': 32, 'sample_count': 8, 'measurement_iterations_multiplier': 4, 'warmup_iterations': 3, 'gpu_completion_mode': 'per_iteration', 'unit': 'us', 'direction': 'lower_is_better'}"
win,parent,pipeline_texture_switch.palette_dma_remap,20261004-133413416-f9ddc1571aec41d0b11c11a99fc6cd0a,15789.7131,66454,16613,,not evaluated,PASS,fbf687de65082325,,False,ineligible,True,completed,"{'revision': 1, 'iterations': 4, 'sample_count': 1, 'measurement_iterations_multiplier': 4, 'warmup_iterations': 3, 'gpu_completion_mode': 'per_iteration', 'unit': 'us', 'direction': 'lower_is_better'}"
win,parent,pipeline_texture_switch.palette_only_update,20261004-133413416-f9ddc1571aec41d0b11c11a99fc6cd0a,15789.7131,73086,18271,,not evaluated,PASS,467aab2f95cda325,,False,ineligible,True,completed,"{'revision': 1, 'iterations': 4, 'sample_count': 1, 'measurement_iterations_multiplier': 4, 'warmup_iterations': 3, 'gpu_completion_mode': 'per_iteration', 'unit': 'us', 'direction': 'lower_is_better'}"
win,parent,pipeline_texture_switch.sampler_only_identity,20261004-133413416-f9ddc1571aec41d0b11c11a99fc6cd0a,15789.7131,725921,22684.75,,not evaluated,PASS,0b8438c8404da325,0b8438c8404da325,True,ineligible,True,completed,"{'revision': 1, 'iterations': 32, 'sample_count': 8, 'measurement_iterations_multiplier': 4, 'warmup_iterations': 3, 'gpu_completion_mode': 'per_iteration', 'unit': 'us', 'direction': 'lower_is_better'}"
win,parent,pipeline_texture_switch.shader_negative_control,20261004-133413416-f9ddc1571aec41d0b11c11a99fc6cd0a,15789.7131,591206,18474.875,,not evaluated,PASS,f110c8bd6338c325,f110c8bd6338c325,True,ineligible,True,completed,"{'revision': 1, 'iterations': 32, 'sample_count': 8, 'measurement_iterations_multiplier': 4, 'warmup_iterations': 3, 'gpu_completion_mode': 'per_iteration', 'unit': 'us', 'direction': 'lower_is_better'}"
win,parent,pipeline_texture_switch.shared_page_overlap,20261004-133413416-f9ddc1571aec41d0b11c11a99fc6cd0a,15789.7131,73765,18441,,not evaluated,PASS,83bb59a8648da325,,False,ineligible,True,completed,"{'revision': 1, 'iterations': 4, 'sample_count': 1, 'measurement_iterations_multiplier': 4, 'warmup_iterations': 3, 'gpu_completion_mode': 'per_iteration', 'unit': 'us', 'direction': 'lower_is_better'}"
win,parent,pipeline_texture_switch.texture_dma_remap,20261004-133413416-f9ddc1571aec41d0b11c11a99fc6cd0a,15789.7131,66543,16635,,not evaluated,PASS,fbf687de65082325,,False,ineligible,True,completed,"{'revision': 1, 'iterations': 4, 'sample_count': 1, 'measurement_iterations_multiplier': 4, 'warmup_iterations': 3, 'gpu_completion_mode': 'per_iteration', 'unit': 'us', 'direction': 'lower_is_better'}"
win,parent,pipeline_texture_switch.texture_switch,20261004-133413416-f9ddc1571aec41d0b11c11a99fc6cd0a,15789.7131,596580,18642.75,,not evaluated,PASS,8ae05d31fb00c325,8ae05d31fb00c325,True,ineligible,True,completed,"{'revision': 1, 'iterations': 32, 'sample_count': 8, 'measurement_iterations_multiplier': 4, 'warmup_iterations': 3, 'gpu_completion_mode': 'per_iteration', 'unit': 'us', 'direction': 'lower_is_better'}"
win,parent,report_query.clear_boundary,20261004-133431816-a8ed6b79c9274d74be783cf51a788576,12552.2147,19105,1193.75,,not evaluated,PASS,b5eb7c4b9c8da325,,False,ineligible,True,completed,"{'revision': 2, 'iterations': 16, 'sample_count': 4, 'measurement_iterations_multiplier': 4, 'warmup_iterations': 3, 'gpu_completion_mode': 'per_iteration', 'unit': 'us', 'direction': 'lower_is_better'}"
win,parent,report_query.dma_descriptor_rewrite,20261004-133431816-a8ed6b79c9274d74be783cf51a788576,12552.2147,3970,3970,,not evaluated,PASS,c0c0fdbececda325,,False,ineligible,True,completed,"{'revision': 2, 'iterations': 1, 'sample_count': 1, 'measurement_iterations_multiplier': 1, 'warmup_iterations': 0, 'gpu_completion_mode': 'per_iteration', 'unit': 'us', 'direction': 'lower_is_better'}"
win,parent,report_query.dma_range_guard,20261004-133431816-a8ed6b79c9274d74be783cf51a788576,12552.2147,1729,1729,,not evaluated,PASS,3f648ce11a4da325,,False,ineligible,True,completed,"{'revision': 2, 'iterations': 1, 'sample_count': 1, 'measurement_iterations_multiplier': 1, 'warmup_iterations': 0, 'gpu_completion_mode': 'per_iteration', 'unit': 'us', 'direction': 'lower_is_better'}"
win,parent,report_query.dma_target_switch,20261004-133431816-a8ed6b79c9274d74be783cf51a788576,12552.2147,23772,1485.5,,not evaluated,PASS,4c4bd8cd440da325,,False,ineligible,True,completed,"{'revision': 2, 'iterations': 16, 'sample_count': 4, 'measurement_iterations_multiplier': 4, 'warmup_iterations': 3, 'gpu_completion_mode': 'per_iteration', 'unit': 'us', 'direction': 'lower_is_better'}"
win,parent,report_query.fifo_producer_ordering,20261004-133431816-a8ed6b79c9274d74be783cf51a788576,12552.2147,20658,1290.75,,not evaluated,PASS,0d907c24a88da325,,False,ineligible,True,completed,"{'revision': 2, 'iterations': 16, 'sample_count': 4, 'measurement_iterations_multiplier': 4, 'warmup_iterations': 3, 'gpu_completion_mode': 'per_iteration', 'unit': 'us', 'direction': 'lower_is_better'}"
win,parent,report_query.multiple_boundaries,20261004-133431816-a8ed6b79c9274d74be783cf51a788576,12552.2147,10657,665.75,,not evaluated,PASS,0c966fc9ba4da325,,False,ineligible,True,completed,"{'revision': 2, 'iterations': 16, 'sample_count': 4, 'measurement_iterations_multiplier': 4, 'warmup_iterations': 3, 'gpu_completion_mode': 'per_iteration', 'unit': 'us', 'direction': 'lower_is_better'}"
win,parent,report_query.single_boundary,20261004-133431816-a8ed6b79c9274d74be783cf51a788576,12552.2147,13781,860.75,,not evaluated,PASS,60e674c9fecda325,,False,ineligible,True,completed,"{'revision': 2, 'iterations': 16, 'sample_count': 4, 'measurement_iterations_multiplier': 4, 'warmup_iterations': 3, 'gpu_completion_mode': 'per_iteration', 'unit': 'us', 'direction': 'lower_is_better'}"
win,parent,report_query.zero_query,20261004-133431816-a8ed6b79c9274d74be783cf51a788576,12552.2147,9747,609,,not evaluated,PASS,23875dfeb40da325,,False,ineligible,True,completed,"{'revision': 2, 'iterations': 16, 'sample_count': 4, 'measurement_iterations_multiplier': 4, 'warmup_iterations': 3, 'gpu_completion_mode': 'per_iteration', 'unit': 'us', 'direction': 'lower_is_better'}"
win,parent,shader_lifecycle.readiness_train_visible,20261004-133446983-ff7ab9dfcba9476ba4143b00125a6551,22099.0668,66063,16515,,not evaluated,PASS,d4c939c4f0ce4325,,False,ineligible,True,completed,"{'revision': 1, 'iterations': 4, 'sample_count': 1, 'measurement_iterations_multiplier': 4, 'warmup_iterations': 3, 'gpu_completion_mode': 'per_iteration', 'unit': 'us', 'direction': 'lower_is_better'}"
win,parent,shader_lifecycle.readiness_replay_visible,20261004-133511692-f10daff596624c0db1b77ad027bdee10,22190.4047,66230,16557,,not evaluated,PASS,d4c939c4f0ce4325,,False,ineligible,True,completed,"{'revision': 1, 'iterations': 4, 'sample_count': 1, 'measurement_iterations_multiplier': 4, 'warmup_iterations': 3, 'gpu_completion_mode': 'per_iteration', 'unit': 'us', 'direction': 'lower_is_better'}"
win,parent,shader_lifecycle.readiness_identical_replay,20261004-133536487-03845a01ba1f4dfcac6fd00d2957aa93,50328.377,16159591,4039897,,not evaluated,PASS,70615ec6b77f8325,,False,ineligible,True,completed,"{'revision': 1, 'iterations': 4, 'sample_count': 1, 'measurement_iterations_multiplier': 4, 'warmup_iterations': 3, 'gpu_completion_mode': 'per_iteration', 'unit': 'us', 'direction': 'lower_is_better'}"
win,parent,shader_lifecycle.readiness_uniform_only,20261004-133629425-85dbfc474e27422b838e9feff46fa397,22216.3336,65762,16440,,not evaluated,PASS,113d534d51f95325,,False,ineligible,True,completed,"{'revision': 1, 'iterations': 4, 'sample_count': 1, 'measurement_iterations_multiplier': 4, 'warmup_iterations': 3, 'gpu_completion_mode': 'per_iteration', 'unit': 'us', 'direction': 'lower_is_better'}"
win,parent,shader_lifecycle.readiness_early_demand,20261004-133654244-b7336fbcb0ea41d28ddbfcedea5e4f17,22197.3087,66087,16521,,not evaluated,PASS,d4c939c4f0ce4325,,False,ineligible,True,completed,"{'revision': 1, 'iterations': 4, 'sample_count': 1, 'measurement_iterations_multiplier': 4, 'warmup_iterations': 3, 'gpu_completion_mode': 'per_iteration', 'unit': 'us', 'direction': 'lower_is_better'}"
win,parent,game_load.long_unlocked_scene.cpu,20261004-133719065-940df857f7a2421789420e1e1d65b349,91423.7361,780639,24394.5,24394.5,passed,PASS,7c59a4dc0f8ba325,7c59a4dc0f8ba325,True,ineligible,True,completed,"{'revision': 1, 'iterations': 32, 'sample_count': 8, 'measurement_iterations_multiplier': 4, 'warmup_iterations': 3, 'gpu_completion_mode': 'per_iteration', 'unit': 'us', 'direction': 'lower_is_better'}"
win,parent,game_load.long_unlocked_scene.pfifo,20261004-133719065-940df857f7a2421789420e1e1d65b349,91423.7361,202390,6324.25,6324.25,passed,PASS,7c59a4dc0f8ba325,7c59a4dc0f8ba325,True,ineligible,True,completed,"{'revision': 1, 'iterations': 32, 'sample_count': 8, 'measurement_iterations_multiplier': 4, 'warmup_iterations': 3, 'gpu_completion_mode': 'per_iteration', 'unit': 'us', 'direction': 'lower_is_better'}"
win,parent,game_load.long_unlocked_scene.alpha_overdraw,20261004-133719065-940df857f7a2421789420e1e1d65b349,91423.7361,1633666,51051.5,51051.5,passed,PASS,7c59a4dc0f8ba325,7c59a4dc0f8ba325,True,ineligible,True,completed,"{'revision': 1, 'iterations': 32, 'sample_count': 8, 'measurement_iterations_multiplier': 4, 'warmup_iterations': 3, 'gpu_completion_mode': 'per_iteration', 'unit': 'us', 'direction': 'lower_is_better'}"
win,parent,game_load.long_unlocked_scene.streaming_surface_reuse,20261004-133719065-940df857f7a2421789420e1e1d65b349,91423.7361,515210,16099.75,16099.75,passed,PASS,7c59a4dc0f8ba325,7c59a4dc0f8ba325,True,ineligible,True,completed,"{'revision': 1, 'iterations': 32, 'sample_count': 8, 'measurement_iterations_multiplier': 4, 'warmup_iterations': 3, 'gpu_completion_mode': 'per_iteration', 'unit': 'us', 'direction': 'lower_is_better'}"
win,parent,game_load.long_unlocked_scene.combined,20261004-133719065-940df857f7a2421789420e1e1d65b349,91423.7361,3181149,99410.5,99410.5,passed,PASS,7c59a4dc0f8ba325,7c59a4dc0f8ba325,True,ineligible,True,completed,"{'revision': 1, 'iterations': 32, 'sample_count': 8, 'measurement_iterations_multiplier': 4, 'warmup_iterations': 3, 'gpu_completion_mode': 'per_iteration', 'unit': 'us', 'direction': 'lower_is_better'}"
win,parent,game_load.long_unlocked_scene.full_system,20261004-133719065-940df857f7a2421789420e1e1d65b349,91423.7361,3151483,98483.5,98483.5,passed,PASS,7c59a4dc0f8ba325,7c59a4dc0f8ba325,True,ineligible,True,completed,"{'revision': 1, 'iterations': 32, 'sample_count': 8, 'measurement_iterations_multiplier': 4, 'warmup_iterations': 3, 'gpu_completion_mode': 'per_iteration', 'unit': 'us', 'direction': 'lower_is_better'}"
win,parent,game_load.cross_title_hotpath.queued_vertex_cpu_writes,20261004-133719065-940df857f7a2421789420e1e1d65b349,91423.7361,2133134,66660.125,66660.125,passed,PASS,cf19c8d27e2aa325,cf19c8d27e2aa325,True,ineligible,True,completed,"{'revision': 1, 'iterations': 32, 'sample_count': 8, 'measurement_iterations_multiplier': 4, 'warmup_iterations': 3, 'gpu_completion_mode': 'per_iteration', 'unit': 'us', 'direction': 'lower_is_better'}"
win,parent,game_load.cross_title_hotpath.pgr2_small_draws,20261004-133719065-940df857f7a2421789420e1e1d65b349,91423.7361,4074552,127329.375,127329.375,passed,PASS,2a1e0148d2c0e325,2a1e0148d2c0e325,True,ineligible,True,completed,"{'revision': 1, 'iterations': 32, 'sample_count': 8, 'measurement_iterations_multiplier': 4, 'warmup_iterations': 3, 'gpu_completion_mode': 'per_iteration', 'unit': 'us', 'direction': 'lower_is_better'}"
win,parent,game_load.cross_title_hotpath.texture_update_reuse,20261004-133719065-940df857f7a2421789420e1e1d65b349,91423.7361,100529,3141.125,3141.125,passed,PASS,5612bef321a56325,5612bef321a56325,True,ineligible,True,completed,"{'revision': 1, 'iterations': 32, 'sample_count': 8, 'measurement_iterations_multiplier': 4, 'warmup_iterations': 3, 'gpu_completion_mode': 'per_iteration', 'unit': 'us', 'direction': 'lower_is_better'}"
win,parent,game_load.cross_title_hotpath.surface_reuse,20261004-133719065-940df857f7a2421789420e1e1d65b349,91423.7361,212123,6628.625,6628.625,passed,PASS,846d9f21b7c6a325,846d9f21b7c6a325,True,ineligible,True,completed,"{'revision': 1, 'iterations': 32, 'sample_count': 8, 'measurement_iterations_multiplier': 4, 'warmup_iterations': 3, 'gpu_completion_mode': 'per_iteration', 'unit': 'us', 'direction': 'lower_is_better'}"
win,parent,game_load.cross_title_hotpath.pipeline_state_churn,20261004-133719065-940df857f7a2421789420e1e1d65b349,91423.7361,2133905,66684.25,66684.25,passed,PASS,22f040b2add4a325,22f040b2add4a325,True,ineligible,True,completed,"{'revision': 1, 'iterations': 32, 'sample_count': 8, 'measurement_iterations_multiplier': 4, 'warmup_iterations': 3, 'gpu_completion_mode': 'per_iteration', 'unit': 'us', 'direction': 'lower_is_better'}"
win,parent,game_load.cross_title_hotpath.blend_constant_reuse,20261004-133719065-940df857f7a2421789420e1e1d65b349,91423.7361,3732937,116653.875,116653.875,passed,PASS,a08ca118008fa325,a08ca118008fa325,True,ineligible,True,completed,"{'revision': 1, 'iterations': 32, 'sample_count': 8, 'measurement_iterations_multiplier': 4, 'warmup_iterations': 3, 'gpu_completion_mode': 'per_iteration', 'unit': 'us', 'direction': 'lower_is_better'}"
win,parent,game_load.cross_title_hotpath.texture_binding_reuse,20261004-133719065-940df857f7a2421789420e1e1d65b349,91423.7361,4801470,150045.5,150045.5,passed,PASS,dfaaa3022df6a325,dfaaa3022df6a325,True,ineligible,True,completed,"{'revision': 1, 'iterations': 32, 'sample_count': 8, 'measurement_iterations_multiplier': 4, 'warmup_iterations': 3, 'gpu_completion_mode': 'per_iteration', 'unit': 'us', 'direction': 'lower_is_better'}"
win,parent,game_load.cross_title_hotpath.pgr2_lagspot_inline_elements,20261004-133719065-940df857f7a2421789420e1e1d65b349,91423.7361,3338357,104323.25,104323.25,passed,PASS,1289219c28d5a325,1289219c28d5a325,True,ineligible,True,completed,"{'revision': 1, 'iterations': 32, 'sample_count': 8, 'measurement_iterations_multiplier': 4, 'warmup_iterations': 3, 'gpu_completion_mode': 'per_iteration', 'unit': 'us', 'direction': 'lower_is_better'}"
win,parent,game_load.cross_title_hotpath.scaled_surface_pressure,20261004-133719065-940df857f7a2421789420e1e1d65b349,91423.7361,9220097,288127.75,288127.75,passed,PASS,e81e5b4a4675a325,e81e5b4a4675a325,True,ineligible,True,completed,"{'revision': 1, 'iterations': 32, 'sample_count': 8, 'measurement_iterations_multiplier': 4, 'warmup_iterations': 3, 'gpu_completion_mode': 'per_iteration', 'unit': 'us', 'direction': 'lower_is_better'}"
win,parent,game_load.cross_title_hotpath.s3tc_streaming_fenced_draws,20261004-133719065-940df857f7a2421789420e1e1d65b349,91423.7361,31772158,992879.25,992879.25,passed,PASS,a0f51c6c46a52325,a0f51c6c46a52325,True,ineligible,True,completed,"{'revision': 1, 'iterations': 32, 'sample_count': 8, 'measurement_iterations_multiplier': 4, 'warmup_iterations': 3, 'gpu_completion_mode': 'per_iteration', 'unit': 'us', 'direction': 'lower_is_better'}"
win,parent,game_load.cross_title_hotpath.gpu_wait_control,20261004-133719065-940df857f7a2421789420e1e1d65b349,91423.7361,34679,1083.25,1083.25,passed,PASS,828855c0a34e2325,828855c0a34e2325,True,ineligible,True,completed,"{'revision': 1, 'iterations': 32, 'sample_count': 8, 'measurement_iterations_multiplier': 4, 'warmup_iterations': 3, 'gpu_completion_mode': 'per_iteration', 'unit': 'us', 'direction': 'lower_is_better'}"
win,parent,game_load.s3tc_sync_factor.dxt1_same_address_wait,20261004-133853086-43b8a29b64534ea0b3e7b22b7a89533e,33959.0202,532466,16639.25,16639.25,failed,PASS,3403675459d4d3d5,db28300321744de5,True,ineligible,True,completed,"{'revision': 1, 'iterations': 32, 'sample_count': 8, 'measurement_iterations_multiplier': 4, 'warmup_iterations': 3, 'gpu_completion_mode': 'per_iteration', 'unit': 'us', 'direction': 'lower_is_better'}"
win,parent,game_load.s3tc_sync_factor.dxt1_same_address_queued,20261004-133853086-43b8a29b64534ea0b3e7b22b7a89533e,33959.0202,532977,16655.125,16655.125,failed,PASS,d4bbc37e719b73c4,9998993e8dcf6939,True,ineligible,True,completed,"{'revision': 1, 'iterations': 32, 'sample_count': 8, 'measurement_iterations_multiplier': 4, 'warmup_iterations': 3, 'gpu_completion_mode': 'per_iteration', 'unit': 'us', 'direction': 'lower_is_better'}"
win,parent,game_load.s3tc_sync_factor.dxt1_ring_payload_generations,20261004-133853086-43b8a29b64534ea0b3e7b22b7a89533e,33959.0202,1065792,33305.625,33305.625,failed,PASS,3403675459d4d3d5,db28300321744de5,True,ineligible,True,completed,"{'revision': 1, 'iterations': 32, 'sample_count': 8, 'measurement_iterations_multiplier': 4, 'warmup_iterations': 3, 'gpu_completion_mode': 'per_iteration', 'unit': 'us', 'direction': 'lower_is_better'}"
win,parent,game_load.s3tc_sync_factor.dxt1_dirty_once_redraw,20261004-133853086-43b8a29b64534ea0b3e7b22b7a89533e,33959.0202,533250,16663.75,16663.75,passed,PASS,428c04bbb0a62725,428c04bbb0a62725,True,ineligible,True,completed,"{'revision': 1, 'iterations': 32, 'sample_count': 8, 'measurement_iterations_multiplier': 4, 'warmup_iterations': 3, 'gpu_completion_mode': 'per_iteration', 'unit': 'us', 'direction': 'lower_is_better'}"
win,parent,game_load.s3tc_sync_factor.rgba8_same_address_wait,20261004-133853086-43b8a29b64534ea0b3e7b22b7a89533e,33959.0202,1600747,50023,50023,passed,PASS,3403675459d4d3d5,3403675459d4d3d5,True,ineligible,True,completed,"{'revision': 1, 'iterations': 32, 'sample_count': 8, 'measurement_iterations_multiplier': 4, 'warmup_iterations': 3, 'gpu_completion_mode': 'per_iteration', 'unit': 'us', 'direction': 'lower_is_better'}"
win,parent,game_load.s3tc_sync_factor.rgba8_same_address_queued,20261004-133853086-43b8a29b64534ea0b3e7b22b7a89533e,33959.0202,1597995,49937,49937,failed,PASS,92963de48b5bfb3a,719d8f45c46b69f6,True,ineligible,True,completed,"{'revision': 1, 'iterations': 32, 'sample_count': 8, 'measurement_iterations_multiplier': 4, 'warmup_iterations': 3, 'gpu_completion_mode': 'per_iteration', 'unit': 'us', 'direction': 'lower_is_better'}"
win,parent,game_load.s3tc_sync_factor.rgba8_ring_payload_generations,20261004-133853086-43b8a29b64534ea0b3e7b22b7a89533e,33959.0202,4267027,133344.375,133344.375,passed,PASS,3403675459d4d3d5,3403675459d4d3d5,True,ineligible,True,completed,"{'revision': 1, 'iterations': 32, 'sample_count': 8, 'measurement_iterations_multiplier': 4, 'warmup_iterations': 3, 'gpu_completion_mode': 'per_iteration', 'unit': 'us', 'direction': 'lower_is_better'}"
win,parent,game_load.s3tc_sync_factor.rgba8_dirty_once_redraw,20261004-133853086-43b8a29b64534ea0b3e7b22b7a89533e,33959.0202,533200,16662.125,16662.125,passed,PASS,428c04bbb0a62725,428c04bbb0a62725,True,ineligible,True,completed,"{'revision': 1, 'iterations': 32, 'sample_count': 8, 'measurement_iterations_multiplier': 4, 'warmup_iterations': 3, 'gpu_completion_mode': 'per_iteration', 'unit': 'us', 'direction': 'lower_is_better'}"
win,parent,game_load.s3tc_sync_factor.bc2_native_eligible,20261004-133853086-43b8a29b64534ea0b3e7b22b7a89533e,33959.0202,1099794,34368.25,34368.25,failed,PASS,3403675459d4d3d5,db28300321744de5,True,ineligible,True,completed,"{'revision': 1, 'iterations': 32, 'sample_count': 8, 'measurement_iterations_multiplier': 4, 'warmup_iterations': 3, 'gpu_completion_mode': 'per_iteration', 'unit': 'us', 'direction': 'lower_is_better'}"
win,parent,game_load.s3tc_sync_factor.bc2_bordered_fallback,20261004-133853086-43b8a29b64534ea0b3e7b22b7a89533e,33959.0202,3199904,99996.75,99996.75,passed,PASS,db28300321744de5,db28300321744de5,True,ineligible,True,completed,"{'revision': 1, 'iterations': 32, 'sample_count': 8, 'measurement_iterations_multiplier': 4, 'warmup_iterations': 3, 'gpu_completion_mode': 'per_iteration', 'unit': 'us', 'direction': 'lower_is_better'}"
win,parent,game_load.s3tc_sync_factor.bc3_native_eligible,20261004-133853086-43b8a29b64534ea0b3e7b22b7a89533e,33959.0202,1067511,33359.25,33359.25,failed,PASS,3403675459d4d3d5,db28300321744de5,True,ineligible,True,completed,"{'revision': 1, 'iterations': 32, 'sample_count': 8, 'measurement_iterations_multiplier': 4, 'warmup_iterations': 3, 'gpu_completion_mode': 'per_iteration', 'unit': 'us', 'direction': 'lower_is_better'}"
win,parent,game_load.s3tc_sync_factor.bc3_bordered_fallback,20261004-133853086-43b8a29b64534ea0b3e7b22b7a89533e,33959.0202,3200032,100000.625,100000.625,passed,PASS,db28300321744de5,db28300321744de5,True,ineligible,True,completed,"{'revision': 1, 'iterations': 32, 'sample_count': 8, 'measurement_iterations_multiplier': 4, 'warmup_iterations': 3, 'gpu_completion_mode': 'per_iteration', 'unit': 'us', 'direction': 'lower_is_better'}"
win,parent,game_load.repeated_display,20261004-133929652-c6e210a98fb5483b9f2a273fc3e0e7ef,23378.6063,532503,16640.375,16640.375,passed,PASS,36f446003b9d6325,36f446003b9d6325,True,ineligible,True,completed,"{'revision': 1, 'iterations': 32, 'sample_count': 8, 'measurement_iterations_multiplier': 4, 'warmup_iterations': 3, 'gpu_completion_mode': 'per_iteration', 'unit': 'us', 'direction': 'lower_is_better'}"
win,parent,game_load.repeated_display_boosted,20261004-133929652-c6e210a98fb5483b9f2a273fc3e0e7ef,23378.6063,1582705,49459.25,49459.25,passed,PASS,b2bc760cb1fba325,b2bc760cb1fba325,True,ineligible,True,completed,"{'revision': 1, 'iterations': 32, 'sample_count': 8, 'measurement_iterations_multiplier': 4, 'warmup_iterations': 3, 'gpu_completion_mode': 'per_iteration', 'unit': 'us', 'direction': 'lower_is_better'}"
win,parent,game_load.doax_menu_representative.cpu_only,20261004-133929652-c6e210a98fb5483b9f2a273fc3e0e7ef,23378.6063,451709,14115.75,14115.75,passed,PASS,5abb9d9faaa22325,5abb9d9faaa22325,True,ineligible,True,completed,"{'revision': 1, 'iterations': 32, 'sample_count': 8, 'measurement_iterations_multiplier': 4, 'warmup_iterations': 3, 'gpu_completion_mode': 'per_iteration', 'unit': 'us', 'direction': 'lower_is_better'}"
win,parent,game_load.doax_menu_representative.pfifo_only,20261004-133929652-c6e210a98fb5483b9f2a273fc3e0e7ef,23378.6063,81745,2554.125,2554.125,passed,PASS,f9826bbdd7912325,f9826bbdd7912325,True,ineligible,True,completed,"{'revision': 1, 'iterations': 32, 'sample_count': 8, 'measurement_iterations_multiplier': 4, 'warmup_iterations': 3, 'gpu_completion_mode': 'per_iteration', 'unit': 'us', 'direction': 'lower_is_better'}"
win,parent,game_load.doax_menu_representative.gpu_only,20261004-133929652-c6e210a98fb5483b9f2a273fc3e0e7ef,23378.6063,592254,18507.375,18507.375,passed,PASS,d3984ab7dcb8e325,d3984ab7dcb8e325,True,ineligible,True,completed,"{'revision': 1, 'iterations': 32, 'sample_count': 8, 'measurement_iterations_multiplier': 4, 'warmup_iterations': 3, 'gpu_completion_mode': 'per_iteration', 'unit': 'us', 'direction': 'lower_is_better'}"
win,parent,game_load.doax_menu_representative.streaming_only,20261004-133929652-c6e210a98fb5483b9f2a273fc3e0e7ef,23378.6063,177192,5537,5537,passed,PASS,491294aadc23a325,491294aadc23a325,True,ineligible,True,completed,"{'revision': 1, 'iterations': 32, 'sample_count': 8, 'measurement_iterations_multiplier': 4, 'warmup_iterations': 3, 'gpu_completion_mode': 'per_iteration', 'unit': 'us', 'direction': 'lower_is_better'}"
win,parent,game_load.doax_menu_representative.cpu_pfifo_gpu,20261004-133929652-c6e210a98fb5483b9f2a273fc3e0e7ef,23378.6063,1131060,35345.25,35345.25,passed,PASS,302026d9f9232325,302026d9f9232325,True,ineligible,True,completed,"{'revision': 1, 'iterations': 32, 'sample_count': 8, 'measurement_iterations_multiplier': 4, 'warmup_iterations': 3, 'gpu_completion_mode': 'per_iteration', 'unit': 'us', 'direction': 'lower_is_better'}"
win,parent,game_load.doax_menu_representative.cpu_pfifo_gpu_streaming,20261004-133929652-c6e210a98fb5483b9f2a273fc3e0e7ef,23378.6063,1249187,39036.625,39036.625,passed,PASS,9e98944350a52325,9e98944350a52325,True,ineligible,True,completed,"{'revision': 1, 'iterations': 32, 'sample_count': 8, 'measurement_iterations_multiplier': 4, 'warmup_iterations': 3, 'gpu_completion_mode': 'per_iteration', 'unit': 'us', 'direction': 'lower_is_better'}"
win,parent,game_load.doax_menu_representative.full_system,20261004-133929652-c6e210a98fb5483b9f2a273fc3e0e7ef,23378.6063,1255760,39242.125,39242.125,passed,PASS,7896e875a8ad2325,7896e875a8ad2325,True,ineligible,True,completed,"{'revision': 1, 'iterations': 32, 'sample_count': 8, 'measurement_iterations_multiplier': 4, 'warmup_iterations': 3, 'gpu_completion_mode': 'per_iteration', 'unit': 'us', 'direction': 'lower_is_better'}"
win,parent,game_load.doax_menu_stress.cpu_only,20261004-133929652-c6e210a98fb5483b9f2a273fc3e0e7ef,23378.6063,905939,28310.125,28310.125,passed,PASS,4b7c157e1e9ce325,4b7c157e1e9ce325,True,ineligible,True,completed,"{'revision': 1, 'iterations': 32, 'sample_count': 8, 'measurement_iterations_multiplier': 4, 'warmup_iterations': 3, 'gpu_completion_mode': 'per_iteration', 'unit': 'us', 'direction': 'lower_is_better'}"
win,parent,game_load.doax_menu_stress.pfifo_only,20261004-133929652-c6e210a98fb5483b9f2a273fc3e0e7ef,23378.6063,161364,5042.375,5042.375,passed,PASS,f46d8f2a39a6e325,f46d8f2a39a6e325,True,ineligible,True,completed,"{'revision': 1, 'iterations': 32, 'sample_count': 8, 'measurement_iterations_multiplier': 4, 'warmup_iterations': 3, 'gpu_completion_mode': 'per_iteration', 'unit': 'us', 'direction': 'lower_is_better'}"
win,parent,game_load.doax_menu_stress.gpu_only,20261004-133929652-c6e210a98fb5483b9f2a273fc3e0e7ef,23378.6063,1186871,37089.375,37089.375,passed,PASS,bcaf8b0e8de5a325,bcaf8b0e8de5a325,True,ineligible,True,completed,"{'revision': 1, 'iterations': 32, 'sample_count': 8, 'measurement_iterations_multiplier': 4, 'warmup_iterations': 3, 'gpu_completion_mode': 'per_iteration', 'unit': 'us', 'direction': 'lower_is_better'}"
win,parent,game_load.doax_menu_stress.streaming_only,20261004-133955646-5251669102864e84b79f8ea733de53bb,42611.158,526356,16448.375,16448.375,passed,PASS,06e0eccda97d2325,06e0eccda97d2325,True,ineligible,True,completed,"{'revision': 1, 'iterations': 32, 'sample_count': 8, 'measurement_iterations_multiplier': 4, 'warmup_iterations': 3, 'gpu_completion_mode': 'per_iteration', 'unit': 'us', 'direction': 'lower_is_better'}"
win,parent,game_load.doax_menu_stress.cpu_pfifo_gpu,20261004-133955646-5251669102864e84b79f8ea733de53bb,42611.158,2157693,67427.5,67427.5,passed,PASS,7707cd4649e4a325,7707cd4649e4a325,True,ineligible,True,completed,"{'revision': 1, 'iterations': 32, 'sample_count': 8, 'measurement_iterations_multiplier': 4, 'warmup_iterations': 3, 'gpu_completion_mode': 'per_iteration', 'unit': 'us', 'direction': 'lower_is_better'}"
win,parent,game_load.doax_menu_stress.cpu_pfifo_gpu_streaming,20261004-133955646-5251669102864e84b79f8ea733de53bb,42611.158,2333654,72926.125,72926.125,passed,PASS,d4d9dedf3ef06325,d4d9dedf3ef06325,True,ineligible,True,completed,"{'revision': 1, 'iterations': 32, 'sample_count': 8, 'measurement_iterations_multiplier': 4, 'warmup_iterations': 3, 'gpu_completion_mode': 'per_iteration', 'unit': 'us', 'direction': 'lower_is_better'}"
win,parent,game_load.doax_menu_stress.full_system,20261004-133955646-5251669102864e84b79f8ea733de53bb,42611.158,2370483,74077.25,74077.25,passed,PASS,8cf51e8eb67fa325,8cf51e8eb67fa325,True,ineligible,True,completed,"{'revision': 1, 'iterations': 32, 'sample_count': 8, 'measurement_iterations_multiplier': 4, 'warmup_iterations': 3, 'gpu_completion_mode': 'per_iteration', 'unit': 'us', 'direction': 'lower_is_better'}"
win,parent,game_load.pgr2_ai_backup.cpu_only,20261004-133955646-5251669102864e84b79f8ea733de53bb,42611.158,1366928,42716.125,42716.125,passed,PASS,e6df98b3e513a325,e6df98b3e513a325,True,ineligible,True,completed,"{'revision': 1, 'iterations': 32, 'sample_count': 8, 'measurement_iterations_multiplier': 4, 'warmup_iterations': 3, 'gpu_completion_mode': 'per_iteration', 'unit': 'us', 'direction': 'lower_is_better'}"
win,parent,game_load.pgr2_ai_backup.pfifo_only,20261004-133955646-5251669102864e84b79f8ea733de53bb,42611.158,511633,15988,15988,passed,PASS,e57ef83b3a66e325,e57ef83b3a66e325,True,ineligible,True,completed,"{'revision': 1, 'iterations': 32, 'sample_count': 8, 'measurement_iterations_multiplier': 4, 'warmup_iterations': 3, 'gpu_completion_mode': 'per_iteration', 'unit': 'us', 'direction': 'lower_is_better'}"
win,parent,game_load.pgr2_ai_backup.gpu_only,20261004-133955646-5251669102864e84b79f8ea733de53bb,42611.158,2921631,91300.375,91300.375,passed,PASS,02ffd9b12aa96325,02ffd9b12aa96325,True,ineligible,True,completed,"{'revision': 1, 'iterations': 32, 'sample_count': 8, 'measurement_iterations_multiplier': 4, 'warmup_iterations': 3, 'gpu_completion_mode': 'per_iteration', 'unit': 'us', 'direction': 'lower_is_better'}"
win,parent,game_load.pgr2_ai_backup.streaming_only,20261004-133955646-5251669102864e84b79f8ea733de53bb,42611.158,119696,3740,3740,passed,PASS,155df5f182392325,155df5f182392325,True,ineligible,True,completed,"{'revision': 1, 'iterations': 32, 'sample_count': 8, 'measurement_iterations_multiplier': 4, 'warmup_iterations': 3, 'gpu_completion_mode': 'per_iteration', 'unit': 'us', 'direction': 'lower_is_better'}"
win,parent,game_load.pgr2_ai_backup.cpu_pfifo_gpu,20261004-133955646-5251669102864e84b79f8ea733de53bb,42611.158,4829847,150932.375,150932.375,passed,PASS,ab22104929b9e325,ab22104929b9e325,True,ineligible,True,completed,"{'revision': 1, 'iterations': 32, 'sample_count': 8, 'measurement_iterations_multiplier': 4, 'warmup_iterations': 3, 'gpu_completion_mode': 'per_iteration', 'unit': 'us', 'direction': 'lower_is_better'}"
win,parent,game_load.pgr2_ai_backup.cpu_pfifo_gpu_streaming,20261004-133955646-5251669102864e84b79f8ea733de53bb,42611.158,4908098,153377.75,153377.75,passed,PASS,66a43765efc02325,66a43765efc02325,True,ineligible,True,completed,"{'revision': 1, 'iterations': 32, 'sample_count': 8, 'measurement_iterations_multiplier': 4, 'warmup_iterations': 3, 'gpu_completion_mode': 'per_iteration', 'unit': 'us', 'direction': 'lower_is_better'}"
win,parent,game_load.pgr2_ai_backup.full_system,20261004-133955646-5251669102864e84b79f8ea733de53bb,42611.158,4932859,154151.5,154151.5,passed,PASS,55485325870d6325,55485325870d6325,True,ineligible,True,completed,"{'revision': 1, 'iterations': 32, 'sample_count': 8, 'measurement_iterations_multiplier': 4, 'warmup_iterations': 3, 'gpu_completion_mode': 'per_iteration', 'unit': 'us', 'direction': 'lower_is_better'}"
win,parent,high_vertex_count.arrays,20261004-134040863-27e7b5c29ab244689c01bbc9dd7db1c1,22090.5547,36332,90.44,90.44,failed,PASS,a27c67890c2d9083,cd6d0d64451d191b,True,ineligible,True,completed,"{'revision': 1, 'iterations': 400, 'sample_count': 100, 'measurement_iterations_multiplier': 4, 'warmup_iterations': 3, 'gpu_completion_mode': 'per_iteration', 'unit': 'us', 'direction': 'lower_is_better'}"
win,parent,high_vertex_count.inline_arrays,20261004-134040863-27e7b5c29ab244689c01bbc9dd7db1c1,22090.5547,2358122,58952.7,58952.7,failed,PASS,a27c67890c2d9083,31a890c7f71db193,True,ineligible,True,completed,"{'revision': 1, 'iterations': 40, 'sample_count': 10, 'measurement_iterations_multiplier': 4, 'warmup_iterations': 3, 'gpu_completion_mode': 'per_iteration', 'unit': 'us', 'direction': 'lower_is_better'}"
win,parent,high_vertex_count.inline_buffers,20261004-134040863-27e7b5c29ab244689c01bbc9dd7db1c1,22090.5547,4773128,238655.8,238655.8,failed,PASS,a27c67890c2d9083,f320b0df5ba62943,True,ineligible,True,completed,"{'revision': 1, 'iterations': 20, 'sample_count': 5, 'measurement_iterations_multiplier': 4, 'warmup_iterations': 3, 'gpu_completion_mode': 'per_iteration', 'unit': 'us', 'direction': 'lower_is_better'}"
win,parent,high_vertex_count.inline_elements,20261004-134040863-27e7b5c29ab244689c01bbc9dd7db1c1,22090.5547,795666,3978,3978,failed,PASS,a27c67890c2d9083,b24516b5372da0f3,True,ineligible,True,completed,"{'revision': 1, 'iterations': 200, 'sample_count': 50, 'measurement_iterations_multiplier': 4, 'warmup_iterations': 3, 'gpu_completion_mode': 'per_iteration', 'unit': 'us', 'direction': 'lower_is_better'}"
win,parent,primitive_type.line_loop.fixed_function,20261004-134040863-27e7b5c29ab244689c01bbc9dd7db1c1,22090.5547,24727,617.8,617.8,failed,PASS,f2158581ac6e3919,d48f43c09e534094,True,ineligible,True,completed,"{'revision': 1, 'iterations': 40, 'sample_count': 10, 'measurement_iterations_multiplier': 4, 'warmup_iterations': 3, 'gpu_completion_mode': 'per_iteration', 'unit': 'us', 'direction': 'lower_is_better'}"
win,parent,primitive_type.line_loop.vertex_shader,20261004-134040863-27e7b5c29ab244689c01bbc9dd7db1c1,22090.5547,23760,593.7,593.7,failed,PASS,f2158581ac6e3919,47373dc0c7be28f8,True,ineligible,True,completed,"{'revision': 1, 'iterations': 40, 'sample_count': 10, 'measurement_iterations_multiplier': 4, 'warmup_iterations': 3, 'gpu_completion_mode': 'per_iteration', 'unit': 'us', 'direction': 'lower_is_better'}"
win,parent,primitive_type.line_strip.fixed_function,20261004-134040863-27e7b5c29ab244689c01bbc9dd7db1c1,22090.5547,25271,631.5,631.5,failed,PASS,f2158581ac6e3919,0964935c28234a4a,True,ineligible,True,completed,"{'revision': 1, 'iterations': 40, 'sample_count': 10, 'measurement_iterations_multiplier': 4, 'warmup_iterations': 3, 'gpu_completion_mode': 'per_iteration', 'unit': 'us', 'direction': 'lower_is_better'}"
win,parent,primitive_type.line_strip.vertex_shader,20261004-134040863-27e7b5c29ab244689c01bbc9dd7db1c1,22090.5547,25695,642,642,failed,PASS,f2158581ac6e3919,94b433237d71b182,True,ineligible,True,completed,"{'revision': 1, 'iterations': 40, 'sample_count': 10, 'measurement_iterations_multiplier': 4, 'warmup_iterations': 3, 'gpu_completion_mode': 'per_iteration', 'unit': 'us', 'direction': 'lower_is_better'}"
win,parent,primitive_type.lines.fixed_function,20261004-134040863-27e7b5c29ab244689c01bbc9dd7db1c1,22090.5547,47846,1195.9,1195.9,failed,PASS,1766a7f93aa72a14,6c16b2698ec4e26b,True,ineligible,True,completed,"{'revision': 1, 'iterations': 40, 'sample_count': 10, 'measurement_iterations_multiplier': 4, 'warmup_iterations': 3, 'gpu_completion_mode': 'per_iteration', 'unit': 'us', 'direction': 'lower_is_better'}"
win,parent,primitive_type.lines.vertex_shader,20261004-134040863-27e7b5c29ab244689c01bbc9dd7db1c1,22090.5547,51552,1288.5,1288.5,failed,PASS,1766a7f93aa72a14,53924aa6f5e55b57,True,ineligible,True,completed,"{'revision': 1, 'iterations': 40, 'sample_count': 10, 'measurement_iterations_multiplier': 4, 'warmup_iterations': 3, 'gpu_completion_mode': 'per_iteration', 'unit': 'us', 'direction': 'lower_is_better'}"
win,parent,primitive_type.points.fixed_function,20261004-134040863-27e7b5c29ab244689c01bbc9dd7db1c1,22090.5547,23908,597.5,597.5,failed,PASS,5b296619f665c070,7400f7a8ac9d8c86,True,ineligible,True,completed,"{'revision': 1, 'iterations': 40, 'sample_count': 10, 'measurement_iterations_multiplier': 4, 'warmup_iterations': 3, 'gpu_completion_mode': 'per_iteration', 'unit': 'us', 'direction': 'lower_is_better'}"
win,parent,primitive_type.points.vertex_shader,20261004-134040863-27e7b5c29ab244689c01bbc9dd7db1c1,22090.5547,24748,618.4,618.4,failed,PASS,5b296619f665c070,f1d83724373d0036,True,ineligible,True,completed,"{'revision': 1, 'iterations': 40, 'sample_count': 10, 'measurement_iterations_multiplier': 4, 'warmup_iterations': 3, 'gpu_completion_mode': 'per_iteration', 'unit': 'us', 'direction': 'lower_is_better'}"
win,parent,primitive_type.polygon.fixed_function,20261004-134105568-ed47ece9b9524bbbb11e5e93ec108b7a,13344.5141,48460,1211,1211,failed,PASS,2c4beaa06aba1000,515407015a00c880,True,ineligible,True,completed,"{'revision': 1, 'iterations': 40, 'sample_count': 10, 'measurement_iterations_multiplier': 4, 'warmup_iterations': 3, 'gpu_completion_mode': 'per_iteration', 'unit': 'us', 'direction': 'lower_is_better'}"
win,parent,primitive_type.polygon.vertex_shader,20261004-134105568-ed47ece9b9524bbbb11e5e93ec108b7a,13344.5141,35053,876,876,failed,PASS,2c4beaa06aba1000,4376cbfa562c7d14,True,ineligible,True,completed,"{'revision': 1, 'iterations': 40, 'sample_count': 10, 'measurement_iterations_multiplier': 4, 'warmup_iterations': 3, 'gpu_completion_mode': 'per_iteration', 'unit': 'us', 'direction': 'lower_is_better'}"
win,parent,primitive_type.quad_strip.fixed_function,20261004-134105568-ed47ece9b9524bbbb11e5e93ec108b7a,13344.5141,70651,1766,1766,failed,PASS,f64b4495347cec73,190c4f06474f8467,True,ineligible,True,completed,"{'revision': 1, 'iterations': 40, 'sample_count': 10, 'measurement_iterations_multiplier': 4, 'warmup_iterations': 3, 'gpu_completion_mode': 'per_iteration', 'unit': 'us', 'direction': 'lower_is_better'}"
win,parent,primitive_type.quad_strip.vertex_shader,20261004-134105568-ed47ece9b9524bbbb11e5e93ec108b7a,13344.5141,45753,1143.5,1143.5,failed,PASS,f64b4495347cec73,d5cf212c5788c3df,True,ineligible,True,completed,"{'revision': 1, 'iterations': 40, 'sample_count': 10, 'measurement_iterations_multiplier': 4, 'warmup_iterations': 3, 'gpu_completion_mode': 'per_iteration', 'unit': 'us', 'direction': 'lower_is_better'}"
win,parent,primitive_type.quads.fixed_function,20261004-134105568-ed47ece9b9524bbbb11e5e93ec108b7a,13344.5141,89441,2235.7,2235.7,failed,PASS,114a1419338256e5,b52448622bc1c001,True,ineligible,True,completed,"{'revision': 1, 'iterations': 40, 'sample_count': 10, 'measurement_iterations_multiplier': 4, 'warmup_iterations': 3, 'gpu_completion_mode': 'per_iteration', 'unit': 'us', 'direction': 'lower_is_better'}"
win,parent,primitive_type.quads.vertex_shader,20261004-134105568-ed47ece9b9524bbbb11e5e93ec108b7a,13344.5141,90004,2249.7,2249.7,failed,PASS,114a1419338256e5,fbac823960948b69,True,ineligible,True,completed,"{'revision': 1, 'iterations': 40, 'sample_count': 10, 'measurement_iterations_multiplier': 4, 'warmup_iterations': 3, 'gpu_completion_mode': 'per_iteration', 'unit': 'us', 'direction': 'lower_is_better'}"
win,parent,primitive_type.triangle_fan.fixed_function,20261004-134105568-ed47ece9b9524bbbb11e5e93ec108b7a,13344.5141,22834,570.5,570.5,failed,PASS,36644f0fd11db166,ba0d8daf7940c5d2,True,ineligible,True,completed,"{'revision': 1, 'iterations': 40, 'sample_count': 10, 'measurement_iterations_multiplier': 4, 'warmup_iterations': 3, 'gpu_completion_mode': 'per_iteration', 'unit': 'us', 'direction': 'lower_is_better'}"
win,parent,primitive_type.triangle_fan.vertex_shader,20261004-134105568-ed47ece9b9524bbbb11e5e93ec108b7a,13344.5141,22595,564.6,564.6,failed,PASS,36644f0fd11db166,134a22bd3882e48e,True,ineligible,True,completed,"{'revision': 1, 'iterations': 40, 'sample_count': 10, 'measurement_iterations_multiplier': 4, 'warmup_iterations': 3, 'gpu_completion_mode': 'per_iteration', 'unit': 'us', 'direction': 'lower_is_better'}"
win,parent,primitive_type.triangle_strip.fixed_function,20261004-134105568-ed47ece9b9524bbbb11e5e93ec108b7a,13344.5141,22870,571.3,571.3,failed,PASS,d7b289579fdaa1ab,d15b03d8ead6bb03,True,ineligible,True,completed,"{'revision': 1, 'iterations': 40, 'sample_count': 10, 'measurement_iterations_multiplier': 4, 'warmup_iterations': 3, 'gpu_completion_mode': 'per_iteration', 'unit': 'us', 'direction': 'lower_is_better'}"
win,parent,primitive_type.triangle_strip.vertex_shader,20261004-134105568-ed47ece9b9524bbbb11e5e93ec108b7a,13344.5141,22798,569.6,569.6,failed,PASS,d7b289579fdaa1ab,f7cfda74a4111eff,True,ineligible,True,completed,"{'revision': 1, 'iterations': 40, 'sample_count': 10, 'measurement_iterations_multiplier': 4, 'warmup_iterations': 3, 'gpu_completion_mode': 'per_iteration', 'unit': 'us', 'direction': 'lower_is_better'}"
win,parent,primitive_type.triangles.fixed_function,20261004-134105568-ed47ece9b9524bbbb11e5e93ec108b7a,13344.5141,70806,1769.8,1769.8,failed,PASS,72f05baf369ceb60,4521bcfbdb43e248,True,ineligible,True,completed,"{'revision': 1, 'iterations': 40, 'sample_count': 10, 'measurement_iterations_multiplier': 4, 'warmup_iterations': 3, 'gpu_completion_mode': 'per_iteration', 'unit': 'us', 'direction': 'lower_is_better'}"
win,parent,primitive_type.triangles.vertex_shader,20261004-134105568-ed47ece9b9524bbbb11e5e93ec108b7a,13344.5141,66850,1671,1671,failed,PASS,72f05baf369ceb60,d86abc6e019e36fc,True,ineligible,True,completed,"{'revision': 1, 'iterations': 40, 'sample_count': 10, 'measurement_iterations_multiplier': 4, 'warmup_iterations': 3, 'gpu_completion_mode': 'per_iteration', 'unit': 'us', 'direction': 'lower_is_better'}"
win,parent,texture_cubemap_fallback.bordered_palette_size1,20261004-134121521-809f922afec845b6baab26f19990a695,27974.9457,532335,16635.25,,not evaluated,FAIL,56d00ed89334a325,,True,ineligible,False,failed,"{'revision': 1, 'iterations': 32, 'sample_count': 8, 'measurement_iterations_multiplier': 4, 'warmup_iterations': 3, 'gpu_completion_mode': 'per_iteration', 'unit': 'us', 'direction': 'lower_is_better'}"
win,parent,surface.basic,20261004-134211540-17364004c2444654b30053a973ad27f1,18217.6305,811555,20288.6,20288.6,failed,PASS,42459952797c47fa,6f90d43f59b710fa,True,ineligible,True,completed,"{'revision': 1, 'iterations': 40, 'sample_count': 10, 'measurement_iterations_multiplier': 4, 'warmup_iterations': 3, 'gpu_completion_mode': 'per_iteration', 'unit': 'us', 'direction': 'lower_is_better'}"
win,parent,surface.cpu_read_after_gpu_write,20261004-134211540-17364004c2444654b30053a973ad27f1,18217.6305,94718,1183.6,1183.6,passed,PASS,572720976b602325,572720976b602325,True,ineligible,True,completed,"{'revision': 1, 'iterations': 80, 'sample_count': 20, 'measurement_iterations_multiplier': 4, 'warmup_iterations': 3, 'gpu_completion_mode': 'per_iteration', 'unit': 'us', 'direction': 'lower_is_better'}"
win,parent,surface.cpu_read_clean_surface,20261004-134211540-17364004c2444654b30053a973ad27f1,18217.6305,24762,61.55,61.55,passed,PASS,aa32af524aa52325,aa32af524aa52325,True,ineligible,True,completed,"{'revision': 1, 'iterations': 400, 'sample_count': 100, 'measurement_iterations_multiplier': 4, 'warmup_iterations': 3, 'gpu_completion_mode': 'per_iteration', 'unit': 'us', 'direction': 'lower_is_better'}"
win,parent,surface.framebuffer_working_set_002,20261004-134211540-17364004c2444654b30053a973ad27f1,18217.6305,109051,1362.75,1362.75,failed,PASS,9f3b0609a42777d5,ab1fa4b103c05f05,True,ineligible,True,completed,"{'revision': 1, 'iterations': 80, 'sample_count': 20, 'measurement_iterations_multiplier': 4, 'warmup_iterations': 3, 'gpu_completion_mode': 'per_iteration', 'unit': 'us', 'direction': 'lower_is_better'}"
win,parent,surface.framebuffer_working_set_008,20261004-134211540-17364004c2444654b30053a973ad27f1,18217.6305,105654,1320.25,1320.25,failed,PASS,64cbf95dec8f59e5,8393e7935b67da71,True,ineligible,True,completed,"{'revision': 1, 'iterations': 80, 'sample_count': 20, 'measurement_iterations_multiplier': 4, 'warmup_iterations': 3, 'gpu_completion_mode': 'per_iteration', 'unit': 'us', 'direction': 'lower_is_better'}"
win,parent,surface.framebuffer_working_set_032,20261004-134211540-17364004c2444654b30053a973ad27f1,18217.6305,104724,1308.55,1308.55,failed,PASS,a6116feb11a28c25,4e53301a279a7e09,True,ineligible,True,completed,"{'revision': 1, 'iterations': 80, 'sample_count': 20, 'measurement_iterations_multiplier': 4, 'warmup_iterations': 3, 'gpu_completion_mode': 'per_iteration', 'unit': 'us', 'direction': 'lower_is_better'}"
win,parent,surface.framebuffer_working_set_064,20261004-134211540-17364004c2444654b30053a973ad27f1,18217.6305,116215,1452.35,1452.35,failed,PASS,a6116feb11a28c25,dbdfafa7ed2f28c9,True,ineligible,True,completed,"{'revision': 1, 'iterations': 80, 'sample_count': 20, 'measurement_iterations_multiplier': 4, 'warmup_iterations': 3, 'gpu_completion_mode': 'per_iteration', 'unit': 'us', 'direction': 'lower_is_better'}"
win,parent,surface.full_clear_elision_guard,20261004-134211540-17364004c2444654b30053a973ad27f1,18217.6305,629381,1573.03,1573.03,failed,PASS,d91a0e75979a1f25,01a1571033aa9dfd,True,ineligible,True,completed,"{'revision': 1, 'iterations': 400, 'sample_count': 100, 'measurement_iterations_multiplier': 4, 'warmup_iterations': 3, 'gpu_completion_mode': 'per_iteration', 'unit': 'us', 'direction': 'lower_is_better'}"
win,parent,surface.overlapping_surface_churn_representative,20261004-134211540-17364004c2444654b30053a973ad27f1,18217.6305,840830,2101.67,2101.67,failed,PASS,caf66d4bf5691525,7b4f2884714177a5,True,ineligible,True,completed,"{'revision': 1, 'iterations': 400, 'sample_count': 100, 'measurement_iterations_multiplier': 4, 'warmup_iterations': 3, 'gpu_completion_mode': 'per_iteration', 'unit': 'us', 'direction': 'lower_is_better'}"
win,parent,surface.overlapping_surface_churn_stress,20261004-134211540-17364004c2444654b30053a973ad27f1,18217.6305,926074,23151.5,23151.5,failed,PASS,caf66d4bf5691525,19890b325809498d,True,ineligible,True,completed,"{'revision': 1, 'iterations': 40, 'sample_count': 10, 'measurement_iterations_multiplier': 4, 'warmup_iterations': 3, 'gpu_completion_mode': 'per_iteration', 'unit': 'us', 'direction': 'lower_is_better'}"
win,parent,surface.partial_channel_clear_guard,20261004-134211540-17364004c2444654b30053a973ad27f1,18217.6305,627109,1567.4,1567.4,failed,PASS,eb2cb498aa73af25,31d730ce613f92bd,True,ineligible,True,completed,"{'revision': 1, 'iterations': 400, 'sample_count': 100, 'measurement_iterations_multiplier': 4, 'warmup_iterations': 3, 'gpu_completion_mode': 'per_iteration', 'unit': 'us', 'direction': 'lower_is_better'}"
win,parent,surface.surface_download_path,20261004-134211540-17364004c2444654b30053a973ad27f1,18217.6305,549318,13732.5,13732.5,failed,PASS,2b0e8aac0f8838e8,eb6604c45975bcec,True,ineligible,True,completed,"{'revision': 1, 'iterations': 40, 'sample_count': 10, 'measurement_iterations_multiplier': 4, 'warmup_iterations': 3, 'gpu_completion_mode': 'per_iteration', 'unit': 'us', 'direction': 'lower_is_better'}"
win,parent,surface.surface_list_lookup_002,20261004-134232371-1cb403c11bc14ead82a53da512e42991,18290.3522,143718,1796.1,1796.1,failed,PASS,fa475bc695046525,26ff617c53458a53,True,ineligible,True,completed,"{'revision': 1, 'iterations': 80, 'sample_count': 20, 'measurement_iterations_multiplier': 4, 'warmup_iterations': 3, 'gpu_completion_mode': 'per_iteration', 'unit': 'us', 'direction': 'lower_is_better'}"
win,parent,surface.surface_list_lookup_008,20261004-134232371-1cb403c11bc14ead82a53da512e42991,18290.3522,108607,1357.25,1357.25,failed,PASS,eaf6788dfe8d2f25,18e8676fcc804922,True,ineligible,True,completed,"{'revision': 1, 'iterations': 80, 'sample_count': 20, 'measurement_iterations_multiplier': 4, 'warmup_iterations': 3, 'gpu_completion_mode': 'per_iteration', 'unit': 'us', 'direction': 'lower_is_better'}"
win,parent,surface.surface_list_lookup_032,20261004-134232371-1cb403c11bc14ead82a53da512e42991,18290.3522,112595,1407,1407,failed,PASS,c6275b91195a5325,1bc652a47e609cf5,True,ineligible,True,completed,"{'revision': 1, 'iterations': 80, 'sample_count': 20, 'measurement_iterations_multiplier': 4, 'warmup_iterations': 3, 'gpu_completion_mode': 'per_iteration', 'unit': 'us', 'direction': 'lower_is_better'}"
win,parent,surface.surface_list_lookup_128,20261004-134232371-1cb403c11bc14ead82a53da512e42991,18290.3522,110696,1383.3,1383.3,failed,PASS,c6275b91195a5325,4b4650aa45e0be8d,True,ineligible,True,completed,"{'revision': 1, 'iterations': 80, 'sample_count': 20, 'measurement_iterations_multiplier': 4, 'warmup_iterations': 3, 'gpu_completion_mode': 'per_iteration', 'unit': 'us', 'direction': 'lower_is_better'}"
win,parent,surface.vulkan_memory_pressure.representative.growth,20261004-134232371-1cb403c11bc14ead82a53da512e42991,18290.3522,202118,12632,12632,failed,PASS,1b85a83206804325,a1ce1e9182d42125,True,ineligible,True,completed,"{'revision': 1, 'iterations': 16, 'sample_count': 4, 'measurement_iterations_multiplier': 4, 'warmup_iterations': 3, 'gpu_completion_mode': 'per_iteration', 'unit': 'us', 'direction': 'lower_is_better'}"
win,parent,surface.vulkan_memory_pressure.representative.plateau,20261004-134232371-1cb403c11bc14ead82a53da512e42991,18290.3522,206122,12882.25,12882.25,failed,PASS,94973dc83ee12325,c00be5b19acc4e6f,True,ineligible,True,completed,"{'revision': 1, 'iterations': 16, 'sample_count': 4, 'measurement_iterations_multiplier': 4, 'warmup_iterations': 3, 'gpu_completion_mode': 'per_iteration', 'unit': 'us', 'direction': 'lower_is_better'}"
win,parent,surface.vulkan_memory_pressure.representative.alias_resize,20261004-134232371-1cb403c11bc14ead82a53da512e42991,18290.3522,203993,12749.25,12749.25,failed,PASS,7e3cba40d2e56b25,0247ea98d29062c5,True,ineligible,True,completed,"{'revision': 1, 'iterations': 16, 'sample_count': 4, 'measurement_iterations_multiplier': 4, 'warmup_iterations': 3, 'gpu_completion_mode': 'per_iteration', 'unit': 'us', 'direction': 'lower_is_better'}"
win,parent,surface.vulkan_memory_pressure.representative.reuse,20261004-134232371-1cb403c11bc14ead82a53da512e42991,18290.3522,205337,12833,12833,failed,PASS,834dc31dcb46cb25,d885d846be04bb3d,True,ineligible,True,completed,"{'revision': 1, 'iterations': 16, 'sample_count': 4, 'measurement_iterations_multiplier': 4, 'warmup_iterations': 3, 'gpu_completion_mode': 'per_iteration', 'unit': 'us', 'direction': 'lower_is_better'}"
win,parent,surface.vulkan_memory_pressure.representative.idle_retention,20261004-134232371-1cb403c11bc14ead82a53da512e42991,18290.3522,15192,949.25,949.25,failed,PASS,e45ec923aeb05125,4ab34638455a76e1,True,ineligible,True,completed,"{'revision': 1, 'iterations': 16, 'sample_count': 4, 'measurement_iterations_multiplier': 4, 'warmup_iterations': 3, 'gpu_completion_mode': 'per_iteration', 'unit': 'us', 'direction': 'lower_is_better'}"
win,parent,surface.vulkan_memory_pressure.stress.growth,20261004-134232371-1cb403c11bc14ead82a53da512e42991,18290.3522,774765,48422.25,48422.25,failed,PASS,16b728a467be7f25,063949c8ff1686f9,True,ineligible,True,completed,"{'revision': 1, 'iterations': 16, 'sample_count': 4, 'measurement_iterations_multiplier': 4, 'warmup_iterations': 3, 'gpu_completion_mode': 'per_iteration', 'unit': 'us', 'direction': 'lower_is_better'}"
win,parent,surface.vulkan_memory_pressure.stress.plateau,20261004-134232371-1cb403c11bc14ead82a53da512e42991,18290.3522,782357,48897,48897,failed,PASS,2936a367d6aa6725,769bf225e8cc48d5,True,ineligible,True,completed,"{'revision': 1, 'iterations': 16, 'sample_count': 4, 'measurement_iterations_multiplier': 4, 'warmup_iterations': 3, 'gpu_completion_mode': 'per_iteration', 'unit': 'us', 'direction': 'lower_is_better'}"
win,parent,surface.vulkan_memory_pressure.stress.alias_resize,20261004-134232371-1cb403c11bc14ead82a53da512e42991,18290.3522,836790,52298.75,52298.75,failed,PASS,d5ab377572e54f25,c1ab77f18dbbc86d,True,ineligible,True,completed,"{'revision': 1, 'iterations': 16, 'sample_count': 4, 'measurement_iterations_multiplier': 4, 'warmup_iterations': 3, 'gpu_completion_mode': 'per_iteration', 'unit': 'us', 'direction': 'lower_is_better'}"
win,parent,surface.vulkan_memory_pressure.stress.reuse,20261004-134232371-1cb403c11bc14ead82a53da512e42991,18290.3522,860522,53782,53782,failed,PASS,12e4fbb929c6c725,837b6a123bb12a09,True,ineligible,True,completed,"{'revision': 1, 'iterations': 16, 'sample_count': 4, 'measurement_iterations_multiplier': 4, 'warmup_iterations': 3, 'gpu_completion_mode': 'per_iteration', 'unit': 'us', 'direction': 'lower_is_better'}"
win,parent,surface.vulkan_memory_pressure.stress.idle_retention,20261004-134232371-1cb403c11bc14ead82a53da512e42991,18290.3522,9607,600,600,failed,PASS,0289a35e3cbf6925,a24e2d9ee2191cd8,True,ineligible,True,completed,"{'revision': 1, 'iterations': 16, 'sample_count': 4, 'measurement_iterations_multiplier': 4, 'warmup_iterations': 3, 'gpu_completion_mode': 'per_iteration', 'unit': 'us', 'direction': 'lower_is_better'}"
win,parent,tiny_draw.arrays.fixed_function,20261004-134253275-75e5d35445884106b7d3394c7b412504,21092.3585,1396865,34921.1,34921.1,failed,PASS,acf025546cf667b5,5636eabc173a3691,True,ineligible,True,completed,"{'revision': 1, 'iterations': 40, 'sample_count': 10, 'measurement_iterations_multiplier': 4, 'warmup_iterations': 3, 'gpu_completion_mode': 'per_iteration', 'unit': 'us', 'direction': 'lower_is_better'}"
win,parent,tiny_draw.arrays.vertex_shader,20261004-134253275-75e5d35445884106b7d3394c7b412504,21092.3585,973325,24332.6,24332.6,failed,PASS,acf025546cf667b5,5528df4b56e8f75d,True,ineligible,True,completed,"{'revision': 1, 'iterations': 40, 'sample_count': 10, 'measurement_iterations_multiplier': 4, 'warmup_iterations': 3, 'gpu_completion_mode': 'per_iteration', 'unit': 'us', 'direction': 'lower_is_better'}"
win,parent,tiny_draw.inline_arrays.fixed_function,20261004-134253275-75e5d35445884106b7d3394c7b412504,21092.3585,1164831,29120.2,29120.2,failed,PASS,acf025546cf667b5,24f378fc9981dad5,True,ineligible,True,completed,"{'revision': 1, 'iterations': 40, 'sample_count': 10, 'measurement_iterations_multiplier': 4, 'warmup_iterations': 3, 'gpu_completion_mode': 'per_iteration', 'unit': 'us', 'direction': 'lower_is_better'}"
win,parent,tiny_draw.inline_arrays.vertex_shader,20261004-134253275-75e5d35445884106b7d3394c7b412504,21092.3585,1154646,28865.8,28865.8,failed,PASS,acf025546cf667b5,1f7bd52bdb2ddb2d,True,ineligible,True,completed,"{'revision': 1, 'iterations': 40, 'sample_count': 10, 'measurement_iterations_multiplier': 4, 'warmup_iterations': 3, 'gpu_completion_mode': 'per_iteration', 'unit': 'us', 'direction': 'lower_is_better'}"
win,parent,tiny_draw.inline_buffers.fixed_function,20261004-134253275-75e5d35445884106b7d3394c7b412504,21092.3585,731116,18277.5,18277.5,failed,PASS,acf025546cf667b5,1d33c1f03f3df5d5,True,ineligible,True,completed,"{'revision': 1, 'iterations': 40, 'sample_count': 10, 'measurement_iterations_multiplier': 4, 'warmup_iterations': 3, 'gpu_completion_mode': 'per_iteration', 'unit': 'us', 'direction': 'lower_is_better'}"
win,parent,tiny_draw.inline_buffers.vertex_shader,20261004-134253275-75e5d35445884106b7d3394c7b412504,21092.3585,732519,18312.6,18312.6,failed,PASS,acf025546cf667b5,98123d79a8ae06a5,True,ineligible,True,completed,"{'revision': 1, 'iterations': 40, 'sample_count': 10, 'measurement_iterations_multiplier': 4, 'warmup_iterations': 3, 'gpu_completion_mode': 'per_iteration', 'unit': 'us', 'direction': 'lower_is_better'}"
win,parent,tiny_draw.inline_elements.fixed_function,20261004-134253275-75e5d35445884106b7d3394c7b412504,21092.3585,949995,23749.5,23749.5,failed,PASS,acf025546cf667b5,cd0e5481b375a40d,True,ineligible,True,completed,"{'revision': 1, 'iterations': 40, 'sample_count': 10, 'measurement_iterations_multiplier': 4, 'warmup_iterations': 3, 'gpu_completion_mode': 'per_iteration', 'unit': 'us', 'direction': 'lower_is_better'}"
win,parent,tiny_draw.inline_elements.vertex_shader,20261004-134253275-75e5d35445884106b7d3394c7b412504,21092.3585,957557,23938.5,23938.5,failed,PASS,acf025546cf667b5,0539f844d85cc73d,True,ineligible,True,completed,"{'revision': 1, 'iterations': 40, 'sample_count': 10, 'measurement_iterations_multiplier': 4, 'warmup_iterations': 3, 'gpu_completion_mode': 'per_iteration', 'unit': 'us', 'direction': 'lower_is_better'}"
win,parent,uniform_thrash.uniform_thrash,20261004-134316987-ccc99493c8574e91817b33d373dbed46,12142.3711,70623,1765.2,1765.2,failed,PASS,09eb5907ef624c25,e643e886c2ebbdd5,True,ineligible,True,completed,"{'revision': 1, 'iterations': 40, 'sample_count': 10, 'measurement_iterations_multiplier': 4, 'warmup_iterations': 3, 'gpu_completion_mode': 'per_iteration', 'unit': 'us', 'direction': 'lower_is_better'}"
win,parent,vertex_buffer_allocation.mixed.arrays,20261004-134331760-0c3e711ac38d4839af712193e295573b,63764.8142,1215208,30379.9,,not evaluated,PASS,377e6c029807f325,377e6c029807f325,True,ineligible,True,completed,"{'revision': 1, 'iterations': 40, 'sample_count': 10, 'measurement_iterations_multiplier': 4, 'warmup_iterations': 3, 'gpu_completion_mode': 'per_iteration', 'unit': 'us', 'direction': 'lower_is_better'}"
win,parent,vertex_buffer_allocation.mixed.inline_arrays,20261004-134331760-0c3e711ac38d4839af712193e295573b,63764.8142,8824266,220606.2,,not evaluated,PASS,377e6c029807f325,377e6c029807f325,True,ineligible,True,completed,"{'revision': 1, 'iterations': 40, 'sample_count': 10, 'measurement_iterations_multiplier': 4, 'warmup_iterations': 3, 'gpu_completion_mode': 'per_iteration', 'unit': 'us', 'direction': 'lower_is_better'}"
win,parent,vertex_buffer_allocation.mixed.inline_buffers,20261004-134331760-0c3e711ac38d4839af712193e295573b,63764.8142,25086234,627155.5,,not evaluated,PASS,377e6c029807f325,377e6c029807f325,True,ineligible,True,completed,"{'revision': 1, 'iterations': 40, 'sample_count': 10, 'measurement_iterations_multiplier': 4, 'warmup_iterations': 3, 'gpu_completion_mode': 'per_iteration', 'unit': 'us', 'direction': 'lower_is_better'}"
win,parent,vertex_buffer_allocation.mixed.inline_elements,20261004-134331760-0c3e711ac38d4839af712193e295573b,63764.8142,1310980,32774.1,,not evaluated,PASS,377e6c029807f325,377e6c029807f325,True,ineligible,True,completed,"{'revision': 1, 'iterations': 40, 'sample_count': 10, 'measurement_iterations_multiplier': 4, 'warmup_iterations': 3, 'gpu_completion_mode': 'per_iteration', 'unit': 'us', 'direction': 'lower_is_better'}"
win,parent,vertex_buffer_allocation.tiny.arrays,20261004-134331760-0c3e711ac38d4839af712193e295573b,63764.8142,1329340,33233.1,,not evaluated,PASS,377e6c029807f325,377e6c029807f325,True,ineligible,True,completed,"{'revision': 1, 'iterations': 40, 'sample_count': 10, 'measurement_iterations_multiplier': 4, 'warmup_iterations': 3, 'gpu_completion_mode': 'per_iteration', 'unit': 'us', 'direction': 'lower_is_better'}"
win,parent,vertex_buffer_allocation.tiny.inline_arrays,20261004-134331760-0c3e711ac38d4839af712193e295573b,63764.8142,1453080,36326.5,,not evaluated,PASS,377e6c029807f325,377e6c029807f325,True,ineligible,True,completed,"{'revision': 1, 'iterations': 40, 'sample_count': 10, 'measurement_iterations_multiplier': 4, 'warmup_iterations': 3, 'gpu_completion_mode': 'per_iteration', 'unit': 'us', 'direction': 'lower_is_better'}"
win,parent,vertex_buffer_allocation.tiny.inline_buffers,20261004-134331760-0c3e711ac38d4839af712193e295573b,63764.8142,1423054,35575.8,,not evaluated,PASS,377e6c029807f325,377e6c029807f325,True,ineligible,True,completed,"{'revision': 1, 'iterations': 40, 'sample_count': 10, 'measurement_iterations_multiplier': 4, 'warmup_iterations': 3, 'gpu_completion_mode': 'per_iteration', 'unit': 'us', 'direction': 'lower_is_better'}"
win,parent,vertex_buffer_allocation.tiny.inline_elements,20261004-134331760-0c3e711ac38d4839af712193e295573b,63764.8142,1326528,33162.8,,not evaluated,PASS,377e6c029807f325,377e6c029807f325,True,ineligible,True,completed,"{'revision': 1, 'iterations': 40, 'sample_count': 10, 'measurement_iterations_multiplier': 4, 'warmup_iterations': 3, 'gpu_completion_mode': 'per_iteration', 'unit': 'us', 'direction': 'lower_is_better'}"
win,parent,vertex_buffer_allocation.rising_transient_growth,20261004-134331760-0c3e711ac38d4839af712193e295573b,63764.8142,2635151,658787,,not evaluated,PASS,377e6c029807f325,,False,ineligible,True,completed,"{'revision': 1, 'iterations': 4, 'sample_count': 1, 'measurement_iterations_multiplier': 4, 'warmup_iterations': 3, 'gpu_completion_mode': 'per_iteration', 'unit': 'us', 'direction': 'lower_is_better'}"
win,parent,vertex_buffer_allocation.disjoint_same_page,20261004-134331760-0c3e711ac38d4839af712193e295573b,63764.8142,1196391,29909.4,,not evaluated,PASS,fdcd25a37910bb25,d93bb411fee61f6d,True,ineligible,True,completed,"{'revision': 1, 'iterations': 40, 'sample_count': 10, 'measurement_iterations_multiplier': 4, 'warmup_iterations': 3, 'gpu_completion_mode': 'per_iteration', 'unit': 'us', 'direction': 'lower_is_better'}"
win,candidate,busy_pfifo.pfifo_saturation,20261004-134439189-8cb3717f54f9428c9790628c3a390cc5,49767.9077,3538550,88463.3,,not evaluated,PASS,1508607624bb8506,1508607624bb8506,True,ineligible,True,completed,"{'revision': 1, 'iterations': 40, 'sample_count': 10, 'measurement_iterations_multiplier': 4, 'warmup_iterations': 3, 'gpu_completion_mode': 'per_iteration', 'unit': 'us', 'direction': 'lower_is_better'}"
win,candidate,busy_pfifo.pgraph_pattern_polling,20261004-134439189-8cb3717f54f9428c9790628c3a390cc5,49767.9077,18607937,4651984,,not evaluated,PASS,386d0f085e98c325,386d0f085e98c325,True,ineligible,True,completed,"{'revision': 1, 'iterations': 4, 'sample_count': 1, 'measurement_iterations_multiplier': 4, 'warmup_iterations': 3, 'gpu_completion_mode': 'per_iteration', 'unit': 'us', 'direction': 'lower_is_better'}"
win,candidate,pfifo_array_elements.array_element_pgr2,20261004-134439189-8cb3717f54f9428c9790628c3a390cc5,49767.9077,15258,476.5,,not evaluated,PASS,bbc8b0702ffd0325,bbc8b0702ffd0325,True,ineligible,True,completed,"{'revision': 1, 'iterations': 32, 'sample_count': 8, 'measurement_iterations_multiplier': 4, 'warmup_iterations': 3, 'gpu_completion_mode': 'per_iteration', 'unit': 'us', 'direction': 'lower_is_better'}"
win,candidate,pfifo_array_elements.array_element16,20261004-134439189-8cb3717f54f9428c9790628c3a390cc5,49767.9077,17175,536.5,,not evaluated,PASS,9c884de2a5d32325,9c884de2a5d32325,True,ineligible,True,completed,"{'revision': 1, 'iterations': 32, 'sample_count': 8, 'measurement_iterations_multiplier': 4, 'warmup_iterations': 3, 'gpu_completion_mode': 'per_iteration', 'unit': 'us', 'direction': 'lower_is_better'}"
win,candidate,pfifo_array_elements.array_element32,20261004-134439189-8cb3717f54f9428c9790628c3a390cc5,49767.9077,31208,975,,not evaluated,PASS,e079f0cf1a994325,e079f0cf1a994325,True,ineligible,True,completed,"{'revision': 1, 'iterations': 32, 'sample_count': 8, 'measurement_iterations_multiplier': 4, 'warmup_iterations': 3, 'gpu_completion_mode': 'per_iteration', 'unit': 'us', 'direction': 'lower_is_better'}"
win,candidate,pfifo_packet_boundary.array_element16_overflow,20261004-134439189-8cb3717f54f9428c9790628c3a390cc5,49767.9077,60929,15232,,not evaluated,PASS,4d1756526f052325,,False,ineligible,True,completed,"{'revision': 1, 'iterations': 4, 'sample_count': 1, 'measurement_iterations_multiplier': 4, 'warmup_iterations': 3, 'gpu_completion_mode': 'per_iteration', 'unit': 'us', 'direction': 'lower_is_better'}"
win,candidate,pfifo_packet_boundary.array_element32_overflow,20261004-134439189-8cb3717f54f9428c9790628c3a390cc5,49767.9077,121923,30480,,not evaluated,PASS,6eb7071be692a325,,False,ineligible,True,completed,"{'revision': 1, 'iterations': 4, 'sample_count': 1, 'measurement_iterations_multiplier': 4, 'warmup_iterations': 3, 'gpu_completion_mode': 'per_iteration', 'unit': 'us', 'direction': 'lower_is_better'}"
win,candidate,pfifo_packet_boundary.inline_array_overflow,20261004-134439189-8cb3717f54f9428c9790628c3a390cc5,49767.9077,121295,30323,,not evaluated,PASS,847da1930526a325,,False,ineligible,True,completed,"{'revision': 1, 'iterations': 4, 'sample_count': 1, 'measurement_iterations_multiplier': 4, 'warmup_iterations': 3, 'gpu_completion_mode': 'per_iteration', 'unit': 'us', 'direction': 'lower_is_better'}"
win,candidate,pfifo_packet_boundary.incrementing_inline_fallback,20261004-134439189-8cb3717f54f9428c9790628c3a390cc5,49767.9077,109,27,,not evaluated,PASS,640439ee8ecd2325,,False,ineligible,True,completed,"{'revision': 1, 'iterations': 4, 'sample_count': 1, 'measurement_iterations_multiplier': 4, 'warmup_iterations': 3, 'gpu_completion_mode': 'per_iteration', 'unit': 'us', 'direction': 'lower_is_better'}"
win,candidate,cpu_floating_point.sse_scalar,20261004-134531552-cd101f9bb9b3489ea9c7d99932a0d956,109094.4258,21569889,539246.9,539246.9,passed,PASS,6962077c244da325,6962077c244da325,True,ineligible,True,completed,"{'revision': 1, 'iterations': 40, 'sample_count': 10, 'measurement_iterations_multiplier': 4, 'warmup_iterations': 3, 'gpu_completion_mode': 'per_iteration', 'unit': 'us', 'direction': 'lower_is_better'}"
win,candidate,cpu_floating_point.x87_scalar,20261004-134531552-cd101f9bb9b3489ea9c7d99932a0d956,109094.4258,33561379,839034,839034,passed,PASS,6962077c244da325,6962077c244da325,True,ineligible,True,completed,"{'revision': 1, 'iterations': 40, 'sample_count': 10, 'measurement_iterations_multiplier': 4, 'warmup_iterations': 3, 'gpu_completion_mode': 'per_iteration', 'unit': 'us', 'direction': 'lower_is_better'}"
win,candidate,cpu_translation_blocks.direct_loop,20261004-134531552-cd101f9bb9b3489ea9c7d99932a0d956,109094.4258,410262,10256.1,10256.1,passed,PASS,bd1fc9bf0c318325,bd1fc9bf0c318325,True,ineligible,True,completed,"{'revision': 1, 'iterations': 40, 'sample_count': 10, 'measurement_iterations_multiplier': 4, 'warmup_iterations': 3, 'gpu_completion_mode': 'per_iteration', 'unit': 'us', 'direction': 'lower_is_better'}"
win,candidate,cpu_translation_blocks.indirect_dispatch,20261004-134531552-cd101f9bb9b3489ea9c7d99932a0d956,109094.4258,1674753,41868.5,41868.5,passed,PASS,c0426cf669a02325,c0426cf669a02325,True,ineligible,True,completed,"{'revision': 1, 'iterations': 40, 'sample_count': 10, 'measurement_iterations_multiplier': 4, 'warmup_iterations': 3, 'gpu_completion_mode': 'per_iteration', 'unit': 'us', 'direction': 'lower_is_better'}"
win,candidate,cpu_translation_blocks.indirect_dispatch_stress,20261004-134531552-cd101f9bb9b3489ea9c7d99932a0d956,109094.4258,32809469,820236.2,820236.2,passed,PASS,fbd507cb0c622325,fbd507cb0c622325,True,ineligible,True,completed,"{'revision': 1, 'iterations': 40, 'sample_count': 10, 'measurement_iterations_multiplier': 4, 'warmup_iterations': 3, 'gpu_completion_mode': 'per_iteration', 'unit': 'us', 'direction': 'lower_is_better'}"
win,candidate,fill_rate.solid,20261004-134723260-c73fabf13e37472fb874850ef7aa4b37,12223.7255,67763,1693.6,1693.6,passed,PASS,08b0f60773aac775,08b0f60773aac775,True,ineligible,True,completed,"{'revision': 1, 'iterations': 40, 'sample_count': 10, 'measurement_iterations_multiplier': 4, 'warmup_iterations': 3, 'gpu_completion_mode': 'per_iteration', 'unit': 'us', 'direction': 'lower_is_better'}"
win,candidate,fill_rate.textured,20261004-134723260-c73fabf13e37472fb874850ef7aa4b37,12223.7255,48981,1224.2,1224.2,passed,PASS,99b433323df1684d,99b433323df1684d,True,ineligible,True,completed,"{'revision': 1, 'iterations': 40, 'sample_count': 10, 'measurement_iterations_multiplier': 4, 'warmup_iterations': 3, 'gpu_completion_mode': 'per_iteration', 'unit': 'us', 'direction': 'lower_is_better'}"
win,candidate,pipeline_texture_switch.clear_texture_normal,20261004-134738099-c8474c067897454d98016bb612a8338e,15762.873,409434,12794.375,,not evaluated,PASS,22ba4f1405cda325,22ba4f1405cda325,True,ineligible,True,completed,"{'revision': 1, 'iterations': 32, 'sample_count': 8, 'measurement_iterations_multiplier': 4, 'warmup_iterations': 3, 'gpu_completion_mode': 'per_iteration', 'unit': 'us', 'direction': 'lower_is_better'}"
win,candidate,pipeline_texture_switch.palette_dma_remap,20261004-134738099-c8474c067897454d98016bb612a8338e,15762.873,66567,16641,,not evaluated,PASS,fbf687de65082325,,False,ineligible,True,completed,"{'revision': 1, 'iterations': 4, 'sample_count': 1, 'measurement_iterations_multiplier': 4, 'warmup_iterations': 3, 'gpu_completion_mode': 'per_iteration', 'unit': 'us', 'direction': 'lower_is_better'}"
win,candidate,pipeline_texture_switch.palette_only_update,20261004-134738099-c8474c067897454d98016bb612a8338e,15762.873,75837,18959,,not evaluated,PASS,467aab2f95cda325,,False,ineligible,True,completed,"{'revision': 1, 'iterations': 4, 'sample_count': 1, 'measurement_iterations_multiplier': 4, 'warmup_iterations': 3, 'gpu_completion_mode': 'per_iteration', 'unit': 'us', 'direction': 'lower_is_better'}"
win,candidate,pipeline_texture_switch.sampler_only_identity,20261004-134738099-c8474c067897454d98016bb612a8338e,15762.873,728189,22755.625,,not evaluated,PASS,0b8438c8404da325,0b8438c8404da325,True,ineligible,True,completed,"{'revision': 1, 'iterations': 32, 'sample_count': 8, 'measurement_iterations_multiplier': 4, 'warmup_iterations': 3, 'gpu_completion_mode': 'per_iteration', 'unit': 'us', 'direction': 'lower_is_better'}"
win,candidate,pipeline_texture_switch.shader_negative_control,20261004-134738099-c8474c067897454d98016bb612a8338e,15762.873,592783,18524,,not evaluated,PASS,f110c8bd6338c325,f110c8bd6338c325,True,ineligible,True,completed,"{'revision': 1, 'iterations': 32, 'sample_count': 8, 'measurement_iterations_multiplier': 4, 'warmup_iterations': 3, 'gpu_completion_mode': 'per_iteration', 'unit': 'us', 'direction': 'lower_is_better'}"
win,candidate,pipeline_texture_switch.shared_page_overlap,20261004-134738099-c8474c067897454d98016bb612a8338e,15762.873,74021,18505,,not evaluated,PASS,83bb59a8648da325,,False,ineligible,True,completed,"{'revision': 1, 'iterations': 4, 'sample_count': 1, 'measurement_iterations_multiplier': 4, 'warmup_iterations': 3, 'gpu_completion_mode': 'per_iteration', 'unit': 'us', 'direction': 'lower_is_better'}"
win,candidate,pipeline_texture_switch.texture_dma_remap,20261004-134738099-c8474c067897454d98016bb612a8338e,15762.873,66579,16644,,not evaluated,PASS,fbf687de65082325,,False,ineligible,True,completed,"{'revision': 1, 'iterations': 4, 'sample_count': 1, 'measurement_iterations_multiplier': 4, 'warmup_iterations': 3, 'gpu_completion_mode': 'per_iteration', 'unit': 'us', 'direction': 'lower_is_better'}"
win,candidate,pipeline_texture_switch.texture_switch,20261004-134738099-c8474c067897454d98016bb612a8338e,15762.873,604705,18896.625,,not evaluated,PASS,8ae05d31fb00c325,8ae05d31fb00c325,True,ineligible,True,completed,"{'revision': 1, 'iterations': 32, 'sample_count': 8, 'measurement_iterations_multiplier': 4, 'warmup_iterations': 3, 'gpu_completion_mode': 'per_iteration', 'unit': 'us', 'direction': 'lower_is_better'}"
win,candidate,report_query.clear_boundary,20261004-134756473-b9bab115e74f431ea66e854989d8ea09,12558.6856,16043,1002.25,,not evaluated,PASS,b5eb7c4b9c8da325,,False,ineligible,True,completed,"{'revision': 2, 'iterations': 16, 'sample_count': 4, 'measurement_iterations_multiplier': 4, 'warmup_iterations': 3, 'gpu_completion_mode': 'per_iteration', 'unit': 'us', 'direction': 'lower_is_better'}"
win,candidate,report_query.dma_descriptor_rewrite,20261004-134756473-b9bab115e74f431ea66e854989d8ea09,12558.6856,4553,4553,,not evaluated,PASS,c0c0fdbececda325,,False,ineligible,True,completed,"{'revision': 2, 'iterations': 1, 'sample_count': 1, 'measurement_iterations_multiplier': 1, 'warmup_iterations': 0, 'gpu_completion_mode': 'per_iteration', 'unit': 'us', 'direction': 'lower_is_better'}"
win,candidate,report_query.dma_range_guard,20261004-134756473-b9bab115e74f431ea66e854989d8ea09,12558.6856,1694,1694,,not evaluated,PASS,3f648ce11a4da325,,False,ineligible,True,completed,"{'revision': 2, 'iterations': 1, 'sample_count': 1, 'measurement_iterations_multiplier': 1, 'warmup_iterations': 0, 'gpu_completion_mode': 'per_iteration', 'unit': 'us', 'direction': 'lower_is_better'}"
win,candidate,report_query.dma_target_switch,20261004-134756473-b9bab115e74f431ea66e854989d8ea09,12558.6856,21738,1358.5,,not evaluated,PASS,4c4bd8cd440da325,,False,ineligible,True,completed,"{'revision': 2, 'iterations': 16, 'sample_count': 4, 'measurement_iterations_multiplier': 4, 'warmup_iterations': 3, 'gpu_completion_mode': 'per_iteration', 'unit': 'us', 'direction': 'lower_is_better'}"
win,candidate,report_query.fifo_producer_ordering,20261004-134756473-b9bab115e74f431ea66e854989d8ea09,12558.6856,21114,1319.25,,not evaluated,PASS,0d907c24a88da325,,False,ineligible,True,completed,"{'revision': 2, 'iterations': 16, 'sample_count': 4, 'measurement_iterations_multiplier': 4, 'warmup_iterations': 3, 'gpu_completion_mode': 'per_iteration', 'unit': 'us', 'direction': 'lower_is_better'}"
win,candidate,report_query.multiple_boundaries,20261004-134756473-b9bab115e74f431ea66e854989d8ea09,12558.6856,12141,758.5,,not evaluated,PASS,0c966fc9ba4da325,,False,ineligible,True,completed,"{'revision': 2, 'iterations': 16, 'sample_count': 4, 'measurement_iterations_multiplier': 4, 'warmup_iterations': 3, 'gpu_completion_mode': 'per_iteration', 'unit': 'us', 'direction': 'lower_is_better'}"
win,candidate,report_query.single_boundary,20261004-134756473-b9bab115e74f431ea66e854989d8ea09,12558.6856,11930,745.25,,not evaluated,PASS,60e674c9fecda325,,False,ineligible,True,completed,"{'revision': 2, 'iterations': 16, 'sample_count': 4, 'measurement_iterations_multiplier': 4, 'warmup_iterations': 3, 'gpu_completion_mode': 'per_iteration', 'unit': 'us', 'direction': 'lower_is_better'}"
win,candidate,report_query.zero_query,20261004-134756473-b9bab115e74f431ea66e854989d8ea09,12558.6856,10928,682.75,,not evaluated,PASS,23875dfeb40da325,,False,ineligible,True,completed,"{'revision': 2, 'iterations': 16, 'sample_count': 4, 'measurement_iterations_multiplier': 4, 'warmup_iterations': 3, 'gpu_completion_mode': 'per_iteration', 'unit': 'us', 'direction': 'lower_is_better'}"
win,candidate,shader_lifecycle.readiness_train_visible,20261004-134811638-8161914f69ed4b839c72cacdbd30a966,22060.4565,65959,16489,,not evaluated,PASS,d4c939c4f0ce4325,,False,ineligible,True,completed,"{'revision': 1, 'iterations': 4, 'sample_count': 1, 'measurement_iterations_multiplier': 4, 'warmup_iterations': 3, 'gpu_completion_mode': 'per_iteration', 'unit': 'us', 'direction': 'lower_is_better'}"
win,candidate,shader_lifecycle.readiness_replay_visible,20261004-134836293-2871aa121ee442379e50c42cc13d01aa,22127.0725,66379,16594,,not evaluated,PASS,d4c939c4f0ce4325,,False,ineligible,True,completed,"{'revision': 1, 'iterations': 4, 'sample_count': 1, 'measurement_iterations_multiplier': 4, 'warmup_iterations': 3, 'gpu_completion_mode': 'per_iteration', 'unit': 'us', 'direction': 'lower_is_better'}"
win,candidate,shader_lifecycle.readiness_identical_replay,20261004-134901024-c173b7ac20df4ea3b91f285c2decf4e7,50180.7374,16083396,4020849,,not evaluated,PASS,70615ec6b77f8325,,False,ineligible,True,completed,"{'revision': 1, 'iterations': 4, 'sample_count': 1, 'measurement_iterations_multiplier': 4, 'warmup_iterations': 3, 'gpu_completion_mode': 'per_iteration', 'unit': 'us', 'direction': 'lower_is_better'}"
win,candidate,shader_lifecycle.readiness_uniform_only,20261004-134953812-d991fa12394446c3808074f2764c609c,22329.6206,65941,16485,,not evaluated,PASS,113d534d51f95325,,False,ineligible,True,completed,"{'revision': 1, 'iterations': 4, 'sample_count': 1, 'measurement_iterations_multiplier': 4, 'warmup_iterations': 3, 'gpu_completion_mode': 'per_iteration', 'unit': 'us', 'direction': 'lower_is_better'}"
win,candidate,shader_lifecycle.readiness_early_demand,20261004-135018763-0918944b5f844ffea5902bd000bd9d7e,22148.8717,66078,16519,,not evaluated,PASS,d4c939c4f0ce4325,,False,ineligible,True,completed,"{'revision': 1, 'iterations': 4, 'sample_count': 1, 'measurement_iterations_multiplier': 4, 'warmup_iterations': 3, 'gpu_completion_mode': 'per_iteration', 'unit': 'us', 'direction': 'lower_is_better'}"
win,candidate,game_load.long_unlocked_scene.cpu,20261004-135043527-5eaab3b26d514d2492b7e3eb51d1cd53,89689.0465,778839,24338.25,24338.25,passed,PASS,7c59a4dc0f8ba325,7c59a4dc0f8ba325,True,ineligible,True,completed,"{'revision': 1, 'iterations': 32, 'sample_count': 8, 'measurement_iterations_multiplier': 4, 'warmup_iterations': 3, 'gpu_completion_mode': 'per_iteration', 'unit': 'us', 'direction': 'lower_is_better'}"
win,candidate,game_load.long_unlocked_scene.pfifo,20261004-135043527-5eaab3b26d514d2492b7e3eb51d1cd53,89689.0465,186765,5836,5836,passed,PASS,7c59a4dc0f8ba325,7c59a4dc0f8ba325,True,ineligible,True,completed,"{'revision': 1, 'iterations': 32, 'sample_count': 8, 'measurement_iterations_multiplier': 4, 'warmup_iterations': 3, 'gpu_completion_mode': 'per_iteration', 'unit': 'us', 'direction': 'lower_is_better'}"
win,candidate,game_load.long_unlocked_scene.alpha_overdraw,20261004-135043527-5eaab3b26d514d2492b7e3eb51d1cd53,89689.0465,1599335,49978.75,49978.75,passed,PASS,7c59a4dc0f8ba325,7c59a4dc0f8ba325,True,ineligible,True,completed,"{'revision': 1, 'iterations': 32, 'sample_count': 8, 'measurement_iterations_multiplier': 4, 'warmup_iterations': 3, 'gpu_completion_mode': 'per_iteration', 'unit': 'us', 'direction': 'lower_is_better'}"
win,candidate,game_load.long_unlocked_scene.streaming_surface_reuse,20261004-135043527-5eaab3b26d514d2492b7e3eb51d1cd53,89689.0465,525844,16432.125,16432.125,passed,PASS,7c59a4dc0f8ba325,7c59a4dc0f8ba325,True,ineligible,True,completed,"{'revision': 1, 'iterations': 32, 'sample_count': 8, 'measurement_iterations_multiplier': 4, 'warmup_iterations': 3, 'gpu_completion_mode': 'per_iteration', 'unit': 'us', 'direction': 'lower_is_better'}"
win,candidate,game_load.long_unlocked_scene.combined,20261004-135043527-5eaab3b26d514d2492b7e3eb51d1cd53,89689.0465,3130707,97834.25,97834.25,passed,PASS,7c59a4dc0f8ba325,7c59a4dc0f8ba325,True,ineligible,True,completed,"{'revision': 1, 'iterations': 32, 'sample_count': 8, 'measurement_iterations_multiplier': 4, 'warmup_iterations': 3, 'gpu_completion_mode': 'per_iteration', 'unit': 'us', 'direction': 'lower_is_better'}"
win,candidate,game_load.long_unlocked_scene.full_system,20261004-135043527-5eaab3b26d514d2492b7e3eb51d1cd53,89689.0465,3118217,97443.875,97443.875,passed,PASS,7c59a4dc0f8ba325,7c59a4dc0f8ba325,True,ineligible,True,completed,"{'revision': 1, 'iterations': 32, 'sample_count': 8, 'measurement_iterations_multiplier': 4, 'warmup_iterations': 3, 'gpu_completion_mode': 'per_iteration', 'unit': 'us', 'direction': 'lower_is_better'}"
win,candidate,game_load.cross_title_hotpath.queued_vertex_cpu_writes,20261004-135043527-5eaab3b26d514d2492b7e3eb51d1cd53,89689.0465,2131491,66609,66609,passed,PASS,cf19c8d27e2aa325,cf19c8d27e2aa325,True,ineligible,True,completed,"{'revision': 1, 'iterations': 32, 'sample_count': 8, 'measurement_iterations_multiplier': 4, 'warmup_iterations': 3, 'gpu_completion_mode': 'per_iteration', 'unit': 'us', 'direction': 'lower_is_better'}"
win,candidate,game_load.cross_title_hotpath.pgr2_small_draws,20261004-135043527-5eaab3b26d514d2492b7e3eb51d1cd53,89689.0465,3967568,123986.25,123986.25,passed,PASS,2a1e0148d2c0e325,2a1e0148d2c0e325,True,ineligible,True,completed,"{'revision': 1, 'iterations': 32, 'sample_count': 8, 'measurement_iterations_multiplier': 4, 'warmup_iterations': 3, 'gpu_completion_mode': 'per_iteration', 'unit': 'us', 'direction': 'lower_is_better'}"
win,candidate,game_load.cross_title_hotpath.texture_update_reuse,20261004-135043527-5eaab3b26d514d2492b7e3eb51d1cd53,89689.0465,91337,2853.75,2853.75,passed,PASS,5612bef321a56325,5612bef321a56325,True,ineligible,True,completed,"{'revision': 1, 'iterations': 32, 'sample_count': 8, 'measurement_iterations_multiplier': 4, 'warmup_iterations': 3, 'gpu_completion_mode': 'per_iteration', 'unit': 'us', 'direction': 'lower_is_better'}"
win,candidate,game_load.cross_title_hotpath.surface_reuse,20261004-135043527-5eaab3b26d514d2492b7e3eb51d1cd53,89689.0465,212510,6640.625,6640.625,passed,PASS,846d9f21b7c6a325,846d9f21b7c6a325,True,ineligible,True,completed,"{'revision': 1, 'iterations': 32, 'sample_count': 8, 'measurement_iterations_multiplier': 4, 'warmup_iterations': 3, 'gpu_completion_mode': 'per_iteration', 'unit': 'us', 'direction': 'lower_is_better'}"
win,candidate,game_load.cross_title_hotpath.pipeline_state_churn,20261004-135043527-5eaab3b26d514d2492b7e3eb51d1cd53,89689.0465,2132804,66649.75,66649.75,passed,PASS,22f040b2add4a325,22f040b2add4a325,True,ineligible,True,completed,"{'revision': 1, 'iterations': 32, 'sample_count': 8, 'measurement_iterations_multiplier': 4, 'warmup_iterations': 3, 'gpu_completion_mode': 'per_iteration', 'unit': 'us', 'direction': 'lower_is_better'}"
win,candidate,game_load.cross_title_hotpath.blend_constant_reuse,20261004-135043527-5eaab3b26d514d2492b7e3eb51d1cd53,89689.0465,3732484,116639.75,116639.75,passed,PASS,a08ca118008fa325,a08ca118008fa325,True,ineligible,True,completed,"{'revision': 1, 'iterations': 32, 'sample_count': 8, 'measurement_iterations_multiplier': 4, 'warmup_iterations': 3, 'gpu_completion_mode': 'per_iteration', 'unit': 'us', 'direction': 'lower_is_better'}"
win,candidate,game_load.cross_title_hotpath.texture_binding_reuse,20261004-135043527-5eaab3b26d514d2492b7e3eb51d1cd53,89689.0465,4799354,149979.5,149979.5,passed,PASS,dfaaa3022df6a325,dfaaa3022df6a325,True,ineligible,True,completed,"{'revision': 1, 'iterations': 32, 'sample_count': 8, 'measurement_iterations_multiplier': 4, 'warmup_iterations': 3, 'gpu_completion_mode': 'per_iteration', 'unit': 'us', 'direction': 'lower_is_better'}"
win,candidate,game_load.cross_title_hotpath.pgr2_lagspot_inline_elements,20261004-135043527-5eaab3b26d514d2492b7e3eb51d1cd53,89689.0465,3208138,100253.875,100253.875,passed,PASS,1289219c28d5a325,1289219c28d5a325,True,ineligible,True,completed,"{'revision': 1, 'iterations': 32, 'sample_count': 8, 'measurement_iterations_multiplier': 4, 'warmup_iterations': 3, 'gpu_completion_mode': 'per_iteration', 'unit': 'us', 'direction': 'lower_is_better'}"
win,candidate,game_load.cross_title_hotpath.scaled_surface_pressure,20261004-135043527-5eaab3b26d514d2492b7e3eb51d1cd53,89689.0465,9173486,286671,286671,passed,PASS,e81e5b4a4675a325,e81e5b4a4675a325,True,ineligible,True,completed,"{'revision': 1, 'iterations': 32, 'sample_count': 8, 'measurement_iterations_multiplier': 4, 'warmup_iterations': 3, 'gpu_completion_mode': 'per_iteration', 'unit': 'us', 'direction': 'lower_is_better'}"
win,candidate,game_load.cross_title_hotpath.s3tc_streaming_fenced_draws,20261004-135043527-5eaab3b26d514d2492b7e3eb51d1cd53,89689.0465,30928416,966512.625,966512.625,passed,PASS,a0f51c6c46a52325,a0f51c6c46a52325,True,ineligible,True,completed,"{'revision': 1, 'iterations': 32, 'sample_count': 8, 'measurement_iterations_multiplier': 4, 'warmup_iterations': 3, 'gpu_completion_mode': 'per_iteration', 'unit': 'us', 'direction': 'lower_is_better'}"
win,candidate,game_load.cross_title_hotpath.gpu_wait_control,20261004-135043527-5eaab3b26d514d2492b7e3eb51d1cd53,89689.0465,34731,1084.875,1084.875,passed,PASS,828855c0a34e2325,828855c0a34e2325,True,ineligible,True,completed,"{'revision': 1, 'iterations': 32, 'sample_count': 8, 'measurement_iterations_multiplier': 4, 'warmup_iterations': 3, 'gpu_completion_mode': 'per_iteration', 'unit': 'us', 'direction': 'lower_is_better'}"
win,candidate,game_load.s3tc_sync_factor.dxt1_same_address_wait,20261004-135215830-2bc3863c60b1474e800a9a2217efc5c2,34022.0029,531734,16616.125,16616.125,failed,PASS,3403675459d4d3d5,db28300321744de5,True,ineligible,True,completed,"{'revision': 1, 'iterations': 32, 'sample_count': 8, 'measurement_iterations_multiplier': 4, 'warmup_iterations': 3, 'gpu_completion_mode': 'per_iteration', 'unit': 'us', 'direction': 'lower_is_better'}"
win,candidate,game_load.s3tc_sync_factor.dxt1_same_address_queued,20261004-135215830-2bc3863c60b1474e800a9a2217efc5c2,34022.0029,533378,16667.75,16667.75,failed,PASS,3aa658d791b7d4ef,9998993e8dcf6939,True,ineligible,True,completed,"{'revision': 1, 'iterations': 32, 'sample_count': 8, 'measurement_iterations_multiplier': 4, 'warmup_iterations': 3, 'gpu_completion_mode': 'per_iteration', 'unit': 'us', 'direction': 'lower_is_better'}"
win,candidate,game_load.s3tc_sync_factor.dxt1_ring_payload_generations,20261004-135215830-2bc3863c60b1474e800a9a2217efc5c2,34022.0029,1033272,32289.375,32289.375,failed,PASS,3403675459d4d3d5,db28300321744de5,True,ineligible,True,completed,"{'revision': 1, 'iterations': 32, 'sample_count': 8, 'measurement_iterations_multiplier': 4, 'warmup_iterations': 3, 'gpu_completion_mode': 'per_iteration', 'unit': 'us', 'direction': 'lower_is_better'}"
win,candidate,game_load.s3tc_sync_factor.dxt1_dirty_once_redraw,20261004-135215830-2bc3863c60b1474e800a9a2217efc5c2,34022.0029,532854,16651.375,16651.375,passed,PASS,428c04bbb0a62725,428c04bbb0a62725,True,ineligible,True,completed,"{'revision': 1, 'iterations': 32, 'sample_count': 8, 'measurement_iterations_multiplier': 4, 'warmup_iterations': 3, 'gpu_completion_mode': 'per_iteration', 'unit': 'us', 'direction': 'lower_is_better'}"
win,candidate,game_load.s3tc_sync_factor.rgba8_same_address_wait,20261004-135215830-2bc3863c60b1474e800a9a2217efc5c2,34022.0029,1599029,49969.5,49969.5,passed,PASS,3403675459d4d3d5,3403675459d4d3d5,True,ineligible,True,completed,"{'revision': 1, 'iterations': 32, 'sample_count': 8, 'measurement_iterations_multiplier': 4, 'warmup_iterations': 3, 'gpu_completion_mode': 'per_iteration', 'unit': 'us', 'direction': 'lower_is_better'}"
win,candidate,game_load.s3tc_sync_factor.rgba8_same_address_queued,20261004-135215830-2bc3863c60b1474e800a9a2217efc5c2,34022.0029,1600733,50022.625,50022.625,failed,PASS,2f01aa7fd0d2e469,719d8f45c46b69f6,True,ineligible,True,completed,"{'revision': 1, 'iterations': 32, 'sample_count': 8, 'measurement_iterations_multiplier': 4, 'warmup_iterations': 3, 'gpu_completion_mode': 'per_iteration', 'unit': 'us', 'direction': 'lower_is_better'}"
win,candidate,game_load.s3tc_sync_factor.rgba8_ring_payload_generations,20261004-135215830-2bc3863c60b1474e800a9a2217efc5c2,34022.0029,4268191,133380.75,133380.75,passed,PASS,3403675459d4d3d5,3403675459d4d3d5,True,ineligible,True,completed,"{'revision': 1, 'iterations': 32, 'sample_count': 8, 'measurement_iterations_multiplier': 4, 'warmup_iterations': 3, 'gpu_completion_mode': 'per_iteration', 'unit': 'us', 'direction': 'lower_is_better'}"
win,candidate,game_load.s3tc_sync_factor.rgba8_dirty_once_redraw,20261004-135215830-2bc3863c60b1474e800a9a2217efc5c2,34022.0029,532776,16648.875,16648.875,passed,PASS,428c04bbb0a62725,428c04bbb0a62725,True,ineligible,True,completed,"{'revision': 1, 'iterations': 32, 'sample_count': 8, 'measurement_iterations_multiplier': 4, 'warmup_iterations': 3, 'gpu_completion_mode': 'per_iteration', 'unit': 'us', 'direction': 'lower_is_better'}"
win,candidate,game_load.s3tc_sync_factor.bc2_native_eligible,20261004-135215830-2bc3863c60b1474e800a9a2217efc5c2,34022.0029,1116676,34895.75,34895.75,failed,PASS,3403675459d4d3d5,db28300321744de5,True,ineligible,True,completed,"{'revision': 1, 'iterations': 32, 'sample_count': 8, 'measurement_iterations_multiplier': 4, 'warmup_iterations': 3, 'gpu_completion_mode': 'per_iteration', 'unit': 'us', 'direction': 'lower_is_better'}"
win,candidate,game_load.s3tc_sync_factor.bc2_bordered_fallback,20261004-135215830-2bc3863c60b1474e800a9a2217efc5c2,34022.0029,3201095,100033.875,100033.875,passed,PASS,db28300321744de5,db28300321744de5,True,ineligible,True,completed,"{'revision': 1, 'iterations': 32, 'sample_count': 8, 'measurement_iterations_multiplier': 4, 'warmup_iterations': 3, 'gpu_completion_mode': 'per_iteration', 'unit': 'us', 'direction': 'lower_is_better'}"
win,candidate,game_load.s3tc_sync_factor.bc3_native_eligible,20261004-135215830-2bc3863c60b1474e800a9a2217efc5c2,34022.0029,1135158,35473.25,35473.25,failed,PASS,3403675459d4d3d5,db28300321744de5,True,ineligible,True,completed,"{'revision': 1, 'iterations': 32, 'sample_count': 8, 'measurement_iterations_multiplier': 4, 'warmup_iterations': 3, 'gpu_completion_mode': 'per_iteration', 'unit': 'us', 'direction': 'lower_is_better'}"
win,candidate,game_load.s3tc_sync_factor.bc3_bordered_fallback,20261004-135215830-2bc3863c60b1474e800a9a2217efc5c2,34022.0029,3199104,99971.625,99971.625,passed,PASS,db28300321744de5,db28300321744de5,True,ineligible,True,completed,"{'revision': 1, 'iterations': 32, 'sample_count': 8, 'measurement_iterations_multiplier': 4, 'warmup_iterations': 3, 'gpu_completion_mode': 'per_iteration', 'unit': 'us', 'direction': 'lower_is_better'}"
win,candidate,game_load.repeated_display,20261004-135252465-abeeeb4b530d439c901a0a5659376ae1,22968.9912,533008,16656.125,16656.125,passed,PASS,36f446003b9d6325,36f446003b9d6325,True,ineligible,True,completed,"{'revision': 1, 'iterations': 32, 'sample_count': 8, 'measurement_iterations_multiplier': 4, 'warmup_iterations': 3, 'gpu_completion_mode': 'per_iteration', 'unit': 'us', 'direction': 'lower_is_better'}"
win,candidate,game_load.repeated_display_boosted,20261004-135252465-abeeeb4b530d439c901a0a5659376ae1,22968.9912,1599930,49997.375,49997.375,passed,PASS,b2bc760cb1fba325,b2bc760cb1fba325,True,ineligible,True,completed,"{'revision': 1, 'iterations': 32, 'sample_count': 8, 'measurement_iterations_multiplier': 4, 'warmup_iterations': 3, 'gpu_completion_mode': 'per_iteration', 'unit': 'us', 'direction': 'lower_is_better'}"
win,candidate,game_load.doax_menu_representative.cpu_only,20261004-135252465-abeeeb4b530d439c901a0a5659376ae1,22968.9912,434374,13573.875,13573.875,passed,PASS,5abb9d9faaa22325,5abb9d9faaa22325,True,ineligible,True,completed,"{'revision': 1, 'iterations': 32, 'sample_count': 8, 'measurement_iterations_multiplier': 4, 'warmup_iterations': 3, 'gpu_completion_mode': 'per_iteration', 'unit': 'us', 'direction': 'lower_is_better'}"
win,candidate,game_load.doax_menu_representative.pfifo_only,20261004-135252465-abeeeb4b530d439c901a0a5659376ae1,22968.9912,79046,2469.875,2469.875,passed,PASS,f9826bbdd7912325,f9826bbdd7912325,True,ineligible,True,completed,"{'revision': 1, 'iterations': 32, 'sample_count': 8, 'measurement_iterations_multiplier': 4, 'warmup_iterations': 3, 'gpu_completion_mode': 'per_iteration', 'unit': 'us', 'direction': 'lower_is_better'}"
win,candidate,game_load.doax_menu_representative.gpu_only,20261004-135252465-abeeeb4b530d439c901a0a5659376ae1,22968.9912,582769,18211.125,18211.125,passed,PASS,d3984ab7dcb8e325,d3984ab7dcb8e325,True,ineligible,True,completed,"{'revision': 1, 'iterations': 32, 'sample_count': 8, 'measurement_iterations_multiplier': 4, 'warmup_iterations': 3, 'gpu_completion_mode': 'per_iteration', 'unit': 'us', 'direction': 'lower_is_better'}"
win,candidate,game_load.doax_menu_representative.streaming_only,20261004-135252465-abeeeb4b530d439c901a0a5659376ae1,22968.9912,178185,5567.875,5567.875,passed,PASS,491294aadc23a325,491294aadc23a325,True,ineligible,True,completed,"{'revision': 1, 'iterations': 32, 'sample_count': 8, 'measurement_iterations_multiplier': 4, 'warmup_iterations': 3, 'gpu_completion_mode': 'per_iteration', 'unit': 'us', 'direction': 'lower_is_better'}"
win,candidate,game_load.doax_menu_representative.cpu_pfifo_gpu,20261004-135252465-abeeeb4b530d439c901a0a5659376ae1,22968.9912,1088562,34017.25,34017.25,passed,PASS,302026d9f9232325,302026d9f9232325,True,ineligible,True,completed,"{'revision': 1, 'iterations': 32, 'sample_count': 8, 'measurement_iterations_multiplier': 4, 'warmup_iterations': 3, 'gpu_completion_mode': 'per_iteration', 'unit': 'us', 'direction': 'lower_is_better'}"
win,candidate,game_load.doax_menu_representative.cpu_pfifo_gpu_streaming,20261004-135252465-abeeeb4b530d439c901a0a5659376ae1,22968.9912,1208141,37754,37754,passed,PASS,9e98944350a52325,9e98944350a52325,True,ineligible,True,completed,"{'revision': 1, 'iterations': 32, 'sample_count': 8, 'measurement_iterations_multiplier': 4, 'warmup_iterations': 3, 'gpu_completion_mode': 'per_iteration', 'unit': 'us', 'direction': 'lower_is_better'}"
win,candidate,game_load.doax_menu_representative.full_system,20261004-135252465-abeeeb4b530d439c901a0a5659376ae1,22968.9912,1215108,37971.625,37971.625,passed,PASS,7896e875a8ad2325,7896e875a8ad2325,True,ineligible,True,completed,"{'revision': 1, 'iterations': 32, 'sample_count': 8, 'measurement_iterations_multiplier': 4, 'warmup_iterations': 3, 'gpu_completion_mode': 'per_iteration', 'unit': 'us', 'direction': 'lower_is_better'}"
win,candidate,game_load.doax_menu_stress.cpu_only,20261004-135252465-abeeeb4b530d439c901a0a5659376ae1,22968.9912,872363,27261,27261,passed,PASS,4b7c157e1e9ce325,4b7c157e1e9ce325,True,ineligible,True,completed,"{'revision': 1, 'iterations': 32, 'sample_count': 8, 'measurement_iterations_multiplier': 4, 'warmup_iterations': 3, 'gpu_completion_mode': 'per_iteration', 'unit': 'us', 'direction': 'lower_is_better'}"
win,candidate,game_load.doax_menu_stress.pfifo_only,20261004-135252465-abeeeb4b530d439c901a0a5659376ae1,22968.9912,157342,4916.625,4916.625,passed,PASS,f46d8f2a39a6e325,f46d8f2a39a6e325,True,ineligible,True,completed,"{'revision': 1, 'iterations': 32, 'sample_count': 8, 'measurement_iterations_multiplier': 4, 'warmup_iterations': 3, 'gpu_completion_mode': 'per_iteration', 'unit': 'us', 'direction': 'lower_is_better'}"
win,candidate,game_load.doax_menu_stress.gpu_only,20261004-135252465-abeeeb4b530d439c901a0a5659376ae1,22968.9912,1133602,35424.75,35424.75,passed,PASS,bcaf8b0e8de5a325,bcaf8b0e8de5a325,True,ineligible,True,completed,"{'revision': 1, 'iterations': 32, 'sample_count': 8, 'measurement_iterations_multiplier': 4, 'warmup_iterations': 3, 'gpu_completion_mode': 'per_iteration', 'unit': 'us', 'direction': 'lower_is_better'}"
win,candidate,game_load.doax_menu_stress.streaming_only,20261004-135318041-6de30b33180340949b5a9a468aae3e2f,43241.4916,522702,16334,16334,passed,PASS,06e0eccda97d2325,06e0eccda97d2325,True,ineligible,True,completed,"{'revision': 1, 'iterations': 32, 'sample_count': 8, 'measurement_iterations_multiplier': 4, 'warmup_iterations': 3, 'gpu_completion_mode': 'per_iteration', 'unit': 'us', 'direction': 'lower_is_better'}"
win,candidate,game_load.doax_menu_stress.cpu_pfifo_gpu,20261004-135318041-6de30b33180340949b5a9a468aae3e2f,43241.4916,2214214,69193.75,69193.75,passed,PASS,7707cd4649e4a325,7707cd4649e4a325,True,ineligible,True,completed,"{'revision': 1, 'iterations': 32, 'sample_count': 8, 'measurement_iterations_multiplier': 4, 'warmup_iterations': 3, 'gpu_completion_mode': 'per_iteration', 'unit': 'us', 'direction': 'lower_is_better'}"
win,candidate,game_load.doax_menu_stress.cpu_pfifo_gpu_streaming,20261004-135318041-6de30b33180340949b5a9a468aae3e2f,43241.4916,2399737,74991.375,74991.375,passed,PASS,d4d9dedf3ef06325,d4d9dedf3ef06325,True,ineligible,True,completed,"{'revision': 1, 'iterations': 32, 'sample_count': 8, 'measurement_iterations_multiplier': 4, 'warmup_iterations': 3, 'gpu_completion_mode': 'per_iteration', 'unit': 'us', 'direction': 'lower_is_better'}"
win,candidate,game_load.doax_menu_stress.full_system,20261004-135318041-6de30b33180340949b5a9a468aae3e2f,43241.4916,2407691,75239.875,75239.875,passed,PASS,8cf51e8eb67fa325,8cf51e8eb67fa325,True,ineligible,True,completed,"{'revision': 1, 'iterations': 32, 'sample_count': 8, 'measurement_iterations_multiplier': 4, 'warmup_iterations': 3, 'gpu_completion_mode': 'per_iteration', 'unit': 'us', 'direction': 'lower_is_better'}"
win,candidate,game_load.pgr2_ai_backup.cpu_only,20261004-135318041-6de30b33180340949b5a9a468aae3e2f,43241.4916,1376018,43000.125,43000.125,passed,PASS,e6df98b3e513a325,e6df98b3e513a325,True,ineligible,True,completed,"{'revision': 1, 'iterations': 32, 'sample_count': 8, 'measurement_iterations_multiplier': 4, 'warmup_iterations': 3, 'gpu_completion_mode': 'per_iteration', 'unit': 'us', 'direction': 'lower_is_better'}"
win,candidate,game_load.pgr2_ai_backup.pfifo_only,20261004-135318041-6de30b33180340949b5a9a468aae3e2f,43241.4916,539313,16853.125,16853.125,passed,PASS,e57ef83b3a66e325,e57ef83b3a66e325,True,ineligible,True,completed,"{'revision': 1, 'iterations': 32, 'sample_count': 8, 'measurement_iterations_multiplier': 4, 'warmup_iterations': 3, 'gpu_completion_mode': 'per_iteration', 'unit': 'us', 'direction': 'lower_is_better'}"
win,candidate,game_load.pgr2_ai_backup.gpu_only,20261004-135318041-6de30b33180340949b5a9a468aae3e2f,43241.4916,2988383,93386.5,93386.5,passed,PASS,02ffd9b12aa96325,02ffd9b12aa96325,True,ineligible,True,completed,"{'revision': 1, 'iterations': 32, 'sample_count': 8, 'measurement_iterations_multiplier': 4, 'warmup_iterations': 3, 'gpu_completion_mode': 'per_iteration', 'unit': 'us', 'direction': 'lower_is_better'}"
win,candidate,game_load.pgr2_ai_backup.streaming_only,20261004-135318041-6de30b33180340949b5a9a468aae3e2f,43241.4916,113755,3554.25,3554.25,passed,PASS,155df5f182392325,155df5f182392325,True,ineligible,True,completed,"{'revision': 1, 'iterations': 32, 'sample_count': 8, 'measurement_iterations_multiplier': 4, 'warmup_iterations': 3, 'gpu_completion_mode': 'per_iteration', 'unit': 'us', 'direction': 'lower_is_better'}"
win,candidate,game_load.pgr2_ai_backup.cpu_pfifo_gpu,20261004-135318041-6de30b33180340949b5a9a468aae3e2f,43241.4916,4932356,154135.75,154135.75,passed,PASS,ab22104929b9e325,ab22104929b9e325,True,ineligible,True,completed,"{'revision': 1, 'iterations': 32, 'sample_count': 8, 'measurement_iterations_multiplier': 4, 'warmup_iterations': 3, 'gpu_completion_mode': 'per_iteration', 'unit': 'us', 'direction': 'lower_is_better'}"
win,candidate,game_load.pgr2_ai_backup.cpu_pfifo_gpu_streaming,20261004-135318041-6de30b33180340949b5a9a468aae3e2f,43241.4916,5038936,157466.375,157466.375,passed,PASS,66a43765efc02325,66a43765efc02325,True,ineligible,True,completed,"{'revision': 1, 'iterations': 32, 'sample_count': 8, 'measurement_iterations_multiplier': 4, 'warmup_iterations': 3, 'gpu_completion_mode': 'per_iteration', 'unit': 'us', 'direction': 'lower_is_better'}"
win,candidate,game_load.pgr2_ai_backup.full_system,20261004-135318041-6de30b33180340949b5a9a468aae3e2f,43241.4916,5063372,158229.875,158229.875,passed,PASS,55485325870d6325,55485325870d6325,True,ineligible,True,completed,"{'revision': 1, 'iterations': 32, 'sample_count': 8, 'measurement_iterations_multiplier': 4, 'warmup_iterations': 3, 'gpu_completion_mode': 'per_iteration', 'unit': 'us', 'direction': 'lower_is_better'}"
win,candidate,high_vertex_count.arrays,20261004-135403890-08b82a12587a472f9defe6b1c14d02ce,21632.236,34927,86.93,86.93,failed,PASS,a27c67890c2d9083,cd6d0d64451d191b,True,ineligible,True,completed,"{'revision': 1, 'iterations': 400, 'sample_count': 100, 'measurement_iterations_multiplier': 4, 'warmup_iterations': 3, 'gpu_completion_mode': 'per_iteration', 'unit': 'us', 'direction': 'lower_is_better'}"
win,candidate,high_vertex_count.inline_arrays,20261004-135403890-08b82a12587a472f9defe6b1c14d02ce,21632.236,2302193,57554.4,57554.4,failed,PASS,a27c67890c2d9083,31a890c7f71db193,True,ineligible,True,completed,"{'revision': 1, 'iterations': 40, 'sample_count': 10, 'measurement_iterations_multiplier': 4, 'warmup_iterations': 3, 'gpu_completion_mode': 'per_iteration', 'unit': 'us', 'direction': 'lower_is_better'}"
win,candidate,high_vertex_count.inline_buffers,20261004-135403890-08b82a12587a472f9defe6b1c14d02ce,21632.236,4507802,225389.6,225389.6,failed,PASS,a27c67890c2d9083,f320b0df5ba62943,True,ineligible,True,completed,"{'revision': 1, 'iterations': 20, 'sample_count': 5, 'measurement_iterations_multiplier': 4, 'warmup_iterations': 3, 'gpu_completion_mode': 'per_iteration', 'unit': 'us', 'direction': 'lower_is_better'}"
win,candidate,high_vertex_count.inline_elements,20261004-135403890-08b82a12587a472f9defe6b1c14d02ce,21632.236,786050,3929.84,3929.84,failed,PASS,a27c67890c2d9083,b24516b5372da0f3,True,ineligible,True,completed,"{'revision': 1, 'iterations': 200, 'sample_count': 50, 'measurement_iterations_multiplier': 4, 'warmup_iterations': 3, 'gpu_completion_mode': 'per_iteration', 'unit': 'us', 'direction': 'lower_is_better'}"
win,candidate,primitive_type.line_loop.fixed_function,20261004-135403890-08b82a12587a472f9defe6b1c14d02ce,21632.236,23157,578.6,578.6,failed,PASS,f2158581ac6e3919,d48f43c09e534094,True,ineligible,True,completed,"{'revision': 1, 'iterations': 40, 'sample_count': 10, 'measurement_iterations_multiplier': 4, 'warmup_iterations': 3, 'gpu_completion_mode': 'per_iteration', 'unit': 'us', 'direction': 'lower_is_better'}"
win,candidate,primitive_type.line_loop.vertex_shader,20261004-135403890-08b82a12587a472f9defe6b1c14d02ce,21632.236,22784,569.2,569.2,failed,PASS,f2158581ac6e3919,47373dc0c7be28f8,True,ineligible,True,completed,"{'revision': 1, 'iterations': 40, 'sample_count': 10, 'measurement_iterations_multiplier': 4, 'warmup_iterations': 3, 'gpu_completion_mode': 'per_iteration', 'unit': 'us', 'direction': 'lower_is_better'}"
win,candidate,primitive_type.line_strip.fixed_function,20261004-135403890-08b82a12587a472f9defe6b1c14d02ce,21632.236,24002,599.7,599.7,failed,PASS,f2158581ac6e3919,0964935c28234a4a,True,ineligible,True,completed,"{'revision': 1, 'iterations': 40, 'sample_count': 10, 'measurement_iterations_multiplier': 4, 'warmup_iterations': 3, 'gpu_completion_mode': 'per_iteration', 'unit': 'us', 'direction': 'lower_is_better'}"
win,candidate,primitive_type.line_strip.vertex_shader,20261004-135403890-08b82a12587a472f9defe6b1c14d02ce,21632.236,22593,564.4,564.4,failed,PASS,f2158581ac6e3919,94b433237d71b182,True,ineligible,True,completed,"{'revision': 1, 'iterations': 40, 'sample_count': 10, 'measurement_iterations_multiplier': 4, 'warmup_iterations': 3, 'gpu_completion_mode': 'per_iteration', 'unit': 'us', 'direction': 'lower_is_better'}"
win,candidate,primitive_type.lines.fixed_function,20261004-135403890-08b82a12587a472f9defe6b1c14d02ce,21632.236,45313,1132.5,1132.5,failed,PASS,1766a7f93aa72a14,6c16b2698ec4e26b,True,ineligible,True,completed,"{'revision': 1, 'iterations': 40, 'sample_count': 10, 'measurement_iterations_multiplier': 4, 'warmup_iterations': 3, 'gpu_completion_mode': 'per_iteration', 'unit': 'us', 'direction': 'lower_is_better'}"
win,candidate,primitive_type.lines.vertex_shader,20261004-135403890-08b82a12587a472f9defe6b1c14d02ce,21632.236,47614,1189.9,1189.9,failed,PASS,1766a7f93aa72a14,53924aa6f5e55b57,True,ineligible,True,completed,"{'revision': 1, 'iterations': 40, 'sample_count': 10, 'measurement_iterations_multiplier': 4, 'warmup_iterations': 3, 'gpu_completion_mode': 'per_iteration', 'unit': 'us', 'direction': 'lower_is_better'}"
win,candidate,primitive_type.points.fixed_function,20261004-135403890-08b82a12587a472f9defe6b1c14d02ce,21632.236,23504,587.2,587.2,failed,PASS,5b296619f665c070,7400f7a8ac9d8c86,True,ineligible,True,completed,"{'revision': 1, 'iterations': 40, 'sample_count': 10, 'measurement_iterations_multiplier': 4, 'warmup_iterations': 3, 'gpu_completion_mode': 'per_iteration', 'unit': 'us', 'direction': 'lower_is_better'}"
win,candidate,primitive_type.points.vertex_shader,20261004-135403890-08b82a12587a472f9defe6b1c14d02ce,21632.236,23253,581,581,failed,PASS,5b296619f665c070,f1d83724373d0036,True,ineligible,True,completed,"{'revision': 1, 'iterations': 40, 'sample_count': 10, 'measurement_iterations_multiplier': 4, 'warmup_iterations': 3, 'gpu_completion_mode': 'per_iteration', 'unit': 'us', 'direction': 'lower_is_better'}"
win,candidate,primitive_type.polygon.fixed_function,20261004-135428155-307fca017b144f5ea55882cf6641d9e9,13294.16,50801,1269.6,1269.6,failed,PASS,2c4beaa06aba1000,515407015a00c880,True,ineligible,True,completed,"{'revision': 1, 'iterations': 40, 'sample_count': 10, 'measurement_iterations_multiplier': 4, 'warmup_iterations': 3, 'gpu_completion_mode': 'per_iteration', 'unit': 'us', 'direction': 'lower_is_better'}"
win,candidate,primitive_type.polygon.vertex_shader,20261004-135428155-307fca017b144f5ea55882cf6641d9e9,13294.16,36413,909.9,909.9,failed,PASS,2c4beaa06aba1000,4376cbfa562c7d14,True,ineligible,True,completed,"{'revision': 1, 'iterations': 40, 'sample_count': 10, 'measurement_iterations_multiplier': 4, 'warmup_iterations': 3, 'gpu_completion_mode': 'per_iteration', 'unit': 'us', 'direction': 'lower_is_better'}"
win,candidate,primitive_type.quad_strip.fixed_function,20261004-135428155-307fca017b144f5ea55882cf6641d9e9,13294.16,73008,1824.7,1824.7,failed,PASS,f64b4495347cec73,190c4f06474f8467,True,ineligible,True,completed,"{'revision': 1, 'iterations': 40, 'sample_count': 10, 'measurement_iterations_multiplier': 4, 'warmup_iterations': 3, 'gpu_completion_mode': 'per_iteration', 'unit': 'us', 'direction': 'lower_is_better'}"
win,candidate,primitive_type.quad_strip.vertex_shader,20261004-135428155-307fca017b144f5ea55882cf6641d9e9,13294.16,46394,1159.4,1159.4,failed,PASS,f64b4495347cec73,d5cf212c5788c3df,True,ineligible,True,completed,"{'revision': 1, 'iterations': 40, 'sample_count': 10, 'measurement_iterations_multiplier': 4, 'warmup_iterations': 3, 'gpu_completion_mode': 'per_iteration', 'unit': 'us', 'direction': 'lower_is_better'}"
win,candidate,primitive_type.quads.fixed_function,20261004-135428155-307fca017b144f5ea55882cf6641d9e9,13294.16,93376,2334,2334,failed,PASS,114a1419338256e5,b52448622bc1c001,True,ineligible,True,completed,"{'revision': 1, 'iterations': 40, 'sample_count': 10, 'measurement_iterations_multiplier': 4, 'warmup_iterations': 3, 'gpu_completion_mode': 'per_iteration', 'unit': 'us', 'direction': 'lower_is_better'}"
win,candidate,primitive_type.quads.vertex_shader,20261004-135428155-307fca017b144f5ea55882cf6641d9e9,13294.16,95831,2395.4,2395.4,failed,PASS,114a1419338256e5,fbac823960948b69,True,ineligible,True,completed,"{'revision': 1, 'iterations': 40, 'sample_count': 10, 'measurement_iterations_multiplier': 4, 'warmup_iterations': 3, 'gpu_completion_mode': 'per_iteration', 'unit': 'us', 'direction': 'lower_is_better'}"
win,candidate,primitive_type.triangle_fan.fixed_function,20261004-135428155-307fca017b144f5ea55882cf6641d9e9,13294.16,22900,572,572,failed,PASS,36644f0fd11db166,ba0d8daf7940c5d2,True,ineligible,True,completed,"{'revision': 1, 'iterations': 40, 'sample_count': 10, 'measurement_iterations_multiplier': 4, 'warmup_iterations': 3, 'gpu_completion_mode': 'per_iteration', 'unit': 'us', 'direction': 'lower_is_better'}"
win,candidate,primitive_type.triangle_fan.vertex_shader,20261004-135428155-307fca017b144f5ea55882cf6641d9e9,13294.16,22750,568.4,568.4,failed,PASS,36644f0fd11db166,134a22bd3882e48e,True,ineligible,True,completed,"{'revision': 1, 'iterations': 40, 'sample_count': 10, 'measurement_iterations_multiplier': 4, 'warmup_iterations': 3, 'gpu_completion_mode': 'per_iteration', 'unit': 'us', 'direction': 'lower_is_better'}"
win,candidate,primitive_type.triangle_strip.fixed_function,20261004-135428155-307fca017b144f5ea55882cf6641d9e9,13294.16,24824,620.3,620.3,failed,PASS,d7b289579fdaa1ab,d15b03d8ead6bb03,True,ineligible,True,completed,"{'revision': 1, 'iterations': 40, 'sample_count': 10, 'measurement_iterations_multiplier': 4, 'warmup_iterations': 3, 'gpu_completion_mode': 'per_iteration', 'unit': 'us', 'direction': 'lower_is_better'}"
win,candidate,primitive_type.triangle_strip.vertex_shader,20261004-135428155-307fca017b144f5ea55882cf6641d9e9,13294.16,23280,581.5,581.5,failed,PASS,d7b289579fdaa1ab,f7cfda74a4111eff,True,ineligible,True,completed,"{'revision': 1, 'iterations': 40, 'sample_count': 10, 'measurement_iterations_multiplier': 4, 'warmup_iterations': 3, 'gpu_completion_mode': 'per_iteration', 'unit': 'us', 'direction': 'lower_is_better'}"
win,candidate,primitive_type.triangles.fixed_function,20261004-135428155-307fca017b144f5ea55882cf6641d9e9,13294.16,68937,1723.1,1723.1,failed,PASS,72f05baf369ceb60,4521bcfbdb43e248,True,ineligible,True,completed,"{'revision': 1, 'iterations': 40, 'sample_count': 10, 'measurement_iterations_multiplier': 4, 'warmup_iterations': 3, 'gpu_completion_mode': 'per_iteration', 'unit': 'us', 'direction': 'lower_is_better'}"
win,candidate,primitive_type.triangles.vertex_shader,20261004-135428155-307fca017b144f5ea55882cf6641d9e9,13294.16,71800,1794.6,1794.6,failed,PASS,72f05baf369ceb60,d86abc6e019e36fc,True,ineligible,True,completed,"{'revision': 1, 'iterations': 40, 'sample_count': 10, 'measurement_iterations_multiplier': 4, 'warmup_iterations': 3, 'gpu_completion_mode': 'per_iteration', 'unit': 'us', 'direction': 'lower_is_better'}"
win,candidate,texture_cubemap_fallback.bordered_palette_size1,20261004-135444062-3daaa74e87d74630a0fb85716fed23b0,26934.6487,532704,16646.75,,not evaluated,FAIL,56d00ed89334a325,,True,ineligible,False,failed,"{'revision': 1, 'iterations': 32, 'sample_count': 8, 'measurement_iterations_multiplier': 4, 'warmup_iterations': 3, 'gpu_completion_mode': 'per_iteration', 'unit': 'us', 'direction': 'lower_is_better'}"
win,candidate,surface.basic,20261004-135532935-065216ae99f24f4db9aba71e80431aaa,18376.7443,848203,21204.7,21204.7,failed,PASS,42459952797c47fa,6f90d43f59b710fa,True,ineligible,True,completed,"{'revision': 1, 'iterations': 40, 'sample_count': 10, 'measurement_iterations_multiplier': 4, 'warmup_iterations': 3, 'gpu_completion_mode': 'per_iteration', 'unit': 'us', 'direction': 'lower_is_better'}"
win,candidate,surface.cpu_read_after_gpu_write,20261004-135532935-065216ae99f24f4db9aba71e80431aaa,18376.7443,72655,907.85,907.85,passed,PASS,572720976b602325,572720976b602325,True,ineligible,True,completed,"{'revision': 1, 'iterations': 80, 'sample_count': 20, 'measurement_iterations_multiplier': 4, 'warmup_iterations': 3, 'gpu_completion_mode': 'per_iteration', 'unit': 'us', 'direction': 'lower_is_better'}"
win,candidate,surface.cpu_read_clean_surface,20261004-135532935-065216ae99f24f4db9aba71e80431aaa,18376.7443,25762,64.02,64.02,passed,PASS,aa32af524aa52325,aa32af524aa52325,True,ineligible,True,completed,"{'revision': 1, 'iterations': 400, 'sample_count': 100, 'measurement_iterations_multiplier': 4, 'warmup_iterations': 3, 'gpu_completion_mode': 'per_iteration', 'unit': 'us', 'direction': 'lower_is_better'}"
win,candidate,surface.framebuffer_working_set_002,20261004-135532935-065216ae99f24f4db9aba71e80431aaa,18376.7443,108732,1358.7,1358.7,failed,PASS,9f3b0609a42777d5,ab1fa4b103c05f05,True,ineligible,True,completed,"{'revision': 1, 'iterations': 80, 'sample_count': 20, 'measurement_iterations_multiplier': 4, 'warmup_iterations': 3, 'gpu_completion_mode': 'per_iteration', 'unit': 'us', 'direction': 'lower_is_better'}"
win,candidate,surface.framebuffer_working_set_008,20261004-135532935-065216ae99f24f4db9aba71e80431aaa,18376.7443,106109,1325.95,1325.95,failed,PASS,64cbf95dec8f59e5,8393e7935b67da71,True,ineligible,True,completed,"{'revision': 1, 'iterations': 80, 'sample_count': 20, 'measurement_iterations_multiplier': 4, 'warmup_iterations': 3, 'gpu_completion_mode': 'per_iteration', 'unit': 'us', 'direction': 'lower_is_better'}"
win,candidate,surface.framebuffer_working_set_032,20261004-135532935-065216ae99f24f4db9aba71e80431aaa,18376.7443,109142,1363.75,1363.75,failed,PASS,a6116feb11a28c25,4e53301a279a7e09,True,ineligible,True,completed,"{'revision': 1, 'iterations': 80, 'sample_count': 20, 'measurement_iterations_multiplier': 4, 'warmup_iterations': 3, 'gpu_completion_mode': 'per_iteration', 'unit': 'us', 'direction': 'lower_is_better'}"
win,candidate,surface.framebuffer_working_set_064,20261004-135532935-065216ae99f24f4db9aba71e80431aaa,18376.7443,107270,1340.65,1340.65,failed,PASS,a6116feb11a28c25,dbdfafa7ed2f28c9,True,ineligible,True,completed,"{'revision': 1, 'iterations': 80, 'sample_count': 20, 'measurement_iterations_multiplier': 4, 'warmup_iterations': 3, 'gpu_completion_mode': 'per_iteration', 'unit': 'us', 'direction': 'lower_is_better'}"
win,candidate,surface.full_clear_elision_guard,20261004-135532935-065216ae99f24f4db9aba71e80431aaa,18376.7443,629449,1573.31,1573.31,failed,PASS,d91a0e75979a1f25,01a1571033aa9dfd,True,ineligible,True,completed,"{'revision': 1, 'iterations': 400, 'sample_count': 100, 'measurement_iterations_multiplier': 4, 'warmup_iterations': 3, 'gpu_completion_mode': 'per_iteration', 'unit': 'us', 'direction': 'lower_is_better'}"
win,candidate,surface.overlapping_surface_churn_representative,20261004-135532935-065216ae99f24f4db9aba71e80431aaa,18376.7443,849413,2123.13,2123.13,failed,PASS,caf66d4bf5691525,7b4f2884714177a5,True,ineligible,True,completed,"{'revision': 1, 'iterations': 400, 'sample_count': 100, 'measurement_iterations_multiplier': 4, 'warmup_iterations': 3, 'gpu_completion_mode': 'per_iteration', 'unit': 'us', 'direction': 'lower_is_better'}"
win,candidate,surface.overlapping_surface_churn_stress,20261004-135532935-065216ae99f24f4db9aba71e80431aaa,18376.7443,933978,23349.1,23349.1,failed,PASS,caf66d4bf5691525,19890b325809498d,True,ineligible,True,completed,"{'revision': 1, 'iterations': 40, 'sample_count': 10, 'measurement_iterations_multiplier': 4, 'warmup_iterations': 3, 'gpu_completion_mode': 'per_iteration', 'unit': 'us', 'direction': 'lower_is_better'}"
win,candidate,surface.partial_channel_clear_guard,20261004-135532935-065216ae99f24f4db9aba71e80431aaa,18376.7443,637554,1593.53,1593.53,failed,PASS,eb2cb498aa73af25,31d730ce613f92bd,True,ineligible,True,completed,"{'revision': 1, 'iterations': 400, 'sample_count': 100, 'measurement_iterations_multiplier': 4, 'warmup_iterations': 3, 'gpu_completion_mode': 'per_iteration', 'unit': 'us', 'direction': 'lower_is_better'}"
win,candidate,surface.surface_download_path,20261004-135532935-065216ae99f24f4db9aba71e80431aaa,18376.7443,551949,13798.6,13798.6,failed,PASS,2b0e8aac0f8838e8,eb6604c45975bcec,True,ineligible,True,completed,"{'revision': 1, 'iterations': 40, 'sample_count': 10, 'measurement_iterations_multiplier': 4, 'warmup_iterations': 3, 'gpu_completion_mode': 'per_iteration', 'unit': 'us', 'direction': 'lower_is_better'}"
win,candidate,surface.surface_list_lookup_002,20261004-135553922-07412f8280d348fab7cad71086dc3850,18276.3008,143844,1797.8,1797.8,failed,PASS,fa475bc695046525,26ff617c53458a53,True,ineligible,True,completed,"{'revision': 1, 'iterations': 80, 'sample_count': 20, 'measurement_iterations_multiplier': 4, 'warmup_iterations': 3, 'gpu_completion_mode': 'per_iteration', 'unit': 'us', 'direction': 'lower_is_better'}"
win,candidate,surface.surface_list_lookup_008,20261004-135553922-07412f8280d348fab7cad71086dc3850,18276.3008,108907,1360.85,1360.85,failed,PASS,eaf6788dfe8d2f25,18e8676fcc804922,True,ineligible,True,completed,"{'revision': 1, 'iterations': 80, 'sample_count': 20, 'measurement_iterations_multiplier': 4, 'warmup_iterations': 3, 'gpu_completion_mode': 'per_iteration', 'unit': 'us', 'direction': 'lower_is_better'}"
win,candidate,surface.surface_list_lookup_032,20261004-135553922-07412f8280d348fab7cad71086dc3850,18276.3008,119113,1488.65,1488.65,failed,PASS,c6275b91195a5325,1bc652a47e609cf5,True,ineligible,True,completed,"{'revision': 1, 'iterations': 80, 'sample_count': 20, 'measurement_iterations_multiplier': 4, 'warmup_iterations': 3, 'gpu_completion_mode': 'per_iteration', 'unit': 'us', 'direction': 'lower_is_better'}"
win,candidate,surface.surface_list_lookup_128,20261004-135553922-07412f8280d348fab7cad71086dc3850,18276.3008,107884,1348.15,1348.15,failed,PASS,c6275b91195a5325,4b4650aa45e0be8d,True,ineligible,True,completed,"{'revision': 1, 'iterations': 80, 'sample_count': 20, 'measurement_iterations_multiplier': 4, 'warmup_iterations': 3, 'gpu_completion_mode': 'per_iteration', 'unit': 'us', 'direction': 'lower_is_better'}"
win,candidate,surface.vulkan_memory_pressure.representative.growth,20261004-135553922-07412f8280d348fab7cad71086dc3850,18276.3008,197778,12360.75,12360.75,failed,PASS,1b85a83206804325,a1ce1e9182d42125,True,ineligible,True,completed,"{'revision': 1, 'iterations': 16, 'sample_count': 4, 'measurement_iterations_multiplier': 4, 'warmup_iterations': 3, 'gpu_completion_mode': 'per_iteration', 'unit': 'us', 'direction': 'lower_is_better'}"
win,candidate,surface.vulkan_memory_pressure.representative.plateau,20261004-135553922-07412f8280d348fab7cad71086dc3850,18276.3008,207382,12961,12961,failed,PASS,94973dc83ee12325,c00be5b19acc4e6f,True,ineligible,True,completed,"{'revision': 1, 'iterations': 16, 'sample_count': 4, 'measurement_iterations_multiplier': 4, 'warmup_iterations': 3, 'gpu_completion_mode': 'per_iteration', 'unit': 'us', 'direction': 'lower_is_better'}"
win,candidate,surface.vulkan_memory_pressure.representative.alias_resize,20261004-135553922-07412f8280d348fab7cad71086dc3850,18276.3008,205211,12825.25,12825.25,failed,PASS,7e3cba40d2e56b25,0247ea98d29062c5,True,ineligible,True,completed,"{'revision': 1, 'iterations': 16, 'sample_count': 4, 'measurement_iterations_multiplier': 4, 'warmup_iterations': 3, 'gpu_completion_mode': 'per_iteration', 'unit': 'us', 'direction': 'lower_is_better'}"
win,candidate,surface.vulkan_memory_pressure.representative.reuse,20261004-135553922-07412f8280d348fab7cad71086dc3850,18276.3008,208063,13003.5,13003.5,failed,PASS,834dc31dcb46cb25,d885d846be04bb3d,True,ineligible,True,completed,"{'revision': 1, 'iterations': 16, 'sample_count': 4, 'measurement_iterations_multiplier': 4, 'warmup_iterations': 3, 'gpu_completion_mode': 'per_iteration', 'unit': 'us', 'direction': 'lower_is_better'}"
win,candidate,surface.vulkan_memory_pressure.representative.idle_retention,20261004-135553922-07412f8280d348fab7cad71086dc3850,18276.3008,14911,931.75,931.75,failed,PASS,e45ec923aeb05125,4ab34638455a76e1,True,ineligible,True,completed,"{'revision': 1, 'iterations': 16, 'sample_count': 4, 'measurement_iterations_multiplier': 4, 'warmup_iterations': 3, 'gpu_completion_mode': 'per_iteration', 'unit': 'us', 'direction': 'lower_is_better'}"
win,candidate,surface.vulkan_memory_pressure.stress.growth,20261004-135553922-07412f8280d348fab7cad71086dc3850,18276.3008,781215,48825.75,48825.75,failed,PASS,16b728a467be7f25,063949c8ff1686f9,True,ineligible,True,completed,"{'revision': 1, 'iterations': 16, 'sample_count': 4, 'measurement_iterations_multiplier': 4, 'warmup_iterations': 3, 'gpu_completion_mode': 'per_iteration', 'unit': 'us', 'direction': 'lower_is_better'}"
win,candidate,surface.vulkan_memory_pressure.stress.plateau,20261004-135553922-07412f8280d348fab7cad71086dc3850,18276.3008,785068,49066.5,49066.5,failed,PASS,2936a367d6aa6725,769bf225e8cc48d5,True,ineligible,True,completed,"{'revision': 1, 'iterations': 16, 'sample_count': 4, 'measurement_iterations_multiplier': 4, 'warmup_iterations': 3, 'gpu_completion_mode': 'per_iteration', 'unit': 'us', 'direction': 'lower_is_better'}"
win,candidate,surface.vulkan_memory_pressure.stress.alias_resize,20261004-135553922-07412f8280d348fab7cad71086dc3850,18276.3008,838412,52400.25,52400.25,failed,PASS,d5ab377572e54f25,c1ab77f18dbbc86d,True,ineligible,True,completed,"{'revision': 1, 'iterations': 16, 'sample_count': 4, 'measurement_iterations_multiplier': 4, 'warmup_iterations': 3, 'gpu_completion_mode': 'per_iteration', 'unit': 'us', 'direction': 'lower_is_better'}"
win,candidate,surface.vulkan_memory_pressure.stress.reuse,20261004-135553922-07412f8280d348fab7cad71086dc3850,18276.3008,860328,53770.25,53770.25,failed,PASS,12e4fbb929c6c725,837b6a123bb12a09,True,ineligible,True,completed,"{'revision': 1, 'iterations': 16, 'sample_count': 4, 'measurement_iterations_multiplier': 4, 'warmup_iterations': 3, 'gpu_completion_mode': 'per_iteration', 'unit': 'us', 'direction': 'lower_is_better'}"
win,candidate,surface.vulkan_memory_pressure.stress.idle_retention,20261004-135553922-07412f8280d348fab7cad71086dc3850,18276.3008,9657,603.5,603.5,failed,PASS,0289a35e3cbf6925,a24e2d9ee2191cd8,True,ineligible,True,completed,"{'revision': 1, 'iterations': 16, 'sample_count': 4, 'measurement_iterations_multiplier': 4, 'warmup_iterations': 3, 'gpu_completion_mode': 'per_iteration', 'unit': 'us', 'direction': 'lower_is_better'}"
win,candidate,tiny_draw.arrays.fixed_function,20261004-135614806-369b484d25654b4e9d806fc8916fd11d,20813.7551,1299807,32494.8,32494.8,failed,PASS,acf025546cf667b5,5636eabc173a3691,True,ineligible,True,completed,"{'revision': 1, 'iterations': 40, 'sample_count': 10, 'measurement_iterations_multiplier': 4, 'warmup_iterations': 3, 'gpu_completion_mode': 'per_iteration', 'unit': 'us', 'direction': 'lower_is_better'}"
win,candidate,tiny_draw.arrays.vertex_shader,20261004-135614806-369b484d25654b4e9d806fc8916fd11d,20813.7551,933148,23328.5,23328.5,failed,PASS,acf025546cf667b5,5528df4b56e8f75d,True,ineligible,True,completed,"{'revision': 1, 'iterations': 40, 'sample_count': 10, 'measurement_iterations_multiplier': 4, 'warmup_iterations': 3, 'gpu_completion_mode': 'per_iteration', 'unit': 'us', 'direction': 'lower_is_better'}"
win,candidate,tiny_draw.inline_arrays.fixed_function,20261004-135614806-369b484d25654b4e9d806fc8916fd11d,20813.7551,1169789,29244.5,29244.5,failed,PASS,acf025546cf667b5,24f378fc9981dad5,True,ineligible,True,completed,"{'revision': 1, 'iterations': 40, 'sample_count': 10, 'measurement_iterations_multiplier': 4, 'warmup_iterations': 3, 'gpu_completion_mode': 'per_iteration', 'unit': 'us', 'direction': 'lower_is_better'}"
win,candidate,tiny_draw.inline_arrays.vertex_shader,20261004-135614806-369b484d25654b4e9d806fc8916fd11d,20813.7551,1115200,27879.5,27879.5,failed,PASS,acf025546cf667b5,1f7bd52bdb2ddb2d,True,ineligible,True,completed,"{'revision': 1, 'iterations': 40, 'sample_count': 10, 'measurement_iterations_multiplier': 4, 'warmup_iterations': 3, 'gpu_completion_mode': 'per_iteration', 'unit': 'us', 'direction': 'lower_is_better'}"
win,candidate,tiny_draw.inline_buffers.fixed_function,20261004-135614806-369b484d25654b4e9d806fc8916fd11d,20813.7551,718276,17956.4,17956.4,failed,PASS,acf025546cf667b5,1d33c1f03f3df5d5,True,ineligible,True,completed,"{'revision': 1, 'iterations': 40, 'sample_count': 10, 'measurement_iterations_multiplier': 4, 'warmup_iterations': 3, 'gpu_completion_mode': 'per_iteration', 'unit': 'us', 'direction': 'lower_is_better'}"
win,candidate,tiny_draw.inline_buffers.vertex_shader,20261004-135614806-369b484d25654b4e9d806fc8916fd11d,20813.7551,730610,18264.8,18264.8,failed,PASS,acf025546cf667b5,98123d79a8ae06a5,True,ineligible,True,completed,"{'revision': 1, 'iterations': 40, 'sample_count': 10, 'measurement_iterations_multiplier': 4, 'warmup_iterations': 3, 'gpu_completion_mode': 'per_iteration', 'unit': 'us', 'direction': 'lower_is_better'}"
win,candidate,tiny_draw.inline_elements.fixed_function,20261004-135614806-369b484d25654b4e9d806fc8916fd11d,20813.7551,933096,23327.1,23327.1,failed,PASS,acf025546cf667b5,cd0e5481b375a40d,True,ineligible,True,completed,"{'revision': 1, 'iterations': 40, 'sample_count': 10, 'measurement_iterations_multiplier': 4, 'warmup_iterations': 3, 'gpu_completion_mode': 'per_iteration', 'unit': 'us', 'direction': 'lower_is_better'}"
win,candidate,tiny_draw.inline_elements.vertex_shader,20261004-135614806-369b484d25654b4e9d806fc8916fd11d,20813.7551,930530,23263,23263,failed,PASS,acf025546cf667b5,0539f844d85cc73d,True,ineligible,True,completed,"{'revision': 1, 'iterations': 40, 'sample_count': 10, 'measurement_iterations_multiplier': 4, 'warmup_iterations': 3, 'gpu_completion_mode': 'per_iteration', 'unit': 'us', 'direction': 'lower_is_better'}"
win,candidate,uniform_thrash.uniform_thrash,20261004-135638240-559185664ea54417b3d924a2d9ae0f00,12094.529,70397,1759.6,1759.6,failed,PASS,09eb5907ef624c25,e643e886c2ebbdd5,True,ineligible,True,completed,"{'revision': 1, 'iterations': 40, 'sample_count': 10, 'measurement_iterations_multiplier': 4, 'warmup_iterations': 3, 'gpu_completion_mode': 'per_iteration', 'unit': 'us', 'direction': 'lower_is_better'}"
win,candidate,vertex_buffer_allocation.mixed.arrays,20261004-135652939-3d68a90092c74ccfb479163ee8773d42,63861.1881,1198336,29958,,not evaluated,PASS,377e6c029807f325,377e6c029807f325,True,ineligible,True,completed,"{'revision': 1, 'iterations': 40, 'sample_count': 10, 'measurement_iterations_multiplier': 4, 'warmup_iterations': 3, 'gpu_completion_mode': 'per_iteration', 'unit': 'us', 'direction': 'lower_is_better'}"
win,candidate,vertex_buffer_allocation.mixed.inline_arrays,20261004-135652939-3d68a90092c74ccfb479163ee8773d42,63861.1881,8820130,220502.9,,not evaluated,PASS,377e6c029807f325,377e6c029807f325,True,ineligible,True,completed,"{'revision': 1, 'iterations': 40, 'sample_count': 10, 'measurement_iterations_multiplier': 4, 'warmup_iterations': 3, 'gpu_completion_mode': 'per_iteration', 'unit': 'us', 'direction': 'lower_is_better'}"
win,candidate,vertex_buffer_allocation.mixed.inline_buffers,20261004-135652939-3d68a90092c74ccfb479163ee8773d42,63861.1881,25219824,630495.1,,not evaluated,PASS,377e6c029807f325,377e6c029807f325,True,ineligible,True,completed,"{'revision': 1, 'iterations': 40, 'sample_count': 10, 'measurement_iterations_multiplier': 4, 'warmup_iterations': 3, 'gpu_completion_mode': 'per_iteration', 'unit': 'us', 'direction': 'lower_is_better'}"
win,candidate,vertex_buffer_allocation.mixed.inline_elements,20261004-135652939-3d68a90092c74ccfb479163ee8773d42,63861.1881,1318072,32951.3,,not evaluated,PASS,377e6c029807f325,377e6c029807f325,True,ineligible,True,completed,"{'revision': 1, 'iterations': 40, 'sample_count': 10, 'measurement_iterations_multiplier': 4, 'warmup_iterations': 3, 'gpu_completion_mode': 'per_iteration', 'unit': 'us', 'direction': 'lower_is_better'}"
win,candidate,vertex_buffer_allocation.tiny.arrays,20261004-135652939-3d68a90092c74ccfb479163ee8773d42,63861.1881,1364156,34103.6,,not evaluated,PASS,377e6c029807f325,377e6c029807f325,True,ineligible,True,completed,"{'revision': 1, 'iterations': 40, 'sample_count': 10, 'measurement_iterations_multiplier': 4, 'warmup_iterations': 3, 'gpu_completion_mode': 'per_iteration', 'unit': 'us', 'direction': 'lower_is_better'}"
win,candidate,vertex_buffer_allocation.tiny.inline_arrays,20261004-135652939-3d68a90092c74ccfb479163ee8773d42,63861.1881,1449375,36233.9,,not evaluated,PASS,377e6c029807f325,377e6c029807f325,True,ineligible,True,completed,"{'revision': 1, 'iterations': 40, 'sample_count': 10, 'measurement_iterations_multiplier': 4, 'warmup_iterations': 3, 'gpu_completion_mode': 'per_iteration', 'unit': 'us', 'direction': 'lower_is_better'}"
win,candidate,vertex_buffer_allocation.tiny.inline_buffers,20261004-135652939-3d68a90092c74ccfb479163ee8773d42,63861.1881,1436346,35908.2,,not evaluated,PASS,377e6c029807f325,377e6c029807f325,True,ineligible,True,completed,"{'revision': 1, 'iterations': 40, 'sample_count': 10, 'measurement_iterations_multiplier': 4, 'warmup_iterations': 3, 'gpu_completion_mode': 'per_iteration', 'unit': 'us', 'direction': 'lower_is_better'}"
win,candidate,vertex_buffer_allocation.tiny.inline_elements,20261004-135652939-3d68a90092c74ccfb479163ee8773d42,63861.1881,1325577,33139.2,,not evaluated,PASS,377e6c029807f325,377e6c029807f325,True,ineligible,True,completed,"{'revision': 1, 'iterations': 40, 'sample_count': 10, 'measurement_iterations_multiplier': 4, 'warmup_iterations': 3, 'gpu_completion_mode': 'per_iteration', 'unit': 'us', 'direction': 'lower_is_better'}"
win,candidate,vertex_buffer_allocation.rising_transient_growth,20261004-135652939-3d68a90092c74ccfb479163ee8773d42,63861.1881,2624767,656191,,not evaluated,PASS,377e6c029807f325,,False,ineligible,True,completed,"{'revision': 1, 'iterations': 4, 'sample_count': 1, 'measurement_iterations_multiplier': 4, 'warmup_iterations': 3, 'gpu_completion_mode': 'per_iteration', 'unit': 'us', 'direction': 'lower_is_better'}"
win,candidate,vertex_buffer_allocation.disjoint_same_page,20261004-135652939-3d68a90092c74ccfb479163ee8773d42,63861.1881,1190086,29751.7,,not evaluated,PASS,fdcd25a37910bb25,d93bb411fee61f6d,True,ineligible,True,completed,"{'revision': 1, 'iterations': 40, 'sample_count': 10, 'measurement_iterations_multiplier': 4, 'warmup_iterations': 3, 'gpu_completion_mode': 'per_iteration', 'unit': 'us', 'direction': 'lower_is_better'}"
