# To display the perf.data header info, please use --header/--header-only options.
#
#
# Total Lost Samples: 0
#
# Samples: 6K of event 'cycles:Pu'
# Event count (approx.): 151296884201
#
# Overhead	     Samples	      Period	Command    	Shared Object              	Symbol                                                                                                                       	IPC   [IPC Coverage]
 11.60% 	 639        	 17552678227	xemu       	xemu                       	[.] dsp56k_execute_instruction                                                                                               	-      -            
 6.59%  	 442        	 9975205179 	xemu       	xemu                       	[.] address_space_ldl_internal.llvm.9823001788323054012                                                                      	-      -            
 4.44%  	 243        	 6716623987 	xemu       	xemu                       	[.] emu_update_rn                                                                                                            	-      -            
 4.29%  	 238        	 6491629813 	xemu       	xemu                       	[.] dsp_c_run.llvm.5225988660000961437                                                                                       	-      -            
 3.24%  	 215        	 4906225417 	xemu       	xemu                       	[.] voice_worker_thread.llvm.1301536018277380079                                                                             	-      -            
 2.80%  	 170        	 4243532410 	xemu       	libsamplerate.so.0         	[.] 0x000000000000328a                                                                                                       	-      -            
 2.63%  	 181        	 3985467471 	xemu       	xemu                       	[.] address_space_translate_internal.llvm.9823001788323054012                                                                	-      -            
 2.47%  	 168        	 3735664723 	xemu       	xemu                       	[.] voice_resample_callback                                                                                                  	-      -            
 2.38%  	 128        	 3605934293 	xemu       	xemu                       	[.] emu_pm_5                                                                                                                 	-      -            
 2.25%  	 146        	 3399004383 	xemu       	libsamplerate.so.0         	[.] 0x00000000000031d1                                                                                                       	-      -            
 2.06%  	 114        	 3121660629 	xemu       	xemu                       	[.] emu_calc_ea                                                                                                              	-      -            
 1.98%  	 140        	 3000251801 	xemu       	xemu                       	[.] get_ptr_rcu_reader                                                                                                       	-      -            
 1.70%  	 92         	 2566880191 	xemu       	xemu                       	[.] emu_mac_p_y0_x0_a                                                                                                        	-      -            
 1.64%  	 103        	 2478592850 	xemu       	libsamplerate.so.0         	[.] 0x000000000000324a                                                                                                       	-      -            
 1.58%  	 88         	 2393023510 	xemu       	xemu                       	[.] emu_ccr_update_e_u_n_z                                                                                                   	-      -            
 1.23%  	 67         	 1862430408 	xemu       	xemu                       	[.] emu_pm_2                                                                                                                 	-      -            
 1.20%  	 99         	 1817299441 	xemu       	xemu                       	[.] physical_memory_all_dirty                                                                                                	-      -            
 1.16%  	 57         	 1758490801 	xemu       	xemu                       	[.] dsp56k_read_memory                                                                                                       	-      -            
 1.11%  	 68         	 1683728854 	xemu       	libsamplerate.so.0         	[.] 0x0000000000003174                                                                                                       	-      -            
 1.07%  	 70         	 1626337530 	xemu       	libsamplerate.so.0         	[.] 0x0000000000003194                                                                                                       	-      -            
 0.99%  	 55         	 1496937383 	xemu       	xemu                       	[.] emu_move_xy_imm                                                                                                          	-      -            
 0.97%  	 63         	 1468534439 	xemu       	libsamplerate.so.0         	[.] 0x000000000000321c                                                                                                       	-      -            
 0.97%  	 63         	 1463903405 	xemu       	libsamplerate.so.0         	[.] 0x00000000000031a4                                                                                                       	-      -            
 0.91%  	 59         	 1381343279 	xemu       	libsamplerate.so.0         	[.] 0x0000000000003292                                                                                                       	-      -            
 0.82%  	 48         	 1244247605 	xemu       	xemu                       	[.] emu_pm_8                                                                                                                 	-      -            
 0.76%  	 40         	 1154068116 	xemu       	xemu                       	[.] dsp56k_write_memory                                                                                                      	-      -            
 0.76%  	 50         	 1153102491 	xemu       	libsamplerate.so.0         	[.] 0x0000000000003242                                                                                                       	-      -            
 0.74%  	 27         	 1121268772 	xemu       	xemu                       	[.] dsp_dma_write                                                                                                            	-      -            
 0.74%  	 42         	 1120410727 	xemu       	xemu                       	[.] qht_lookup_custom                                                                                                        	-      -            
 0.72%  	 43         	 1084535694 	xemu       	libsamplerate.so.0         	[.] 0x00000000000031d5                                                                                                       	-      -            
 0.70%  	 32         	 1059854951 	xemu       	libsamplerate.so.0         	[.] 0x000000000000326a                                                                                                       	-      -            
 0.61%  	 41         	 928463328  	xemu       	libsamplerate.so.0         	[.] 0x00000000000031c1                                                                                                       	-      -            
 0.61%  	 35         	 919861532  	xemu       	xemu                       	[.] emu_move                                                                                                                 	-      -            
 0.59%  	 43         	 897262630  	xemu       	xemu                       	[.] address_space_stl_internal.llvm.9823001788323054012                                                                      	-      -            
 0.51%  	 25         	 773376426  	xemu       	libsamplerate.so.0         	[.] 0x0000000000003217                                                                                                       	-      -            
 0.48%  	 27         	 733753277  	xemu       	xemu                       	[.] emu_pm_4                                                                                                                 	-      -            
 0.48%  	 19         	 727775158  	xemu       	xemu                       	[.] tcg_tb_lookup                                                                                                            	-      -            
 0.48%  	 26         	 724211374  	xemu       	xemu                       	[.] lookup_tb_ptr_common                                                                                                     	-      -            
 0.47%  	 27         	 707379833  	xemu       	libsamplerate.so.0         	[.] 0x000000000000327e                                                                                                       	-      -            
 0.44%  	 40         	 665819233  	xemu       	xemu                       	[.] tlb_reset_dirty                                                                                                          	-      -            
 0.43%  	 28         	 647713864  	xemu       	libsamplerate.so.0         	[.] 0x000000000000324e                                                                                                       	-      -            
 0.43%  	 24         	 645871024  	xemu       	xemu                       	[.] emu_add_x0_a                                                                                                             	-      -            
 0.40%  	 25         	 610177684  	xemu       	libsamplerate.so.0         	[.] 0x0000000000002fdd                                                                                                       	-      -            
 0.40%  	 23         	 604360534  	xemu       	xemu                       	[.] helper_lookup_tb_ptr_i32                                                                                                 	-      -            
 0.40%  	 24         	 600608846  	xemu       	xemu                       	[.] mcpx_apu_dsp_frame                                                                                                       	-      -            
 0.38%  	 24         	 571782900  	xemu       	libsamplerate.so.0         	[.] 0x0000000000003326                                                                                                       	-      -            
 0.31%  	 22         	 467269097  	xemu       	libsamplerate.so.0         	[.] 0x00000000000031a8                                                                                                       	-      -            
 0.30%  	 25         	 461230761  	xemu       	xemu                       	[.] qemu_ram_ptr_length.llvm.9823001788323054012                                                                             	-      -            
 0.30%  	 20         	 451807100  	xemu       	libsamplerate.so.0         	[.] 0x000000000000313c                                                                                                       	-      -            
 0.30%  	 20         	 450090330  	xemu       	xemu                       	[.] physical_memory_set_dirty_range                                                                                          	-      -            
 0.29%  	 18         	 443790222  	xemu       	libm.so.6                  	[.] 0x0000000000059749                                                                                                       	-      -            
 0.29%  	 17         	 441675530  	xemu       	xemu                       	[.] emu_mpy_p_x0_y1_a                                                                                                        	-      -            
 0.29%  	 18         	 437578403  	xemu       	libsamplerate.so.0         	[.] 0x000000000000330e                                                                                                       	-      -            
 0.29%  	 15         	 434038429  	xemu       	xemu                       	[.] emu_move_x_long.llvm.12752694138931587586                                                                                	-      -            
 0.29%  	 14         	 431996767  	xemu       	xemu                       	[.] emu_macr_p_x1_x0_a                                                                                                       	-      -            
 0.28%  	 41         	 429046758  	xemu       	[vdso]                     	[.] 0x00000000000009cc                                                                                                       	-      -            
 0.25%  	 15         	 379907013  	xemu       	xemu                       	[.] dsp_write_reg                                                                                                            	-      -            
 0.23%  	 15         	 341372240  	xemu       	libsamplerate.so.0         	[.] 0x00000000000031cd                                                                                                       	-      -            
 0.22%  	 13         	 337416049  	xemu       	libsamplerate.so.0         	[.] 0x000000000000329e                                                                                                       	-      -            
 0.22%  	 12         	 330979729  	xemu       	xemu                       	[.] emu_mpy_p_y0_x0_a                                                                                                        	-      -            
 0.21%  	 16         	 318929819  	xemu       	libsamplerate.so.0         	[.] src_callback_read                                                                                                        	-      -            
 0.20%  	 14         	 303459977  	xemu       	libsamplerate.so.0         	[.] 0x0000000000003138                                                                                                       	-      -            
 0.20%  	 13         	 300349064  	xemu       	libsamplerate.so.0         	[.] 0x0000000000003234                                                                                                       	-      -            
 0.19%  	 10         	 287009693  	xemu       	libsamplerate.so.0         	[.] 0x000000000000341d                                                                                                       	-      -            
 0.19%  	 14         	 286435120  	xemu       	libsamplerate.so.0         	[.] 0x0000000000003220                                                                                                       	-      -            
 0.18%  	 10         	 278798772  	xemu       	libsamplerate.so.0         	[.] 0x00000000000032f9                                                                                                       	-      -            
 0.18%  	 1          	 271445012  	xemu       	libsamplerate.so.0         	[.] 0x0000000000002edd                                                                                                       	-      -            
 0.17%  	 10         	 264484681  	xemu       	xemu                       	[.] emu_mac_p_y1_x1_a                                                                                                        	-      -            
 0.17%  	 10         	 264132431  	xemu       	libsamplerate.so.0         	[.] 0x0000000000003286                                                                                                       	-      -            
 0.17%  	 10         	 257454299  	xemu       	xemu                       	[.] emu_asl_imm.llvm.12752694138931587586                                                                                    	-      -            
 0.17%  	 8          	 249870119  	xemu       	xemu                       	[.] do_tb_phys_invalidate.llvm.8758571221256236108                                                                           	-      -            
 0.17%  	 10         	 249739146  	xemu       	xemu                       	[.] tb_lookup_cmp                                                                                                            	-      -            
 0.16%  	 9          	 242245754  	xemu       	libsamplerate.so.0         	[.] 0x00000000000032ce                                                                                                       	-      -            
 0.16%  	 9          	 241879367  	xemu       	libsamplerate.so.0         	[.] 0x00000000000032c0                                                                                                       	-      -            
 0.16%  	 9          	 237158257  	xemu       	libsamplerate.so.0         	[.] 0x00000000000032b3                                                                                                       	-      -            
 0.16%  	 13         	 236203777  	xemu       	xemu                       	[.] physical_memory_range_includes_clean                                                                                     	-      -            
 0.16%  	 3          	 234723282  	xemu       	xemu                       	[.] cpu_unwind_data_from_tb.llvm.12212837843232634813                                                                        	-      -            
 0.15%  	 15         	 228874159  	xemu       	xemu                       	[.] voice_step_envelope                                                                                                      	-      -            
 0.15%  	 11         	 224321666  	xemu       	xemu                       	[.] address_space_lduw_internal.llvm.9823001788323054012                                                                     	-      -            
 0.15%  	 9          	 222362648  	xemu       	libsamplerate.so.0         	[.] 0x0000000000003321                                                                                                       	-      -            
 0.14%  	 8          	 213232662  	xemu       	libsamplerate.so.0         	[.] src_process                                                                                                              	-      -            
 0.14%  	 11         	 208623610  	xemu       	libsamplerate.so.0         	[.] 0x0000000000003246                                                                                                       	-      -            
 0.14%  	 11         	 204676037  	xemu       	libsamplerate.so.0         	[.] 0x000000000000317d                                                                                                       	-      -            
 0.13%  	 7          	 201375108  	xemu       	xemu                       	[.] emu_move_x_imm.llvm.12752694138931587586                                                                                 	-      -            
 0.13%  	 6          	 199890494  	xemu       	libsamplerate.so.0         	[.] 0x0000000000003162                                                                                                       	-      -            
 0.13%  	 7          	 196352925  	xemu       	libsamplerate.so.0         	[.] 0x00000000000032ed                                                                                                       	-      -            
 0.13%  	 1          	 192929391  	xemu       	[JIT] tid 32843            	[.] 0x00007fe7bed9db82                                                                                                       	-      -            
 0.13%  	 8          	 191913424  	xemu       	libsamplerate.so.0         	[.] 0x000000000000327b                                                                                                       	-      -            
 0.13%  	 7          	 189475604  	xemu       	libsamplerate.so.0         	[.] 0x00000000000031a0                                                                                                       	-      -            
 0.12%  	 7          	 177805250  	xemu       	libsamplerate.so.0         	[.] 0x00000000000032f5                                                                                                       	-      -            
 0.11%  	 9          	 170053646  	xemu       	xemu                       	[.] ImGui::NewFrame()                                                                                                        	-      -            
 0.11%  	 7          	 163660319  	xemu       	xemu                       	[.] tb_htable_lookup_common.llvm.15934127697401424413                                                                        	-      -            
 0.11%  	 6          	 162403372  	xemu       	[JIT] tid 32843            	[.] 0x00007fe7bd34893e                                                                                                       	-      -            
 0.11%  	 6          	 160829374  	xemu       	xemu                       	[.] float32_mul                                                                                                              	-      -            
 0.10%  	 6          	 155417192  	xemu       	xemu                       	[.] emu_move_y_imm.llvm.12752694138931587586                                                                                 	-      -            
 0.10%  	 15         	 151875654  	xemu       	xemu                       	[.] mcpx_apu_vp_frame                                                                                                        	-      -            
 0.10%  	 5          	 146996550  	xemu       	xemu                       	[.] c_dma_mem_read.llvm.5225988660000961437                                                                                  	-      -            
 0.10%  	 6          	 143885467  	xemu       	xemu                       	[.] tb_tc_cmp                                                                                                                	-      -            
 0.09%  	 1          	 141807517  	xemu:gdrv0 	libc.so.6                  	[.] 0x000000000016ca8e                                                                                                       	-      -            
 0.09%  	 8          	 141147605  	xemu       	xemu                       	[.] ImGui::Begin(char const*, bool*, int)                                                                                    	-      -            
 0.09%  	 5          	 141050270  	xemu       	libsamplerate.so.0         	[.] 0x00000000000031f0                                                                                                       	-      -            
 0.09%  	 5          	 139598139  	xemu       	libm.so.6                  	[.] 0x0000000000059744                                                                                                       	-      -            
 0.09%  	 5          	 138381668  	xemu       	xemu                       	[.] emu_lua_rel.llvm.12752694138931587586                                                                                    	-      -            
 0.09%  	 5          	 137869110  	xemu       	xemu                       	[.] emu_mac_p_y1_x1_b                                                                                                        	-      -            
 0.09%  	 5          	 136243900  	xemu       	xemu                       	[.] emu_add_imm.llvm.12752694138931587586                                                                                    	-      -            
 0.09%  	 5          	 136095530  	xemu       	xemu                       	[.] cpu_exec_loop                                                                                                            	-      -            
 0.09%  	 5          	 135254919  	xemu       	xemu                       	[.] emu_mpy_p_x1_x0_a                                                                                                        	-      -            
 0.09%  	 6          	 130042418  	xemu       	xemu                       	[.] invalidate_and_set_dirty.llvm.9823001788323054012                                                                        	-      -            
 0.08%  	 5          	 126850860  	xemu       	xemu                       	[.] emu_mpy_p_y0_x0_b                                                                                                        	-      -            
 0.08%  	 1          	 126201141  	xemu       	libgallium-25.3.0.so       	[.] 0x000000000031cb5d                                                                                                       	-      -            
 0.08%  	 4          	 125551451  	xemu       	xemu                       	[.] emu_mpy_p_x1_y0_a                                                                                                        	-      -            
 0.08%  	 6          	 124904948  	xemu       	libsamplerate.so.0         	[.] 0x000000000000325a                                                                                                       	-      -            
 0.08%  	 4          	 121061758  	xemu       	xemu                       	[.] emu_andi.llvm.12752694138931587586                                                                                       	-      -            
 0.08%  	 4          	 118929850  	xemu       	libsamplerate.so.0         	[.] 0x0000000000003116                                                                                                       	-      -            
 0.07%  	 5          	 113304563  	xemu       	xemu                       	[.] probe_access_internal.llvm.15400734734619096472                                                                          	-      -            
 0.07%  	 6          	 112993067  	xemu       	xemu                       	[.] pgraph_vk_get_framebuffer_surface                                                                                        	-      -            
 0.07%  	 5          	 112895025  	xemu       	libsamplerate.so.0         	[.] 0x0000000000003a1e                                                                                                       	-      -            
 0.07%  	 5          	 112694773  	xemu       	libsamplerate.so.0         	[.] 0x0000000000003104                                                                                                       	-      -            
 0.07%  	 4          	 111861964  	xemu       	xemu                       	[.] emu_macr_p_x1_y0_a                                                                                                       	-      -            
 0.07%  	 5          	 111101123  	xemu       	libsamplerate.so.0         	[.] 0x000000000000331e                                                                                                       	-      -            
 0.07%  	 5          	 109525288  	xemu       	xemu                       	[.] pgraph_vk_bind_textures                                                                                                  	-      -            
 0.07%  	 4          	 108928893  	xemu       	libsamplerate.so.0         	[.] 0x000000000000323e                                                                                                       	-      -            
 0.07%  	 4          	 107475010  	xemu       	xemu                       	[.] emu_ori.llvm.12752694138931587586                                                                                        	-      -            
 0.07%  	 6          	 107149501  	xemu       	libc.so.6                  	[.] 0x000000000009a7fc                                                                                                       	-      -            
 0.07%  	 4          	 105105590  	xemu       	xemu                       	[.] iotlb_to_section                                                                                                         	-      -            
 0.07%  	 4          	 104993163  	xemu       	libsamplerate.so.0         	[.] 0x0000000000002fe1                                                                                                       	-      -            
 0.07%  	 4          	 104121645  	xemu       	xemu                       	[.] helper_mulss                                                                                                             	-      -            
 0.07%  	 5          	 100889545  	xemu       	libsamplerate.so.0         	[.] 0x0000000000002fda                                                                                                       	-      -            
 0.07%  	 5          	 100673819  	xemu       	libsamplerate.so.0         	[.] 0x00000000000031ec                                                                                                       	-      -            
 0.07%  	 4          	 100098452  	xemu       	xemu                       	[.] pgraph_method_log                                                                                                        	-      -            
 0.07%  	 4          	 99150515   	xemu       	xemu                       	[.] helper_cc_compute_c                                                                                                      	-      -            
 0.07%  	 4          	 98735392   	xemu       	xemu                       	[.] helper_comiss                                                                                                            	-      -            
 0.06%  	 2          	 96786218   	xemu       	libsamplerate.so.0         	[.] 0x0000000000003160                                                                                                       	-      -            
 0.06%  	 3          	 96756383   	xemu       	libsamplerate.so.0         	[.] 0x000000000000394b                                                                                                       	-      -            
 0.06%  	 4          	 94015931   	xemu       	xemu                       	[.] memory_region_dispatch_write                                                                                             	-      -            
 0.06%  	 4          	 93593868   	xemu       	xemu                       	[.] float32_add                                                                                                              	-      -            
 0.06%  	 3          	 93491845   	xemu       	xemu                       	[.] scatter_gather_rw                                                                                                        	-      -            
 0.06%  	 3          	 93071458   	xemu       	libc.so.6                  	[.] 0x000000000016c1bb                                                                                                       	-      -            
 0.06%  	 3          	 91858555   	xemu       	[JIT] tid 32843            	[.] 0x00007fe7bd123d27                                                                                                       	-      -            
 0.06%  	 3          	 88803442   	xemu       	libsamplerate.so.0         	[.] 0x0000000000002e90                                                                                                       	-      -            
 0.06%  	 4          	 88704685   	xemu       	libsamplerate.so.0         	[.] 0x0000000000003189                                                                                                       	-      -            
 0.06%  	 4          	 88384872   	xemu       	libsamplerate.so.0         	[.] 0x0000000000002fd5                                                                                                       	-      -            
 0.06%  	 4          	 88145234   	xemu       	libsamplerate.so.0         	[.] 0x00000000000030a7                                                                                                       	-      -            
 0.06%  	 17         	 87012817   	xemu       	[unknown]                  	[k] 0xffffffffbc444065                                                                                                       	-      -            
 0.06%  	 6          	 86543157   	xemu       	xemu                       	[.] mcpx_apu_frame_thread                                                                                                    	-      -            
 0.06%  	 5          	 85310144   	xemu       	libsamplerate.so.0         	[.] 0x0000000000003329                                                                                                       	-      -            
 0.05%  	 5          	 83004520   	xemu       	libsamplerate.so.0         	[.] 0x000000000000318e                                                                                                       	-      -            
 0.05%  	 3          	 82866427   	xemu       	xemu                       	[.] emu_mac_p_x0_x0_b                                                                                                        	-      -            
 0.05%  	 3          	 82250661   	xemu       	xemu                       	[.] do_ld4_mmu.llvm.15400734734619096472                                                                                     	-      -            
 0.05%  	 3          	 81818970   	xemu       	xemu                       	[.] emu_mac_p_y0_x0_b                                                                                                        	-      -            
 0.05%  	 4          	 79794687   	xemu       	libsamplerate.so.0         	[.] 0x0000000000002fd9                                                                                                       	-      -            
 0.05%  	 3          	 79118925   	xemu       	libsamplerate.so.0         	[.] 0x0000000000003109                                                                                                       	-      -            
 0.05%  	 3          	 78653898   	xemu       	xemu                       	[.] mmu_lookup1                                                                                                              	-      -            
 0.05%  	 3          	 77188555   	xemu       	libsamplerate.so.0         	[.] 0x00000000000031b4                                                                                                       	-      -            
 0.05%  	 3          	 76643253   	xemu       	libvulkan_radeon.so        	[.] 0x00000000003dce4b                                                                                                       	-      -            
 0.05%  	 3          	 76412362   	xemu       	[JIT] tid 32843            	[.] 0x00007fe7bd115bf0                                                                                                       	-      -            
 0.05%  	 4          	 76113955   	xemu       	libsamplerate.so.0         	[.] 0x0000000000002ef2                                                                                                       	-      -            
 0.05%  	 3          	 72839585   	xemu       	xemu                       	[.] emu_dor_imm.llvm.12752694138931587586                                                                                    	-      -            
 0.05%  	 3          	 72566349   	xemu       	libsamplerate.so.0         	[.] 0x0000000000002e54                                                                                                       	-      -            
 0.05%  	 3          	 71612503   	xemu       	libsamplerate.so.0         	[.] 0x00000000000030f0                                                                                                       	-      -            
 0.05%  	 5          	 69765946   	xemu       	xemu                       	[.] SDL_PeepEventsInternal.llvm.4769681012858742499                                                                          	-      -            
 0.05%  	 3          	 69486903   	xemu       	xemu                       	[.] prepare_vertex_data                                                                                                      	-      -            
 0.05%  	 2          	 69224892   	xemu       	libvulkan_radeon.so        	[.] 0x0000000000400d95                                                                                                       	-      -            
 0.05%  	 2          	 69000490   	xemu       	libm.so.6                  	[.] 0x000000000007d134                                                                                                       	-      -            
 0.05%  	 1          	 68505194   	xemu       	libGL.so.1.7.0             	[.] 0x00000000000467c4                                                                                                       	-      -            
 0.05%  	 3          	 68224762   	xemu       	libsamplerate.so.0         	[.] 0x0000000000003309                                                                                                       	-      -            
 0.04%  	 7          	 68047487   	xemu       	libglib-2.0.so.0           	[.] g_get_monotonic_time                                                                                                     	-      -            
 0.04%  	 3          	 67841629   	xemu       	xemu                       	[.] pic_set_irq                                                                                                              	-      -            
 0.04%  	 7          	 67285141   	xemu       	[unknown]                  	[k] 0xffffffffbc00008f                                                                                                       	-      -            
 0.04%  	 1          	 67171571   	xemu       	libvulkan_radeon.so        	[.] 0x00000000004e20f1                                                                                                       	-      -            
 0.04%  	 3          	 67123113   	xemu       	xemu                       	[.] inv_tb_lookup_cmp.llvm.15934127697401424413                                                                              	-      -            
 0.04%  	 3          	 66090046   	xemu       	libsamplerate.so.0         	[.] 0x00000000000030d1                                                                                                       	-      -            
 0.04%  	 3          	 65881489   	xemu       	libsamplerate.so.0         	[.] 0x0000000000003032                                                                                                       	-      -            
 0.04%  	 2          	 65454975   	xemu       	libvulkan_radeon.so        	[.] 0x00000000003b6134                                                                                                       	-      -            
 0.04%  	 3          	 64285597   	xemu       	libm.so.6                  	[.] 0x000000000007d158                                                                                                       	-      -            
 0.04%  	 2          	 63920508   	xemu       	libvulkan_radeon.so        	[.] 0x00000000003b6d07                                                                                                       	-      -            
 0.04%  	 3          	 63620527   	xemu       	libgallium-25.3.0.so       	[.] 0x0000000000072211                                                                                                       	-      -            
 0.04%  	 3          	 63563038   	xemu:gdrv0 	libgallium-25.3.0.so       	[.] 0x0000000000957b85                                                                                                       	-      -            
 0.04%  	 5          	 62709650   	xemu       	xemu                       	[.] get_bql_locked.llvm.3674820917739037335                                                                                  	-      -            
 0.04%  	 3          	 62603091   	xemu       	xemu                       	[.] do_st4_mmu.llvm.15400734734619096472                                                                                     	-      -            
 0.04%  	 1          	 62168675   	xemu       	xemu                       	[.] helper_fyl2x__hard                                                                                                       	-      -            
 0.04%  	 2          	 62114155   	xemu       	libc.so.6                  	[.] 0x000000000016ca2d                                                                                                       	-      -            
 0.04%  	 5          	 62084963   	xemu       	xemu                       	[.] object_dynamic_cast_assert                                                                                               	-      -            
 0.04%  	 2          	 61987182   	xemu       	libc.so.6                  	[.] 0x00000000000a267b                                                                                                       	-      -            
 0.04%  	 3          	 60506907   	xemu       	xemu                       	[.] nv_dma_map                                                                                                               	-      -            
 0.04%  	 3          	 60291017   	xemu       	libsamplerate.so.0         	[.] 0x0000000000003080                                                                                                       	-      -            
 0.04%  	 2          	 59879757   	xemu       	libsamplerate.so.0         	[.] 0x00000000000030ad                                                                                                       	-      -            
 0.04%  	 4          	 59639184   	xemu       	libc.so.6                  	[.] 0x000000000016ca93                                                                                                       	-      -            
 0.04%  	 3          	 59526366   	xemu       	xemu                       	[.] xemu_hud_update                                                                                                          	-      -            
 0.04%  	 21         	 59125856   	xemu       	xemu                       	[.] SDL_DelayPrecise_REAL                                                                                                    	-      -            
 0.04%  	 2          	 58650900   	xemu       	xemu                       	[.] update_surface_part                                                                                                      	-      -            
 0.04%  	 2          	 56991684   	xemu       	xemu                       	[.] float32_sub                                                                                                              	-      -            
 0.04%  	 12         	 56807090   	xemu       	[unknown]                  	[k] 0xffffffffbc000080                                                                                                       	-      -            
 0.04%  	 2          	 56573690   	xemu       	libsamplerate.so.0         	[.] 0x000000000000323a                                                                                                       	-      -            
 0.04%  	 3          	 56471734   	xemu       	libc.so.6                  	[.] 0x000000000009a7d1                                                                                                       	-      -            
 0.04%  	 2          	 56132952   	xemu       	xemu                       	[.] helper_ldul_mmu                                                                                                          	-      -            
 0.04%  	 2          	 55997006   	xemu       	libm.so.6                  	[.] 0x000000000007c9e0                                                                                                       	-      -            
 0.04%  	 4          	 55667094   	xemu       	xemu                       	[.] qemu_mutex_lock_impl                                                                                                     	-      -            
 0.04%  	 2          	 55524908   	xemu       	libsamplerate.so.0         	[.] 0x00000000000038cf                                                                                                       	-      -            
 0.04%  	 2          	 55417419   	xemu       	xemu                       	[.] emu_max                                                                                                                  	-      -            
 0.04%  	 2          	 54969336   	xemu       	libsamplerate.so.0         	[.] 0x0000000000003323                                                                                                       	-      -            
 0.04%  	 1          	 54846055   	xemu       	libc.so.6                  	[.] 0x00000000000a3f84                                                                                                       	-      -            
 0.04%  	 1          	 54708445   	xemu       	libvulkan_radeon.so        	[.] 0x00000000003b6c06                                                                                                       	-      -            
 0.04%  	 2          	 54620055   	xemu       	libc.so.6                  	[.] 0x000000000016bf85                                                                                                       	-      -            
 0.04%  	 1          	 54316674   	xemu       	libvulkan_radeon.so        	[.] 0x0000000000331b3f                                                                                                       	-      -            
 0.04%  	 3          	 54015416   	xemu:gdrv0 	libc.so.6                  	[.] 0x000000000016ca84                                                                                                       	-      -            
 0.04%  	 3          	 53756445   	xemu       	[unknown]                  	[k] 0xffffffffbc7158e1                                                                                                       	-      -            
 0.04%  	 1          	 53512658   	xemu       	libsamplerate.so.0         	[.] 0x0000000000002feb                                                                                                       	-      -            
 0.04%  	 2          	 53281110   	xemu       	libsamplerate.so.0         	[.] 0x000000000000304f                                                                                                       	-      -            
 0.04%  	 3          	 52961625   	xemu       	libc.so.6                  	[.] 0x000000000016bbb3                                                                                                       	-      -            
 0.03%  	 1          	 52780895   	xemu       	libm.so.6                  	[.] 0x000000000007bea1                                                                                                       	-      -            
 0.03%  	 3          	 52635115   	xemu       	xemu                       	[.] find_first_item.llvm.1263716629711278591                                                                                 	-      -            
 0.03%  	 3          	 51945195   	xemu       	xemu                       	[.] qemu_clock_get_ns                                                                                                        	-      -            
 0.03%  	 3          	 51581934   	xemu:gdrv0 	libgallium-25.3.0.so       	[.] 0x00000000009376c2                                                                                                       	-      -            
 0.03%  	 2          	 51415219   	xemu       	[unknown]                  	[k] 0xffffffffbcb1877f                                                                                                       	-      -            
 0.03%  	 2          	 51312645   	xemu       	xemu                       	[.] emu_macr_p_y0_x0_b                                                                                                       	-      -            
 0.03%  	 2          	 51062547   	xemu       	libsamplerate.so.0         	[.] 0x000000000000320a                                                                                                       	-      -            
 0.03%  	 2          	 50863429   	xemu       	libsamplerate.so.0         	[.] 0x0000000000003947                                                                                                       	-      -            
 0.03%  	 2          	 50517487   	xemu       	libsamplerate.so.0         	[.] 0x000000000000302d                                                                                                       	-      -            
 0.03%  	 1          	 50283019   	xemu       	[JIT] tid 32843            	[.] 0x00007fe7beaeac77                                                                                                       	-      -            
 0.03%  	 2          	 50133094   	xemu       	xemu                       	[.] helper_addss                                                                                                             	-      -            
 0.03%  	 2          	 50003075   	xemu       	libm.so.6                  	[.] 0x000000000007d11d                                                                                                       	-      -            
 0.03%  	 2          	 49536791   	xemu       	xemu                       	[.] helper_cc_compute_all                                                                                                    	-      -            
 0.03%  	 2          	 49315310   	xemu       	libsamplerate.so.0         	[.] 0x000000000000393f                                                                                                       	-      -            
 0.03%  	 2          	 48733879   	xemu       	xemu                       	[.] emu_calc_cc                                                                                                              	-      -            
 0.03%  	 2          	 48316705   	xemu       	libsamplerate.so.0         	[.] 0x0000000000003a5b                                                                                                       	-      -            
 0.03%  	 2          	 47981976   	xemu       	xemu                       	[.] emu_macr_p_x1_y0_b                                                                                                       	-      -            
 0.03%  	 3          	 47891597   	xemu       	libgallium-25.3.0.so       	[.] 0x00000000002b55ed                                                                                                       	-      -            
 0.03%  	 2          	 47689175   	xemu       	[JIT] tid 32843            	[.] 0x00007fe7bdf59fd3                                                                                                       	-      -            
 0.03%  	 2          	 47607169   	xemu       	libsamplerate.so.0         	[.] 0x00000000000032e4                                                                                                       	-      -            
 0.03%  	 2          	 47333694   	xemu       	xemu                       	[.] flatview_read_continue                                                                                                   	-      -            
 0.03%  	 2          	 47095301   	xemu       	xemu                       	[.] x86_cpu_mmu_index.llvm.12251549622918587978                                                                              	-      -            
 0.03%  	 1          	 46774356   	xemu       	libsamplerate.so.0         	[.] 0x000000000000316a                                                                                                       	-      -            
 0.03%  	 1          	 46678816   	xemu       	xemu                       	[.] SnapshotManager::DrawSnapshotDiscLoadDialog()                                                                            	-      -            
 0.03%  	 1          	 46282782   	xemu       	[unknown]                  	[k] 0xffffffffbd2ba37e                                                                                                       	-      -            
 0.03%  	 2          	 46229444   	xemu       	xemu                       	[.] pgraph_NV097_SET_TRANSFORM_CONSTANT_handler                                                                              	-      -            
 0.03%  	 4          	 45423332   	xemu       	[unknown]                  	[k] 0xffffffffbc443f03                                                                                                       	-      -            
 0.03%  	 1          	 45295779   	xemu       	libc.so.6                  	[.] 0x000000000009a8c9                                                                                                       	-      -            
 0.03%  	 1          	 45155535   	xemu       	[JIT] tid 32843            	[.] 0x00007fe7bd345903                                                                                                       	-      -            
 0.03%  	 2          	 45025005   	xemu       	libc.so.6                  	[.] 0x000000000016c1c5                                                                                                       	-      -            
 0.03%  	 2          	 44262879   	xemu       	xemu                       	[.] pgraph_vk_render_display                                                                                                 	-      -            
 0.03%  	 2          	 43995386   	xemu       	libsamplerate.so.0         	[.] 0x0000000000003304                                                                                                       	-      -            
 0.03%  	 1          	 43590263   	xemu       	[JIT] tid 32843            	[.] 0x00007fe7bebf1d83                                                                                                       	-      -            
 0.03%  	 1          	 43540367   	xemu       	libm.so.6                  	[.] 0x000000000007d052                                                                                                       	-      -            
 0.03%  	 2          	 43402408   	xemu       	xemu                       	[.] pgraph_glsl_set_vsh_uniform_values                                                                                       	-      -            
 0.03%  	 2          	 43058026   	xemu       	xemu                       	[.] emu_abs_b                                                                                                                	-      -            
 0.03%  	 2          	 42590768   	xemu       	libgallium-25.3.0.so       	[.] 0x00000000004f99f3                                                                                                       	-      -            
 0.03%  	 2          	 42270950   	xemu       	libc.so.6                  	[.] 0x0000000000098dba                                                                                                       	-      -            
 0.03%  	 4          	 41605509   	xemu       	[unknown]                  	[k] 0xffffffffbc444fcd                                                                                                       	-      -            
 0.03%  	 2          	 41470695   	xemu       	libsamplerate.so.0         	[.] 0x00000000000023e0                                                                                                       	-      -            
 0.03%  	 2          	 40999728   	xemu       	libc.so.6                  	[.] 0x00000000000a6d84                                                                                                       	-      -            
 0.03%  	 1          	 40784471   	xemu:gdrv0 	libgallium-25.3.0.so       	[.] 0x00000000009411fc                                                                                                       	-      -            
 0.03%  	 1          	 40613766   	xemu       	[JIT] tid 32843            	[.] 0x00007fe7bcdbdc03                                                                                                       	-      -            
 0.03%  	 3          	 39930680   	xemu       	xemu                       	[.] mmu_lookup.llvm.15400734734619096472                                                                                     	-      -            
 0.03%  	 2          	 38923589   	xemu       	xemu                       	[.] XXH3_hashLong_64b_default.llvm.7025552882428450528                                                                       	-      -            
 0.03%  	 3          	 38717454   	xemu       	xemu                       	[.] x86_cpu_exec_interrupt                                                                                                   	-      -            
 0.03%  	 1          	 38632809   	xemu       	[JIT] tid 32843            	[.] 0x00007fe7bee083b3                                                                                                       	-      -            
 0.03%  	 2          	 38328337   	xemu       	xemu                       	[.] ImDrawList::_ResetForNewFrame()                                                                                          	-      -            
 0.03%  	 1          	 37975440   	xemu       	libm.so.6                  	[.] 0x000000000007d0dc                                                                                                       	-      -            
 0.03%  	 1          	 37960734   	xemu       	libsamplerate.so.0         	[.] 0x00000000000023a4                                                                                                       	-      -            
 0.03%  	 4          	 37894918   	xemu       	libm.so.6                  	[.] 0x000000000007bedb                                                                                                       	-      -            
 0.02%  	 1          	 37711426   	xemu       	libm.so.6                  	[.] 0x000000000007d2bd                                                                                                       	-      -            
 0.02%  	 3          	 37678003   	xemu       	xemu                       	[.] HIDAPI_UpdateDevices                                                                                                     	-      -            
 0.02%  	 1          	 37542784   	xemu       	libc.so.6                  	[.] 0x000000000003da24                                                                                                       	-      -            
 0.02%  	 1          	 37338035   	xemu       	libsamplerate.so.0         	[.] 0x000000000000394f                                                                                                       	-      -            
 0.02%  	 2          	 37120792   	xemu       	[unknown]                  	[k] 0xffffffffbd2e7385                                                                                                       	-      -            
 0.02%  	 1          	 36653355   	xemu       	xemu                       	[.] roundAndPackFloatx80                                                                                                     	-      -            
 0.02%  	 1          	 36570283   	xemu       	libvulkan_radeon.so        	[.] 0x00000000003b45f3                                                                                                       	-      -            
 0.02%  	 2          	 36452619   	xemu       	libc.so.6                  	[.] 0x0000000000098d67                                                                                                       	-      -            
 0.02%  	 1          	 36383329   	xemu       	libvulkan_radeon.so        	[.] 0x000000000033cd0a                                                                                                       	-      -            
 0.02%  	 2          	 36118901   	xemu       	xemu                       	[.] xemu_input_update_controllers                                                                                            	-      -            
 0.02%  	 1          	 36046307   	xemu       	[JIT] tid 32843            	[.] 0x00007fe7bd02d183                                                                                                       	-      -            
 0.02%  	 2          	 35770471   	xemu       	xemu                       	[.] subpage_accepts                                                                                                          	-      -            
 0.02%  	 1          	 35459629   	xemu       	xemu                       	[.] SDL_HashObject.llvm.17375349995870347641                                                                                 	-      -            
 0.02%  	 1          	 35335022   	xemu       	[JIT] tid 32843            	[.] 0x00007fe7bdfb1915                                                                                                       	-      -            
 0.02%  	 1          	 35286162   	xemu       	xemu                       	[.] emu_macr_p_y1_x1_a                                                                                                       	-      -            
 0.02%  	 1          	 35265290   	xemu       	[unknown]                  	[k] 0xffffffffbc29394e                                                                                                       	-      -            
 0.02%  	 1          	 35244877   	xemu       	libvulkan_radeon.so        	[.] 0x000000000032dddd                                                                                                       	-      -            
 0.02%  	 1          	 35121751   	xemu       	[JIT] tid 32843            	[.] 0x00007fe7bcb867c2                                                                                                       	-      -            
 0.02%  	 1          	 35029247   	xemu       	libvulkan_radeon.so        	[.] 0x0000000000400fa5                                                                                                       	-      -            
 0.02%  	 2          	 34977354   	xemu       	xemu                       	[.] X11_GL_SwapWindow                                                                                                        	-      -            
 0.02%  	 1          	 34947814   	xemu       	[unknown]                  	[k] 0xffffffffbd2d2fac                                                                                                       	-      -            
 0.02%  	 2          	 34869914   	xemu       	libsamplerate.so.0         	[.] 0x0000000000003374                                                                                                       	-      -            
 0.02%  	 1          	 34868360   	xemu       	libvulkan_radeon.so        	[.] 0x000000000029dd54                                                                                                       	-      -            
 0.02%  	 1          	 34823266   	xemu       	libvulkan_radeon.so        	[.] 0x00000000002a23b5                                                                                                       	-      -            
 0.02%  	 1          	 34819497   	xemu       	libvulkan_radeon.so        	[.] 0x00000000003daeda                                                                                                       	-      -            
 0.02%  	 1          	 34812621   	xemu       	libvulkan_radeon.so        	[.] 0x0000000000331800                                                                                                       	-      -            
 0.02%  	 1          	 34801624   	xemu       	libvulkan_radeon.so        	[.] 0x0000000000331ff9                                                                                                       	-      -            
 0.02%  	 2          	 34799634   	xemu       	libvulkan_radeon.so        	[.] 0x000000000033201f                                                                                                       	-      -            
 0.02%  	 1          	 34799032   	xemu       	libvulkan_radeon.so        	[.] 0x00000000004d852e                                                                                                       	-      -            
 0.02%  	 1          	 34798937   	xemu       	libvulkan_radeon.so        	[.] 0x0000000000331448                                                                                                       	-      -            
 0.02%  	 1          	 34795419   	xemu       	libvulkan_radeon.so        	[.] 0x0000000000499529                                                                                                       	-      -            
 0.02%  	 1          	 34795005   	xemu       	libvulkan_radeon.so        	[.] 0x00000000004efe5a                                                                                                       	-      -            
 0.02%  	 1          	 34786757   	xemu       	xemu                       	[.] physical_memory_set_dirty_range_nocode                                                                                   	-      -            
 0.02%  	 2          	 34780341   	xemu       	libvulkan_radeon.so        	[.] 0x00000000002a3656                                                                                                       	-      -            
 0.02%  	 1          	 34776231   	xemu       	libvulkan_radeon.so        	[.] 0x00000000003b6d03                                                                                                       	-      -            
 0.02%  	 1          	 34774984   	xemu       	libvulkan_radeon.so        	[.] 0x0000000000331790                                                                                                       	-      -            
 0.02%  	 1          	 34761172   	xemu       	libvulkan_radeon.so        	[.] 0x0000000000384341                                                                                                       	-      -            
 0.02%  	 1          	 34693214   	xemu       	xemu                       	[.] victim_tlb_hit                                                                                                           	-      -            
 0.02%  	 1          	 34686960   	xemu       	libvulkan_radeon.so        	[.] 0x00000000003b5ed6                                                                                                       	-      -            
 0.02%  	 1          	 34685436   	xemu       	libvulkan_radeon.so        	[.] 0x000000000033d31d                                                                                                       	-      -            
 0.02%  	 1          	 34656280   	xemu       	libvulkan_radeon.so        	[.] 0x0000000000331852                                                                                                       	-      -            
 0.02%  	 1          	 34603809   	xemu       	libvulkan_radeon.so        	[.] 0x00000000003d69c1                                                                                                       	-      -            
 0.02%  	 5          	 34590120   	xemu       	xemu                       	[.] dsp_c_write_memory.llvm.5225988660000961437                                                                              	-      -            
 0.02%  	 1          	 34562551   	xemu       	libc.so.6                  	[.] 0x00000000000a5344                                                                                                       	-      -            
 0.02%  	 1          	 34561296   	xemu       	[JIT] tid 32843            	[.] 0x00007fe7bcdb6843                                                                                                       	-      -            
 0.02%  	 1          	 34530366   	xemu       	libvulkan_radeon.so        	[.] 0x0000000000401586                                                                                                       	-      -            
 0.02%  	 1          	 34518578   	xemu       	libsamplerate.so.0         	[.] 0x0000000000003972                                                                                                       	-      -            
 0.02%  	 1          	 34511955   	xemu       	[JIT] tid 32843            	[.] 0x00007fe7bdbb2cf9                                                                                                       	-      -            
 0.02%  	 1          	 34493532   	xemu       	libvulkan_radeon.so        	[.] 0x0000000000401bc1                                                                                                       	-      -            
 0.02%  	 1          	 34455478   	xemu       	libvulkan_radeon.so        	[.] 0x00000000002a7f20                                                                                                       	-      -            
 0.02%  	 1          	 34442635   	xemu       	libc.so.6                  	[.] 0x00000000000a274c                                                                                                       	-      -            
 0.02%  	 1          	 34417888   	xemu       	libvulkan_radeon.so        	[.] 0x00000000003b6dbe                                                                                                       	-      -            
 0.02%  	 1          	 34414761   	xemu       	libvulkan_radeon.so        	[.] 0x0000000000331746                                                                                                       	-      -            
 0.02%  	 1          	 34406160   	xemu       	libvulkan_radeon.so        	[.] 0x000000000032dc48                                                                                                       	-      -            
 0.02%  	 1          	 34374056   	xemu       	[JIT] tid 32843            	[.] 0x00007fe7bcdba17e                                                                                                       	-      -            
 0.02%  	 1          	 34337501   	xemu       	libvulkan_radeon.so        	[.] 0x000000000036adb6                                                                                                       	-      -            
 0.02%  	 1          	 34295242   	xemu       	libvulkan_radeon.so        	[.] 0x00000000004e3847                                                                                                       	-      -            
 0.02%  	 3          	 34264484   	xemu       	xemu                       	[.] xemu_input_process_sdl_events                                                                                            	-      -            
 0.02%  	 3          	 34222996   	xemu       	xemu                       	[.] memory_region_access_valid                                                                                               	-      -            
 0.02%  	 1          	 34211884   	xemu       	[JIT] tid 32843            	[.] 0x00007fe7bd030b9c                                                                                                       	-      -            
 0.02%  	 1          	 34189304   	xemu       	libvulkan_radeon.so        	[.] 0x00000000003ce410                                                                                                       	-      -            
 0.02%  	 1          	 34185195   	xemu       	xemu                       	[.] emu_brclr_pp.llvm.12752694138931587586                                                                                   	-      -            
 0.02%  	 1          	 34182013   	xemu       	xemu                       	[.] emu_cmp_imm.llvm.12752694138931587586                                                                                    	-      -            
 0.02%  	 2          	 34178110   	xemu       	xemu                       	[.] ImDrawList::_PathArcToFastEx(ImVec2 const&, float, int, int, int)                                                        	-      -            
 0.02%  	 2          	 34030681   	xemu       	xemu                       	[.] ImGui_ImplOpenGL3_SetupRenderState(ImDrawData*, int, int, unsigned int)                                                  	-      -            
 0.02%  	 1          	 33991470   	xemu       	libvulkan_radeon.so        	[.] 0x0000000000400fd6                                                                                                       	-      -            
 0.02%  	 1          	 33954490   	xemu       	libvulkan_radeon.so        	[.] 0x00000000002a3dfd                                                                                                       	-      -            
 0.02%  	 3          	 33937173   	xemu       	xemu                       	[.] gl_render_frame                                                                                                          	-      -            
 0.02%  	 1          	 33823734   	xemu       	[JIT] tid 32843            	[.] 0x00007fe7be934342                                                                                                       	-      -            
 0.02%  	 1          	 33748351   	xemu       	[JIT] tid 32843            	[.] 0x00007fe7bf0f4662                                                                                                       	-      -            
 0.02%  	 1          	 33689221   	xemu       	libvulkan_radeon.so        	[.] 0x0000000000401388                                                                                                       	-      -            
 0.02%  	 1          	 33667870   	xemu       	[JIT] tid 32843            	[.] 0x00007fe7bdd2b761                                                                                                       	-      -            
 0.02%  	 1          	 33591965   	xemu       	libvulkan_radeon.so        	[.] 0x00000000002a20f7                                                                                                       	-      -            
 0.02%  	 1          	 33537818   	xemu       	[JIT] tid 32843            	[.] 0x00007fe7bdbb1dd1                                                                                                       	-      -            
 0.02%  	 1          	 33486271   	xemu       	libvulkan_radeon.so        	[.] 0x0000000000418986                                                                                                       	-      -            
 0.02%  	 2          	 33437617   	xemu       	xemu                       	[.] physical_memory_take_dirty_pages                                                                                         	-      -            
 0.02%  	 1          	 33412392   	xemu       	xemu                       	[.] floatx80_round_pack_canonical.llvm.11702124999211424084                                                                  	-      -            
 0.02%  	 2          	 33396371   	xemu       	[unknown]                  	[k] 0xffffffffbc000125                                                                                                       	-      -            
 0.02%  	 1          	 33382479   	xemu       	libc.so.6                  	[.] 0x000000000016bf95                                                                                                       	-      -            
 0.02%  	 1          	 33307101   	xemu       	libvulkan_radeon.so        	[.] 0x00000000003b6d98                                                                                                       	-      -            
 0.02%  	 1          	 33268981   	xemu       	[JIT] tid 32843            	[.] 0x00007fe7bdfd3f9c                                                                                                       	-      -            
 0.02%  	 1          	 33200677   	xemu       	[JIT] tid 32843            	[.] 0x00007fe7bdada9c3                                                                                                       	-      -            
 0.02%  	 1          	 33068586   	xemu       	xemu                       	[.] page_trylock_add                                                                                                         	-      -            
 0.02%  	 1          	 33058157   	xemu       	[JIT] tid 32843            	[.] 0x00007fe7bd1136e2                                                                                                       	-      -            
 0.02%  	 1          	 33046603   	xemu       	libvulkan_radeon.so        	[.] 0x0000000000338144                                                                                                       	-      -            
 0.02%  	 1          	 32817764   	xemu       	libvulkan_radeon.so        	[.] 0x0000000000331794                                                                                                       	-      -            
 0.02%  	 1          	 32626107   	xemu       	libm.so.6                  	[.] 0x000000000007bead                                                                                                       	-      -            
 0.02%  	 1          	 32540105   	xemu       	xemu                       	[.] pgraph_glsl_set_psh_state                                                                                                	-      -            
 0.02%  	 1          	 32530677   	xemu       	libvulkan_radeon.so        	[.] 0x00000000004025d7                                                                                                       	-      -            
 0.02%  	 1          	 32428548   	xemu       	xemu                       	[.] c_read_peripheral.llvm.5225988660000961437                                                                               	-      -            
 0.02%  	 1          	 32371074   	xemu       	libc.so.6                  	[.] 0x000000000016c0b5                                                                                                       	-      -            
 0.02%  	 1          	 32250706   	xemu       	libvulkan_radeon.so        	[.] 0x0000000000400704                                                                                                       	-      -            
 0.02%  	 2          	 31964194   	xemu       	[unknown]                  	[k] 0xffffffffbc43f1c5                                                                                                       	-      -            
 0.02%  	 2          	 31900909   	xemu       	libgallium-25.3.0.so       	[.] 0x000000000031d32e                                                                                                       	-      -            
 0.02%  	 1          	 31898252   	xemu       	[JIT] tid 32843            	[.] 0x00007fe7bdbd3583                                                                                                       	-      -            
 0.02%  	 1          	 31849173   	xemu       	libvulkan_radeon.so        	[.] 0x00000000003aaca0                                                                                                       	-      -            
 0.02%  	 1          	 31750457   	xemu       	libsamplerate.so.0         	[.] 0x0000000000002e50                                                                                                       	-      -            
 0.02%  	 1          	 31630022   	xemu       	libvulkan_radeon.so        	[.] 0x0000000000401798                                                                                                       	-      -            
 0.02%  	 2          	 31595816   	xemu       	[unknown]                  	[k] 0xffffffffbc4440b1                                                                                                       	-      -            
 0.02%  	 1          	 31536969   	xemu       	libvulkan_radeon.so        	[.] 0x00000000004a3270                                                                                                       	-      -            
 0.02%  	 1          	 31479078   	xemu       	xemu                       	[.] emu_bcc_long.llvm.12752694138931587586                                                                                   	-      -            
 0.02%  	 1          	 31422945   	xemu       	[vdso]                     	[.] 0x0000000000000a1e                                                                                                       	-      -            
 0.02%  	 1          	 31407850   	xemu       	libvulkan_radeon.so        	[.] 0x00000000003aa9d1                                                                                                       	-      -            
 0.02%  	 1          	 31360936   	xemu       	[JIT] tid 32843            	[.] 0x00007fe7bcf90f81                                                                                                       	-      -            
 0.02%  	 1          	 31352619   	xemu       	[JIT] tid 32843            	[.] 0x00007fe7bc217ba2                                                                                                       	-      -            
 0.02%  	 1          	 31279346   	xemu       	libvulkan_radeon.so        	[.] 0x0000000000456f91                                                                                                       	-      -            
 0.02%  	 1          	 31261256   	xemu       	libc.so.6                  	[.] 0x00000000000a57ec                                                                                                       	-      -            
 0.02%  	 1          	 31186772   	xemu       	xemu                       	[.] helper_ret_protected                                                                                                     	-      -            
 0.02%  	 1          	 31174338   	xemu       	xemu                       	[.] pgraph_vk_surface_update                                                                                                 	-      -            
 0.02%  	 1          	 31145224   	xemu       	xemu                       	[.] flatview_write.llvm.9823001788323054012                                                                                  	-      -            
 0.02%  	 1          	 31061860   	xemu       	libvulkan_radeon.so        	[.] 0x0000000000347de9                                                                                                       	-      -            
 0.02%  	 1          	 31020102   	xemu       	[JIT] tid 32843            	[.] 0x00007fe7bdfa7802                                                                                                       	-      -            
 0.02%  	 1          	 31013153   	xemu       	libsamplerate.so.0         	[.] 0x0000000000003344                                                                                                       	-      -            
 0.02%  	 1          	 30893937   	xemu       	[JIT] tid 32843            	[.] 0x00007fe7bf0b6304                                                                                                       	-      -            
 0.02%  	 1          	 30846396   	xemu       	libvulkan_radeon.so        	[.] 0x0000000000347d84                                                                                                       	-      -            
 0.02%  	 1          	 30818930   	xemu       	xemu                       	[.] emu_macr_p_y1_x1_b                                                                                                       	-      -            
 0.02%  	 2          	 30809625   	xemu       	xemu                       	[.] qemu_lockcnt_cmpxchg_or_wait.llvm.4107108306098829098                                                                    	-      -            
 0.02%  	 1          	 30759141   	xemu       	xemu                       	[.] helper_mulps_xmm                                                                                                         	-      -            
 0.02%  	 1          	 30742925   	xemu       	[JIT] tid 32843            	[.] 0x00007fe7bd04c583                                                                                                       	-      -            
 0.02%  	 1          	 30728015   	xemu:gdrv0 	libgallium-25.3.0.so       	[.] 0x0000000000899e44                                                                                                       	-      -            
 0.02%  	 1          	 30643640   	xemu       	libvulkan_radeon.so        	[.] 0x00000000003fb99a                                                                                                       	-      -            
 0.02%  	 1          	 30599897   	xemu       	[JIT] tid 32843            	[.] 0x00007fe7bd04a383                                                                                                       	-      -            
 0.02%  	 1          	 30580978   	xemu       	xemu                       	[.] tb_link_page                                                                                                             	-      -            
 0.02%  	 1          	 30566963   	xemu       	libvulkan_radeon.so        	[.] 0x000000000029d5c5                                                                                                       	-      -            
 0.02%  	 1          	 30388781   	xemu       	libvulkan_radeon.so        	[.] 0x0000000000330db0                                                                                                       	-      -            
 0.02%  	 1          	 30377416   	xemu       	[JIT] tid 32843            	[.] 0x00007fe7bd123a83                                                                                                       	-      -            
 0.02%  	 1          	 30302585   	xemu       	xemu                       	[.] tcg_gen_code                                                                                                             	-      -            
 0.02%  	 1          	 30281848   	xemu       	[JIT] tid 32843            	[.] 0x00007fe7bcb96a43                                                                                                       	-      -            
 0.02%  	 1          	 30071202   	xemu       	[JIT] tid 32843            	[.] 0x00007fe7bd3416f8                                                                                                       	-      -            
 0.02%  	 1          	 30057352   	xemu       	xemu                       	[.] helper_shufps_xmm                                                                                                        	-      -            
 0.02%  	 1          	 30015836   	xemu       	[JIT] tid 32843            	[.] 0x00007fe7be8d59d2                                                                                                       	-      -            
 0.02%  	 1          	 29989992   	xemu       	libglib-2.0.so.0           	[.] 0x0000000000024012                                                                                                       	-      -            
 0.02%  	 1          	 29954228   	xemu       	libvulkan_radeon.so        	[.] 0x000000000034804c                                                                                                       	-      -            
 0.02%  	 1          	 29943238   	xemu       	libc.so.6                  	[.] 0x0000000000098d81                                                                                                       	-      -            
 0.02%  	 2          	 29943053   	xemu       	libgallium-25.3.0.so       	[.] 0x0000000000341c56                                                                                                       	-      -            
 0.02%  	 1          	 29932047   	xemu       	[JIT] tid 32843            	[.] 0x00007fe7bdff1461                                                                                                       	-      -            
 0.02%  	 1          	 29919591   	xemu       	libgallium-25.3.0.so       	[.] 0x00000000000b6296                                                                                                       	-      -            
 0.02%  	 1          	 29914349   	xemu       	[JIT] tid 32843            	[.] 0x00007fe7bd046b01                                                                                                       	-      -            
 0.02%  	 1          	 29878522   	xemu       	xemu                       	[.] xemu_input_update_sdl_kbd_controller_state                                                                               	-      -            
 0.02%  	 1          	 29824123   	xemu       	[JIT] tid 32843            	[.] 0x00007fe7be172183                                                                                                       	-      -            
 0.02%  	 1          	 29786490   	xemu       	[JIT] tid 32843            	[.] 0x00007fe7bf219c03                                                                                                       	-      -            
 0.02%  	 1          	 29722435   	xemu       	[JIT] tid 32843            	[.] 0x00007fe7bedb1382                                                                                                       	-      -            
 0.02%  	 1          	 29683829   	xemu       	xemu                       	[.] event_watch_callback                                                                                                     	-      -            
 0.02%  	 1          	 29670922   	xemu       	libvulkan_radeon.so        	[.] 0x00000000002a2a58                                                                                                       	-      -            
 0.02%  	 1          	 29609948   	xemu       	libc.so.6                  	[.] 0x00000000000a3d5d                                                                                                       	-      -            
 0.02%  	 1          	 29566381   	xemu       	xemu                       	[.] voice_set_mask                                                                                                           	-      -            
 0.02%  	 1          	 29536226   	xemu       	[JIT] tid 32843            	[.] 0x00007fe7beb309a8                                                                                                       	-      -            
 0.02%  	 1          	 29500002   	xemu       	libvulkan_radeon.so        	[.] 0x00000000003ffd4d                                                                                                       	-      -            
 0.02%  	 1          	 29390947   	xemu       	[JIT] tid 32843            	[.] 0x00007fe7bdd4eeb3                                                                                                       	-      -            
 0.02%  	 1          	 29387034   	xemu       	libvulkan_radeon.so        	[.] 0x00000000003ab3c2                                                                                                       	-      -            
 0.02%  	 1          	 29362312   	xemu       	xemu                       	[.] tcg_optimize                                                                                                             	-      -            
 0.02%  	 2          	 29320642   	xemu       	libsamplerate.so.0         	[.] 0x000000000000310c                                                                                                       	-      -            
 0.02%  	 1          	 29279142   	xemu       	[JIT] tid 32843            	[.] 0x00007fe7bd025905                                                                                                       	-      -            
 0.02%  	 1          	 29268950   	xemu       	[JIT] tid 32843            	[.] 0x00007fe7bdff3965                                                                                                       	-      -            
 0.02%  	 1          	 29250187   	xemu:gdrv0 	libgallium-25.3.0.so       	[.] 0x000000000088d574                                                                                                       	-      -            
 0.02%  	 1          	 29201476   	xemu       	[JIT] tid 32843            	[.] 0x00007fe7be8d778a                                                                                                       	-      -            
 0.02%  	 1          	 29171414   	xemu       	[JIT] tid 32843            	[.] 0x00007fe7bd11ff43                                                                                                       	-      -            
 0.02%  	 1          	 29116525   	xemu       	libsamplerate.so.0         	[.] 0x0000000000003422                                                                                                       	-      -            
 0.02%  	 1          	 29108381   	xemu       	[JIT] tid 32843            	[.] 0x00007fe7beb01103                                                                                                       	-      -            
 0.02%  	 1          	 29071956   	xemu       	[JIT] tid 32843            	[.] 0x00007fe7bea70925                                                                                                       	-      -            
 0.02%  	 1          	 29022248   	xemu       	[JIT] tid 32843            	[.] 0x00007fe7bd34d93d                                                                                                       	-      -            
 0.02%  	 1          	 28947886   	xemu       	[JIT] tid 32843            	[.] 0x00007fe7bf13ee01                                                                                                       	-      -            
 0.02%  	 1          	 28920493   	xemu       	[JIT] tid 32843            	[.] 0x00007fe7bd116581                                                                                                       	-      -            
 0.02%  	 1          	 28826096   	xemu       	libvulkan_radeon.so        	[.] 0x000000000032dd60                                                                                                       	-      -            
 0.02%  	 1          	 28772511   	xemu       	xemu                       	[.] physical_memory_set_dirty_flag                                                                                           	-      -            
 0.02%  	 1          	 28764171   	xemu       	xemu                       	[.] c_dma_mem_write.llvm.5225988660000961437                                                                                 	-      -            
 0.02%  	 1          	 28744343   	xemu       	xemu                       	[.] do_st_mmio_leN.llvm.15400734734619096472                                                                                 	-      -            
 0.02%  	 1          	 28708398   	xemu       	libsamplerate.so.0         	[.] 0x00000000000031ff                                                                                                       	-      -            
 0.02%  	 1          	 28536565   	xemu       	libvulkan_radeon.so        	[.] 0x00000000000a82c4                                                                                                       	-      -            
 0.02%  	 1          	 28451898   	xemu       	[JIT] tid 32843            	[.] 0x00007fe7bd0988c3                                                                                                       	-      -            
 0.02%  	 1          	 28404926   	xemu       	libvulkan_radeon.so        	[.] 0x00000000004e128c                                                                                                       	-      -            
 0.02%  	 1          	 28310512   	xemu       	[JIT] tid 32843            	[.] 0x00007fe7bc088648                                                                                                       	-      -            
 0.02%  	 1          	 28067693   	xemu       	libm.so.6                  	[.] 0x0000000000047e5a                                                                                                       	-      -            
 0.02%  	 1          	 28057584   	xemu       	[JIT] tid 32843            	[.] 0x00007fe7bdfa7866                                                                                                       	-      -            
 0.02%  	 1          	 28054091   	xemu       	xemu                       	[.] populate_surface_binding_target_sized                                                                                    	-      -            
 0.02%  	 1          	 28016484   	xemu       	libsamplerate.so.0         	[.] 0x00000000000023e9                                                                                                       	-      -            
 0.02%  	 1          	 27998384   	xemu       	[JIT] tid 32843            	[.] 0x00007fe7bcbeae83                                                                                                       	-      -            
 0.02%  	 1          	 27959891   	xemu       	[JIT] tid 32843            	[.] 0x00007fe7bf156fc5                                                                                                       	-      -            
 0.02%  	 1          	 27717494   	xemu       	libsamplerate.so.0         	[.] 0x0000000000003749                                                                                                       	-      -            
 0.02%  	 1          	 27636149   	xemu       	libsamplerate.so.0         	[.] 0x0000000000002ef7                                                                                                       	-      -            
 0.02%  	 1          	 27595782   	xemu       	xemu                       	[.] emu_cmp_y0_a                                                                                                             	-      -            
 0.02%  	 1          	 27592750   	xemu       	libgallium-25.3.0.so       	[.] 0x000000000073e7c0                                                                                                       	-      -            
 0.02%  	 1          	 27518946   	xemu       	[JIT] tid 32843            	[.] 0x00007fe7bcdb8b01                                                                                                       	-      -            
 0.02%  	 1          	 27511141   	xemu       	[JIT] tid 32843            	[.] 0x00007fe7bd2a46ad                                                                                                       	-      -            
 0.02%  	 1          	 27501541   	xemu       	libsamplerate.so.0         	[.] 0x0000000000003223                                                                                                       	-      -            
 0.02%  	 1          	 27376629   	xemu       	[unknown]                  	[k] 0xffffffffbc41d0c4                                                                                                       	-      -            
 0.02%  	 1          	 27297307   	xemu       	libsamplerate.so.0         	[.] 0x0000000000003201                                                                                                       	-      -            
 0.02%  	 1          	 27164062   	xemu       	xemu                       	[.] pgraph_method                                                                                                            	-      -            
 0.02%  	 3          	 27160095   	xemu       	[unknown]                  	[k] 0xffffffffbc444e64                                                                                                       	-      -            
 0.02%  	 1          	 27062389   	xemu       	[JIT] tid 32843            	[.] 0x00007fe7bc78ec43                                                                                                       	-      -            
 0.02%  	 1          	 26981016   	xemu       	libc.so.6                  	[.] 0x0000000000094332                                                                                                       	-      -            
 0.02%  	 1          	 26965775   	xemu       	[JIT] tid 32843            	[.] 0x00007fe7bc209d03                                                                                                       	-      -            
 0.02%  	 1          	 26843000   	xemu       	xemu                       	[.] cpu_exec_longjmp_cleanup                                                                                                 	-      -            
 0.02%  	 1          	 26770099   	xemu       	libsamplerate.so.0         	[.] 0x0000000000003c2b                                                                                                       	-      -            
 0.02%  	 1          	 26755649   	xemu       	xemu                       	[.] pgraph_vk_update_descriptor_sets                                                                                         	-      -            
 0.02%  	 1          	 26744074   	xemu       	libvulkan_radeon.so        	[.] 0x00000000004e68cd                                                                                                       	-      -            
 0.02%  	 1          	 26695309   	xemu       	libc.so.6                  	[.] 0x000000000016c171                                                                                                       	-      -            
 0.02%  	 1          	 26631999   	xemu       	[JIT] tid 32843            	[.] 0x00007fe7bedb2d63                                                                                                       	-      -            
 0.02%  	 1          	 26594243   	xemu       	[JIT] tid 32843            	[.] 0x00007fe7bedee4f3                                                                                                       	-      -            
 0.02%  	 1          	 26588971   	xemu:gdrv0 	libc.so.6                  	[.] 0x0000000000116f73                                                                                                       	-      -            
 0.02%  	 1          	 26498456   	xemu       	libc.so.6                  	[.] 0x0000000000098e5c                                                                                                       	-      -            
 0.02%  	 1          	 26443124   	xemu:gdrv0 	libgallium-25.3.0.so       	[.] 0x00000000008fd487                                                                                                       	-      -            
 0.02%  	 1          	 26438592   	xemu       	[JIT] tid 32843            	[.] 0x00007fe7bd02c6cd                                                                                                       	-      -            
 0.02%  	 1          	 26409485   	xemu       	libGLdispatch.so.0.0.0     	[.] 0x000000000001a8a4                                                                                                       	-      -            
 0.02%  	 1          	 26264026   	xemu       	[JIT] tid 32843            	[.] 0x00007fe7bdfcef78                                                                                                       	-      -            
 0.02%  	 1          	 26255840   	xemu       	[JIT] tid 32843            	[.] 0x00007fe7beff5af1                                                                                                       	-      -            
 0.02%  	 1          	 26192160   	xemu       	libsamplerate.so.0         	[.] 0x00000000000030cb                                                                                                       	-      -            
 0.02%  	 1          	 26109043   	xemu:gdrv0 	libgallium-25.3.0.so       	[.] 0x00000000008b2be1                                                                                                       	-      -            
 0.02%  	 1          	 26062245   	xemu       	[JIT] tid 32843            	[.] 0x00007fe7bf00276d                                                                                                       	-      -            
 0.02%  	 1          	 26053923   	xemu       	[unknown]                  	[k] 0xffffffffbd2d04e4                                                                                                       	-      -            
 0.02%  	 1          	 26000285   	xemu       	[JIT] tid 32843            	[.] 0x00007fe7bcdb9504                                                                                                       	-      -            
 0.02%  	 1          	 25955122   	xemu       	xemu                       	[.] helper_fcomi_ST0_FT0__hard                                                                                               	-      -            
 0.02%  	 1          	 25935674   	xemu       	xemu                       	[.] q_tree_insert_internal.llvm.2723673033334799554                                                                          	-      -            
 0.02%  	 1          	 25896712   	xemu       	xemu                       	[.] SDL_GetDisplayBounds_REAL                                                                                                	-      -            
 0.02%  	 1          	 25866802   	xemu       	libxcb-present.so.0.0.0    	[.] 0x00000000000013b4                                                                                                       	-      -            
 0.02%  	 1          	 25829866   	xemu       	libc.so.6                  	[.] 0x00000000000a6d60                                                                                                       	-      -            
 0.02%  	 1          	 25823047   	xemu       	libxcb.so.1.1.0            	[.] 0x000000000001427b                                                                                                       	-      -            
 0.02%  	 3          	 25771060   	xemu       	xemu                       	[.] aio_ctx_check                                                                                                            	-      -            
 0.02%  	 1          	 25730349   	xemu       	xemu                       	[.] parts64_uncanon.llvm.11702124999211424084                                                                                	-      -            
 0.02%  	 1          	 25683259   	xemu       	libsamplerate.so.0         	[.] 0x0000000000003943                                                                                                       	-      -            
 0.02%  	 1          	 25676537   	xemu       	[unknown]                  	[k] 0xffffffffbc4440a9                                                                                                       	-      -            
 0.02%  	 1          	 25633298   	xemu:gdrv0 	libgallium-25.3.0.so       	[.] 0x00000000008ef76f                                                                                                       	-      -            
 0.02%  	 1          	 25632016   	xemu       	[unknown]                  	[k] 0xffffffffbc444096                                                                                                       	-      -            
 0.02%  	 1          	 25539991   	xemu       	xemu                       	[.] SDL_GetPerformanceCounter_REAL                                                                                           	-      -            
 0.02%  	 1          	 25521779   	xemu       	xemu                       	[.] ImGuiIO::AddKeyAnalogEvent(ImGuiKey, bool, float)                                                                        	-      -            
 0.02%  	 1          	 25521410   	xemu       	libvulkan_radeon.so        	[.] 0x00000000003aac08                                                                                                       	-      -            
 0.02%  	 1          	 25489993   	xemu       	[JIT] tid 32843            	[.] 0x00007fe7bc20ff71                                                                                                       	-      -            
 0.02%  	 1          	 25438188   	xemu       	xemu                       	[.] helper_outb                                                                                                              	-      -            
 0.02%  	 1          	 25433509   	xemu       	xemu                       	[.] soft_f32_mul.llvm.11702124999211424084                                                                                   	-      -            
 0.02%  	 1          	 25372584   	xemu       	xemu                       	[.] mttcg_cpu_thread_fn                                                                                                      	-      -            
 0.02%  	 1          	 25357766   	xemu       	[JIT] tid 32843            	[.] 0x00007fe7bc19c543                                                                                                       	-      -            
 0.02%  	 2          	 25353285   	xemu       	libc.so.6                  	[.] 0x00000000000e29a2                                                                                                       	-      -            
 0.02%  	 1          	 25282869   	xemu       	[JIT] tid 32843            	[.] 0x00007fe7bdbb2cfc                                                                                                       	-      -            
 0.02%  	 1          	 25266808   	xemu       	libvulkan_radeon.so        	[.] 0x00000000000abde6                                                                                                       	-      -            
 0.02%  	 1          	 25260050   	xemu       	libsamplerate.so.0         	[.] lrint@plt                                                                                                                	-      -            
 0.02%  	 1          	 25254163   	xemu       	libc.so.6                  	[.] 0x000000000016c097                                                                                                       	-      -            
 0.02%  	 1          	 25214462   	xemu       	[JIT] tid 32843            	[.] 0x00007fe7bcdb4c44                                                                                                       	-      -            
 0.02%  	 1          	 25211521   	xemu       	[JIT] tid 32843            	[.] 0x00007fe7bd11fa12                                                                                                       	-      -            
 0.02%  	 1          	 25196646   	xemu       	[unknown]                  	[k] 0xffffffffbc43f126                                                                                                       	-      -            
 0.02%  	 1          	 25163001   	xemu       	libgallium-25.3.0.so       	[.] 0x0000000000313214                                                                                                       	-      -            
 0.02%  	 1          	 25099828   	xemu       	[JIT] tid 32843            	[.] 0x00007fe7bd34dcc3                                                                                                       	-      -            
 0.02%  	 1          	 25051511   	xemu       	[JIT] tid 32843            	[.] 0x00007fe7befeed03                                                                                                       	-      -            
 0.02%  	 1          	 24997019   	xemu       	[unknown]                  	[k] 0xffffffffbc441454                                                                                                       	-      -            
 0.02%  	 1          	 24973120   	xemu       	[JIT] tid 32843            	[.] 0x00007fe7bc218bc2                                                                                                       	-      -            
 0.02%  	 2          	 24958879   	xemu       	xemu                       	[.] pgraph_vk_process_hybrid_completions                                                                                     	-      -            
 0.02%  	 4          	 24915113   	xemu       	libc.so.6                  	[.] 0x000000000009a7e7                                                                                                       	-      -            
 0.02%  	 1          	 24833930   	xemu       	xemu                       	[.] pgraph_vk_bind_vertex_attributes                                                                                         	-      -            
 0.02%  	 1          	 24827208   	xemu       	xemu                       	[.] ImDrawList::PrimReserve(int, int)                                                                                        	-      -            
 0.02%  	 1          	 24808031   	xemu       	libgallium-25.3.0.so       	[.] 0x0000000000191464                                                                                                       	-      -            
 0.02%  	 1          	 24797644   	xemu       	[unknown]                  	[k] 0xffffffffbc3ad97a                                                                                                       	-      -            
 0.02%  	 1          	 24757960   	xemu       	libsamplerate.so.0         	[.] 0x0000000000003170                                                                                                       	-      -            
 0.02%  	 1          	 24573925   	xemu       	xemu                       	[.] float32_to_int32_scalbn                                                                                                  	-      -            
 0.02%  	 1          	 24553512   	xemu       	libm.so.6                  	[.] 0x000000000007d028                                                                                                       	-      -            
 0.02%  	 1          	 24531304   	xemu:gdrv0 	libgallium-25.3.0.so       	[.] 0x0000000000949e64                                                                                                       	-      -            
 0.02%  	 2          	 24463160   	xemu       	xemu                       	[.] vp_write.llvm.1301536018277380079                                                                                        	-      -            
 0.02%  	 1          	 24399749   	xemu       	xemu                       	[.] pgraph_update_inline_value                                                                                               	-      -            
 0.02%  	 1          	 24380508   	xemu       	libc.so.6                  	[.] 0x000000000016c1a4                                                                                                       	-      -            
 0.02%  	 2          	 24365525   	xemu       	[unknown]                  	[k] 0xffffffffbc444fd5                                                                                                       	-      -            
 0.02%  	 1          	 24364933   	xemu       	[JIT] tid 32843            	[.] 0x00007fe7bc00001f                                                                                                       	-      -            
 0.02%  	 1          	 24230942   	xemu:gdrv0 	libc.so.6                  	[.] 0x000000000016ca89                                                                                                       	-      -            
 0.02%  	 1          	 24210891   	xemu       	xemu                       	[.] usb_packet_set_state                                                                                                     	-      -            
 0.02%  	 1          	 24165292   	xemu       	libgallium-25.3.0.so       	[.] 0x0000000000742738                                                                                                       	-      -            
 0.02%  	 1          	 24150667   	xemu       	[JIT] tid 32843            	[.] 0x00007fe7bcdbddc3                                                                                                       	-      -            
 0.02%  	 2          	 24144760   	xemu       	[unknown]                  	[k] 0xffffffffbc444fb8                                                                                                       	-      -            
 0.02%  	 1          	 24104221   	xemu       	[JIT] tid 32843            	[.] 0x00007fe7bebcc4c7                                                                                                       	-      -            
 0.02%  	 1          	 24082623   	xemu       	[JIT] tid 32843            	[.] 0x00007fe7bd0785c3                                                                                                       	-      -            
 0.02%  	 1          	 23944585   	xemu       	libgallium-25.3.0.so       	[.] 0x00000000001dd074                                                                                                       	-      -            
 0.02%  	 1          	 23864962   	xemu       	[JIT] tid 32843            	[.] 0x00007fe7bd2c3c83                                                                                                       	-      -            
 0.02%  	 1          	 23847694   	xemu       	libsamplerate.so.0         	[.] 0x0000000000003384                                                                                                       	-      -            
 0.02%  	 1          	 23804759   	xemu       	libgallium-25.3.0.so       	[.] 0x000000000030f201                                                                                                       	-      -            
 0.02%  	 1          	 23729547   	xemu       	xemu                       	[.] emu_bsr_long.llvm.12752694138931587586                                                                                   	-      -            
 0.02%  	 1          	 23656467   	xemu       	xemu                       	[.] ImGui::RenderNavCursor(ImRect const&, unsigned int, int)                                                                 	-      -            
 0.02%  	 1          	 23502350   	xemu       	[JIT] tid 32843            	[.] 0x00007fe7bdd20643                                                                                                       	-      -            
 0.02%  	 1          	 23469799   	xemu       	[JIT] tid 32843            	[.] 0x00007fe7bc19cd42                                                                                                       	-      -            
 0.02%  	 1          	 23331374   	xemu       	[JIT] tid 32843            	[.] 0x00007fe7bd34d662                                                                                                       	-      -            
 0.02%  	 1          	 23321326   	xemu       	[JIT] tid 32843            	[.] 0x00007fe7bdf8eb33                                                                                                       	-      -            
 0.02%  	 1          	 23314365   	xemu       	xemu                       	[.] qht_remove                                                                                                               	-      -            
 0.02%  	 1          	 23312852   	xemu       	[JIT] tid 32843            	[.] 0x00007fe7bedb2b74                                                                                                       	-      -            
 0.02%  	 1          	 23304052   	xemu       	xemu                       	[.] pic_read_irq                                                                                                             	-      -            
 0.02%  	 1          	 23291101   	xemu       	[JIT] tid 32843            	[.] 0x00007fe7bdd2c57b                                                                                                       	-      -            
 0.02%  	 8          	 23208492   	xemu       	xemu                       	[.] pfifo_thread                                                                                                             	-      -            
 0.02%  	 1          	 23099291   	xemu       	libc.so.6                  	[.] 0x000000000016ba34                                                                                                       	-      -            
 0.02%  	 1          	 23029061   	xemu       	[JIT] tid 32843            	[.] 0x00007fe7bed6c5a0                                                                                                       	-      -            
 0.02%  	 1          	 22983529   	xemu       	[JIT] tid 32843            	[.] 0x00007fe7bdd3ab44                                                                                                       	-      -            
 0.02%  	 1          	 22930354   	xemu       	libgallium-25.3.0.so       	[.] 0x00000000006db897                                                                                                       	-      -            
 0.02%  	 1          	 22903089   	xemu       	[JIT] tid 32843            	[.] 0x00007fe7bd0c5c03                                                                                                       	-      -            
 0.02%  	 1          	 22892792   	xemu       	libgallium-25.3.0.so       	[.] 0x000000000018a410                                                                                                       	-      -            
 0.02%  	 1          	 22830914   	xemu       	libgallium-25.3.0.so       	[.] 0x00000000006dc33f                                                                                                       	-      -            
 0.02%  	 1          	 22801552   	xemu       	[JIT] tid 32843            	[.] 0x00007fe7bedc1b40                                                                                                       	-      -            
 0.02%  	 1          	 22773067   	xemu       	[JIT] tid 32843            	[.] 0x00007fe7bc1b7af3                                                                                                       	-      -            
 0.02%  	 1          	 22772399   	xemu       	[JIT] tid 32843            	[.] 0x00007fe7bd0799c3                                                                                                       	-      -            
 0.02%  	 1          	 22769429   	xemu       	xemu                       	[.] emu_sub_b_a                                                                                                              	-      -            
 0.02%  	 1          	 22757313   	xemu       	libvulkan_radeon.so        	[.] 0x000000000009d1f8                                                                                                       	-      -            
 0.02%  	 1          	 22748619   	xemu       	libgallium-25.3.0.so       	[.] 0x00000000002b5fbf                                                                                                       	-      -            
 0.02%  	 1          	 22721990   	xemu       	xemu                       	[.] do_interrupt_all                                                                                                         	-      -            
 0.02%  	 1          	 22721458   	xemu       	libc.so.6                  	[.] 0x0000000000091f84                                                                                                       	-      -            
 0.01%  	 1          	 22636367   	xemu       	libsamplerate.so.0         	[.] 0x000000000000391f                                                                                                       	-      -            
 0.01%  	 4          	 22626419   	xemu       	libc.so.6                  	[.] 0x0000000000094d25                                                                                                       	-      -            
 0.01%  	 1          	 22613598   	xemu       	libsamplerate.so.0         	[.] 0x0000000000003936                                                                                                       	-      -            
 0.01%  	 1          	 22543084   	xemu       	libc.so.6                  	[.] 0x000000000003dc74                                                                                                       	-      -            
 0.01%  	 1          	 22541144   	xemu       	libm.so.6                  	[.] 0x000000000007d0d2                                                                                                       	-      -            
 0.01%  	 1          	 22502611   	xemu       	[JIT] tid 32843            	[.] 0x00007fe7bdfb4484                                                                                                       	-      -            
 0.01%  	 1          	 22484733   	xemu       	xemu                       	[.] emu_brset_reg.llvm.12752694138931587586                                                                                  	-      -            
 0.01%  	 1          	 22471782   	xemu       	[JIT] tid 32843            	[.] 0x00007fe7bdfb88c8                                                                                                       	-      -            
 0.01%  	 1          	 22426923   	xemu       	libgallium-25.3.0.so       	[.] 0x0000000000097dff                                                                                                       	-      -            
 0.01%  	 1          	 22407878   	xemu       	[JIT] tid 32843            	[.] 0x00007fe7bdbd2d81                                                                                                       	-      -            
 0.01%  	 1          	 22354499   	xemu       	libc.so.6                  	[.] 0x000000000016c033                                                                                                       	-      -            
 0.01%  	 1          	 22314685   	xemu       	libsamplerate.so.0         	[.] 0x00000000000032b8                                                                                                       	-      -            
 0.01%  	 1          	 22270362   	xemu       	xemu                       	[.] pgraph_vk_flush_draw_internal                                                                                            	-      -            
 0.01%  	 1          	 22204168   	xemu       	libc.so.6                  	[.] 0x000000000016caf7                                                                                                       	-      -            
 0.01%  	 1          	 22135116   	xemu       	[JIT] tid 32843            	[.] 0x00007fe7bd049204                                                                                                       	-      -            
 0.01%  	 1          	 22123550   	xemu       	[JIT] tid 32843            	[.] 0x00007fe7be91173c                                                                                                       	-      -            
 0.01%  	 1          	 22066561   	xemu       	libc.so.6                  	[.] 0x000000000016c1ed                                                                                                       	-      -            
 0.01%  	 4          	 22063651   	xemu       	[unknown]                  	[k] 0xffffffffbc00012a                                                                                                       	-      -            
 0.01%  	 1          	 22038140   	xemu       	xemu                       	[.] usb_packet_setup                                                                                                         	-      -            
 0.01%  	 1          	 22035784   	xemu       	libsamplerate.so.0         	[.] 0x000000000000322f                                                                                                       	-      -            
 0.01%  	 1          	 22021587   	xemu       	libsamplerate.so.0         	[.] 0x000000000000337a                                                                                                       	-      -            
 0.01%  	 1          	 21974216   	xemu       	[JIT] tid 32843            	[.] 0x00007fe7bf0bc3c3                                                                                                       	-      -            
 0.01%  	 1          	 21955537   	xemu       	libc.so.6                  	[.] 0x00000000000639ad                                                                                                       	-      -            
 0.01%  	 1          	 21904873   	xemu       	xemu                       	[.] helper_cmpltps_xmm                                                                                                       	-      -            
 0.01%  	 1          	 21783514   	xemu       	libgallium-25.3.0.so       	[.] 0x0000000000939afa                                                                                                       	-      -            
 0.01%  	 1          	 21765296   	xemu       	libOpenGL.so.0.0.0         	[.] 0x000000000000f044                                                                                                       	-      -            
 0.01%  	 1          	 21756444   	xemu       	libc.so.6                  	[.] 0x0000000000098dde                                                                                                       	-      -            
 0.01%  	 1          	 21619051   	xemu       	libgallium-25.3.0.so       	[.] 0x000000000018e8f4                                                                                                       	-      -            
 0.01%  	 2          	 21610719   	xemu       	libc.so.6                  	[.] 0x000000000009a8c0                                                                                                       	-      -            
 0.01%  	 1          	 21594914   	xemu       	libsamplerate.so.0         	[.] 0x0000000000003902                                                                                                       	-      -            
 0.01%  	 1          	 21558137   	xemu       	libsamplerate.so.0         	[.] 0x0000000000003198                                                                                                       	-      -            
 0.01%  	 1          	 21537983   	xemu       	xemu                       	[.] vga_get_resolution                                                                                                       	-      -            
 0.01%  	 1          	 21508034   	xemu       	[unknown]                  	[k] 0xffffffffbc43f1fa                                                                                                       	-      -            
 0.01%  	 1          	 21466334   	xemu       	[JIT] tid 32843            	[.] 0x00007fe7bd097f02                                                                                                       	-      -            
 0.01%  	 1          	 21399318   	xemu       	xemu                       	[.] pgraph_NV097_SET_FOG_GEN_MODE_handler                                                                                    	-      -            
 0.01%  	 1          	 21373492   	xemu       	libgallium-25.3.0.so       	[.] 0x000000000024a4fd                                                                                                       	-      -            
 0.01%  	 1          	 21364046   	xemu       	libsamplerate.so.0         	[.] 0x0000000000002e83                                                                                                       	-      -            
 0.01%  	 1          	 21344768   	xemu       	libc.so.6                  	[.] 0x000000000016bfa2                                                                                                       	-      -            
 0.01%  	 1          	 21287782   	xemu       	libc.so.6                  	[.] 0x000000000016c1ca                                                                                                       	-      -            
 0.01%  	 1          	 21266579   	xemu       	libgallium-25.3.0.so       	[.] 0x00000000001cf0ab                                                                                                       	-      -            
 0.01%  	 1          	 21214964   	xemu       	libOpenGL.so.0.0.0         	[.] 0x00000000000127e4                                                                                                       	-      -            
 0.01%  	 1          	 21168577   	xemu       	[JIT] tid 32843            	[.] 0x00007fe7beaaea82                                                                                                       	-      -            
 0.01%  	 1          	 21117619   	xemu       	libgallium-25.3.0.so       	[.] 0x0000000000319df3                                                                                                       	-      -            
 0.01%  	 1          	 21077839   	xemu       	[JIT] tid 32843            	[.] 0x00007fe7bd340f02                                                                                                       	-      -            
 0.01%  	 1          	 20958598   	xemu:gdrv0 	libgallium-25.3.0.so       	[.] 0x0000000000b66ea6                                                                                                       	-      -            
 0.01%  	 1          	 20940121   	xemu       	libgallium-25.3.0.so       	[.] 0x00000000006dad77                                                                                                       	-      -            
 0.01%  	 1          	 20938398   	xemu:gdrv0 	libgallium-25.3.0.so       	[.] 0x0000000000bd1069                                                                                                       	-      -            
 0.01%  	 1          	 20911534   	xemu       	libgallium-25.3.0.so       	[.] 0x0000000000939b65                                                                                                       	-      -            
 0.01%  	 1          	 20900431   	xemu       	libgallium-25.3.0.so       	[.] 0x00000000001810c0                                                                                                       	-      -            
 0.01%  	 1          	 20834446   	xemu       	libsamplerate.so.0         	[.] 0x0000000000002fba                                                                                                       	-      -            
 0.01%  	 1          	 20749738   	xemu       	[JIT] tid 32843            	[.] 0x00007fe7bdfe98c2                                                                                                       	-      -            
 0.01%  	 1          	 20744977   	xemu       	xemu                       	[.] SDL_UpdateJoysticks_REAL                                                                                                 	-      -            
 0.01%  	 1          	 20719735   	xemu       	libsamplerate.so.0         	[.] 0x0000000000003916                                                                                                       	-      -            
 0.01%  	 1          	 20705785   	xemu       	xemu                       	[.] usb_pcap_data                                                                                                            	-      -            
 0.01%  	 10         	 20623997   	xemu:cs0   	libgallium-25.3.0.so       	[.] 0x0000000000937183                                                                                                       	-      -            
 0.01%  	 1          	 20551994   	xemu       	[JIT] tid 32843            	[.] 0x00007fe7bdd27dd9                                                                                                       	-      -            
 0.01%  	 1          	 20511392   	xemu       	xemu                       	[.] SDL_RumbleJoystick_REAL                                                                                                  	-      -            
 0.01%  	 1          	 20478562   	xemu       	xemu                       	[.] pic_update_irq                                                                                                           	-      -            
 0.01%  	 1          	 20472441   	xemu       	libm.so.6                  	[.] 0x000000000007d09a                                                                                                       	-      -            
 0.01%  	 1          	 20444746   	xemu       	libgallium-25.3.0.so       	[.] 0x00000000002d456d                                                                                                       	-      -            
 0.01%  	 1          	 20368364   	xemu       	libgallium-25.3.0.so       	[.] 0x00000000000236c4                                                                                                       	-      -            
 0.01%  	 1          	 20293456   	xemu       	libgallium-25.3.0.so       	[.] 0x00000000000b4fc4                                                                                                       	-      -            
 0.01%  	 1          	 20283383   	xemu:gdrv0 	libgallium-25.3.0.so       	[.] 0x000000000090eac8                                                                                                       	-      -            
 0.01%  	 1          	 20245876   	xemu       	libvulkan_radeon.so        	[.] 0x00000000000d2cf1                                                                                                       	-      -            
 0.01%  	 1          	 20189052   	xemu       	xemu                       	[.] update_uniform_rows                                                                                                      	-      -            
 0.01%  	 1          	 20183571   	xemu       	[JIT] tid 32843            	[.] 0x00007fe7bd086a43                                                                                                       	-      -            
 0.01%  	 1          	 20168055   	xemu       	libgallium-25.3.0.so       	[.] 0x0000000000340183                                                                                                       	-      -            
 0.01%  	 1          	 20113455   	xemu:gdrv0 	libgallium-25.3.0.so       	[.] 0x00000000008f98b3                                                                                                       	-      -            
 0.01%  	 1          	 20056253   	xemu       	libgallium-25.3.0.so       	[.] 0x00000000000976ae                                                                                                       	-      -            
 0.01%  	 1          	 19970086   	xemu       	libgallium-25.3.0.so       	[.] 0x00000000007fcca4                                                                                                       	-      -            
 0.01%  	 1          	 19968673   	xemu       	xemu                       	[.] helper_divss                                                                                                             	-      -            
 0.01%  	 1          	 19942889   	xemu       	libgallium-25.3.0.so       	[.] 0x0000000000340154                                                                                                       	-      -            
 0.01%  	 1          	 19928322   	xemu       	libgallium-25.3.0.so       	[.] 0x0000000000022c04                                                                                                       	-      -            
 0.01%  	 1          	 19901364   	xemu       	[JIT] tid 32843            	[.] 0x00007fe7bf0c2bbc                                                                                                       	-      -            
 0.01%  	 1          	 19877337   	xemu       	[JIT] tid 32843            	[.] 0x00007fe7bf040c2f                                                                                                       	-      -            
 0.01%  	 1          	 19866100   	xemu       	[JIT] tid 32843            	[.] 0x00007fe7bcb84b8b                                                                                                       	-      -            
 0.01%  	 1          	 19856819   	xemu       	libgallium-25.3.0.so       	[.] 0x0000000000097ce3                                                                                                       	-      -            
 0.01%  	 1          	 19852734   	xemu       	xemu                       	[.] emu_tcc.llvm.12752694138931587586                                                                                        	-      -            
 0.01%  	 1          	 19828077   	xemu       	[JIT] tid 32843            	[.] 0x00007fe7bcbf7b85                                                                                                       	-      -            
 0.01%  	 1          	 19770264   	xemu       	libgallium-25.3.0.so       	[.] 0x00000000001e2a11                                                                                                       	-      -            
 0.01%  	 1          	 19731523   	xemu       	libgallium-25.3.0.so       	[.] 0x0000000000319ddc                                                                                                       	-      -            
 0.01%  	 1          	 19720459   	xemu       	xemu                       	[.] emu_movep_23.llvm.12752694138931587586                                                                                   	-      -            
 0.01%  	 1          	 19616229   	xemu       	libgallium-25.3.0.so       	[.] 0x00000000008f56a0                                                                                                       	-      -            
 0.01%  	 1          	 19583875   	xemu       	xemu                       	[.] parts128_uncanon_normal.llvm.11702124999211424084                                                                        	-      -            
 0.01%  	 1          	 19567841   	xemu       	xemu                       	[.] memory_region_sync_dirty_bitmap.llvm.4206699993733168639                                                                 	-      -            
 0.01%  	 1          	 19513150   	xemu       	libsamplerate.so.0         	[.] 0x0000000000002362                                                                                                       	-      -            
 0.01%  	 3          	 19477338   	xemu       	[unknown]                  	[k] 0xffffffffbc0014f0                                                                                                       	-      -            
 0.01%  	 1          	 19437975   	xemu       	[JIT] tid 32843            	[.] 0x00007fe7bd1142c4                                                                                                       	-      -            
 0.01%  	 1          	 19427197   	xemu       	[JIT] tid 32843            	[.] 0x00007fe7bd34d1df                                                                                                       	-      -            
 0.01%  	 1          	 19423927   	xemu       	[JIT] tid 32843            	[.] 0x00007fe7bd098fc3                                                                                                       	-      -            
 0.01%  	 1          	 19399243   	xemu       	xemu                       	[.] SDL_TransferTemporaryMemoryFromEvent.llvm.4769681012858742499                                                            	-      -            
 0.01%  	 1          	 19395820   	xemu       	libgallium-25.3.0.so       	[.] 0x00000000000a21b4                                                                                                       	-      -            
 0.01%  	 1          	 19369618   	xemu       	libgallium-25.3.0.so       	[.] 0x00000000000c78b4                                                                                                       	-      -            
 0.01%  	 1          	 19285732   	xemu       	libsamplerate.so.0         	[.] 0x0000000000002f09                                                                                                       	-      -            
 0.01%  	 1          	 19256312   	xemu       	[unknown]                  	[k] 0xffffffffbc0014f4                                                                                                       	-      -            
 0.01%  	 1          	 19200290   	xemu       	xemu                       	[.] ImDrawList::AddDrawCmd()                                                                                                 	-      -            
 0.01%  	 1          	 19196263   	xemu       	[JIT] tid 32843            	[.] 0x00007fe7bc78bf43                                                                                                       	-      -            
 0.01%  	 1          	 19146752   	xemu       	libgallium-25.3.0.so       	[.] 0x000000000006d671                                                                                                       	-      -            
 0.01%  	 1          	 19110274   	xemu       	libgallium-25.3.0.so       	[.] 0x0000000000199064                                                                                                       	-      -            
 0.01%  	 1          	 19092263   	xemu       	libm.so.6                  	[.] 0x000000000007bf03                                                                                                       	-      -            
 0.01%  	 1          	 19037059   	xemu       	libgallium-25.3.0.so       	[.] 0x000000000002a114                                                                                                       	-      -            
 0.01%  	 1          	 19020040   	xemu       	libgallium-25.3.0.so       	[.] 0x0000000000026d01                                                                                                       	-      -            
 0.01%  	 1          	 18932604   	xemu       	libsamplerate.so.0         	[.] 0x0000000000003afb                                                                                                       	-      -            
 0.01%  	 1          	 18930035   	xemu       	libgallium-25.3.0.so       	[.] 0x0000000000182a43                                                                                                       	-      -            
 0.01%  	 1          	 18921511   	xemu       	libgallium-25.3.0.so       	[.] 0x000000000006eba4                                                                                                       	-      -            
 0.01%  	 1          	 18843834   	xemu       	[unknown]                  	[k] 0xffffffffbc43f294                                                                                                       	-      -            
 0.01%  	 1          	 18821546   	xemu       	[unknown]                  	[k] 0xffffffffbc715901                                                                                                       	-      -            
 0.01%  	 1          	 18783983   	xemu:gdrv0 	libgallium-25.3.0.so       	[.] 0x00000000008f96c7                                                                                                       	-      -            
 0.01%  	 1          	 18706789   	xemu       	libgallium-25.3.0.so       	[.] 0x000000000024ed16                                                                                                       	-      -            
 0.01%  	 1          	 18705459   	xemu       	[JIT] tid 32843            	[.] 0x00007fe7bdff084b                                                                                                       	-      -            
 0.01%  	 2          	 18651601   	xemu       	[unknown]                  	[k] 0xffffffffbd2d05ce                                                                                                       	-      -            
 0.01%  	 1          	 18633233   	xemu       	xemu                       	[.] SDL_DispatchEventWatchList                                                                                               	-      -            
 0.01%  	 1          	 18539058   	xemu       	xemu                       	[.] ImGui::ItemHoverable(ImRect const&, unsigned int, int)                                                                   	-      -            
 0.01%  	 1          	 18472153   	xemu       	libGL.so.1.7.0             	[.] 0x00000000000368a4                                                                                                       	-      -            
 0.01%  	 1          	 18452281   	xemu       	libdbus-1.so.3             	[.] 0x0000000000012d2c                                                                                                       	-      -            
 0.01%  	 1          	 18451481   	xemu       	libgallium-25.3.0.so       	[.] 0x00000000003677b9                                                                                                       	-      -            
 0.01%  	 1          	 18406412   	xemu       	[JIT] tid 32843            	[.] 0x00007fe7beded40e                                                                                                       	-      -            
 0.01%  	 1          	 18393451   	xemu       	xemu                       	[.] mmu_translate                                                                                                            	-      -            
 0.01%  	 1          	 18392588   	xemu       	libgallium-25.3.0.so       	[.] 0x00000000001dc996                                                                                                       	-      -            
 0.01%  	 1          	 18370067   	xemu       	[JIT] tid 32843            	[.] 0x00007fe7beec7633                                                                                                       	-      -            
 0.01%  	 1          	 18342086   	xemu       	libgallium-25.3.0.so       	[.] 0x0000000000070d74                                                                                                       	-      -            
 0.01%  	 1          	 18307839   	xemu       	libGL.so.1.7.0             	[.] 0x0000000000033824                                                                                                       	-      -            
 0.01%  	 1          	 18299978   	xemu       	libgallium-25.3.0.so       	[.] 0x0000000000742664                                                                                                       	-      -            
 0.01%  	 1          	 18289814   	xemu       	libsamplerate.so.0         	[.] 0x0000000000002366                                                                                                       	-      -            
 0.01%  	 1          	 18270771   	xemu       	xemu                       	[.] SDL_SendJoystickSensor                                                                                                   	-      -            
 0.01%  	 1          	 18181322   	xemu       	xemu                       	[.] ImGui::BeginPopupModal(char const*, bool*, int)                                                                          	-      -            
 0.01%  	 1          	 18169680   	xemu       	xemu                       	[.] SDL_GetKeyboardFocus_REAL                                                                                                	-      -            
 0.01%  	 1          	 18160565   	xemu       	libc.so.6                  	[.] 0x000000000016b8b6                                                                                                       	-      -            
 0.01%  	 3          	 18153821   	xemu       	xemu                       	[.] timerlistgroup_deadline_ns                                                                                               	-      -            
 0.01%  	 1          	 18120853   	xemu       	libm.so.6                  	[.] 0x0000000000047e7d                                                                                                       	-      -            
 0.01%  	 1          	 18110148   	xemu       	libGLX.so.0.0.0            	[.] 0x0000000000017b2c                                                                                                       	-      -            
 0.01%  	 1          	 18108926   	xemu       	libgallium-25.3.0.so       	[.] 0x00000000001db286                                                                                                       	-      -            
 0.01%  	 1          	 18090612   	xemu       	[JIT] tid 32843            	[.] 0x00007fe7bedfc783                                                                                                       	-      -            
 0.01%  	 6          	 18090164   	xemu       	libglib-2.0.so.0           	[.] g_mutex_lock                                                                                                             	-      -            
 0.01%  	 1          	 18089324   	xemu       	xemu                       	[.] SDL_GetVideoDisplayForFullscreenWindow                                                                                   	-      -            
 0.01%  	 1          	 18022433   	xemu       	libgallium-25.3.0.so       	[.] 0x000000000073c1c1                                                                                                       	-      -            
 0.01%  	 1          	 17916078   	xemu       	[unknown]                  	[k] 0xffffffffbc611b27                                                                                                       	-      -            
 0.01%  	 1          	 17893033   	xemu       	libgallium-25.3.0.so       	[.] 0x000000000034560f                                                                                                       	-      -            
 0.01%  	 1          	 17855099   	xemu       	libsamplerate.so.0         	[.] 0x0000000000003131                                                                                                       	-      -            
 0.01%  	 1          	 17814164   	xemu       	libgallium-25.3.0.so       	[.] 0x0000000000062cfb                                                                                                       	-      -            
 0.01%  	 1          	 17777596   	xemu       	libgallium-25.3.0.so       	[.] 0x0000000000339b35                                                                                                       	-      -            
 0.01%  	 1          	 17657666   	xemu       	xemu                       	[.] ImGui::End()                                                                                                             	-      -            
 0.01%  	 1          	 17654200   	xemu       	xemu                       	[.] HIDAPI_DriverSteamDeck_UpdateDevice                                                                                      	-      -            
 0.01%  	 1          	 17608275   	xemu       	libGLX.so.0.0.0            	[.] 0x0000000000013580                                                                                                       	-      -            
 0.01%  	 1          	 17568984   	xemu       	libgallium-25.3.0.so       	[.] 0x000000000024dd32                                                                                                       	-      -            
 0.01%  	 1          	 17562215   	xemu       	libc.so.6                  	[.] 0x00000000000e29a5                                                                                                       	-      -            
 0.01%  	 1          	 17539765   	xemu       	xemu                       	[.] helper_stl_mmu                                                                                                           	-      -            
 0.01%  	 1          	 17451236   	xemu       	libvulkan_radeon.so        	[.] 0x0000000000154212                                                                                                       	-      -            
 0.01%  	 3          	 17443436   	xemu       	libc.so.6                  	[.] 0x000000000016ca89                                                                                                       	-      -            
 0.01%  	 1          	 17424503   	xemu       	libgallium-25.3.0.so       	[.] 0x0000000000340a0f                                                                                                       	-      -            
 0.01%  	 1          	 17412581   	xemu:gdrv0 	libgallium-25.3.0.so       	[.] 0x00000000009aff8b                                                                                                       	-      -            
 0.01%  	 1          	 17330932   	xemu       	libgallium-25.3.0.so       	[.] 0x00000000002b802a                                                                                                       	-      -            
 0.01%  	 1          	 17247106   	xemu:gdrv0 	libgallium-25.3.0.so       	[.] 0x0000000000b686c7                                                                                                       	-      -            
 0.01%  	 1          	 17230765   	xemu       	libdbus-1.so.3             	[.] 0x000000000002bc52                                                                                                       	-      -            
 0.01%  	 1          	 17226737   	xemu       	libsamplerate.so.0         	[.] 0x0000000000003a78                                                                                                       	-      -            
 0.01%  	 1          	 17223050   	xemu       	libgallium-25.3.0.so       	[.] 0x0000000000322d63                                                                                                       	-      -            
 0.01%  	 1          	 17198975   	xemu       	[JIT] tid 32843            	[.] 0x00007fe7be172a03                                                                                                       	-      -            
 0.01%  	 1          	 17189036   	xemu       	xemu                       	[.] replay_has_exception                                                                                                     	-      -            
 0.01%  	 1          	 17183465   	xemu       	[JIT] tid 32843            	[.] 0x00007fe7bc20ab43                                                                                                       	-      -            
 0.01%  	 1          	 17157523   	xemu       	xemu                       	[.] ImDrawList::PathRect(ImVec2 const&, ImVec2 const&, float, int)                                                           	-      -            
 0.01%  	 1          	 17138350   	xemu       	[JIT] tid 32843            	[.] 0x00007fe7bd414906                                                                                                       	-      -            
 0.01%  	 1          	 17106033   	xemu       	xemu                       	[.] CreateShaderModule.llvm.13408746550447476854                                                                             	-      -            
 0.01%  	 1          	 17073197   	xemu       	libgallium-25.3.0.so       	[.] 0x000000000033edb9                                                                                                       	-      -            
 0.01%  	 1          	 16979719   	xemu       	libgallium-25.3.0.so       	[.] 0x00000000003049d0                                                                                                       	-      -            
 0.01%  	 1          	 16905565   	xemu       	xemu                       	[.] ImDrawList::PushTextureID(unsigned long long)                                                                            	-      -            
 0.01%  	 1          	 16815180   	xemu       	xemu                       	[.] SDL_GetWindowFlags_REAL                                                                                                  	-      -            
 0.01%  	 1          	 16767126   	xemu       	[JIT] tid 32843            	[.] 0x00007fe7bd048b43                                                                                                       	-      -            
 0.01%  	 1          	 16720533   	xemu       	libgallium-25.3.0.so       	[.] 0x00000000003455f4                                                                                                       	-      -            
 0.01%  	 1          	 16436058   	xemu:gdrv0 	libgallium-25.3.0.so       	[.] 0x0000000000898a10                                                                                                       	-      -            
 0.01%  	 1          	 16377019   	xemu       	libgallium-25.3.0.so       	[.] 0x0000000000188e14                                                                                                       	-      -            
 0.01%  	 1          	 16353552   	xemu       	libc.so.6                  	[.] 0x00000000000a6dd3                                                                                                       	-      -            
 0.01%  	 1          	 16340988   	xemu       	libgallium-25.3.0.so       	[.] 0x000000000006d58a                                                                                                       	-      -            
 0.01%  	 1          	 16333928   	xemu       	libgallium-25.3.0.so       	[.] 0x000000000018a414                                                                                                       	-      -            
 0.01%  	 1          	 16303102   	xemu       	libgallium-25.3.0.so       	[.] 0x00000000001d61c0                                                                                                       	-      -            
 0.01%  	 2          	 16272697   	xemu       	xemu                       	[.] timerlist_run_timers                                                                                                     	-      -            
 0.01%  	 1          	 16243296   	xemu       	[JIT] tid 32843            	[.] 0x00007fe7bc71ce03                                                                                                       	-      -            
 0.01%  	 1          	 16235140   	xemu       	libsamplerate.so.0         	[.] 0x0000000000003267                                                                                                       	-      -            
 0.01%  	 1          	 16233619   	xemu       	libgallium-25.3.0.so       	[.] 0x00000000001cf092                                                                                                       	-      -            
 0.01%  	 1          	 16204541   	xemu       	libsamplerate.so.0         	[.] 0x0000000000003047                                                                                                       	-      -            
 0.01%  	 1          	 16200030   	xemu       	[unknown]                  	[k] 0xffffffffbc635b14                                                                                                       	-      -            
 0.01%  	 1          	 16104703   	xemu:gdrv0 	libgallium-25.3.0.so       	[.] 0x00000000008fec44                                                                                                       	-      -            
 0.01%  	 1          	 16051269   	xemu       	libgallium-25.3.0.so       	[.] 0x00000000002baa94                                                                                                       	-      -            
 0.01%  	 1          	 16025685   	xemu       	libgallium-25.3.0.so       	[.] 0x000000000033f8e4                                                                                                       	-      -            
 0.01%  	 1          	 16005509   	xemu:gdrv0 	libgallium-25.3.0.so       	[.] 0x00000000008fdba1                                                                                                       	-      -            
 0.01%  	 1          	 16002314   	xemu       	libgallium-25.3.0.so       	[.] 0x000000000002362e                                                                                                       	-      -            
 0.01%  	 1          	 16000404   	xemu       	xemu                       	[.] X11_PumpEvents                                                                                                           	-      -            
 0.01%  	 6          	 15992543   	xemu       	[unknown]                  	[k] 0xffffffffbd2e7380                                                                                                       	-      -            
 0.01%  	 1          	 15954326   	xemu:gdrv0 	libgallium-25.3.0.so       	[.] 0x000000000088c780                                                                                                       	-      -            
 0.01%  	 1          	 15929075   	xemu       	xemu                       	[.] SDL_GetWindowDisplayScale_REAL                                                                                           	-      -            
 0.01%  	 1          	 15898646   	xemu       	libgallium-25.3.0.so       	[.] 0x00000000007fa784                                                                                                       	-      -            
 0.01%  	 1          	 15826055   	xemu       	libgallium-25.3.0.so       	[.] 0x0000000000251a78                                                                                                       	-      -            
 0.01%  	 1          	 15818032   	xemu       	libgallium-25.3.0.so       	[.] 0x00000000001a222f                                                                                                       	-      -            
 0.01%  	 1          	 15813362   	xemu       	[unknown]                  	[k] 0xffffffffbc293b87                                                                                                       	-      -            
 0.01%  	 1          	 15771689   	xemu:gdrv0 	libgallium-25.3.0.so       	[.] 0x0000000000939171                                                                                                       	-      -            
 0.01%  	 1          	 15740802   	xemu       	libgallium-25.3.0.so       	[.] 0x000000000031da16                                                                                                       	-      -            
 0.01%  	 1          	 15735489   	xemu       	xemu                       	[.] HIDAPI_JoystickUpdate                                                                                                    	-      -            
 0.01%  	 1          	 15709612   	xemu       	libm.so.6                  	[.] 0x0000000000059740                                                                                                       	-      -            
 0.01%  	 1          	 15656020   	xemu       	libvulkan_radeon.so        	[.] 0x00000000000d2920                                                                                                       	-      -            
 0.01%  	 1          	 15536547   	xemu       	xemu                       	[.] SDL_GetKeyboardState_REAL                                                                                                	-      -            
 0.01%  	 1          	 15503127   	xemu       	libc.so.6                  	[.] 0x000000000016bf70                                                                                                       	-      -            
 0.01%  	 1          	 15482982   	xemu:gdrv0 	libgallium-25.3.0.so       	[.] 0x00000000008fb6a0                                                                                                       	-      -            
 0.01%  	 1          	 15441549   	xemu       	libc.so.6                  	[.] 0x0000000000098d96                                                                                                       	-      -            
 0.01%  	 1          	 15435922   	xemu       	xemu                       	[.] ImGui::CollapseButton(unsigned int, ImVec2 const&)                                                                       	-      -            
 0.01%  	 1          	 15349340   	xemu       	[unknown]                  	[k] 0xffffffffbc716544                                                                                                       	-      -            
 0.01%  	 3          	 15338487   	xemu       	libc.so.6                  	[.] 0x00000000000e2994                                                                                                       	-      -            
 0.01%  	 1          	 15256904   	xemu       	xemu                       	[.] pgraph_NV097_SET_BLEND_ENABLE_handler                                                                                    	-      -            
 0.01%  	 1          	 15230919   	xemu       	libgallium-25.3.0.so       	[.] 0x00000000001d61c4                                                                                                       	-      -            
 0.01%  	 1          	 15225153   	xemu:gdrv0 	libc.so.6                  	[.] 0x00000000000a799c                                                                                                       	-      -            
 0.01%  	 1          	 15105819   	xemu       	libgallium-25.3.0.so       	[.] 0x00000000002b5621                                                                                                       	-      -            
 0.01%  	 1          	 15095717   	xemu       	libgallium-25.3.0.so       	[.] 0x00000000001cf064                                                                                                       	-      -            
 0.01%  	 1          	 15063891   	xemu       	xemu                       	[.] SDL_UpdateCursorAnimation                                                                                                	-      -            
 0.01%  	 1          	 15047257   	xemu       	libgallium-25.3.0.so       	[.] 0x000000000006d3eb                                                                                                       	-      -            
 0.01%  	 1          	 15030619   	xemu       	libgallium-25.3.0.so       	[.] 0x000000000065f3ca                                                                                                       	-      -            
 0.01%  	 1          	 14988844   	xemu       	libgallium-25.3.0.so       	[.] 0x0000000000302680                                                                                                       	-      -            
 0.01%  	 1          	 14984226   	xemu       	libgallium-25.3.0.so       	[.] 0x0000000000341c44                                                                                                       	-      -            
 0.01%  	 1          	 14959190   	xemu       	xemu                       	[.] SDL_GetGamepadButton_REAL                                                                                                	-      -            
 0.01%  	 1          	 14950197   	xemu       	libgallium-25.3.0.so       	[.] 0x000000000009764d                                                                                                       	-      -            
 0.01%  	 1          	 14908608   	xemu       	libgallium-25.3.0.so       	[.] 0x000000000024dcc4                                                                                                       	-      -            
 0.01%  	 1          	 14814691   	xemu       	libc.so.6                  	[.] 0x0000000000092854                                                                                                       	-      -            
 0.01%  	 1          	 14770110   	xemu:gdrv0 	libgallium-25.3.0.so       	[.] 0x0000000000937848                                                                                                       	-      -            
 0.01%  	 1          	 14753372   	xemu       	libOpenGL.so.0.0.0         	[.] 0x0000000000016ec4                                                                                                       	-      -            
 0.01%  	 1          	 14611779   	xemu       	libc.so.6                  	[.] 0x000000000016c1b3                                                                                                       	-      -            
 0.01%  	 1          	 14500552   	xemu       	libgallium-25.3.0.so       	[.] 0x0000000000071abb                                                                                                       	-      -            
 0.01%  	 1          	 14440724   	xemu       	libvulkan_radeon.so        	[.] 0x000000000048163f                                                                                                       	-      -            
 0.01%  	 1          	 14427471   	xemu       	libdbus-1.so.3             	[.] 0x000000000002b93d                                                                                                       	-      -            
 0.01%  	 1          	 14365422   	xemu       	libGLdispatch.so.0.0.0     	[.] 0x00000000000050e4                                                                                                       	-      -            
 0.01%  	 1          	 14352657   	xemu       	libgallium-25.3.0.so       	[.] 0x00000000007403a4                                                                                                       	-      -            
 0.01%  	 1          	 14218034   	xemu       	libgallium-25.3.0.so       	[.] 0x0000000000340a9b                                                                                                       	-      -            
 0.01%  	 1          	 14209575   	xemu       	xemu                       	[.] SDL_RemoveFromHashTable                                                                                                  	-      -            
 0.01%  	 1          	 14080383   	xemu       	[unknown]                  	[k] 0xffffffffbc43f1b3                                                                                                       	-      -            
 0.01%  	 1          	 14072645   	xemu       	[unknown]                  	[k] 0xffffffffbc611575                                                                                                       	-      -            
 0.01%  	 1          	 13973851   	xemu:cs0   	[unknown]                  	[k] 0xffffffffbc294781                                                                                                       	-      -            
 0.01%  	 1          	 13966875   	xemu       	libvulkan_radeon.so        	[.] 0x0000000000355288                                                                                                       	-      -            
 0.01%  	 1          	 13934444   	xemu       	libgallium-25.3.0.so       	[.] 0x00000000002f4900                                                                                                       	-      -            
 0.01%  	 1          	 13872128   	xemu       	libgallium-25.3.0.so       	[.] 0x0000000000022da1                                                                                                       	-      -            
 0.01%  	 1          	 13838721   	xemu       	libgallium-25.3.0.so       	[.] 0x0000000000185a14                                                                                                       	-      -            
 0.01%  	 1          	 13702767   	xemu       	libgallium-25.3.0.so       	[.] 0x0000000000188e10                                                                                                       	-      -            
 0.01%  	 1          	 13698070   	xemu       	xemu                       	[.] CompatibilityReporter::Draw()                                                                                            	-      -            
 0.01%  	 1          	 13656685   	xemu       	libgallium-25.3.0.so       	[.] 0x00000000001a2224                                                                                                       	-      -            
 0.01%  	 1          	 13605255   	xemu       	libgallium-25.3.0.so       	[.] 0x000000000073b1f0                                                                                                       	-      -            
 0.01%  	 1          	 13600793   	xemu       	libgallium-25.3.0.so       	[.] 0x00000000004f8bd1                                                                                                       	-      -            
 0.01%  	 1          	 13592900   	xemu       	libgallium-25.3.0.so       	[.] 0x000000000073bb42                                                                                                       	-      -            
 0.01%  	 1          	 13532960   	xemu       	libgallium-25.3.0.so       	[.] 0x00000000007f9ac0                                                                                                       	-      -            
 0.01%  	 1          	 13465163   	xemu       	[unknown]                  	[k] 0xffffffffbc44002f                                                                                                       	-      -            
 0.01%  	 1          	 13291274   	xemu       	libgallium-25.3.0.so       	[.] 0x00000000006db5ae                                                                                                       	-      -            
 0.01%  	 1          	 13247279   	xemu       	libsamplerate.so.0         	[.] 0x0000000000002f31                                                                                                       	-      -            
 0.01%  	 1          	 13226001   	xemu:gdrv0 	libgallium-25.3.0.so       	[.] 0x0000000000955ec2                                                                                                       	-      -            
 0.01%  	 1          	 13160702   	xemu       	libgallium-25.3.0.so       	[.] 0x0000000000749524                                                                                                       	-      -            
 0.01%  	 1          	 13125784   	xemu       	libxcb.so.1.1.0            	[.] 0x0000000000013f02                                                                                                       	-      -            
 0.01%  	 1          	 13071101   	xemu       	libgallium-25.3.0.so       	[.] 0x000000000031d3ac                                                                                                       	-      -            
 0.01%  	 1          	 13059660   	xemu       	libc.so.6                  	[.] 0x00000000000a400d                                                                                                       	-      -            
 0.01%  	 1          	 13019788   	xemu       	libgallium-25.3.0.so       	[.] 0x0000000000192b34                                                                                                       	-      -            
 0.01%  	 1          	 13014284   	xemu       	libgallium-25.3.0.so       	[.] 0x00000000001dd7d7                                                                                                       	-      -            
 0.01%  	 1          	 13011127   	xemu       	xemu                       	[.] pit_irq_timer                                                                                                            	-      -            
 0.01%  	 1          	 12913014   	xemu       	libgallium-25.3.0.so       	[.] 0x000000000006d644                                                                                                       	-      -            
 0.01%  	 1          	 12667495   	xemu       	libvulkan_radeon.so        	[.] 0x00000000001abd3f                                                                                                       	-      -            
 0.01%  	 1          	 12588368   	xemu:gdrv0 	libgallium-25.3.0.so       	[.] 0x0000000000d7acf7                                                                                                       	-      -            
 0.01%  	 1          	 12562986   	xemu       	libgallium-25.3.0.so       	[.] 0x00000000000a2bd6                                                                                                       	-      -            
 0.01%  	 1          	 12510689   	xemu       	[unknown]                  	[k] 0xffffffffbcffdf2d                                                                                                       	-      -            
 0.01%  	 1          	 12492230   	xemu       	libgallium-25.3.0.so       	[.] 0x00000000003414f3                                                                                                       	-      -            
 0.01%  	 1          	 12453963   	xemu       	libgallium-25.3.0.so       	[.] 0x000000000031d332                                                                                                       	-      -            
 0.01%  	 1          	 12448679   	xemu       	libc.so.6                  	[.] 0x000000000009201f                                                                                                       	-      -            
 0.01%  	 1          	 12443291   	xemu       	xemu                       	[.] helper_fyl2x_common                                                                                                      	-      -            
 0.01%  	 1          	 12362600   	xemu:gdrv0 	libgallium-25.3.0.so       	[.] 0x0000000000906746                                                                                                       	-      -            
 0.01%  	 1          	 12139187   	xemu       	libvulkan_radeon.so        	[.] 0x0000000000027341                                                                                                       	-      -            
 0.01%  	 2          	 12032861   	xemu       	[vdso]                     	[.] 0x00000000000009f4                                                                                                       	-      -            
 0.01%  	 1          	 11920811   	xemu       	libGLX_mesa.so.0.0.0       	[.] 0x000000000001d264                                                                                                       	-      -            
 0.01%  	 6          	 11748397   	xemu       	xemu                       	[.] vga_update_display                                                                                                       	-      -            
 0.01%  	 2          	 11738366   	xemu       	xemu                       	[.] vblank_timer_thread                                                                                                      	-      -            
 0.01%  	 4          	 11683527   	xemu:cs0   	[unknown]                  	[k] 0xffffffffbc444065                                                                                                       	-      -            
 0.01%  	 1          	 11303142   	xemu       	xemu                       	[.] ohci_service_ed_list                                                                                                     	-      -            
 0.01%  	 1          	 11167954   	xemu:gdrv0 	[unknown]                  	[k] 0xffffffffbc4440b1                                                                                                       	-      -            
 0.01%  	 1          	 11018372   	xemu       	xemu                       	[.] publish_prepared_vertex_data                                                                                             	-      -            
 0.01%  	 1          	 10994234   	xemu       	xemu                       	[.] SDL_GetJoystickButton_REAL                                                                                               	-      -            
 0.01%  	 1          	 10947527   	xemu       	libgallium-25.3.0.so       	[.] 0x00000000004ed281                                                                                                       	-      -            
 0.01%  	 1          	 10580918   	xemu       	libc.so.6                  	[.] 0x000000000016bb9d                                                                                                       	-      -            
 0.01%  	 1          	 10417572   	xemu       	libgallium-25.3.0.so       	[.] 0x00000000001de5fb                                                                                                       	-      -            
 0.01%  	 1          	 10323940   	xemu       	libxcb.so.1.1.0            	[.] 0x000000000000f153                                                                                                       	-      -            
 0.01%  	 1          	 10293453   	xemu       	libsamplerate.so.0         	[.] 0x0000000000002f60                                                                                                       	-      -            
 0.01%  	 1          	 10150033   	xemu       	xemu                       	[.] SDL_UpdateSteamVirtualGamepadInfo                                                                                        	-      -            
 0.01%  	 1          	 10143381   	xemu       	libsamplerate.so.0         	[.] 0x00000000000030f7                                                                                                       	-      -            
 0.01%  	 1          	 10054929   	xemu:gdrv0 	libgallium-25.3.0.so       	[.] 0x000000000086c3a5                                                                                                       	-      -            
 0.01%  	 1          	 9631562    	xemu       	xemu                       	[.] emu_brclr_reg.llvm.12752694138931587586                                                                                  	-      -            
 0.01%  	 1          	 9562021    	xemu:cs0   	[unknown]                  	[k] 0xffffffffbc000087                                                                                                       	-      -            
 0.01%  	 1          	 9267771    	xemu       	[JIT] tid 32843            	[.] 0x00007fe7beae75e3                                                                                                       	-      -            
 0.01%  	 1          	 8981081    	xemu       	libsamplerate.so.0         	[.] 0x00000000000039e9                                                                                                       	-      -            
 0.01%  	 4          	 8715065    	xemu       	libc.so.6                  	[.] 0x00000000000ee859                                                                                                       	-      -            
 0.01%  	 1          	 8589480    	xemu       	xemu                       	[.] memory_region_clear_dirty_bitmap                                                                                         	-      -            
 0.01%  	 1          	 8166189    	xemu       	libgallium-25.3.0.so       	[.] 0x00000000006dbb42                                                                                                       	-      -            
 0.01%  	 1          	 8071929    	xemu:cs0   	[unknown]                  	[k] 0xffffffffbc611e67                                                                                                       	-      -            
 0.01%  	 1          	 7605042    	xemu       	xemu                       	[.] glslang::TInputScanner::get()                                                                                            	-      -            
 0.00%  	 1          	 7305353    	SDLAudioP15	libspa-audioconvert.so     	[.] 0x0000000000030d1e                                                                                                       	-      -            
 0.00%  	 2          	 7277337    	xemu:cs0   	[unknown]                  	[k] 0xffffffffbd2e7385                                                                                                       	-      -            
 0.00%  	 1          	 6881791    	xemu       	libgallium-25.3.0.so       	[.] 0x00000000000c65f7                                                                                                       	-      -            
 0.00%  	 1          	 6838703    	xemu       	libvulkan_radeon.so        	[.] 0x00000000003b6208                                                                                                       	-      -            
 0.00%  	 1          	 6778059    	xemu       	xemu                       	[.] pgraph_reg_w                                                                                                             	-      -            
 0.00%  	 1          	 6529291    	xemu       	libgallium-25.3.0.so       	[.] 0x00000000000632b8                                                                                                       	-      -            
 0.00%  	 1          	 6446820    	xemu       	libvulkan_radeon.so        	[.] 0x00000000003fba6c                                                                                                       	-      -            
 0.00%  	 1          	 5992588    	SDLAudioP15	xemu                       	[.] NextAudioStreamIter                                                                                                      	-      -            
 0.00%  	 1          	 4804137    	xemu       	[unknown]                  	[k] 0xffffffffbc444004                                                                                                       	-      -            
 0.00%  	 1          	 3812984    	xemu:cs0   	[unknown]                  	[k] 0xffffffffbc000080                                                                                                       	-      -            
 0.00%  	 2          	 3418947    	xemu       	xemu                       	[.] ImFont::RenderText(ImDrawList*, float, ImVec2 const&, unsigned int, ImVec4 const&, char const*, char const*, float, bool)	-      -            
 0.00%  	 1          	 3201561    	xemu:gdrv0 	libgallium-25.3.0.so       	[.] 0x00000000008a3994                                                                                                       	-      -            
 0.00%  	 1          	 3201561    	xemu:gdrv0 	libgallium-25.3.0.so       	[.] 0x0000000000939124                                                                                                       	-      -            
 0.00%  	 1          	 2649061    	xemu:cs0   	[unknown]                  	[k] 0xffffffffbc722b33                                                                                                       	-      -            
 0.00%  	 1          	 2647060    	xemu:cs0   	[unknown]                  	[k] 0xffffffffbc444038                                                                                                       	-      -            
 0.00%  	 1          	 2576679    	xemu:gdrv0 	libgallium-25.3.0.so       	[.] 0x00000000009307f0                                                                                                       	-      -            
 0.00%  	 1          	 2558660    	xemu       	libc.so.6                  	[.] 0x0000000000097344                                                                                                       	-      -            
 0.00%  	 2          	 2361498    	xemu:cs0   	libgallium-25.3.0.so       	[.] 0x000000000093a646                                                                                                       	-      -            
 0.00%  	 1          	 2258172    	xemu:cs0   	libc.so.6                  	[.] 0x0000000000094c9c                                                                                                       	-      -            
 0.00%  	 1          	 2160233    	xemu:cs0   	[unknown]                  	[k] 0xffffffffbc722b55                                                                                                       	-      -            
 0.00%  	 1          	 2094895    	xemu:cs0   	libgallium-25.3.0.so       	[.] 0x000000000093a9b9                                                                                                       	-      -            
 0.00%  	 1          	 2025972    	xemu:cs0   	libgallium-25.3.0.so       	[.] 0x00000000004f881d                                                                                                       	-      -            
 0.00%  	 1          	 2003664    	xemu:cs0   	libgallium-25.3.0.so       	[.] 0x000000000093807f                                                                                                       	-      -            
 0.00%  	 1          	 1798500    	xemu:cs0   	libgallium-25.3.0.so       	[.] 0x000000000093aa8c                                                                                                       	-      -            
 0.00%  	 1          	 1787680    	xemu:cs0   	libgallium-25.3.0.so       	[.] 0x000000000093ae1a                                                                                                       	-      -            
 0.00%  	 1          	 1783010    	xemu:cs0   	libgallium-25.3.0.so       	[.] 0x0000000000b686b4                                                                                                       	-      -            
 0.00%  	 1          	 1675808    	xemu:cs0   	[unknown]                  	[k] 0xffffffffbc000125                                                                                                       	-      -            
 0.00%  	 1          	 1655037    	xemu:cs0   	[unknown]                  	[k] 0xffffffffbc0014f0                                                                                                       	-      -            
 0.00%  	 1          	 1582964    	xemu:cs0   	libc.so.6                  	[.] 0x0000000000114f14                                                                                                       	-      -            
 0.00%  	 1          	 1504828    	xemu:cs0   	libgallium-25.3.0.so       	[.] 0x000000000093a2ef                                                                                                       	-      -            
 0.00%  	 3          	 1447774    	xemu       	libc.so.6                  	[.] 0x00000000000279db                                                                                                       	-      -            
 0.00%  	 1          	 1265426    	xemu       	libgallium-25.3.0.so       	[.] 0x000000000031d0be                                                                                                       	-      -            
 0.00%  	 1          	 1225973    	xemu:cs0   	[unknown]                  	[k] 0xffffffffbc7126b1                                                                                                       	-      -            
 0.00%  	 1          	 1182033    	xemu:cs0   	[unknown]                  	[k] 0xffffffffbd2e7380                                                                                                       	-      -            
 0.00%  	 1          	 1166062    	xemu:cs0   	[unknown]                  	[k] 0xffffffffbc44002f                                                                                                       	-      -            
 0.00%  	 1          	 1112719    	xemu:cs0   	libgallium-25.3.0.so       	[.] 0x0000000000936755                                                                                                       	-      -            
 0.00%  	 1          	 1008011    	xemu       	libdbus-1.so.3             	[.] 0x0000000000016fc5                                                                                                       	-      -            
 0.00%  	 2          	 882025     	xemu       	xemu                       	[.] memory_region_snapshot_get_dirty                                                                                         	-      -            
 0.00%  	 1          	 861747     	xemu:cs0   	[unknown]                  	[k] 0xffffffffbc440024                                                                                                       	-      -            
 0.00%  	 1          	 784130     	xemu       	libgallium-25.3.0.so       	[.] 0x0000000000747441                                                                                                       	-      -            
 0.00%  	 1          	 702810     	xemu       	libX11.so.6.4.0            	[.] 0x000000000003e7d7                                                                                                       	-      -            
 0.00%  	 1          	 579753     	xemu       	xemu                       	[.] qemu_main_loop                                                                                                           	-      -            
 0.00%  	 1          	 439156     	xemu       	[unknown]                  	[k] 0xffffffffbc444d40                                                                                                       	-      -            
 0.00%  	 1          	 226617     	xemu:gdrv0 	libgallium-25.3.0.so       	[.] 0x00000000008a3624                                                                                                       	-      -            
 0.00%  	 3          	 214972     	xemu       	libc.so.6                  	[.] 0x00000000000a4ec5                                                                                                       	-      -            
 0.00%  	 1          	 102506     	xemu       	libgallium-25.3.0.so       	[.] 0x000000000002bf44                                                                                                       	-      -            
 0.00%  	 3          	 87901      	xemu       	[unknown]                  	[k] 0xffffffffbd2e7388                                                                                                       	-      -            
 0.00%  	 1          	 86094      	xemu:gdrv0 	libgallium-25.3.0.so       	[.] 0x00000000008f7e3b                                                                                                       	-      -            
 0.00%  	 14         	 76630      	xemu       	xemu                       	[.] worker_thread                                                                                                            	-      -            
 0.00%  	 1          	 73854      	xemu       	xemu                       	[.] SDL_GetDisplayForWindow_REAL                                                                                             	-      -            
 0.00%  	 1          	 73566      	xemu       	xemu                       	[.] usb_hub_find_device                                                                                                      	-      -            
 0.00%  	 1          	 68245      	xemu       	xemu                       	[.] x86_need_replay_interrupt                                                                                                	-      -            
 0.00%  	 2          	 67446      	SDLAudioP15	libc.so.6                  	[.] 0x00000000000e2990                                                                                                       	-      -            
 0.00%  	 1          	 67384      	xemu       	libgallium-25.3.0.so       	[.] 0x000000000006bbaa                                                                                                       	-      -            
 0.00%  	 1          	 67384      	xemu       	libgallium-25.3.0.so       	[.] 0x0000000000344e9e                                                                                                       	-      -            
 0.00%  	 1          	 65094      	xemu:gdrv0 	libgallium-25.3.0.so       	[.] 0x000000000090b683                                                                                                       	-      -            
 0.00%  	 1          	 61588      	xemu:gdrv0 	libgallium-25.3.0.so       	[.] 0x0000000000937d56                                                                                                       	-      -            
 0.00%  	 1          	 61184      	xemu:gdrv0 	libgallium-25.3.0.so       	[.] 0x000000000088dd41                                                                                                       	-      -            
 0.00%  	 1          	 61184      	xemu:gdrv0 	libgallium-25.3.0.so       	[.] 0x00000000008efc81                                                                                                       	-      -            
 0.00%  	 1          	 61184      	xemu:gdrv0 	libgallium-25.3.0.so       	[.] 0x00000000008f23b4                                                                                                       	-      -            
 0.00%  	 1          	 60216      	xemu:gdrv0 	libgallium-25.3.0.so       	[.] 0x00000000009083ff                                                                                                       	-      -            
 0.00%  	 7          	 57339      	xemu       	[unknown]                  	[k] 0xffffffffbc000084                                                                                                       	-      -            
 0.00%  	 1          	 57050      	xemu       	libglib-2.0.so.0           	[.] g_main_context_acquire                                                                                                   	-      -            
 0.00%  	 3          	 54960      	SDLAudioP15	libpipewire-0.3.so.0.1604.0	[.] 0x000000000005e9b4                                                                                                       	-      -            
 0.00%  	 1          	 54689      	xemu:disk$3	libzstd.so.1               	[.] ZSTD_compressBlock_doubleFast                                                                                            	-      -            
 0.00%  	 1          	 54262      	xemu       	xemu                       	[.] nv2a_vga_gfx_update.llvm.1925204183175983276                                                                             	-      -            
 0.00%  	 1          	 51896      	xemu       	libc.so.6                  	[.] 0x000000000016e3e0                                                                                                       	-      -            
 0.00%  	 1          	 50082      	SDLAudioP15	libspa-support.so          	[.] 0x00000000000065a0                                                                                                       	-      -            
 0.00%  	 2          	 49528      	SDLAudioP15	xemu                       	[.] SDL_GetAudioStreamDataAdjustGain                                                                                         	-      -            
 0.00%  	 1          	 49428      	xemu:cs0   	[unknown]                  	[k] 0xffffffffbc712709                                                                                                       	-      -            
 0.00%  	 1          	 49351      	xemu       	xemu                       	[.] monitor_fdsets_cleanup                                                                                                   	-      -            
 0.00%  	 1          	 49072      	xemu       	libc.so.6                  	[.] 0x00000000000a669a                                                                                                       	-      -            
 0.00%  	 1          	 48617      	xemu:gdrv0 	libgallium-25.3.0.so       	[.] 0x0000000000908335                                                                                                       	-      -            
 0.00%  	 1          	 48617      	xemu:gdrv0 	libgallium-25.3.0.so       	[.] 0x00000000009afc24                                                                                                       	-      -            
 0.00%  	 1          	 48173      	xemu       	xemu                       	[.] poll_set_started.llvm.8706293261740590077                                                                                	-      -            
 0.00%  	 1          	 45214      	xemu       	libc.so.6                  	[.] 0x00000000000ef194                                                                                                       	-      -            
 0.00%  	 1          	 44700      	xemu       	[JIT] tid 32843            	[.] 0x00007fe7bc46ed66                                                                                                       	-      -            
 0.00%  	 1          	 44289      	SDLAudioP15	libspa-audioconvert.so     	[.] 0x000000000005f38c                                                                                                       	-      -            
 0.00%  	 1          	 43020      	xemu       	libc.so.6                  	[.] 0x0000000000116f54                                                                                                       	-      -            
 0.00%  	 1          	 40499      	xemu:cs0   	[unknown]                  	[k] 0xffffffffbc3ff548                                                                                                       	-      -            
 0.00%  	 1          	 40475      	xemu:gdrv0 	libgallium-25.3.0.so       	[.] 0x00000000008fa2f8                                                                                                       	-      -            
 0.00%  	 1          	 40475      	xemu:gdrv0 	libgallium-25.3.0.so       	[.] 0x00000000008fd2d2                                                                                                       	-      -            
 0.00%  	 1          	 36080      	xemu:cs0   	libgallium-25.3.0.so       	[.] 0x00000000009366c4                                                                                                       	-      -            
 0.00%  	 1          	 34730      	xemu       	xemu                       	[.] ohci_process_lists                                                                                                       	-      -            
 0.00%  	 1          	 34354      	xemu       	libglib-2.0.so.0           	[.] g_hash_table_new_full                                                                                                    	-      -            
 0.00%  	 1          	 33819      	SDLAudioP15	libspa-support.so          	[.] 0x00000000000065b3                                                                                                       	-      -            
 0.00%  	 5          	 32881      	xemu       	[vdso]                     	[.] 0x00000000000009b5                                                                                                       	-      -            
 0.00%  	 1          	 31198      	xemu       	[unknown]                  	[k] 0xffffffffbc6f0c64                                                                                                       	-      -            
 0.00%  	 1          	 30688      	xemu       	xemu                       	[.] raise_interrupt2.llvm.17674443717612516967                                                                               	-      -            
 0.00%  	 1          	 30521      	xemu:cs0   	libc.so.6                  	[.] 0x00000000000a6e35                                                                                                       	-      -            
 0.00%  	 1          	 30237      	xemu:disk$2	libzstd.so.1               	[.] malloc@plt                                                                                                               	-      -            
 0.00%  	 1          	 30094      	xemu       	[unknown]                  	[k] 0xffffffffbc6f43a4                                                                                                       	-      -            
 0.00%  	 1          	 30065      	xemu       	libvulkan_radeon.so        	[.] 0x0000000000341ad2                                                                                                       	-      -            
 0.00%  	 1          	 29633      	xemu:cs0   	libgallium-25.3.0.so       	[.] 0x000000000093a250                                                                                                       	-      -            
 0.00%  	 1          	 29077      	xemu       	libc.so.6                  	[.] 0x0000000000091fa0                                                                                                       	-      -            
 0.00%  	 1          	 28933      	xemu       	xemu                       	[.] address_space_stb                                                                                                        	-      -            
 0.00%  	 1          	 28155      	xemu:disk$3	libc.so.6                  	[.] 0x000000000016e407                                                                                                       	-      -            
 0.00%  	 1          	 27899      	xemu       	xemu                       	[.] qio_channel_fd_source_check                                                                                              	-      -            
 0.00%  	 1          	 27781      	xemu:disk$1	libzstd.so.1               	[.] ZSTD_compress                                                                                                            	-      -            
 0.00%  	 3          	 27357      	xemu       	[unknown]                  	[k] 0xffffffffbd2d0534                                                                                                       	-      -            
 0.00%  	 1          	 26881      	SDLAudioP15	xemu                       	[.] SDL_ReadFromAudioQueue                                                                                                   	-      -            
 0.00%  	 1          	 26850      	xemu       	[unknown]                  	[k] 0xffffffffbc7243d7                                                                                                       	-      -            
 0.00%  	 1          	 26665      	xemu       	libvulkan_radeon.so        	[.] 0x0000000000331ec4                                                                                                       	-      -            
 0.00%  	 1          	 25748      	xemu       	libc.so.6                  	[.] 0x000000000011ace4                                                                                                       	-      -            
 0.00%  	 1          	 25597      	xemu:disk$0	libc.so.6                  	[.] 0x0000000000064f91                                                                                                       	-      -            
 0.00%  	 1          	 24983      	xemu       	[unknown]                  	[k] 0xffffffffbc724348                                                                                                       	-      -            
 0.00%  	 1          	 24475      	xemu:disk$3	libc.so.6                  	[.] 0x00000000000a669a                                                                                                       	-      -            
 0.00%  	 1          	 24150      	xemu:disk$1	libc.so.6                  	[.] 0x00000000000a6dd3                                                                                                       	-      -            
 0.00%  	 1          	 23603      	xemu:disk$3	libc.so.6                  	[.] 0x00000000000a27d1                                                                                                       	-      -            
 0.00%  	 2          	 23314      	xemu       	[unknown]                  	[k] 0xffffffffbcb1878a                                                                                                       	-      -            
 0.00%  	 1          	 22675      	xemu       	libc.so.6                  	[.] 0x000000000010c0c4                                                                                                       	-      -            
 0.00%  	 1          	 22504      	xemu:disk$2	[unknown]                  	[k] 0xffffffffbd2d7a56                                                                                                       	-      -            
 0.00%  	 1          	 22463      	xemu:disk$1	libvulkan_radeon.so        	[.] 0x00000000002c22bb                                                                                                       	-      -            
 0.00%  	 1          	 16053      	xemu:disk$2	libc.so.6                  	[.] 0x0000000000089dc0                                                                                                       	-      -            
 0.00%  	 1          	 13674      	xemu:disk$0	libc.so.6                  	[.] 0x000000000006435d                                                                                                       	-      -            
 0.00%  	 1          	 11798      	xemu:disk$0	[unknown]                  	[k] 0xffffffffbc78ec64                                                                                                       	-      -            
 0.00%  	 2          	 10487      	xemu       	[unknown]                  	[k] 0xffffffffbc7243a5                                                                                                       	-      -            
 0.00%  	 1          	 7640       	xemu       	xemu                       	[.] ohci_frame_boundary.llvm.7797944754390777359                                                                             	-      -            
 0.00%  	 1          	 5760       	xemu       	[unknown]                  	[k] 0xffffffffbc722b33                                                                                                       	-      -            
 0.00%  	 1          	 4725       	xemu       	libGLX_mesa.so.0.0.0       	[.] 0x0000000000028e82                                                                                                       	-      -            
 0.00%  	 1          	 4316       	xemu       	[unknown]                  	[k] 0xffffffffbc430006                                                                                                       	-      -            
 0.00%  	 1          	 3859       	xemu       	libgallium-25.3.0.so       	[.] 0x0000000000938401                                                                                                       	-      -            
 0.00%  	 1          	 3358       	xemu       	xemu                       	[.] hybrid_pipeline_create                                                                                                   	-      -            
 0.00%  	 12         	 2355       	xemu       	libglib-2.0.so.0           	[.] g_main_context_check                                                                                                     	-      -            
 0.00%  	 1          	 1121       	xemu       	[unknown]                  	[k] 0xffffffffbc424465                                                                                                       	-      -            
 0.00%  	 1          	 864        	xemu:gdrv0 	libgallium-25.3.0.so       	[.] 0x0000000000892684                                                                                                       	-      -            
 0.00%  	 6          	 551        	xemu       	xemu                       	[.] fdmon_poll_gsource_check.llvm.8715163228567524058                                                                        	-      -            
 0.00%  	 2          	 531        	xemu       	[unknown]                  	[k] 0xffffffffbc42ffa4                                                                                                       	-      -            
 0.00%  	 3          	 509        	SDLAudioP15	libspa-support.so          	[.] 0x00000000000066ed                                                                                                       	-      -            
 0.00%  	 5          	 456        	xemu       	libc.so.6                  	[.] 0x000000000016ca8e                                                                                                       	-      -            
 0.00%  	 4          	 398        	xemu       	libgallium-25.3.0.so       	[.] 0x0000000000939ab3                                                                                                       	-      -            
 0.00%  	 6          	 314        	xemu       	[unknown]                  	[k] 0xffffffffbc000087                                                                                                       	-      -            
 0.00%  	 8          	 311        	xemu       	libglib-2.0.so.0           	[.] g_private_get                                                                                                            	-      -            
 0.00%  	 1          	 298        	xemu       	[unknown]                  	[k] 0xffffffffbc385dc4                                                                                                       	-      -            
 0.00%  	 6          	 291        	xemu       	[unknown]                  	[k] 0xffffffffbc43f3a4                                                                                                       	-      -            
 0.00%  	 1          	 267        	xemu       	libc.so.6                  	[.] 0x0000000000114f10                                                                                                       	-      -            
 0.00%  	 2          	 264        	xemu       	[unknown]                  	[k] 0xffffffffbc2938c0                                                                                                       	-      -            
 0.00%  	 3          	 259        	xemu       	xemu                       	[.] main_loop_wait                                                                                                           	-      -            
 0.00%  	 1          	 256        	xemu       	[unknown]                  	[k] 0xffffffffbd2d5d76                                                                                                       	-      -            
 0.00%  	 2          	 255        	SDLAudioP15	libpipewire-0.3.so.0.1604.0	[.] 0x000000000005e9f8                                                                                                       	-      -            
 0.00%  	 1          	 254        	xemu       	libglib-2.0.so.0           	[.] g_source_ref                                                                                                             	-      -            
 0.00%  	 1          	 253        	xemu:gdrv0 	libc.so.6                  	[.] 0x0000000000098d60                                                                                                       	-      -            
 0.00%  	 1          	 253        	xemu:gdrv0 	libgallium-25.3.0.so       	[.] 0x000000000074552c                                                                                                       	-      -            
 0.00%  	 1          	 244        	xemu       	libc.so.6                  	[.] 0x0000000000097360                                                                                                       	-      -            
 0.00%  	 1          	 241        	xemu       	libgallium-25.3.0.so       	[.] 0x00000000004f83fb                                                                                                       	-      -            
 0.00%  	 1          	 240        	xemu:gdrv0 	libgallium-25.3.0.so       	[.] 0x000000000074319d                                                                                                       	-      -            
 0.00%  	 1          	 239        	xemu:cs0   	libgallium-25.3.0.so       	[.] 0x00000000009bcb04                                                                                                       	-      -            
 0.00%  	 1          	 220        	xemu:gdrv0 	[unknown]                  	[k] 0xffffffffbc43f3a4                                                                                                       	-      -            
 0.00%  	 1          	 215        	xemu       	[unknown]                  	[k] 0xffffffffbc430065                                                                                                       	-      -            
 0.00%  	 3          	 215        	xemu:gdrv0 	[unknown]                  	[k] 0xffffffffbc44002f                                                                                                       	-      -            
 0.00%  	 1          	 207        	xemu       	[unknown]                  	[k] 0xffffffffbc42ffab                                                                                                       	-      -            
 0.00%  	 1          	 204        	xemu       	[unknown]                  	[k] 0xffffffffbd2d2fc2                                                                                                       	-      -            
 0.00%  	 1          	 190        	xemu:cs0   	libdrm.so.2.129.0          	[.] 0x000000000000bd90                                                                                                       	-      -            
 0.00%  	 1          	 190        	xemu:disk$3	libc.so.6                  	[.] 0x0000000000089a44                                                                                                       	-      -            
 0.00%  	 2          	 185        	xemu       	[unknown]                  	[k] 0xffffffffbc294173                                                                                                       	-      -            
 0.00%  	 1          	 183        	xemu:cs0   	libgallium-25.3.0.so       	[.] 0x0000000000939ddd                                                                                                       	-      -            
 0.00%  	 2          	 181        	xemu:gdrv0 	libgallium-25.3.0.so       	[.] 0x00000000004f8777                                                                                                       	-      -            
 0.00%  	 1          	 180        	SDLAudioP15	libspa-support.so          	[.] 0x000000000001b9a0                                                                                                       	-      -            
 0.00%  	 1          	 179        	xemu:gdrv0 	[unknown]                  	[k] 0xffffffffbc43f115                                                                                                       	-      -            
 0.00%  	 1          	 178        	xemu       	xemu                       	[.] cpu_tb_exec                                                                                                              	-      -            
 0.00%  	 7          	 177        	xemu       	libc.so.6                  	[.] 0x000000000016ca84                                                                                                       	-      -            
 0.00%  	 1          	 176        	xemu:cs0   	[unknown]                  	[k] 0xffffffffbc44157e                                                                                                       	-      -            
 0.00%  	 1          	 174        	xemu       	[vdso]                     	[.] 0x00000000000009ac                                                                                                       	-      -            
 0.00%  	 1          	 163        	xemu:disk$0	libc.so.6                  	[.] 0x000000000006392a                                                                                                       	-      -            
 0.00%  	 2          	 162        	xemu:gdrv0 	libgallium-25.3.0.so       	[.] 0x00000000004f8744                                                                                                       	-      -            
 0.00%  	 1          	 158        	xemu:cs0   	libgallium-25.3.0.so       	[.] 0x0000000000b686b0                                                                                                       	-      -            
 0.00%  	 1          	 141        	xemu:disk$0	[unknown]                  	[k] 0xffffffffbc4440b1                                                                                                       	-      -            
 0.00%  	 1          	 140        	xemu:disk$2	libc.so.6                  	[.] 0x0000000000063948                                                                                                       	-      -            
 0.00%  	 16         	 139        	xemu       	libc.so.6                  	[.] 0x0000000000091fe5                                                                                                       	-      -            
 0.00%  	 1          	 137        	xemu:cs0   	[unknown]                  	[k] 0xffffffffbc0000ba                                                                                                       	-      -            
 0.00%  	 11         	 126        	xemu       	[unknown]                  	[k] 0xffffffffbc000116                                                                                                       	-      -            
 0.00%  	 3          	 119        	xemu:cs0   	libgallium-25.3.0.so       	[.] 0x0000000000939a47                                                                                                       	-      -            
 0.00%  	 1          	 117        	xemu       	libc.so.6                  	[.] 0x000000000009a80a                                                                                                       	-      -            
 0.00%  	 3          	 117        	xemu       	libgallium-25.3.0.so       	[.] 0x0000000000939a47                                                                                                       	-      -            
 0.00%  	 1          	 116        	xemu       	xemu                       	[.] apic_get_interrupt                                                                                                       	-      -            
 0.00%  	 3          	 116        	xemu       	[unknown]                  	[k] 0xffffffffbc43f116                                                                                                       	-      -            
 0.00%  	 1          	 114        	xemu:disk$1	[unknown]                  	[k] 0xffffffffbc444055                                                                                                       	-      -            
 0.00%  	 1          	 112        	xemu       	xemu                       	[.] handle_aiocb_rw                                                                                                          	-      -            
 0.00%  	 1          	 111        	xemu       	[unknown]                  	[k] 0xffffffffbc001a75                                                                                                       	-      -            
 0.00%  	 1          	 110        	xemu       	libc.so.6                  	[.] 0x0000000000092015                                                                                                       	-      -            
 0.00%  	 1          	 110        	xemu:disk$3	[unknown]                  	[k] 0xffffffffbc444065                                                                                                       	-      -            
 0.00%  	 1          	 109        	xemu       	libvulkan_radeon.so        	[.] 0x000000000034d8e2                                                                                                       	-      -            
 0.00%  	 2          	 109        	xemu:cs0   	libgallium-25.3.0.so       	[.] 0x0000000000939dc2                                                                                                       	-      -            
 0.00%  	 1          	 108        	xemu       	libvulkan_radeon.so        	[.] 0x0000000000347df0                                                                                                       	-      -            
 0.00%  	 2          	 107        	SDLAudioP15	libc.so.6                  	[.] 0x0000000000098d67                                                                                                       	-      -            
 0.00%  	 3          	 106        	xemu       	[unknown]                  	[k] 0xffffffffbc43f115                                                                                                       	-      -            
 0.00%  	 2          	 103        	xemu       	[unknown]                  	[k] 0xffffffffbc444042                                                                                                       	-      -            
 0.00%  	 1          	 103        	xemu       	[unknown]                  	[k] 0xffffffffbc722b55                                                                                                       	-      -            
 0.00%  	 1          	 102        	xemu       	[unknown]                  	[k] 0xffffffffbd2d3f70                                                                                                       	-      -            
 0.00%  	 1          	 101        	xemu       	libglib-2.0.so.0           	[.] 0x0000000000054194                                                                                                       	-      -            
 0.00%  	 1          	 101        	xemu:disk$1	libvulkan_radeon.so        	[.] 0x000000000029ae74                                                                                                       	-      -            
 0.00%  	 2          	 100        	xemu       	xemu                       	[.] pipeline_worker.llvm.14916639479844345005                                                                                	-      -            
 0.00%  	 1          	 99         	xemu:disk$0	libc.so.6                  	[.] 0x00000000000946e0                                                                                                       	-      -            
 0.00%  	 1          	 97         	xemu:disk$2	[unknown]                  	[k] 0xffffffffbc000080                                                                                                       	-      -            
 0.00%  	 1          	 95         	xemu:disk$2	[unknown]                  	[k] 0xffffffffbc444065                                                                                                       	-      -            
 0.00%  	 1          	 95         	xemu:disk$3	[unknown]                  	[k] 0xffffffffbc440e82                                                                                                       	-      -            
 0.00%  	 1          	 92         	xemu:disk$1	[unknown]                  	[k] 0xffffffffbc440f65                                                                                                       	-      -            
 0.00%  	 2          	 92         	xemu:disk$3	libvulkan_radeon.so        	[.] 0x00000000002a6e27                                                                                                       	-      -            
 0.00%  	 1          	 91         	xemu       	libc.so.6                  	[.] 0x00000000000928d4                                                                                                       	-      -            
 0.00%  	 1          	 91         	xemu       	libc.so.6                  	[.] 0x0000000000115e14                                                                                                       	-      -            
 0.00%  	 6          	 6          	SDLAudioP15	libc.so.6                  	[.] 0x0000000000098d60                                                                                                       	-      -            
 0.00%  	 5          	 5          	xemu       	libc.so.6                  	[.] 0x00000000000e2990                                                                                                       	-      -            
 0.00%  	 5          	 5          	xemu       	xemu                       	[.] pgraph_vk_process_pending                                                                                                	-      -            
 0.00%  	 5          	 5          	xemu       	xemu                       	[.] qemu_cond_wait_impl                                                                                                      	-      -            
 0.00%  	 4          	 4          	SDLAudioP15	libc.so.6                  	[.] 0x0000000000091fde                                                                                                       	-      -            
 0.00%  	 4          	 4          	SDLAudioP15	libspa-support.so          	[.] 0x000000000001bc8c                                                                                                       	-      -            
 0.00%  	 4          	 4          	xemu       	libglib-2.0.so.0           	[.] g_main_context_get_thread_default                                                                                        	-      -            
 0.00%  	 3          	 3          	SDLAudioP15	libc.so.6                  	[.] 0x0000000000091fe5                                                                                                       	-      -            
 0.00%  	 3          	 3          	xemu       	libc.so.6                  	[.] 0x00000000000279d0                                                                                                       	-      -            
 0.00%  	 3          	 3          	xemu       	libc.so.6                  	[.] 0x00000000000920d8                                                                                                       	-      -            
 0.00%  	 3          	 3          	xemu       	libc.so.6                  	[.] 0x0000000000094eb3                                                                                                       	-      -            
 0.00%  	 3          	 3          	xemu       	libgallium-25.3.0.so       	[.] 0x00000000004eaebb                                                                                                       	-      -            
 0.00%  	 3          	 3          	xemu       	xemu                       	[.] x86_cpu_pending_interrupt                                                                                                	-      -            
 0.00%  	 3          	 3          	xemu       	[unknown]                  	[k] 0xffffffffbd2d052f                                                                                                       	-      -            
 0.00%  	 3          	 3          	xemu:cs0   	libc.so.6                  	[.] 0x0000000000094d25                                                                                                       	-      -            
 0.00%  	 3          	 3          	xemu:disk$2	libc.so.6                  	[.] 0x0000000000094d25                                                                                                       	-      -            
 0.00%  	 3          	 3          	xemu:disk$3	libc.so.6                  	[.] 0x0000000000091fe5                                                                                                       	-      -            
 0.00%  	 3          	 3          	xemu:gdrv0 	libgallium-25.3.0.so       	[.] 0x0000000000744125                                                                                                       	-      -            
 0.00%  	 2          	 2          	SDLAudioP15	libspa-support.so          	[.] 0x0000000000006643                                                                                                       	-      -            
 0.00%  	 2          	 2          	SDLAudioP15	libspa-support.so          	[.] 0x000000000001bce8                                                                                                       	-      -            
 0.00%  	 2          	 2          	xemu       	[vdso]                     	[.] 0x0000000000000984                                                                                                       	-      -            
 0.00%  	 2          	 2          	xemu       	libc.so.6                  	[.] 0x0000000000097f67                                                                                                       	-      -            
 0.00%  	 2          	 2          	xemu       	libc.so.6                  	[.] 0x0000000000098d8e                                                                                                       	-      -            
 0.00%  	 2          	 2          	xemu       	libc.so.6                  	[.] 0x000000000009a8c4                                                                                                       	-      -            
 0.00%  	 2          	 2          	xemu       	libgallium-25.3.0.so       	[.] 0x0000000000939a44                                                                                                       	-      -            
 0.00%  	 2          	 2          	xemu       	xemu                       	[.] do_ld_mmio_beN.llvm.15400734734619096472                                                                                 	-      -            
 0.00%  	 2          	 2          	xemu       	xemu                       	[.] qemu_cond_timedwait_impl                                                                                                 	-      -            
 0.00%  	 2          	 2          	xemu       	xemu                       	[.] qemu_mutex_unlock_impl                                                                                                   	-      -            
 0.00%  	 2          	 2          	xemu       	[unknown]                  	[k] 0xffffffffbc0000ab                                                                                                       	-      -            
 0.00%  	 2          	 2          	xemu       	[unknown]                  	[k] 0xffffffffbc43f206                                                                                                       	-      -            
 0.00%  	 2          	 2          	xemu       	[unknown]                  	[k] 0xffffffffbc444da3                                                                                                       	-      -            
 0.00%  	 2          	 2          	xemu       	[unknown]                  	[k] 0xffffffffbd2e605b                                                                                                       	-      -            
 0.00%  	 2          	 2          	xemu:cs0   	libc.so.6                  	[.] 0x0000000000091fe5                                                                                                       	-      -            
 0.00%  	 2          	 2          	xemu:cs0   	libc.so.6                  	[.] 0x0000000000094c74                                                                                                       	-      -            
 0.00%  	 2          	 2          	xemu:disk$1	libc.so.6                  	[.] 0x0000000000091fe5                                                                                                       	-      -            
 0.00%  	 2          	 2          	xemu:disk$1	libvulkan_radeon.so        	[.] 0x00000000002a6df4                                                                                                       	-      -            
 0.00%  	 2          	 2          	xemu:disk$1	libvulkan_radeon.so        	[.] 0x00000000002a6e27                                                                                                       	-      -            
 0.00%  	 2          	 2          	xemu:disk$2	libvulkan_radeon.so        	[.] 0x00000000002a6df4                                                                                                       	-      -            
 0.00%  	 2          	 2          	xemu:disk$3	libvulkan_radeon.so        	[.] 0x00000000002a6df4                                                                                                       	-      -            
 0.00%  	 2          	 2          	xemu:gdrv0 	libc.so.6                  	[.] 0x0000000000094bd0                                                                                                       	-      -            
 0.00%  	 2          	 2          	xemu:gdrv0 	libgallium-25.3.0.so       	[.] 0x000000000090eca6                                                                                                       	-      -            
 0.00%  	 1          	 1          	xemu       	[vdso]                     	[.] 0x00000000000009d9                                                                                                       	-      -            
 0.00%  	 1          	 1          	xemu       	libc.so.6                  	[.] 0x00000000000279e4                                                                                                       	-      -            
 0.00%  	 1          	 1          	xemu       	libc.so.6                  	[.] 0x0000000000091f99                                                                                                       	-      -            
 0.00%  	 1          	 1          	xemu       	libc.so.6                  	[.] 0x0000000000091fda                                                                                                       	-      -            
 0.00%  	 1          	 1          	xemu       	libc.so.6                  	[.] 0x0000000000091fde                                                                                                       	-      -            
 0.00%  	 1          	 1          	xemu       	libc.so.6                  	[.] 0x0000000000092014                                                                                                       	-      -            
 0.00%  	 1          	 1          	xemu       	libc.so.6                  	[.] 0x0000000000092628                                                                                                       	-      -            
 0.00%  	 1          	 1          	xemu       	libc.so.6                  	[.] 0x000000000009264d                                                                                                       	-      -            
 0.00%  	 1          	 1          	xemu       	libc.so.6                  	[.] 0x0000000000092856                                                                                                       	-      -            
 0.00%  	 1          	 1          	xemu       	libc.so.6                  	[.] 0x0000000000094944                                                                                                       	-      -            
 0.00%  	 1          	 1          	xemu       	libc.so.6                  	[.] 0x000000000009494d                                                                                                       	-      -            
 0.00%  	 1          	 1          	xemu       	libc.so.6                  	[.] 0x0000000000094c57                                                                                                       	-      -            
 0.00%  	 1          	 1          	xemu       	libc.so.6                  	[.] 0x0000000000094c9c                                                                                                       	-      -            
 0.00%  	 1          	 1          	xemu       	libc.so.6                  	[.] 0x0000000000094cb6                                                                                                       	-      -            
 0.00%  	 1          	 1          	xemu       	libc.so.6                  	[.] 0x0000000000094e6e                                                                                                       	-      -            
 0.00%  	 1          	 1          	xemu       	libc.so.6                  	[.] 0x0000000000094e8c                                                                                                       	-      -            
 0.00%  	 1          	 1          	xemu       	libc.so.6                  	[.] 0x0000000000094f2f                                                                                                       	-      -            
 0.00%  	 1          	 1          	xemu       	libc.so.6                  	[.] 0x0000000000097f89                                                                                                       	-      -            
 0.00%  	 1          	 1          	xemu       	libc.so.6                  	[.] 0x0000000000098d6d                                                                                                       	-      -            
 0.00%  	 1          	 1          	xemu       	libc.so.6                  	[.] 0x0000000000098e61                                                                                                       	-      -            
 0.00%  	 1          	 1          	xemu       	libc.so.6                  	[.] 0x000000000009a7b4                                                                                                       	-      -            
 0.00%  	 1          	 1          	xemu       	libc.so.6                  	[.] 0x00000000000ee85c                                                                                                       	-      -            
 0.00%  	 1          	 1          	xemu       	libc.so.6                  	[.] 0x000000000016ca00                                                                                                       	-      -            
 0.00%  	 1          	 1          	xemu       	libc.so.6                  	[.] 0x000000000016ca97                                                                                                       	-      -            
 0.00%  	 1          	 1          	xemu       	libc.so.6                  	[.] 0x000000000016ca9a                                                                                                       	-      -            
 0.00%  	 1          	 1          	xemu       	libc.so.6                  	[.] 0x000000000016cab6                                                                                                       	-      -            
 0.00%  	 1          	 1          	xemu       	libgallium-25.3.0.so       	[.] 0x000000000090ef35                                                                                                       	-      -            
 0.00%  	 1          	 1          	xemu       	libgallium-25.3.0.so       	[.] 0x000000000090ef42                                                                                                       	-      -            
 0.00%  	 1          	 1          	xemu       	libgallium-25.3.0.so       	[.] 0x0000000000939a50                                                                                                       	-      -            
 0.00%  	 1          	 1          	xemu       	libglib-2.0.so.0           	[.] 0x0000000000053daa                                                                                                       	-      -            
 0.00%  	 1          	 1          	xemu       	libglib-2.0.so.0           	[.] 0x0000000000054110                                                                                                       	-      -            
 0.00%  	 1          	 1          	xemu       	libglib-2.0.so.0           	[.] 0x00000000000ab428                                                                                                       	-      -            
 0.00%  	 1          	 1          	xemu       	libglib-2.0.so.0           	[.] 0x00000000000ab42f                                                                                                       	-      -            
 0.00%  	 1          	 1          	xemu       	libvulkan_radeon.so        	[.] 0x0000000000331f20                                                                                                       	-      -            
 0.00%  	 1          	 1          	xemu       	libvulkan_radeon.so        	[.] 0x00000000003334c4                                                                                                       	-      -            
 0.00%  	 1          	 1          	xemu       	libvulkan_radeon.so        	[.] 0x000000000034810a                                                                                                       	-      -            
 0.00%  	 1          	 1          	xemu       	libvulkan_radeon.so        	[.] 0x000000000034d8de                                                                                                       	-      -            
 0.00%  	 1          	 1          	xemu       	xemu                       	[.] ImGui_ImplSDL3_ProcessEvent(SDL_Event const*)                                                                            	-      -            
 0.00%  	 1          	 1          	xemu       	xemu                       	[.] hybrid_compiler_blocking_worker.llvm.6238223597989429767                                                                 	-      -            
 0.00%  	 1          	 1          	xemu       	xemu                       	[.] hybrid_compiler_worker.llvm.6238223597989429767                                                                          	-      -            
 0.00%  	 1          	 1          	xemu       	xemu                       	[.] main                                                                                                                     	-      -            
 0.00%  	 1          	 1          	xemu       	xemu                       	[.] memory_region_write_accessor                                                                                             	-      -            
 0.00%  	 1          	 1          	xemu       	xemu                       	[.] pic_ioport_write                                                                                                         	-      -            
 0.00%  	 1          	 1          	xemu       	xemu                       	[.] qemu_cond_timedwait_ts.llvm.7942547344437843778                                                                          	-      -            
 0.00%  	 1          	 1          	xemu       	xemu                       	[.] replay_mutex_lock                                                                                                        	-      -            
 0.00%  	 1          	 1          	xemu       	xemu                       	[.] voice_lock                                                                                                               	-      -            
 0.00%  	 1          	 1          	xemu       	[unknown]                  	[k] 0xffffffffbc0000b4                                                                                                       	-      -            
 0.00%  	 1          	 1          	xemu       	[unknown]                  	[k] 0xffffffffbc0000c2                                                                                                       	-      -            
 0.00%  	 1          	 1          	xemu       	[unknown]                  	[k] 0xffffffffbc0000d2                                                                                                       	-      -            
 0.00%  	 1          	 1          	xemu       	[unknown]                  	[k] 0xffffffffbc000111                                                                                                       	-      -            
 0.00%  	 1          	 1          	xemu       	[unknown]                  	[k] 0xffffffffbc001610                                                                                                       	-      -            
 0.00%  	 1          	 1          	xemu       	[unknown]                  	[k] 0xffffffffbc001a30                                                                                                       	-      -            
 0.00%  	 1          	 1          	xemu       	[unknown]                  	[k] 0xffffffffbc3909aa                                                                                                       	-      -            
 0.00%  	 1          	 1          	xemu       	[unknown]                  	[k] 0xffffffffbc41d10a                                                                                                       	-      -            
 0.00%  	 1          	 1          	xemu       	[unknown]                  	[k] 0xffffffffbc43f143                                                                                                       	-      -            
 0.00%  	 1          	 1          	xemu       	[unknown]                  	[k] 0xffffffffbc43f170                                                                                                       	-      -            
 0.00%  	 1          	 1          	xemu       	[unknown]                  	[k] 0xffffffffbc43f17a                                                                                                       	-      -            
 0.00%  	 1          	 1          	xemu       	[unknown]                  	[k] 0xffffffffbc43f290                                                                                                       	-      -            
 0.00%  	 1          	 1          	xemu       	[unknown]                  	[k] 0xffffffffbc43f324                                                                                                       	-      -            
 0.00%  	 1          	 1          	xemu       	[unknown]                  	[k] 0xffffffffbc43f340                                                                                                       	-      -            
 0.00%  	 1          	 1          	xemu       	[unknown]                  	[k] 0xffffffffbc43f341                                                                                                       	-      -            
 0.00%  	 1          	 1          	xemu       	[unknown]                  	[k] 0xffffffffbc43f37a                                                                                                       	-      -            
 0.00%  	 1          	 1          	xemu       	[unknown]                  	[k] 0xffffffffbc43f3ad                                                                                                       	-      -            
 0.00%  	 1          	 1          	xemu       	[unknown]                  	[k] 0xffffffffbc43f4eb                                                                                                       	-      -            
 0.00%  	 1          	 1          	xemu       	[unknown]                  	[k] 0xffffffffbc440e54                                                                                                       	-      -            
 0.00%  	 1          	 1          	xemu       	[unknown]                  	[k] 0xffffffffbc440e69                                                                                                       	-      -            
 0.00%  	 1          	 1          	xemu       	[unknown]                  	[k] 0xffffffffbc440f65                                                                                                       	-      -            
 0.00%  	 1          	 1          	xemu       	[unknown]                  	[k] 0xffffffffbc44157d                                                                                                       	-      -            
 0.00%  	 1          	 1          	xemu       	[unknown]                  	[k] 0xffffffffbc443fd4                                                                                                       	-      -            
 0.00%  	 1          	 1          	xemu       	[unknown]                  	[k] 0xffffffffbc443fdb                                                                                                       	-      -            
 0.00%  	 1          	 1          	xemu       	[unknown]                  	[k] 0xffffffffbc44401f                                                                                                       	-      -            
 0.00%  	 1          	 1          	xemu       	[unknown]                  	[k] 0xffffffffbc444063                                                                                                       	-      -            
 0.00%  	 1          	 1          	xemu       	[unknown]                  	[k] 0xffffffffbc444d57                                                                                                       	-      -            
 0.00%  	 1          	 1          	xemu       	[unknown]                  	[k] 0xffffffffbc444d5c                                                                                                       	-      -            
 0.00%  	 1          	 1          	xemu       	[unknown]                  	[k] 0xffffffffbc444ea2                                                                                                       	-      -            
 0.00%  	 1          	 1          	xemu       	[unknown]                  	[k] 0xffffffffbc444f7b                                                                                                       	-      -            
 0.00%  	 1          	 1          	xemu       	[unknown]                  	[k] 0xffffffffbc722b6c                                                                                                       	-      -            
 0.00%  	 1          	 1          	xemu       	[unknown]                  	[k] 0xffffffffbd2d04e0                                                                                                       	-      -            
 0.00%  	 1          	 1          	xemu       	[unknown]                  	[k] 0xffffffffbd2d04fd                                                                                                       	-      -            
 0.00%  	 1          	 1          	xemu       	[unknown]                  	[k] 0xffffffffbd2d0519                                                                                                       	-      -            
 0.00%  	 1          	 1          	xemu:cs0   	libc.so.6                  	[.] 0x0000000000091fde                                                                                                       	-      -            
 0.00%  	 1          	 1          	xemu:cs0   	libc.so.6                  	[.] 0x0000000000092612                                                                                                       	-      -            
 0.00%  	 1          	 1          	xemu:cs0   	libc.so.6                  	[.] 0x0000000000094c57                                                                                                       	-      -            
 0.00%  	 1          	 1          	xemu:cs0   	libc.so.6                  	[.] 0x000000000009a7ff                                                                                                       	-      -            
 0.00%  	 1          	 1          	xemu:cs0   	libc.so.6                  	[.] 0x000000000009a8c0                                                                                                       	-      -            
 0.00%  	 1          	 1          	xemu:cs0   	libgallium-25.3.0.so       	[.] 0x0000000000541cef                                                                                                       	-      -            
 0.00%  	 1          	 1          	xemu:cs0   	libgallium-25.3.0.so       	[.] 0x0000000000939d88                                                                                                       	-      -            
 0.00%  	 1          	 1          	xemu:cs0   	[unknown]                  	[k] 0xffffffffbc000116                                                                                                       	-      -            
 0.00%  	 1          	 1          	xemu:cs0   	[unknown]                  	[k] 0xffffffffbc001a30                                                                                                       	-      -            
 0.00%  	 1          	 1          	xemu:cs0   	[unknown]                  	[k] 0xffffffffbc43f324                                                                                                       	-      -            
 0.00%  	 1          	 1          	xemu:disk$0	libc.so.6                  	[.] 0x0000000000091fde                                                                                                       	-      -            
 0.00%  	 1          	 1          	xemu:disk$0	libc.so.6                  	[.] 0x0000000000091fe5                                                                                                       	-      -            
 0.00%  	 1          	 1          	xemu:disk$0	libc.so.6                  	[.] 0x000000000009494d                                                                                                       	-      -            
 0.00%  	 1          	 1          	xemu:disk$0	libc.so.6                  	[.] 0x0000000000094c57                                                                                                       	-      -            
 0.00%  	 1          	 1          	xemu:disk$0	libc.so.6                  	[.] 0x000000000009a8c0                                                                                                       	-      -            
 0.00%  	 1          	 1          	xemu:disk$0	libvulkan_radeon.so        	[.] 0x00000000002a6df4                                                                                                       	-      -            
 0.00%  	 1          	 1          	xemu:disk$0	[unknown]                  	[k] 0xffffffffbc43f18c                                                                                                       	-      -            
 0.00%  	 1          	 1          	xemu:disk$0	[unknown]                  	[k] 0xffffffffbc444ea2                                                                                                       	-      -            
 0.00%  	 1          	 1          	xemu:disk$0	[unknown]                  	[k] 0xffffffffbc444fcd                                                                                                       	-      -            
 0.00%  	 1          	 1          	xemu:disk$1	libc.so.6                  	[.] 0x0000000000097f94                                                                                                       	-      -            
 0.00%  	 1          	 1          	xemu:disk$1	libvulkan_radeon.so        	[.] 0x00000000002dd13f                                                                                                       	-      -            
 0.00%  	 1          	 1          	xemu:disk$1	[unknown]                  	[k] 0xffffffffbc000116                                                                                                       	-      -            
 0.00%  	 1          	 1          	xemu:disk$2	libc.so.6                  	[.] 0x000000000009a8c4                                                                                                       	-      -            
 0.00%  	 1          	 1          	xemu:disk$2	libvulkan_radeon.so        	[.] 0x000000000029f8d4                                                                                                       	-      -            
 0.00%  	 1          	 1          	xemu:disk$2	libvulkan_radeon.so        	[.] 0x00000000002dd13f                                                                                                       	-      -            
 0.00%  	 1          	 1          	xemu:disk$2	[unknown]                  	[k] 0xffffffffbc0000b4                                                                                                       	-      -            
 0.00%  	 1          	 1          	xemu:disk$3	libc.so.6                  	[.] 0x0000000000091fda                                                                                                       	-      -            
 0.00%  	 1          	 1          	xemu:disk$3	libc.so.6                  	[.] 0x00000000000946e4                                                                                                       	-      -            
 0.00%  	 1          	 1          	xemu:disk$3	libc.so.6                  	[.] 0x0000000000094c57                                                                                                       	-      -            
 0.00%  	 1          	 1          	xemu:disk$3	libvulkan_radeon.so        	[.] 0x00000000002a6e8f                                                                                                       	-      -            
 0.00%  	 1          	 1          	xemu:disk$3	libvulkan_radeon.so        	[.] 0x00000000002dd13f                                                                                                       	-      -            
 0.00%  	 1          	 1          	xemu:disk$3	[unknown]                  	[k] 0xffffffffbc43f206                                                                                                       	-      -            
 0.00%  	 1          	 1          	xemu:gdrv0 	libc.so.6                  	[.] 0x0000000000091fe5                                                                                                       	-      -            
 0.00%  	 1          	 1          	xemu:gdrv0 	libc.so.6                  	[.] 0x0000000000094c2c                                                                                                       	-      -            
 0.00%  	 1          	 1          	xemu:gdrv0 	libc.so.6                  	[.] 0x0000000000094c57                                                                                                       	-      -            
 0.00%  	 1          	 1          	xemu:gdrv0 	libc.so.6                  	[.] 0x0000000000094cc4                                                                                                       	-      -            
 0.00%  	 1          	 1          	xemu:gdrv0 	libc.so.6                  	[.] 0x0000000000094d25                                                                                                       	-      -            
 0.00%  	 1          	 1          	xemu:gdrv0 	libgallium-25.3.0.so       	[.] 0x00000000004f83e5                                                                                                       	-      -            
 0.00%  	 1          	 1          	xemu:gdrv0 	libgallium-25.3.0.so       	[.] 0x00000000004f881d                                                                                                       	-      -            
 0.00%  	 1          	 1          	xemu:gdrv0 	libgallium-25.3.0.so       	[.] 0x0000000000744a62                                                                                                       	-      -            
 0.00%  	 1          	 1          	xemu:gdrv0 	libgallium-25.3.0.so       	[.] 0x000000000090ec88                                                                                                       	-      -            
 0.00%  	 1          	 1          	xemu:gdrv0 	[unknown]                  	[k] 0xffffffffbc0000ab                                                                                                       	-      -            
 0.00%  	 1          	 1          	xemu:gdrv0 	[unknown]                  	[k] 0xffffffffbc000116                                                                                                       	-      -            
 0.00%  	 1          	 1          	xemu:gdrv0 	[unknown]                  	[k] 0xffffffffbc43f1c1                                                                                                       	-      -            
 0.00%  	 1          	 1          	xemu:gdrv0 	[unknown]                  	[k] 0xffffffffbc440e54                                                                                                       	-      -            


#
# (Tip: To show IPC for sampling periods use perf record -e '{cycles,instructions}:S' and then browse context)
#
