sequence,method,inc,tracing,mode,action,available_words,consumed_words,length_before,length_after,draw_arrays_before,draw_arrays_after
1,0x1818,0,0,bulk,accepted,12,12,0,12,0,0
2,0x1800,0,0,bulk,accepted,27,27,0,54,0,0
3,0x1800,0,0,bulk,accepted,27,27,0,54,0,0
4,0x1800,0,0,bulk,accepted,27,27,0,54,0,0
5,0x1800,0,0,bulk,accepted,27,27,0,54,0,0
6,0x1800,0,0,bulk,accepted,27,27,0,54,0,0
7,0x1800,0,0,bulk,accepted,27,27,0,54,0,0
8,0x1800,0,0,bulk,accepted,27,27,0,54,0,0
9,0x1800,0,0,bulk,accepted,27,27,0,54,0,0
10,0x1800,0,0,bulk,accepted,27,27,0,54,0,0
11,0x1800,0,0,bulk,accepted,27,27,0,54,0,0
12,0x1800,0,0,bulk,accepted,27,27,0,54,0,0
13,0x1800,0,0,bulk,accepted,27,27,0,54,0,0
14,0x1800,0,0,bulk,accepted,27,27,0,54,0,0
15,0x1800,0,0,bulk,accepted,27,27,0,54,0,0
16,0x1800,0,0,bulk,accepted,27,27,0,54,0,0
17,0x1800,0,0,bulk,accepted,27,27,0,54,0,0
18,0x1800,0,0,bulk,accepted,27,27,0,54,0,0
19,0x1800,0,0,bulk,accepted,27,27,0,54,0,0
20,0x1800,0,0,bulk,accepted,3,3,0,6,0,0
21,0x1800,0,0,bulk,accepted,47,47,6,100,0,0
22,0x1800,0,0,bulk,accepted,15,15,100,130,0,0
23,0x1800,0,0,bulk,accepted,1,1,0,2,0,0
24,0x1800,0,0,bulk,accepted,63,63,2,128,0,0
25,0x1800,0,0,bulk,accepted,1,1,128,130,0,0
26,0x1800,0,0,bulk,accepted,63,63,0,126,0,0
27,0x1800,0,0,bulk,accepted,2,2,126,130,0,0
28,0x1800,0,0,bulk,accepted,6,6,0,12,0,0
29,0x1800,0,0,bulk,accepted,47,47,12,106,0,0
30,0x1800,0,0,bulk,accepted,12,12,106,130,0,0
31,0x1800,0,0,bulk,accepted,4,4,0,8,0,0
32,0x1800,0,0,bulk,accepted,47,47,8,102,0,0
33,0x1800,0,0,bulk,accepted,14,14,102,130,0,0
34,0x1800,0,0,bulk,accepted,2,2,0,4,0,0
35,0x1800,0,0,bulk,accepted,63,63,4,130,0,0
36,0x1800,0,0,bulk,accepted,63,63,0,126,0,0
37,0x1800,0,0,bulk,accepted,2,2,126,130,0,0
38,0x1800,0,0,bulk,accepted,6,6,0,12,0,0
39,0x1800,0,0,bulk,accepted,47,47,12,106,0,0
40,0x1800,0,0,bulk,accepted,12,12,106,130,0,0
41,0x1800,0,0,bulk,accepted,4,4,0,8,0,0
42,0x1800,0,0,bulk,accepted,47,47,8,102,0,0
43,0x1800,0,0,bulk,accepted,14,14,102,130,0,0
44,0x1800,0,0,bulk,accepted,2,2,0,4,0,0
45,0x1800,0,0,bulk,accepted,63,63,4,130,0,0
46,0x1800,0,0,bulk,accepted,4,4,0,8,0,0
47,0x1800,0,0,bulk,accepted,4,4,0,8,0,0
48,0x1800,0,0,bulk,accepted,18,18,0,36,0,0
49,0x1800,0,0,bulk,accepted,4,4,0,8,0,0
50,0x1800,0,0,bulk,accepted,4,4,0,8,0,0
51,0x1800,0,0,bulk,accepted,18,18,0,36,0,0
52,0x1800,0,0,bulk,accepted,4,4,0,8,0,0
53,0x1800,0,0,bulk,accepted,4,4,0,8,0,0
54,0x1800,0,0,bulk,accepted,47,47,0,94,0,0
55,0x1800,0,0,bulk,accepted,11,11,94,116,0,0
56,0x1800,0,0,bulk,accepted,4,4,0,8,0,0
57,0x1800,0,0,bulk,accepted,4,4,0,8,0,0
58,0x1800,0,0,bulk,accepted,18,18,0,36,0,0
59,0x1800,0,0,bulk,accepted,4,4,0,8,0,0
60,0x1800,0,0,bulk,accepted,4,4,0,8,0,0
61,0x1800,0,0,bulk,accepted,47,47,0,94,0,0
62,0x1800,0,0,bulk,accepted,11,11,94,116,0,0
63,0x1800,0,0,bulk,accepted,4,4,0,8,0,0
64,0x1800,0,0,bulk,accepted,4,4,0,8,0,0
65,0x1800,0,0,bulk,accepted,3,3,0,6,0,0
66,0x1800,0,0,bulk,accepted,47,47,6,100,0,0
67,0x1800,0,0,bulk,accepted,8,8,100,116,0,0
68,0x1800,0,0,bulk,accepted,4,4,0,8,0,0
69,0x1800,0,0,bulk,accepted,4,4,0,8,0,0
70,0x1800,0,0,bulk,accepted,18,18,0,36,0,0
71,0x1800,0,0,bulk,accepted,4,4,0,8,0,0
72,0x1800,0,0,bulk,accepted,4,4,0,8,0,0
73,0x1800,0,0,bulk,accepted,18,18,0,36,0,0
74,0x1800,0,0,bulk,accepted,2,2,0,4,0,0
75,0x1808,1,0,scalar_incrementing,accepted,1,1,4,5,0,0
76,0x1800,0,0,bulk,accepted,2,2,0,4,0,0
77,0x1808,1,0,scalar_incrementing,accepted,1,1,4,5,0,0
78,0x1800,0,0,bulk,accepted,31,31,0,62,0,0
79,0x1800,0,0,bulk,accepted,9,9,62,80,0,0
80,0x1800,0,0,bulk,accepted,2,2,0,4,0,0
81,0x1808,1,0,scalar_incrementing,accepted,1,1,4,5,0,0
82,0x1800,0,0,bulk,accepted,2,2,0,4,0,0
83,0x1808,1,0,scalar_incrementing,accepted,1,1,4,5,0,0
84,0x1800,0,0,bulk,accepted,5,5,0,10,0,0
85,0x1800,0,0,bulk,accepted,31,31,10,72,0,0
86,0x1800,0,0,bulk,accepted,4,4,72,80,0,0
87,0x1800,0,0,bulk,accepted,4,4,0,8,0,0
88,0x1800,0,0,bulk,accepted,4,4,0,8,0,0
89,0x1800,0,0,bulk,accepted,2,2,0,4,0,0
90,0x1800,0,0,bulk,accepted,47,47,4,98,0,0
91,0x1800,0,0,bulk,accepted,9,9,98,116,0,0
92,0x1800,0,0,bulk,accepted,2,2,0,4,0,0
93,0x1808,1,0,scalar_incrementing,accepted,1,1,4,5,0,0
94,0x1800,0,0,bulk,accepted,2,2,0,4,0,0
95,0x1808,1,0,scalar_incrementing,accepted,1,1,4,5,0,0
96,0x1800,0,0,bulk,accepted,5,5,0,10,0,0
97,0x1800,0,0,bulk,accepted,31,31,10,72,0,0
98,0x1800,0,0,bulk,accepted,4,4,72,80,0,0
99,0x1800,0,0,bulk,accepted,2,2,0,4,0,0
100,0x1808,1,0,scalar_incrementing,accepted,1,1,4,5,0,0
101,0x1800,0,0,bulk,accepted,2,2,0,4,0,0
102,0x1808,1,0,scalar_incrementing,accepted,1,1,4,5,0,0
103,0x1800,0,0,bulk,accepted,2,2,0,4,0,0
104,0x1800,0,0,bulk,accepted,31,31,4,66,0,0
105,0x1800,0,0,bulk,accepted,7,7,66,80,0,0
106,0x1800,0,0,bulk,accepted,2,2,0,4,0,0
107,0x1808,1,0,scalar_incrementing,accepted,1,1,4,5,0,0
108,0x1800,0,0,bulk,accepted,2,2,0,4,0,0
109,0x1808,1,0,scalar_incrementing,accepted,1,1,4,5,0,0
110,0x1800,0,0,bulk,accepted,31,31,0,62,0,0
111,0x1800,0,0,bulk,accepted,9,9,62,80,0,0
112,0x1800,0,0,bulk,accepted,4,4,0,8,0,0
113,0x1800,0,0,bulk,accepted,4,4,0,8,0,0
114,0x1800,0,0,bulk,accepted,18,18,0,36,0,0
115,0x1800,0,0,bulk,accepted,4,4,0,8,0,0
116,0x1800,0,0,bulk,accepted,4,4,0,8,0,0
117,0x1800,0,0,bulk,accepted,2,2,0,4,0,0
118,0x1800,0,0,bulk,accepted,47,47,4,98,0,0
119,0x1800,0,0,bulk,accepted,9,9,98,116,0,0
120,0x1800,0,0,bulk,accepted,4,4,0,8,0,0
121,0x1800,0,0,bulk,accepted,4,4,0,8,0,0
122,0x1800,0,0,bulk,accepted,5,5,0,10,0,0
123,0x1800,0,0,bulk,accepted,47,47,10,104,0,0
124,0x1800,0,0,bulk,accepted,6,6,104,116,0,0
125,0x1800,0,0,bulk,accepted,4,4,0,8,0,0
126,0x1800,0,0,bulk,accepted,4,4,0,8,0,0
127,0x1800,0,0,bulk,accepted,18,18,0,36,0,0
128,0x1800,0,0,bulk,accepted,4,4,0,8,0,0
129,0x1800,0,0,bulk,accepted,4,4,0,8,0,0
130,0x1800,0,0,bulk,accepted,18,18,0,36,0,0
131,0x1800,0,0,bulk,accepted,4,4,0,8,0,0
132,0x1800,0,0,bulk,accepted,4,4,0,8,0,0
133,0x1800,0,0,bulk,accepted,18,18,0,36,0,0
134,0x1800,0,0,bulk,accepted,4,4,0,8,0,0
135,0x1800,0,0,bulk,accepted,4,4,0,8,0,0
136,0x1800,0,0,bulk,accepted,18,18,0,36,0,0
137,0x1800,0,0,bulk,accepted,3,3,0,6,0,0
138,0x1800,0,0,bulk,accepted,3,3,0,6,0,0
139,0x1800,0,0,bulk,accepted,14,14,0,28,0,0
140,0x1800,0,0,bulk,accepted,3,3,0,6,0,0
141,0x1800,0,0,bulk,accepted,3,3,0,6,0,0
142,0x1800,0,0,bulk,accepted,14,14,0,28,0,0
143,0x1800,0,0,bulk,accepted,1,1,0,2,0,0
144,0x1808,1,0,scalar_incrementing,accepted,1,1,2,3,0,0
145,0x1800,0,0,bulk,accepted,1,1,0,2,0,0
146,0x1808,1,0,scalar_incrementing,accepted,1,1,2,3,0,0
147,0x1800,0,0,bulk,accepted,8,8,0,16,0,0
148,0x1800,0,0,bulk,accepted,1,1,0,2,0,0
149,0x1808,1,0,scalar_incrementing,accepted,1,1,2,3,0,0
150,0x1800,0,0,bulk,accepted,1,1,0,2,0,0
151,0x1808,1,0,scalar_incrementing,accepted,1,1,2,3,0,0
152,0x1800,0,0,bulk,accepted,8,8,0,16,0,0
153,0x1800,0,0,bulk,accepted,1,1,0,2,0,0
154,0x1808,1,0,scalar_incrementing,accepted,1,1,2,3,0,0
155,0x1800,0,0,bulk,accepted,1,1,0,2,0,0
156,0x1808,1,0,scalar_incrementing,accepted,1,1,2,3,0,0
157,0x1800,0,0,bulk,accepted,8,8,0,16,0,0
158,0x1800,0,0,bulk,accepted,1,1,0,2,0,0
159,0x1808,1,0,scalar_incrementing,accepted,1,1,2,3,0,0
160,0x1800,0,0,bulk,accepted,1,1,0,2,0,0
161,0x1808,1,0,scalar_incrementing,accepted,1,1,2,3,0,0
162,0x1800,0,0,bulk,accepted,8,8,0,16,0,0
163,0x1800,0,0,bulk,accepted,1,1,0,2,0,0
164,0x1808,1,0,scalar_incrementing,accepted,1,1,2,3,0,0
165,0x1800,0,0,bulk,accepted,1,1,0,2,0,0
166,0x1808,1,0,scalar_incrementing,accepted,1,1,2,3,0,0
167,0x1800,0,0,bulk,accepted,8,8,0,16,0,0
168,0x1800,0,0,bulk,accepted,1,1,0,2,0,0
169,0x1808,1,0,scalar_incrementing,accepted,1,1,2,3,0,0
170,0x1800,0,0,bulk,accepted,1,1,0,2,0,0
171,0x1808,1,0,scalar_incrementing,accepted,1,1,2,3,0,0
172,0x1800,0,0,bulk,accepted,8,8,0,16,0,0
173,0x1800,0,0,bulk,accepted,1,1,0,2,0,0
174,0x1808,1,0,scalar_incrementing,accepted,1,1,2,3,0,0
175,0x1800,0,0,bulk,accepted,1,1,0,2,0,0
176,0x1808,1,0,scalar_incrementing,accepted,1,1,2,3,0,0
177,0x1800,0,0,bulk,accepted,8,8,0,16,0,0
178,0x1800,0,0,bulk,accepted,1,1,0,2,0,0
179,0x1808,1,0,scalar_incrementing,accepted,1,1,2,3,0,0
180,0x1800,0,0,bulk,accepted,1,1,0,2,0,0
181,0x1808,1,0,scalar_incrementing,accepted,1,1,2,3,0,0
182,0x1800,0,0,bulk,accepted,8,8,0,16,0,0
183,0x1800,0,0,bulk,accepted,5,5,0,10,0,0
184,0x1800,0,0,bulk,accepted,5,5,0,10,0,0
185,0x1800,0,0,bulk,accepted,22,22,0,44,0,0
186,0x1800,0,0,bulk,accepted,5,5,0,10,0,0
187,0x1800,0,0,bulk,accepted,5,5,0,10,0,0
188,0x1800,0,0,bulk,accepted,22,22,0,44,0,0
189,0x1800,0,0,bulk,accepted,5,5,0,10,0,0
190,0x1800,0,0,bulk,accepted,5,5,0,10,0,0
191,0x1800,0,0,bulk,accepted,22,22,0,44,0,0
192,0x1800,0,0,bulk,accepted,5,5,0,10,0,0
193,0x1800,0,0,bulk,accepted,5,5,0,10,0,0
194,0x1800,0,0,bulk,accepted,22,22,0,44,0,0
195,0x1800,0,0,bulk,accepted,5,5,0,10,0,0
196,0x1800,0,0,bulk,accepted,5,5,0,10,0,0
197,0x1800,0,0,bulk,accepted,22,22,0,44,0,0
198,0x1800,0,0,bulk,accepted,5,5,0,10,0,0
199,0x1800,0,0,bulk,accepted,5,5,0,10,0,0
200,0x1800,0,0,bulk,accepted,22,22,0,44,0,0
201,0x1800,0,0,bulk,accepted,5,5,0,10,0,0
202,0x1800,0,0,bulk,accepted,5,5,0,10,0,0
203,0x1800,0,0,bulk,accepted,22,22,0,44,0,0
204,0x1800,0,0,bulk,accepted,5,5,0,10,0,0
205,0x1800,0,0,bulk,accepted,5,5,0,10,0,0
206,0x1800,0,0,bulk,accepted,22,22,0,44,0,0
207,0x1800,0,0,bulk,accepted,1,1,0,2,0,0
208,0x1808,1,0,scalar_incrementing,accepted,1,1,2,3,0,0
209,0x1800,0,0,bulk,accepted,1,1,0,2,0,0
210,0x1808,1,0,scalar_incrementing,accepted,1,1,2,3,0,0
211,0x1800,0,0,bulk,accepted,8,8,0,16,0,0
212,0x1800,0,0,bulk,accepted,1,1,0,2,0,0
213,0x1808,1,0,scalar_incrementing,accepted,1,1,2,3,0,0
214,0x1800,0,0,bulk,accepted,1,1,0,2,0,0
215,0x1808,1,0,scalar_incrementing,accepted,1,1,2,3,0,0
216,0x1800,0,0,bulk,accepted,8,8,0,16,0,0
217,0x1800,0,0,bulk,accepted,1,1,0,2,0,0
218,0x1808,1,0,scalar_incrementing,accepted,1,1,2,3,0,0
219,0x1800,0,0,bulk,accepted,1,1,0,2,0,0
220,0x1808,1,0,scalar_incrementing,accepted,1,1,2,3,0,0
221,0x1800,0,0,bulk,accepted,8,8,0,16,0,0
222,0x1800,0,0,bulk,accepted,1,1,0,2,0,0
223,0x1808,1,0,scalar_incrementing,accepted,1,1,2,3,0,0
224,0x1800,0,0,bulk,accepted,1,1,0,2,0,0
225,0x1808,1,0,scalar_incrementing,accepted,1,1,2,3,0,0
226,0x1800,0,0,bulk,accepted,8,8,0,16,0,0
227,0x1800,0,0,bulk,accepted,1,1,0,2,0,0
228,0x1808,1,0,scalar_incrementing,accepted,1,1,2,3,0,0
229,0x1800,0,0,bulk,accepted,1,1,0,2,0,0
230,0x1808,1,0,scalar_incrementing,accepted,1,1,2,3,0,0
231,0x1800,0,0,bulk,accepted,8,8,0,16,0,0
232,0x1800,0,0,bulk,accepted,1,1,0,2,0,0
233,0x1808,1,0,scalar_incrementing,accepted,1,1,2,3,0,0
234,0x1800,0,0,bulk,accepted,1,1,0,2,0,0
235,0x1808,1,0,scalar_incrementing,accepted,1,1,2,3,0,0
236,0x1800,0,0,bulk,accepted,8,8,0,16,0,0
237,0x1800,0,0,bulk,accepted,1,1,0,2,0,0
238,0x1808,1,0,scalar_incrementing,accepted,1,1,2,3,0,0
239,0x1800,0,0,bulk,accepted,1,1,0,2,0,0
240,0x1808,1,0,scalar_incrementing,accepted,1,1,2,3,0,0
241,0x1800,0,0,bulk,accepted,8,8,0,16,0,0
242,0x1800,0,0,bulk,accepted,1,1,0,2,0,0
243,0x1808,1,0,scalar_incrementing,accepted,1,1,2,3,0,0
244,0x1800,0,0,bulk,accepted,1,1,0,2,0,0
245,0x1808,1,0,scalar_incrementing,accepted,1,1,2,3,0,0
246,0x1800,0,0,bulk,accepted,8,8,0,16,0,0
247,0x1800,0,0,bulk,accepted,18,18,0,36,0,0
248,0x1800,0,0,bulk,accepted,18,18,0,36,0,0
249,0x1800,0,0,bulk,accepted,18,18,0,36,0,0
250,0x1800,0,0,bulk,accepted,18,18,0,36,0,0
251,0x1800,0,0,bulk,accepted,18,18,0,36,0,0
252,0x1800,0,0,bulk,accepted,18,18,0,36,0,0
253,0x1800,0,0,bulk,accepted,18,18,0,36,0,0
254,0x1800,0,0,bulk,accepted,18,18,0,36,0,0
255,0x1800,0,0,bulk,accepted,18,18,0,36,0,0
256,0x1800,0,0,bulk,accepted,18,18,0,36,0,0
257,0x1800,0,0,bulk,accepted,18,18,0,36,0,0
258,0x1800,0,0,bulk,accepted,18,18,0,36,0,0
259,0x1800,0,0,bulk,accepted,18,18,0,36,0,0
260,0x1800,0,0,bulk,accepted,18,18,0,36,0,0
261,0x1800,0,0,bulk,accepted,18,18,0,36,0,0
262,0x1800,0,0,bulk,accepted,18,18,0,36,0,0
263,0x1800,0,0,bulk,accepted,18,18,0,36,0,0
264,0x1800,0,0,bulk,accepted,18,18,0,36,0,0
265,0x1800,0,0,bulk,accepted,18,18,0,36,0,0
266,0x1800,0,0,bulk,accepted,18,18,0,36,0,0
267,0x1800,0,0,bulk,accepted,18,18,0,36,0,0
268,0x1800,0,0,bulk,accepted,18,18,0,36,0,0
269,0x1800,0,0,bulk,accepted,18,18,0,36,0,0
270,0x1800,0,0,bulk,accepted,18,18,0,36,0,0
271,0x1800,0,0,bulk,accepted,18,18,0,36,0,0
272,0x1800,0,0,bulk,accepted,18,18,0,36,0,0
273,0x1800,0,0,bulk,accepted,18,18,0,36,0,0
274,0x1800,0,0,bulk,accepted,18,18,0,36,0,0
275,0x1800,0,0,bulk,accepted,18,18,0,36,0,0
276,0x1800,0,0,bulk,accepted,18,18,0,36,0,0
277,0x1800,0,0,bulk,accepted,18,18,0,36,0,0
278,0x1800,0,0,bulk,accepted,18,18,0,36,0,0
279,0x1800,0,0,bulk,accepted,18,18,0,36,0,0
280,0x1800,0,0,bulk,accepted,18,18,0,36,0,0
281,0x1800,0,0,bulk,accepted,18,18,0,36,0,0
282,0x1800,0,0,bulk,accepted,18,18,0,36,0,0
283,0x1800,0,0,bulk,accepted,18,18,0,36,0,0
284,0x1800,0,0,bulk,accepted,18,18,0,36,0,0
285,0x1800,0,0,bulk,accepted,18,18,0,36,0,0
286,0x1800,0,0,bulk,accepted,18,18,0,36,0,0
287,0x1800,0,0,bulk,accepted,18,18,0,36,0,0
288,0x1800,0,0,bulk,accepted,18,18,0,36,0,0
289,0x1800,0,0,bulk,accepted,18,18,0,36,0,0
290,0x1800,0,0,bulk,accepted,18,18,0,36,0,0
291,0x1800,0,0,bulk,accepted,18,18,0,36,0,0
292,0x1800,0,0,bulk,accepted,18,18,0,36,0,0
293,0x1800,0,0,bulk,accepted,18,18,0,36,0,0
294,0x1800,0,0,bulk,accepted,18,18,0,36,0,0
295,0x1800,0,0,bulk,accepted,18,18,0,36,0,0
296,0x1800,0,0,bulk,accepted,18,18,0,36,0,0
297,0x1800,0,0,bulk,accepted,18,18,0,36,0,0
298,0x1800,0,0,bulk,accepted,18,18,0,36,0,0
299,0x1800,0,0,bulk,accepted,18,18,0,36,0,0
300,0x1800,0,0,bulk,accepted,18,18,0,36,0,0
301,0x1800,0,0,bulk,accepted,18,18,0,36,0,0
302,0x1800,0,0,bulk,accepted,18,18,0,36,0,0
303,0x1800,0,0,bulk,accepted,18,18,0,36,0,0
304,0x1800,0,0,bulk,accepted,18,18,0,36,0,0
305,0x1800,0,0,bulk,accepted,18,18,0,36,0,0
306,0x1800,0,0,bulk,accepted,18,18,0,36,0,0
307,0x1800,0,0,bulk,accepted,18,18,0,36,0,0
308,0x1800,0,0,bulk,accepted,18,18,0,36,0,0
309,0x1800,0,0,bulk,accepted,18,18,0,36,0,0
310,0x1800,0,0,bulk,accepted,18,18,0,36,0,0
311,0x1800,0,0,bulk,accepted,18,18,0,36,0,0
312,0x1800,0,0,bulk,accepted,18,18,0,36,0,0
313,0x1800,0,0,bulk,accepted,18,18,0,36,0,0
314,0x1800,0,0,bulk,accepted,18,18,0,36,0,0
315,0x1800,0,0,bulk,accepted,18,18,0,36,0,0
316,0x1800,0,0,bulk,accepted,18,18,0,36,0,0
317,0x1800,0,0,bulk,accepted,18,18,0,36,0,0
318,0x1800,0,0,bulk,accepted,18,18,0,36,0,0
319,0x1800,0,0,bulk,accepted,4,4,0,8,0,0
320,0x1800,0,0,bulk,accepted,95,95,8,198,0,0
321,0x1800,0,0,bulk,accepted,3,3,198,204,0,0
322,0x1800,0,0,bulk,accepted,5,5,0,10,0,0
323,0x1800,0,0,bulk,accepted,95,95,10,200,0,0
324,0x1800,0,0,bulk,accepted,2,2,200,204,0,0
325,0x1800,0,0,bulk,accepted,6,6,0,12,0,0
326,0x1800,0,0,bulk,accepted,79,79,12,170,0,0
327,0x1800,0,0,bulk,accepted,79,79,0,158,0,0
328,0x1800,0,0,bulk,accepted,6,6,158,170,0,0
329,0x1800,0,0,bulk,accepted,2,2,0,4,0,0
330,0x1800,0,0,bulk,accepted,79,79,4,162,0,0
331,0x1800,0,0,bulk,accepted,4,4,162,170,0,0
332,0x1800,0,0,bulk,accepted,4,4,0,8,0,0
333,0x1800,0,0,bulk,accepted,79,79,8,166,0,0
334,0x1800,0,0,bulk,accepted,2,2,166,170,0,0
335,0x1800,0,0,bulk,accepted,6,6,0,12,0,0
336,0x1800,0,0,bulk,accepted,47,47,12,106,0,0
337,0x1800,0,0,bulk,accepted,12,12,106,130,0,0
338,0x1800,0,0,bulk,accepted,4,4,0,8,0,0
339,0x1800,0,0,bulk,accepted,47,47,8,102,0,0
340,0x1800,0,0,bulk,accepted,14,14,102,130,0,0
341,0x1800,0,0,bulk,accepted,2,2,0,4,0,0
342,0x1800,0,0,bulk,accepted,63,63,4,130,0,0
343,0x1800,0,0,bulk,accepted,3,3,130,136,0,0
344,0x1800,0,0,bulk,accepted,5,5,0,10,0,0
345,0x1800,0,0,bulk,accepted,63,63,10,136,0,0
346,0x1800,0,0,bulk,accepted,63,63,0,126,0,0
347,0x1800,0,0,bulk,accepted,5,5,126,136,0,0
348,0x1800,0,0,bulk,accepted,3,3,0,6,0,0
349,0x1800,0,0,bulk,accepted,63,63,6,132,0,0
350,0x1800,0,0,bulk,accepted,2,2,132,136,0,0
351,0x1800,0,0,bulk,accepted,6,6,0,12,0,0
352,0x1800,0,0,bulk,accepted,47,47,12,106,0,0
353,0x1800,0,0,bulk,accepted,15,15,106,136,0,0
354,0x1800,0,0,bulk,accepted,1,1,0,2,0,0
355,0x1800,0,0,bulk,accepted,63,63,2,128,0,0
356,0x1800,0,0,bulk,accepted,4,4,128,136,0,0
357,0x1800,0,0,bulk,accepted,4,4,0,8,0,0
358,0x1800,0,0,bulk,accepted,63,63,8,134,0,0
359,0x1800,0,0,bulk,accepted,1,1,134,136,0,0
360,0x1800,0,0,bulk,accepted,63,63,0,126,0,0
361,0x1800,0,0,bulk,accepted,5,5,126,136,0,0
362,0x1800,0,0,bulk,accepted,3,3,0,6,0,0
363,0x1800,0,0,bulk,accepted,63,63,6,132,0,0
364,0x1800,0,0,bulk,accepted,2,2,132,136,0,0
365,0x1800,0,0,bulk,accepted,6,6,0,12,0,0
366,0x1800,0,0,bulk,accepted,47,47,12,106,0,0
367,0x1800,0,0,bulk,accepted,15,15,106,136,0,0
368,0x1800,0,0,bulk,accepted,1,1,0,2,0,0
369,0x1800,0,0,bulk,accepted,63,63,2,128,0,0
370,0x1800,0,0,bulk,accepted,4,4,128,136,0,0
371,0x1800,0,0,bulk,accepted,4,4,0,8,0,0
372,0x1800,0,0,bulk,accepted,63,63,8,134,0,0
373,0x1800,0,0,bulk,accepted,1,1,134,136,0,0
374,0x1800,0,0,bulk,accepted,63,63,0,126,0,0
375,0x1800,0,0,bulk,accepted,5,5,126,136,0,0
376,0x1800,0,0,bulk,accepted,3,3,0,6,0,0
377,0x1800,0,0,bulk,accepted,63,63,6,132,0,0
378,0x1800,0,0,bulk,accepted,2,2,132,136,0,0
379,0x1800,0,0,bulk,accepted,6,6,0,12,0,0
380,0x1800,0,0,bulk,accepted,47,47,12,106,0,0
381,0x1800,0,0,bulk,accepted,15,15,106,136,0,0
382,0x1800,0,0,bulk,accepted,1,1,0,2,0,0
383,0x1800,0,0,bulk,accepted,63,63,2,128,0,0
384,0x1800,0,0,bulk,accepted,4,4,128,136,0,0
385,0x1800,0,0,bulk,accepted,21,21,0,42,0,0
386,0x1800,0,0,bulk,accepted,21,21,0,42,0,0
387,0x1800,0,0,bulk,accepted,21,21,0,42,0,0
388,0x1800,0,0,bulk,accepted,21,21,0,42,0,0
389,0x1800,0,0,bulk,accepted,21,21,0,42,0,0
390,0x1800,0,0,bulk,accepted,21,21,0,42,0,0
391,0x1800,0,0,bulk,accepted,21,21,0,42,0,0
392,0x1800,0,0,bulk,accepted,21,21,0,42,0,0
393,0x1800,0,0,bulk,accepted,21,21,0,42,0,0
394,0x1800,0,0,bulk,accepted,21,21,0,42,0,0
395,0x1800,0,0,bulk,accepted,21,21,0,42,0,0
396,0x1800,0,0,bulk,accepted,21,21,0,42,0,0
397,0x1800,0,0,bulk,accepted,21,21,0,42,0,0
398,0x1800,0,0,bulk,accepted,21,21,0,42,0,0
399,0x1800,0,0,bulk,accepted,21,21,0,42,0,0
400,0x1800,0,0,bulk,accepted,21,21,0,42,0,0
401,0x1800,0,0,bulk,accepted,21,21,0,42,0,0
402,0x1800,0,0,bulk,accepted,21,21,0,42,0,0
403,0x1800,0,0,bulk,accepted,21,21,0,42,0,0
404,0x1800,0,0,bulk,accepted,21,21,0,42,0,0
405,0x1800,0,0,bulk,accepted,21,21,0,42,0,0
406,0x1800,0,0,bulk,accepted,21,21,0,42,0,0
407,0x1800,0,0,bulk,accepted,21,21,0,42,0,0
408,0x1800,0,0,bulk,accepted,21,21,0,42,0,0
409,0x1800,0,0,bulk,accepted,21,21,0,42,0,0
410,0x1800,0,0,bulk,accepted,21,21,0,42,0,0
411,0x1800,0,0,bulk,accepted,21,21,0,42,0,0
412,0x1800,0,0,bulk,accepted,21,21,0,42,0,0
413,0x1800,0,0,bulk,accepted,21,21,0,42,0,0
414,0x1800,0,0,bulk,accepted,21,21,0,42,0,0
415,0x1800,0,0,bulk,accepted,21,21,0,42,0,0
416,0x1800,0,0,bulk,accepted,21,21,0,42,0,0
417,0x1800,0,0,bulk,accepted,21,21,0,42,0,0
418,0x1800,0,0,bulk,accepted,21,21,0,42,0,0
419,0x1800,0,0,bulk,accepted,21,21,0,42,0,0
420,0x1800,0,0,bulk,accepted,21,21,0,42,0,0
421,0x1800,0,0,bulk,accepted,21,21,0,42,0,0
422,0x1800,0,0,bulk,accepted,21,21,0,42,0,0
423,0x1800,0,0,bulk,accepted,21,21,0,42,0,0
424,0x1800,0,0,bulk,accepted,21,21,0,42,0,0
425,0x1800,0,0,bulk,accepted,21,21,0,42,0,0
426,0x1800,0,0,bulk,accepted,21,21,0,42,0,0
427,0x1800,0,0,bulk,accepted,21,21,0,42,0,0
428,0x1800,0,0,bulk,accepted,21,21,0,42,0,0
429,0x1800,0,0,bulk,accepted,21,21,0,42,0,0
430,0x1800,0,0,bulk,accepted,21,21,0,42,0,0
431,0x1800,0,0,bulk,accepted,21,21,0,42,0,0
432,0x1800,0,0,bulk,accepted,21,21,0,42,0,0
433,0x1800,0,0,bulk,accepted,4,4,0,8,0,0
434,0x1800,0,0,bulk,accepted,79,79,8,166,0,0
435,0x1800,0,0,bulk,accepted,2,2,166,170,0,0
436,0x1800,0,0,bulk,accepted,6,6,0,12,0,0
437,0x1800,0,0,bulk,accepted,79,79,12,170,0,0
438,0x1800,0,0,bulk,accepted,79,79,0,158,0,0
439,0x1800,0,0,bulk,accepted,6,6,158,170,0,0
440,0x1800,0,0,bulk,accepted,2,2,0,4,0,0
441,0x1800,0,0,bulk,accepted,79,79,4,162,0,0
442,0x1800,0,0,bulk,accepted,4,4,162,170,0,0
443,0x1800,0,0,bulk,accepted,4,4,0,8,0,0
444,0x1800,0,0,bulk,accepted,79,79,8,166,0,0
445,0x1800,0,0,bulk,accepted,2,2,166,170,0,0
446,0x1800,0,0,bulk,accepted,6,6,0,12,0,0
447,0x1800,0,0,bulk,accepted,79,79,12,170,0,0
448,0x1800,0,0,bulk,accepted,79,79,0,158,0,0
449,0x1800,0,0,bulk,accepted,6,6,158,170,0,0
450,0x1800,0,0,bulk,accepted,2,2,0,4,0,0
451,0x1800,0,0,bulk,accepted,79,79,4,162,0,0
452,0x1800,0,0,bulk,accepted,4,4,162,170,0,0
453,0x1800,0,0,bulk,accepted,4,4,0,8,0,0
454,0x1800,0,0,bulk,accepted,79,79,8,166,0,0
455,0x1800,0,0,bulk,accepted,2,2,166,170,0,0
456,0x1800,0,0,bulk,accepted,6,6,0,12,0,0
457,0x1800,0,0,bulk,accepted,79,79,12,170,0,0
458,0x1800,0,0,bulk,accepted,79,79,0,158,0,0
459,0x1800,0,0,bulk,accepted,6,6,158,170,0,0
460,0x1800,0,0,bulk,accepted,2,2,0,4,0,0
461,0x1800,0,0,bulk,accepted,79,79,4,162,0,0
462,0x1800,0,0,bulk,accepted,4,4,162,170,0,0
463,0x1800,0,0,bulk,accepted,2,2,0,4,0,0
464,0x1808,1,0,scalar_incrementing,accepted,1,1,4,5,0,0
465,0x1800,0,0,bulk,accepted,2,2,0,4,0,0
466,0x1808,1,0,scalar_incrementing,accepted,1,1,4,5,0,0
467,0x1800,0,0,bulk,accepted,19,19,0,38,0,0
468,0x1800,0,0,bulk,accepted,2,2,0,4,0,0
469,0x1808,1,0,scalar_incrementing,accepted,1,1,4,5,0,0
470,0x1800,0,0,bulk,accepted,2,2,0,4,0,0
471,0x1808,1,0,scalar_incrementing,accepted,1,1,4,5,0,0
472,0x1800,0,0,bulk,accepted,19,19,0,38,0,0
473,0x1800,0,0,bulk,accepted,2,2,0,4,0,0
474,0x1808,1,0,scalar_incrementing,accepted,1,1,4,5,0,0
475,0x1800,0,0,bulk,accepted,2,2,0,4,0,0
476,0x1808,1,0,scalar_incrementing,accepted,1,1,4,5,0,0
477,0x1800,0,0,bulk,accepted,19,19,0,38,0,0
478,0x1800,0,0,bulk,accepted,2,2,0,4,0,0
479,0x1808,1,0,scalar_incrementing,accepted,1,1,4,5,0,0
480,0x1800,0,0,bulk,accepted,2,2,0,4,0,0
481,0x1808,1,0,scalar_incrementing,accepted,1,1,4,5,0,0
482,0x1800,0,0,bulk,accepted,19,19,0,38,0,0
483,0x1800,0,0,bulk,accepted,2,2,0,4,0,0
484,0x1808,1,0,scalar_incrementing,accepted,1,1,4,5,0,0
485,0x1800,0,0,bulk,accepted,2,2,0,4,0,0
486,0x1808,1,0,scalar_incrementing,accepted,1,1,4,5,0,0
487,0x1800,0,0,bulk,accepted,19,19,0,38,0,0
488,0x1800,0,0,bulk,accepted,2,2,0,4,0,0
489,0x1808,1,0,scalar_incrementing,accepted,1,1,4,5,0,0
490,0x1800,0,0,bulk,accepted,2,2,0,4,0,0
491,0x1808,1,0,scalar_incrementing,accepted,1,1,4,5,0,0
492,0x1800,0,0,bulk,accepted,19,19,0,38,0,0
493,0x1800,0,0,bulk,accepted,2,2,0,4,0,0
494,0x1808,1,0,scalar_incrementing,accepted,1,1,4,5,0,0
495,0x1800,0,0,bulk,accepted,2,2,0,4,0,0
496,0x1808,1,0,scalar_incrementing,accepted,1,1,4,5,0,0
497,0x1800,0,0,bulk,accepted,19,19,0,38,0,0
498,0x1800,0,0,bulk,accepted,2,2,0,4,0,0
499,0x1808,1,0,scalar_incrementing,accepted,1,1,4,5,0,0
500,0x1800,0,0,bulk,accepted,2,2,0,4,0,0
501,0x1808,1,0,scalar_incrementing,accepted,1,1,4,5,0,0
502,0x1800,0,0,bulk,accepted,19,19,0,38,0,0
503,0x1800,0,0,bulk,accepted,2,2,0,4,0,0
504,0x1808,1,0,scalar_incrementing,accepted,1,1,4,5,0,0
505,0x1800,0,0,bulk,accepted,2,2,0,4,0,0
506,0x1808,1,0,scalar_incrementing,accepted,1,1,4,5,0,0
507,0x1800,0,0,bulk,accepted,19,19,0,38,0,0
508,0x1800,0,0,bulk,accepted,2,2,0,4,0,0
509,0x1808,1,0,scalar_incrementing,accepted,1,1,4,5,0,0
510,0x1800,0,0,bulk,accepted,2,2,0,4,0,0
511,0x1808,1,0,scalar_incrementing,accepted,1,1,4,5,0,0
512,0x1800,0,0,bulk,accepted,19,19,0,38,0,0
513,0x1800,0,0,bulk,accepted,4,4,0,8,0,0
514,0x1800,0,0,bulk,accepted,4,4,0,8,0,0
515,0x1800,0,0,bulk,accepted,18,18,0,36,0,0
516,0x1800,0,0,bulk,accepted,4,4,0,8,0,0
517,0x1800,0,0,bulk,accepted,4,4,0,8,0,0
518,0x1800,0,0,bulk,accepted,18,18,0,36,0,0
519,0x1800,0,0,bulk,accepted,4,4,0,8,0,0
520,0x1800,0,0,bulk,accepted,4,4,0,8,0,0
521,0x1800,0,0,bulk,accepted,18,18,0,36,0,0
522,0x1800,0,0,bulk,accepted,4,4,0,8,0,0
523,0x1800,0,0,bulk,accepted,4,4,0,8,0,0
524,0x1800,0,0,bulk,accepted,18,18,0,36,0,0
525,0x1800,0,0,bulk,accepted,4,4,0,8,0,0
526,0x1800,0,0,bulk,accepted,4,4,0,8,0,0
527,0x1800,0,0,bulk,accepted,18,18,0,36,0,0
528,0x1800,0,0,bulk,accepted,4,4,0,8,0,0
529,0x1800,0,0,bulk,accepted,4,4,0,8,0,0
530,0x1800,0,0,bulk,accepted,18,18,0,36,0,0
531,0x1800,0,0,bulk,accepted,4,4,0,8,0,0
532,0x1800,0,0,bulk,accepted,4,4,0,8,0,0
533,0x1800,0,0,bulk,accepted,18,18,0,36,0,0
534,0x1800,0,0,bulk,accepted,4,4,0,8,0,0
535,0x1800,0,0,bulk,accepted,4,4,0,8,0,0
536,0x1800,0,0,bulk,accepted,18,18,0,36,0,0
537,0x1800,0,0,bulk,accepted,2,2,0,4,0,0
538,0x1800,0,0,bulk,accepted,2,2,0,4,0,0
539,0x1800,0,0,bulk,accepted,10,10,0,20,0,0
540,0x1800,0,0,bulk,accepted,2,2,0,4,0,0
541,0x1800,0,0,bulk,accepted,2,2,0,4,0,0
542,0x1800,0,0,bulk,accepted,10,10,0,20,0,0
543,0x1800,0,0,bulk,accepted,2,2,0,4,0,0
544,0x1800,0,0,bulk,accepted,2,2,0,4,0,0
545,0x1800,0,0,bulk,accepted,10,10,0,20,0,0
546,0x1800,0,0,bulk,accepted,2,2,0,4,0,0
547,0x1800,0,0,bulk,accepted,2,2,0,4,0,0
548,0x1800,0,0,bulk,accepted,10,10,0,20,0,0
549,0x1800,0,0,bulk,accepted,2,2,0,4,0,0
550,0x1800,0,0,bulk,accepted,2,2,0,4,0,0
551,0x1800,0,0,bulk,accepted,10,10,0,20,0,0
552,0x1800,0,0,bulk,accepted,2,2,0,4,0,0
553,0x1800,0,0,bulk,accepted,2,2,0,4,0,0
554,0x1800,0,0,bulk,accepted,10,10,0,20,0,0
555,0x1800,0,0,bulk,accepted,2,2,0,4,0,0
556,0x1800,0,0,bulk,accepted,2,2,0,4,0,0
557,0x1800,0,0,bulk,accepted,10,10,0,20,0,0
558,0x1800,0,0,bulk,accepted,2,2,0,4,0,0
559,0x1800,0,0,bulk,accepted,2,2,0,4,0,0
560,0x1800,0,0,bulk,accepted,10,10,0,20,0,0
561,0x1800,0,0,bulk,accepted,2,2,0,4,0,0
562,0x1800,0,0,bulk,accepted,2,2,0,4,0,0
563,0x1800,0,0,bulk,accepted,10,10,0,20,0,0
564,0x1800,0,0,bulk,accepted,2,2,0,4,0,0
565,0x1800,0,0,bulk,accepted,2,2,0,4,0,0
566,0x1800,0,0,bulk,accepted,10,10,0,20,0,0
567,0x1800,0,0,bulk,accepted,2,2,0,4,0,0
568,0x1800,0,0,bulk,accepted,2,2,0,4,0,0
569,0x1800,0,0,bulk,accepted,10,10,0,20,0,0
570,0x1800,0,0,bulk,accepted,2,2,0,4,0,0
571,0x1800,0,0,bulk,accepted,2,2,0,4,0,0
572,0x1800,0,0,bulk,accepted,10,10,0,20,0,0
573,0x1800,0,0,bulk,accepted,2,2,0,4,0,0
574,0x1800,0,0,bulk,accepted,2,2,0,4,0,0
575,0x1800,0,0,bulk,accepted,10,10,0,20,0,0
576,0x1800,0,0,bulk,accepted,2,2,0,4,0,0
577,0x1800,0,0,bulk,accepted,2,2,0,4,0,0
578,0x1800,0,0,bulk,accepted,10,10,0,20,0,0
579,0x1800,0,0,bulk,accepted,2,2,0,4,0,0
580,0x1800,0,0,bulk,accepted,2,2,0,4,0,0
581,0x1800,0,0,bulk,accepted,10,10,0,20,0,0
582,0x1800,0,0,bulk,accepted,2,2,0,4,0,0
583,0x1800,0,0,bulk,accepted,2,2,0,4,0,0
584,0x1800,0,0,bulk,accepted,10,10,0,20,0,0
585,0x1800,0,0,bulk,accepted,1,1,0,2,0,0
586,0x1800,0,0,bulk,accepted,319,319,2,640,0,0
587,0x1800,0,0,bulk,accepted,4,4,640,648,0,0
588,0x1800,0,0,bulk,accepted,4,4,0,8,0,0
589,0x1800,0,0,bulk,accepted,319,319,8,646,0,0
590,0x1800,0,0,bulk,accepted,1,1,646,648,0,0
591,0x1800,0,0,bulk,accepted,1,1,0,2,0,0
592,0x1800,0,0,bulk,accepted,143,143,2,288,0,0
593,0x1800,0,0,bulk,accepted,12,12,288,312,0,0
594,0x1800,0,0,bulk,accepted,4,4,0,8,0,0
595,0x1800,0,0,bulk,accepted,239,239,8,486,0,0
596,0x1800,0,0,bulk,accepted,9,9,486,504,0,0
597,0x1800,0,0,bulk,accepted,143,143,0,286,0,0
598,0x1800,0,0,bulk,accepted,13,13,286,312,0,0
599,0x1800,0,0,bulk,accepted,3,3,0,6,0,0
600,0x1800,0,0,bulk,accepted,143,143,6,292,0,0
601,0x1800,0,0,bulk,accepted,10,10,292,312,0,0
602,0x1800,0,0,bulk,accepted,27,27,0,54,0,0
603,0x1800,0,0,bulk,accepted,27,27,0,54,0,0
604,0x1800,0,0,bulk,accepted,27,27,0,54,0,0
605,0x1800,0,0,bulk,accepted,27,27,0,54,0,0
606,0x1800,0,0,bulk,accepted,27,27,0,54,0,0
607,0x1800,0,0,bulk,accepted,27,27,0,54,0,0
608,0x1800,0,0,bulk,accepted,27,27,0,54,0,0
609,0x1800,0,0,bulk,accepted,27,27,0,54,0,0
610,0x1800,0,0,bulk,accepted,27,27,0,54,0,0
611,0x1800,0,0,bulk,accepted,27,27,0,54,0,0
612,0x1800,0,0,bulk,accepted,27,27,0,54,0,0
613,0x1800,0,0,bulk,accepted,27,27,0,54,0,0
614,0x1800,0,0,bulk,accepted,27,27,0,54,0,0
615,0x1800,0,0,bulk,accepted,27,27,0,54,0,0
616,0x1800,0,0,bulk,accepted,27,27,0,54,0,0
617,0x1800,0,0,bulk,accepted,27,27,0,54,0,0
618,0x1800,0,0,bulk,accepted,27,27,0,54,0,0
619,0x1800,0,0,bulk,accepted,27,27,0,54,0,0
620,0x1800,0,0,bulk,accepted,5,5,0,10,0,0
621,0x1800,0,0,bulk,accepted,47,47,10,104,0,0
622,0x1800,0,0,bulk,accepted,13,13,104,130,0,0
623,0x1800,0,0,bulk,accepted,3,3,0,6,0,0
624,0x1800,0,0,bulk,accepted,47,47,6,100,0,0
625,0x1800,0,0,bulk,accepted,15,15,100,130,0,0
626,0x1800,0,0,bulk,accepted,1,1,0,2,0,0
627,0x1800,0,0,bulk,accepted,63,63,2,128,0,0
628,0x1800,0,0,bulk,accepted,1,1,128,130,0,0
629,0x1800,0,0,bulk,accepted,63,63,0,126,0,0
630,0x1800,0,0,bulk,accepted,2,2,126,130,0,0
631,0x1800,0,0,bulk,accepted,6,6,0,12,0,0
632,0x1800,0,0,bulk,accepted,47,47,12,106,0,0
633,0x1800,0,0,bulk,accepted,12,12,106,130,0,0
634,0x1800,0,0,bulk,accepted,4,4,0,8,0,0
635,0x1800,0,0,bulk,accepted,47,47,8,102,0,0
636,0x1800,0,0,bulk,accepted,14,14,102,130,0,0
637,0x1800,0,0,bulk,accepted,2,2,0,4,0,0
638,0x1800,0,0,bulk,accepted,63,63,4,130,0,0
639,0x1800,0,0,bulk,accepted,63,63,0,126,0,0
640,0x1800,0,0,bulk,accepted,2,2,126,130,0,0
641,0x1800,0,0,bulk,accepted,6,6,0,12,0,0
642,0x1800,0,0,bulk,accepted,47,47,12,106,0,0
643,0x1800,0,0,bulk,accepted,12,12,106,130,0,0
644,0x1800,0,0,bulk,accepted,4,4,0,8,0,0
645,0x1800,0,0,bulk,accepted,47,47,8,102,0,0
646,0x1800,0,0,bulk,accepted,14,14,102,130,0,0
647,0x1800,0,0,bulk,accepted,4,4,0,8,0,0
648,0x1800,0,0,bulk,accepted,4,4,0,8,0,0
649,0x1800,0,0,bulk,accepted,18,18,0,36,0,0
650,0x1800,0,0,bulk,accepted,4,4,0,8,0,0
651,0x1800,0,0,bulk,accepted,4,4,0,8,0,0
652,0x1800,0,0,bulk,accepted,18,18,0,36,0,0
653,0x1800,0,0,bulk,accepted,4,4,0,8,0,0
654,0x1800,0,0,bulk,accepted,4,4,0,8,0,0
655,0x1800,0,0,bulk,accepted,1,1,0,2,0,0
656,0x1800,0,0,bulk,accepted,47,47,2,96,0,0
657,0x1800,0,0,bulk,accepted,10,10,96,116,0,0
658,0x1800,0,0,bulk,accepted,4,4,0,8,0,0
659,0x1800,0,0,bulk,accepted,4,4,0,8,0,0
660,0x1800,0,0,bulk,accepted,18,18,0,36,0,0
661,0x1800,0,0,bulk,accepted,4,4,0,8,0,0
662,0x1800,0,0,bulk,accepted,4,4,0,8,0,0
663,0x1800,0,0,bulk,accepted,1,1,0,2,0,0
664,0x1800,0,0,bulk,accepted,47,47,2,96,0,0
665,0x1800,0,0,bulk,accepted,10,10,96,116,0,0
666,0x1800,0,0,bulk,accepted,4,4,0,8,0,0
667,0x1800,0,0,bulk,accepted,4,4,0,8,0,0
668,0x1800,0,0,bulk,accepted,4,4,0,8,0,0
669,0x1800,0,0,bulk,accepted,47,47,8,102,0,0
670,0x1800,0,0,bulk,accepted,7,7,102,116,0,0
671,0x1800,0,0,bulk,accepted,4,4,0,8,0,0
672,0x1800,0,0,bulk,accepted,4,4,0,8,0,0
673,0x1800,0,0,bulk,accepted,18,18,0,36,0,0
674,0x1800,0,0,bulk,accepted,4,4,0,8,0,0
675,0x1800,0,0,bulk,accepted,4,4,0,8,0,0
676,0x1800,0,0,bulk,accepted,18,18,0,36,0,0
677,0x1800,0,0,bulk,accepted,2,2,0,4,0,0
678,0x1808,1,0,scalar_incrementing,accepted,1,1,4,5,0,0
679,0x1800,0,0,bulk,accepted,2,2,0,4,0,0
680,0x1808,1,0,scalar_incrementing,accepted,1,1,4,5,0,0
681,0x1800,0,0,bulk,accepted,1,1,0,2,0,0
682,0x1800,0,0,bulk,accepted,31,31,2,64,0,0
683,0x1800,0,0,bulk,accepted,8,8,64,80,0,0
684,0x1800,0,0,bulk,accepted,2,2,0,4,0,0
685,0x1808,1,0,scalar_incrementing,accepted,1,1,4,5,0,0
686,0x1800,0,0,bulk,accepted,2,2,0,4,0,0
687,0x1808,1,0,scalar_incrementing,accepted,1,1,4,5,0,0
688,0x1800,0,0,bulk,accepted,6,6,0,12,0,0
689,0x1800,0,0,bulk,accepted,31,31,12,74,0,0
690,0x1800,0,0,bulk,accepted,3,3,74,80,0,0
691,0x1800,0,0,bulk,accepted,4,4,0,8,0,0
692,0x1800,0,0,bulk,accepted,4,4,0,8,0,0
693,0x1800,0,0,bulk,accepted,3,3,0,6,0,0
694,0x1800,0,0,bulk,accepted,47,47,6,100,0,0
695,0x1800,0,0,bulk,accepted,8,8,100,116,0,0
696,0x1800,0,0,bulk,accepted,2,2,0,4,0,0
697,0x1808,1,0,scalar_incrementing,accepted,1,1,4,5,0,0
698,0x1800,0,0,bulk,accepted,2,2,0,4,0,0
699,0x1808,1,0,scalar_incrementing,accepted,1,1,4,5,0,0
700,0x1800,0,0,bulk,accepted,6,6,0,12,0,0
701,0x1800,0,0,bulk,accepted,31,31,12,74,0,0
702,0x1800,0,0,bulk,accepted,3,3,74,80,0,0
703,0x1800,0,0,bulk,accepted,2,2,0,4,0,0
704,0x1808,1,0,scalar_incrementing,accepted,1,1,4,5,0,0
705,0x1800,0,0,bulk,accepted,2,2,0,4,0,0
706,0x1808,1,0,scalar_incrementing,accepted,1,1,4,5,0,0
707,0x1800,0,0,bulk,accepted,3,3,0,6,0,0
708,0x1800,0,0,bulk,accepted,31,31,6,68,0,0
709,0x1800,0,0,bulk,accepted,6,6,68,80,0,0
710,0x1800,0,0,bulk,accepted,2,2,0,4,0,0
711,0x1808,1,0,scalar_incrementing,accepted,1,1,4,5,0,0
712,0x1800,0,0,bulk,accepted,2,2,0,4,0,0
713,0x1808,1,0,scalar_incrementing,accepted,1,1,4,5,0,0
714,0x1800,0,0,bulk,accepted,31,31,0,62,0,0
715,0x1800,0,0,bulk,accepted,9,9,62,80,0,0
716,0x1800,0,0,bulk,accepted,4,4,0,8,0,0
717,0x1800,0,0,bulk,accepted,4,4,0,8,0,0
718,0x1800,0,0,bulk,accepted,18,18,0,36,0,0
719,0x1800,0,0,bulk,accepted,4,4,0,8,0,0
720,0x1800,0,0,bulk,accepted,4,4,0,8,0,0
721,0x1800,0,0,bulk,accepted,2,2,0,4,0,0
722,0x1800,0,0,bulk,accepted,47,47,4,98,0,0
723,0x1800,0,0,bulk,accepted,9,9,98,116,0,0
724,0x1800,0,0,bulk,accepted,4,4,0,8,0,0
725,0x1800,0,0,bulk,accepted,4,4,0,8,0,0
726,0x1800,0,0,bulk,accepted,5,5,0,10,0,0
727,0x1800,0,0,bulk,accepted,47,47,10,104,0,0
728,0x1800,0,0,bulk,accepted,6,6,104,116,0,0
729,0x1800,0,0,bulk,accepted,4,4,0,8,0,0
730,0x1800,0,0,bulk,accepted,4,4,0,8,0,0
731,0x1800,0,0,bulk,accepted,18,18,0,36,0,0
732,0x1800,0,0,bulk,accepted,4,4,0,8,0,0
733,0x1800,0,0,bulk,accepted,4,4,0,8,0,0
734,0x1800,0,0,bulk,accepted,18,18,0,36,0,0
735,0x1800,0,0,bulk,accepted,4,4,0,8,0,0
736,0x1800,0,0,bulk,accepted,4,4,0,8,0,0
737,0x1800,0,0,bulk,accepted,18,18,0,36,0,0
738,0x1800,0,0,bulk,accepted,4,4,0,8,0,0
739,0x1800,0,0,bulk,accepted,4,4,0,8,0,0
740,0x1800,0,0,bulk,accepted,18,18,0,36,0,0
741,0x1800,0,0,bulk,accepted,3,3,0,6,0,0
742,0x1800,0,0,bulk,accepted,3,3,0,6,0,0
743,0x1800,0,0,bulk,accepted,14,14,0,28,0,0
744,0x1800,0,0,bulk,accepted,3,3,0,6,0,0
745,0x1800,0,0,bulk,accepted,3,3,0,6,0,0
746,0x1800,0,0,bulk,accepted,14,14,0,28,0,0
747,0x1800,0,0,bulk,accepted,1,1,0,2,0,0
748,0x1808,1,0,scalar_incrementing,accepted,1,1,2,3,0,0
749,0x1800,0,0,bulk,accepted,1,1,0,2,0,0
750,0x1808,1,0,scalar_incrementing,accepted,1,1,2,3,0,0
751,0x1800,0,0,bulk,accepted,8,8,0,16,0,0
752,0x1800,0,0,bulk,accepted,1,1,0,2,0,0
753,0x1808,1,0,scalar_incrementing,accepted,1,1,2,3,0,0
754,0x1800,0,0,bulk,accepted,1,1,0,2,0,0
755,0x1808,1,0,scalar_incrementing,accepted,1,1,2,3,0,0
756,0x1800,0,0,bulk,accepted,8,8,0,16,0,0
757,0x1800,0,0,bulk,accepted,1,1,0,2,0,0
758,0x1808,1,0,scalar_incrementing,accepted,1,1,2,3,0,0
759,0x1800,0,0,bulk,accepted,1,1,0,2,0,0
760,0x1808,1,0,scalar_incrementing,accepted,1,1,2,3,0,0
761,0x1800,0,0,bulk,accepted,8,8,0,16,0,0
762,0x1800,0,0,bulk,accepted,1,1,0,2,0,0
763,0x1808,1,0,scalar_incrementing,accepted,1,1,2,3,0,0
764,0x1800,0,0,bulk,accepted,1,1,0,2,0,0
765,0x1808,1,0,scalar_incrementing,accepted,1,1,2,3,0,0
766,0x1800,0,0,bulk,accepted,8,8,0,16,0,0
767,0x1800,0,0,bulk,accepted,1,1,0,2,0,0
768,0x1808,1,0,scalar_incrementing,accepted,1,1,2,3,0,0
769,0x1800,0,0,bulk,accepted,1,1,0,2,0,0
770,0x1808,1,0,scalar_incrementing,accepted,1,1,2,3,0,0
771,0x1800,0,0,bulk,accepted,8,8,0,16,0,0
772,0x1800,0,0,bulk,accepted,1,1,0,2,0,0
773,0x1808,1,0,scalar_incrementing,accepted,1,1,2,3,0,0
774,0x1800,0,0,bulk,accepted,1,1,0,2,0,0
775,0x1808,1,0,scalar_incrementing,accepted,1,1,2,3,0,0
776,0x1800,0,0,bulk,accepted,8,8,0,16,0,0
777,0x1800,0,0,bulk,accepted,1,1,0,2,0,0
778,0x1808,1,0,scalar_incrementing,accepted,1,1,2,3,0,0
779,0x1800,0,0,bulk,accepted,1,1,0,2,0,0
780,0x1808,1,0,scalar_incrementing,accepted,1,1,2,3,0,0
781,0x1800,0,0,bulk,accepted,8,8,0,16,0,0
782,0x1800,0,0,bulk,accepted,1,1,0,2,0,0
783,0x1808,1,0,scalar_incrementing,accepted,1,1,2,3,0,0
784,0x1800,0,0,bulk,accepted,1,1,0,2,0,0
785,0x1808,1,0,scalar_incrementing,accepted,1,1,2,3,0,0
786,0x1800,0,0,bulk,accepted,8,8,0,16,0,0
787,0x1800,0,0,bulk,accepted,5,5,0,10,0,0
788,0x1800,0,0,bulk,accepted,5,5,0,10,0,0
789,0x1800,0,0,bulk,accepted,22,22,0,44,0,0
790,0x1800,0,0,bulk,accepted,5,5,0,10,0,0
791,0x1800,0,0,bulk,accepted,5,5,0,10,0,0
792,0x1800,0,0,bulk,accepted,22,22,0,44,0,0
793,0x1800,0,0,bulk,accepted,5,5,0,10,0,0
794,0x1800,0,0,bulk,accepted,5,5,0,10,0,0
795,0x1800,0,0,bulk,accepted,22,22,0,44,0,0
796,0x1800,0,0,bulk,accepted,5,5,0,10,0,0
797,0x1800,0,0,bulk,accepted,5,5,0,10,0,0
798,0x1800,0,0,bulk,accepted,22,22,0,44,0,0
799,0x1800,0,0,bulk,accepted,5,5,0,10,0,0
800,0x1800,0,0,bulk,accepted,5,5,0,10,0,0
801,0x1800,0,0,bulk,accepted,22,22,0,44,0,0
802,0x1800,0,0,bulk,accepted,5,5,0,10,0,0
803,0x1800,0,0,bulk,accepted,5,5,0,10,0,0
804,0x1800,0,0,bulk,accepted,22,22,0,44,0,0
805,0x1800,0,0,bulk,accepted,5,5,0,10,0,0
806,0x1800,0,0,bulk,accepted,5,5,0,10,0,0
807,0x1800,0,0,bulk,accepted,22,22,0,44,0,0
808,0x1800,0,0,bulk,accepted,5,5,0,10,0,0
809,0x1800,0,0,bulk,accepted,5,5,0,10,0,0
810,0x1800,0,0,bulk,accepted,22,22,0,44,0,0
811,0x1800,0,0,bulk,accepted,1,1,0,2,0,0
812,0x1808,1,0,scalar_incrementing,accepted,1,1,2,3,0,0
813,0x1800,0,0,bulk,accepted,1,1,0,2,0,0
814,0x1808,1,0,scalar_incrementing,accepted,1,1,2,3,0,0
815,0x1800,0,0,bulk,accepted,8,8,0,16,0,0
816,0x1800,0,0,bulk,accepted,1,1,0,2,0,0
817,0x1808,1,0,scalar_incrementing,accepted,1,1,2,3,0,0
818,0x1800,0,0,bulk,accepted,1,1,0,2,0,0
819,0x1808,1,0,scalar_incrementing,accepted,1,1,2,3,0,0
820,0x1800,0,0,bulk,accepted,8,8,0,16,0,0
821,0x1800,0,0,bulk,accepted,1,1,0,2,0,0
822,0x1808,1,0,scalar_incrementing,accepted,1,1,2,3,0,0
823,0x1800,0,0,bulk,accepted,1,1,0,2,0,0
824,0x1808,1,0,scalar_incrementing,accepted,1,1,2,3,0,0
825,0x1800,0,0,bulk,accepted,8,8,0,16,0,0
826,0x1800,0,0,bulk,accepted,1,1,0,2,0,0
827,0x1808,1,0,scalar_incrementing,accepted,1,1,2,3,0,0
828,0x1800,0,0,bulk,accepted,1,1,0,2,0,0
829,0x1808,1,0,scalar_incrementing,accepted,1,1,2,3,0,0
830,0x1800,0,0,bulk,accepted,8,8,0,16,0,0
831,0x1800,0,0,bulk,accepted,1,1,0,2,0,0
832,0x1808,1,0,scalar_incrementing,accepted,1,1,2,3,0,0
833,0x1800,0,0,bulk,accepted,1,1,0,2,0,0
834,0x1808,1,0,scalar_incrementing,accepted,1,1,2,3,0,0
835,0x1800,0,0,bulk,accepted,8,8,0,16,0,0
836,0x1800,0,0,bulk,accepted,1,1,0,2,0,0
837,0x1808,1,0,scalar_incrementing,accepted,1,1,2,3,0,0
838,0x1800,0,0,bulk,accepted,1,1,0,2,0,0
839,0x1808,1,0,scalar_incrementing,accepted,1,1,2,3,0,0
840,0x1800,0,0,bulk,accepted,8,8,0,16,0,0
841,0x1800,0,0,bulk,accepted,1,1,0,2,0,0
842,0x1808,1,0,scalar_incrementing,accepted,1,1,2,3,0,0
843,0x1800,0,0,bulk,accepted,1,1,0,2,0,0
844,0x1808,1,0,scalar_incrementing,accepted,1,1,2,3,0,0
845,0x1800,0,0,bulk,accepted,8,8,0,16,0,0
846,0x1800,0,0,bulk,accepted,1,1,0,2,0,0
847,0x1808,1,0,scalar_incrementing,accepted,1,1,2,3,0,0
848,0x1800,0,0,bulk,accepted,1,1,0,2,0,0
849,0x1808,1,0,scalar_incrementing,accepted,1,1,2,3,0,0
850,0x1800,0,0,bulk,accepted,8,8,0,16,0,0
851,0x1800,0,0,bulk,accepted,18,18,0,36,0,0
852,0x1800,0,0,bulk,accepted,18,18,0,36,0,0
853,0x1800,0,0,bulk,accepted,18,18,0,36,0,0
854,0x1800,0,0,bulk,accepted,18,18,0,36,0,0
855,0x1800,0,0,bulk,accepted,18,18,0,36,0,0
856,0x1800,0,0,bulk,accepted,18,18,0,36,0,0
857,0x1800,0,0,bulk,accepted,18,18,0,36,0,0
858,0x1800,0,0,bulk,accepted,18,18,0,36,0,0
859,0x1800,0,0,bulk,accepted,18,18,0,36,0,0
860,0x1800,0,0,bulk,accepted,18,18,0,36,0,0
861,0x1800,0,0,bulk,accepted,18,18,0,36,0,0
862,0x1800,0,0,bulk,accepted,18,18,0,36,0,0
863,0x1800,0,0,bulk,accepted,18,18,0,36,0,0
864,0x1800,0,0,bulk,accepted,18,18,0,36,0,0
865,0x1800,0,0,bulk,accepted,18,18,0,36,0,0
866,0x1800,0,0,bulk,accepted,18,18,0,36,0,0
867,0x1800,0,0,bulk,accepted,18,18,0,36,0,0
868,0x1800,0,0,bulk,accepted,18,18,0,36,0,0
869,0x1800,0,0,bulk,accepted,18,18,0,36,0,0
870,0x1800,0,0,bulk,accepted,18,18,0,36,0,0
871,0x1800,0,0,bulk,accepted,18,18,0,36,0,0
872,0x1800,0,0,bulk,accepted,18,18,0,36,0,0
873,0x1800,0,0,bulk,accepted,18,18,0,36,0,0
874,0x1800,0,0,bulk,accepted,18,18,0,36,0,0
875,0x1800,0,0,bulk,accepted,18,18,0,36,0,0
876,0x1800,0,0,bulk,accepted,18,18,0,36,0,0
877,0x1800,0,0,bulk,accepted,18,18,0,36,0,0
878,0x1800,0,0,bulk,accepted,18,18,0,36,0,0
879,0x1800,0,0,bulk,accepted,18,18,0,36,0,0
880,0x1800,0,0,bulk,accepted,18,18,0,36,0,0
881,0x1800,0,0,bulk,accepted,18,18,0,36,0,0
882,0x1800,0,0,bulk,accepted,18,18,0,36,0,0
883,0x1800,0,0,bulk,accepted,18,18,0,36,0,0
884,0x1800,0,0,bulk,accepted,18,18,0,36,0,0
885,0x1800,0,0,bulk,accepted,18,18,0,36,0,0
886,0x1800,0,0,bulk,accepted,18,18,0,36,0,0
887,0x1800,0,0,bulk,accepted,18,18,0,36,0,0
888,0x1800,0,0,bulk,accepted,18,18,0,36,0,0
889,0x1800,0,0,bulk,accepted,18,18,0,36,0,0
890,0x1800,0,0,bulk,accepted,18,18,0,36,0,0
891,0x1800,0,0,bulk,accepted,18,18,0,36,0,0
892,0x1800,0,0,bulk,accepted,18,18,0,36,0,0
893,0x1800,0,0,bulk,accepted,18,18,0,36,0,0
894,0x1800,0,0,bulk,accepted,18,18,0,36,0,0
895,0x1800,0,0,bulk,accepted,18,18,0,36,0,0
896,0x1800,0,0,bulk,accepted,18,18,0,36,0,0
897,0x1800,0,0,bulk,accepted,18,18,0,36,0,0
898,0x1800,0,0,bulk,accepted,18,18,0,36,0,0
899,0x1800,0,0,bulk,accepted,18,18,0,36,0,0
900,0x1800,0,0,bulk,accepted,18,18,0,36,0,0
901,0x1800,0,0,bulk,accepted,18,18,0,36,0,0
902,0x1800,0,0,bulk,accepted,18,18,0,36,0,0
903,0x1800,0,0,bulk,accepted,18,18,0,36,0,0
904,0x1800,0,0,bulk,accepted,18,18,0,36,0,0
905,0x1800,0,0,bulk,accepted,18,18,0,36,0,0
906,0x1800,0,0,bulk,accepted,18,18,0,36,0,0
907,0x1800,0,0,bulk,accepted,18,18,0,36,0,0
908,0x1800,0,0,bulk,accepted,18,18,0,36,0,0
909,0x1800,0,0,bulk,accepted,18,18,0,36,0,0
910,0x1800,0,0,bulk,accepted,18,18,0,36,0,0
911,0x1800,0,0,bulk,accepted,18,18,0,36,0,0
912,0x1800,0,0,bulk,accepted,18,18,0,36,0,0
913,0x1800,0,0,bulk,accepted,18,18,0,36,0,0
914,0x1800,0,0,bulk,accepted,18,18,0,36,0,0
915,0x1800,0,0,bulk,accepted,18,18,0,36,0,0
916,0x1800,0,0,bulk,accepted,18,18,0,36,0,0
917,0x1800,0,0,bulk,accepted,18,18,0,36,0,0
918,0x1800,0,0,bulk,accepted,18,18,0,36,0,0
919,0x1800,0,0,bulk,accepted,18,18,0,36,0,0
920,0x1800,0,0,bulk,accepted,18,18,0,36,0,0
921,0x1800,0,0,bulk,accepted,18,18,0,36,0,0
922,0x1800,0,0,bulk,accepted,18,18,0,36,0,0
923,0x1800,0,0,bulk,accepted,4,4,0,8,0,0
924,0x1800,0,0,bulk,accepted,95,95,8,198,0,0
925,0x1800,0,0,bulk,accepted,3,3,198,204,0,0
926,0x1800,0,0,bulk,accepted,5,5,0,10,0,0
927,0x1800,0,0,bulk,accepted,95,95,10,200,0,0
928,0x1800,0,0,bulk,accepted,2,2,200,204,0,0
929,0x1800,0,0,bulk,accepted,6,6,0,12,0,0
930,0x1800,0,0,bulk,accepted,79,79,12,170,0,0
931,0x1800,0,0,bulk,accepted,79,79,0,158,0,0
932,0x1800,0,0,bulk,accepted,6,6,158,170,0,0
933,0x1800,0,0,bulk,accepted,2,2,0,4,0,0
934,0x1800,0,0,bulk,accepted,79,79,4,162,0,0
935,0x1800,0,0,bulk,accepted,4,4,162,170,0,0
936,0x1800,0,0,bulk,accepted,4,4,0,8,0,0
937,0x1800,0,0,bulk,accepted,79,79,8,166,0,0
938,0x1800,0,0,bulk,accepted,2,2,166,170,0,0
939,0x1800,0,0,bulk,accepted,6,6,0,12,0,0
940,0x1800,0,0,bulk,accepted,47,47,12,106,0,0
941,0x1800,0,0,bulk,accepted,12,12,106,130,0,0
942,0x1800,0,0,bulk,accepted,4,4,0,8,0,0
943,0x1800,0,0,bulk,accepted,47,47,8,102,0,0
944,0x1800,0,0,bulk,accepted,14,14,102,130,0,0
945,0x1800,0,0,bulk,accepted,2,2,0,4,0,0
946,0x1800,0,0,bulk,accepted,63,63,4,130,0,0
947,0x1800,0,0,bulk,accepted,3,3,130,136,0,0
948,0x1800,0,0,bulk,accepted,5,5,0,10,0,0
949,0x1800,0,0,bulk,accepted,63,63,10,136,0,0
950,0x1800,0,0,bulk,accepted,63,63,0,126,0,0
951,0x1800,0,0,bulk,accepted,5,5,126,136,0,0
952,0x1800,0,0,bulk,accepted,3,3,0,6,0,0
953,0x1800,0,0,bulk,accepted,63,63,6,132,0,0
954,0x1800,0,0,bulk,accepted,2,2,132,136,0,0
955,0x1800,0,0,bulk,accepted,6,6,0,12,0,0
956,0x1800,0,0,bulk,accepted,47,47,12,106,0,0
957,0x1800,0,0,bulk,accepted,15,15,106,136,0,0
958,0x1800,0,0,bulk,accepted,1,1,0,2,0,0
959,0x1800,0,0,bulk,accepted,63,63,2,128,0,0
960,0x1800,0,0,bulk,accepted,4,4,128,136,0,0
961,0x1800,0,0,bulk,accepted,4,4,0,8,0,0
962,0x1800,0,0,bulk,accepted,63,63,8,134,0,0
963,0x1800,0,0,bulk,accepted,1,1,134,136,0,0
964,0x1800,0,0,bulk,accepted,63,63,0,126,0,0
965,0x1800,0,0,bulk,accepted,5,5,126,136,0,0
966,0x1800,0,0,bulk,accepted,3,3,0,6,0,0
967,0x1800,0,0,bulk,accepted,63,63,6,132,0,0
968,0x1800,0,0,bulk,accepted,2,2,132,136,0,0
969,0x1800,0,0,bulk,accepted,6,6,0,12,0,0
970,0x1800,0,0,bulk,accepted,47,47,12,106,0,0
971,0x1800,0,0,bulk,accepted,15,15,106,136,0,0
972,0x1800,0,0,bulk,accepted,1,1,0,2,0,0
973,0x1800,0,0,bulk,accepted,63,63,2,128,0,0
974,0x1800,0,0,bulk,accepted,4,4,128,136,0,0
975,0x1800,0,0,bulk,accepted,4,4,0,8,0,0
976,0x1800,0,0,bulk,accepted,63,63,8,134,0,0
977,0x1800,0,0,bulk,accepted,1,1,134,136,0,0
978,0x1800,0,0,bulk,accepted,63,63,0,126,0,0
979,0x1800,0,0,bulk,accepted,5,5,126,136,0,0
980,0x1800,0,0,bulk,accepted,3,3,0,6,0,0
981,0x1800,0,0,bulk,accepted,63,63,6,132,0,0
982,0x1800,0,0,bulk,accepted,2,2,132,136,0,0
983,0x1800,0,0,bulk,accepted,6,6,0,12,0,0
984,0x1800,0,0,bulk,accepted,47,47,12,106,0,0
985,0x1800,0,0,bulk,accepted,15,15,106,136,0,0
986,0x1800,0,0,bulk,accepted,1,1,0,2,0,0
987,0x1800,0,0,bulk,accepted,63,63,2,128,0,0
988,0x1800,0,0,bulk,accepted,4,4,128,136,0,0
989,0x1800,0,0,bulk,accepted,21,21,0,42,0,0
990,0x1800,0,0,bulk,accepted,21,21,0,42,0,0
991,0x1800,0,0,bulk,accepted,21,21,0,42,0,0
992,0x1800,0,0,bulk,accepted,21,21,0,42,0,0
993,0x1800,0,0,bulk,accepted,21,21,0,42,0,0
994,0x1800,0,0,bulk,accepted,21,21,0,42,0,0
995,0x1800,0,0,bulk,accepted,21,21,0,42,0,0
996,0x1800,0,0,bulk,accepted,21,21,0,42,0,0
997,0x1800,0,0,bulk,accepted,21,21,0,42,0,0
998,0x1800,0,0,bulk,accepted,21,21,0,42,0,0
999,0x1800,0,0,bulk,accepted,21,21,0,42,0,0
1000,0x1800,0,0,bulk,accepted,21,21,0,42,0,0
1001,0x1800,0,0,bulk,accepted,21,21,0,42,0,0
1002,0x1800,0,0,bulk,accepted,21,21,0,42,0,0
1003,0x1800,0,0,bulk,accepted,21,21,0,42,0,0
1004,0x1800,0,0,bulk,accepted,21,21,0,42,0,0
1005,0x1800,0,0,bulk,accepted,21,21,0,42,0,0
1006,0x1800,0,0,bulk,accepted,21,21,0,42,0,0
1007,0x1800,0,0,bulk,accepted,21,21,0,42,0,0
1008,0x1800,0,0,bulk,accepted,21,21,0,42,0,0
1009,0x1800,0,0,bulk,accepted,21,21,0,42,0,0
1010,0x1800,0,0,bulk,accepted,21,21,0,42,0,0
1011,0x1800,0,0,bulk,accepted,21,21,0,42,0,0
1012,0x1800,0,0,bulk,accepted,21,21,0,42,0,0
1013,0x1800,0,0,bulk,accepted,21,21,0,42,0,0
1014,0x1800,0,0,bulk,accepted,21,21,0,42,0,0
1015,0x1800,0,0,bulk,accepted,21,21,0,42,0,0
1016,0x1800,0,0,bulk,accepted,21,21,0,42,0,0
1017,0x1800,0,0,bulk,accepted,21,21,0,42,0,0
1018,0x1800,0,0,bulk,accepted,21,21,0,42,0,0
1019,0x1800,0,0,bulk,accepted,21,21,0,42,0,0
1020,0x1800,0,0,bulk,accepted,21,21,0,42,0,0
1021,0x1800,0,0,bulk,accepted,21,21,0,42,0,0
1022,0x1800,0,0,bulk,accepted,21,21,0,42,0,0
1023,0x1800,0,0,bulk,accepted,21,21,0,42,0,0
1024,0x1800,0,0,bulk,accepted,21,21,0,42,0,0
1025,0x1800,0,0,bulk,accepted,21,21,0,42,0,0
1026,0x1800,0,0,bulk,accepted,21,21,0,42,0,0
1027,0x1800,0,0,bulk,accepted,21,21,0,42,0,0
1028,0x1800,0,0,bulk,accepted,21,21,0,42,0,0
1029,0x1800,0,0,bulk,accepted,21,21,0,42,0,0
1030,0x1800,0,0,bulk,accepted,21,21,0,42,0,0
1031,0x1800,0,0,bulk,accepted,21,21,0,42,0,0
1032,0x1800,0,0,bulk,accepted,21,21,0,42,0,0
1033,0x1800,0,0,bulk,accepted,21,21,0,42,0,0
1034,0x1800,0,0,bulk,accepted,21,21,0,42,0,0
1035,0x1800,0,0,bulk,accepted,21,21,0,42,0,0
1036,0x1800,0,0,bulk,accepted,21,21,0,42,0,0
1037,0x1800,0,0,bulk,accepted,4,4,0,8,0,0
1038,0x1800,0,0,bulk,accepted,79,79,8,166,0,0
1039,0x1800,0,0,bulk,accepted,2,2,166,170,0,0
1040,0x1800,0,0,bulk,accepted,6,6,0,12,0,0
1041,0x1800,0,0,bulk,accepted,79,79,12,170,0,0
1042,0x1800,0,0,bulk,accepted,79,79,0,158,0,0
1043,0x1800,0,0,bulk,accepted,6,6,158,170,0,0
1044,0x1800,0,0,bulk,accepted,2,2,0,4,0,0
1045,0x1800,0,0,bulk,accepted,79,79,4,162,0,0
1046,0x1800,0,0,bulk,accepted,4,4,162,170,0,0
1047,0x1800,0,0,bulk,accepted,4,4,0,8,0,0
1048,0x1800,0,0,bulk,accepted,79,79,8,166,0,0
1049,0x1800,0,0,bulk,accepted,2,2,166,170,0,0
1050,0x1800,0,0,bulk,accepted,6,6,0,12,0,0
1051,0x1800,0,0,bulk,accepted,79,79,12,170,0,0
1052,0x1800,0,0,bulk,accepted,79,79,0,158,0,0
1053,0x1800,0,0,bulk,accepted,6,6,158,170,0,0
1054,0x1800,0,0,bulk,accepted,2,2,0,4,0,0
1055,0x1800,0,0,bulk,accepted,79,79,4,162,0,0
1056,0x1800,0,0,bulk,accepted,4,4,162,170,0,0
1057,0x1800,0,0,bulk,accepted,4,4,0,8,0,0
1058,0x1800,0,0,bulk,accepted,79,79,8,166,0,0
1059,0x1800,0,0,bulk,accepted,2,2,166,170,0,0
1060,0x1800,0,0,bulk,accepted,6,6,0,12,0,0
1061,0x1800,0,0,bulk,accepted,79,79,12,170,0,0
1062,0x1800,0,0,bulk,accepted,79,79,0,158,0,0
1063,0x1800,0,0,bulk,accepted,6,6,158,170,0,0
1064,0x1800,0,0,bulk,accepted,2,2,0,4,0,0
1065,0x1800,0,0,bulk,accepted,79,79,4,162,0,0
1066,0x1800,0,0,bulk,accepted,4,4,162,170,0,0
1067,0x1800,0,0,bulk,accepted,2,2,0,4,0,0
1068,0x1808,1,0,scalar_incrementing,accepted,1,1,4,5,0,0
1069,0x1800,0,0,bulk,accepted,2,2,0,4,0,0
1070,0x1808,1,0,scalar_incrementing,accepted,1,1,4,5,0,0
1071,0x1800,0,0,bulk,accepted,19,19,0,38,0,0
1072,0x1800,0,0,bulk,accepted,2,2,0,4,0,0
1073,0x1808,1,0,scalar_incrementing,accepted,1,1,4,5,0,0
1074,0x1800,0,0,bulk,accepted,2,2,0,4,0,0
1075,0x1808,1,0,scalar_incrementing,accepted,1,1,4,5,0,0
1076,0x1800,0,0,bulk,accepted,19,19,0,38,0,0
1077,0x1800,0,0,bulk,accepted,2,2,0,4,0,0
1078,0x1808,1,0,scalar_incrementing,accepted,1,1,4,5,0,0
1079,0x1800,0,0,bulk,accepted,2,2,0,4,0,0
1080,0x1808,1,0,scalar_incrementing,accepted,1,1,4,5,0,0
1081,0x1800,0,0,bulk,accepted,19,19,0,38,0,0
1082,0x1800,0,0,bulk,accepted,2,2,0,4,0,0
1083,0x1808,1,0,scalar_incrementing,accepted,1,1,4,5,0,0
1084,0x1800,0,0,bulk,accepted,2,2,0,4,0,0
1085,0x1808,1,0,scalar_incrementing,accepted,1,1,4,5,0,0
1086,0x1800,0,0,bulk,accepted,19,19,0,38,0,0
1087,0x1800,0,0,bulk,accepted,2,2,0,4,0,0
1088,0x1808,1,0,scalar_incrementing,accepted,1,1,4,5,0,0
1089,0x1800,0,0,bulk,accepted,2,2,0,4,0,0
1090,0x1808,1,0,scalar_incrementing,accepted,1,1,4,5,0,0
1091,0x1800,0,0,bulk,accepted,19,19,0,38,0,0
1092,0x1800,0,0,bulk,accepted,2,2,0,4,0,0
1093,0x1808,1,0,scalar_incrementing,accepted,1,1,4,5,0,0
1094,0x1800,0,0,bulk,accepted,2,2,0,4,0,0
1095,0x1808,1,0,scalar_incrementing,accepted,1,1,4,5,0,0
1096,0x1800,0,0,bulk,accepted,19,19,0,38,0,0
1097,0x1800,0,0,bulk,accepted,2,2,0,4,0,0
1098,0x1808,1,0,scalar_incrementing,accepted,1,1,4,5,0,0
1099,0x1800,0,0,bulk,accepted,2,2,0,4,0,0
1100,0x1808,1,0,scalar_incrementing,accepted,1,1,4,5,0,0
1101,0x1800,0,0,bulk,accepted,19,19,0,38,0,0
1102,0x1800,0,0,bulk,accepted,2,2,0,4,0,0
1103,0x1808,1,0,scalar_incrementing,accepted,1,1,4,5,0,0
1104,0x1800,0,0,bulk,accepted,2,2,0,4,0,0
1105,0x1808,1,0,scalar_incrementing,accepted,1,1,4,5,0,0
1106,0x1800,0,0,bulk,accepted,19,19,0,38,0,0
1107,0x1800,0,0,bulk,accepted,2,2,0,4,0,0
1108,0x1808,1,0,scalar_incrementing,accepted,1,1,4,5,0,0
1109,0x1800,0,0,bulk,accepted,2,2,0,4,0,0
1110,0x1808,1,0,scalar_incrementing,accepted,1,1,4,5,0,0
1111,0x1800,0,0,bulk,accepted,19,19,0,38,0,0
1112,0x1800,0,0,bulk,accepted,2,2,0,4,0,0
1113,0x1808,1,0,scalar_incrementing,accepted,1,1,4,5,0,0
1114,0x1800,0,0,bulk,accepted,2,2,0,4,0,0
1115,0x1808,1,0,scalar_incrementing,accepted,1,1,4,5,0,0
1116,0x1800,0,0,bulk,accepted,19,19,0,38,0,0
1117,0x1800,0,0,bulk,accepted,4,4,0,8,0,0
1118,0x1800,0,0,bulk,accepted,4,4,0,8,0,0
1119,0x1800,0,0,bulk,accepted,18,18,0,36,0,0
1120,0x1800,0,0,bulk,accepted,4,4,0,8,0,0
1121,0x1800,0,0,bulk,accepted,4,4,0,8,0,0
1122,0x1800,0,0,bulk,accepted,18,18,0,36,0,0
1123,0x1800,0,0,bulk,accepted,4,4,0,8,0,0
1124,0x1800,0,0,bulk,accepted,4,4,0,8,0,0
1125,0x1800,0,0,bulk,accepted,18,18,0,36,0,0
1126,0x1800,0,0,bulk,accepted,4,4,0,8,0,0
1127,0x1800,0,0,bulk,accepted,4,4,0,8,0,0
1128,0x1800,0,0,bulk,accepted,18,18,0,36,0,0
1129,0x1800,0,0,bulk,accepted,4,4,0,8,0,0
1130,0x1800,0,0,bulk,accepted,4,4,0,8,0,0
1131,0x1800,0,0,bulk,accepted,18,18,0,36,0,0
1132,0x1800,0,0,bulk,accepted,4,4,0,8,0,0
1133,0x1800,0,0,bulk,accepted,4,4,0,8,0,0
1134,0x1800,0,0,bulk,accepted,18,18,0,36,0,0
1135,0x1800,0,0,bulk,accepted,4,4,0,8,0,0
1136,0x1800,0,0,bulk,accepted,4,4,0,8,0,0
1137,0x1800,0,0,bulk,accepted,18,18,0,36,0,0
1138,0x1800,0,0,bulk,accepted,4,4,0,8,0,0
1139,0x1800,0,0,bulk,accepted,4,4,0,8,0,0
1140,0x1800,0,0,bulk,accepted,18,18,0,36,0,0
1141,0x1800,0,0,bulk,accepted,2,2,0,4,0,0
1142,0x1800,0,0,bulk,accepted,2,2,0,4,0,0
1143,0x1800,0,0,bulk,accepted,10,10,0,20,0,0
1144,0x1800,0,0,bulk,accepted,2,2,0,4,0,0
1145,0x1800,0,0,bulk,accepted,2,2,0,4,0,0
1146,0x1800,0,0,bulk,accepted,10,10,0,20,0,0
1147,0x1800,0,0,bulk,accepted,2,2,0,4,0,0
1148,0x1800,0,0,bulk,accepted,2,2,0,4,0,0
1149,0x1800,0,0,bulk,accepted,10,10,0,20,0,0
1150,0x1800,0,0,bulk,accepted,2,2,0,4,0,0
1151,0x1800,0,0,bulk,accepted,2,2,0,4,0,0
1152,0x1800,0,0,bulk,accepted,10,10,0,20,0,0
1153,0x1800,0,0,bulk,accepted,2,2,0,4,0,0
1154,0x1800,0,0,bulk,accepted,2,2,0,4,0,0
1155,0x1800,0,0,bulk,accepted,10,10,0,20,0,0
1156,0x1800,0,0,bulk,accepted,2,2,0,4,0,0
1157,0x1800,0,0,bulk,accepted,2,2,0,4,0,0
1158,0x1800,0,0,bulk,accepted,10,10,0,20,0,0
1159,0x1800,0,0,bulk,accepted,2,2,0,4,0,0
1160,0x1800,0,0,bulk,accepted,2,2,0,4,0,0
1161,0x1800,0,0,bulk,accepted,10,10,0,20,0,0
1162,0x1800,0,0,bulk,accepted,2,2,0,4,0,0
1163,0x1800,0,0,bulk,accepted,2,2,0,4,0,0
1164,0x1800,0,0,bulk,accepted,10,10,0,20,0,0
1165,0x1800,0,0,bulk,accepted,2,2,0,4,0,0
1166,0x1800,0,0,bulk,accepted,2,2,0,4,0,0
1167,0x1800,0,0,bulk,accepted,10,10,0,20,0,0
1168,0x1800,0,0,bulk,accepted,2,2,0,4,0,0
1169,0x1800,0,0,bulk,accepted,2,2,0,4,0,0
1170,0x1800,0,0,bulk,accepted,10,10,0,20,0,0
1171,0x1800,0,0,bulk,accepted,2,2,0,4,0,0
1172,0x1800,0,0,bulk,accepted,2,2,0,4,0,0
1173,0x1800,0,0,bulk,accepted,10,10,0,20,0,0
1174,0x1800,0,0,bulk,accepted,2,2,0,4,0,0
1175,0x1800,0,0,bulk,accepted,2,2,0,4,0,0
1176,0x1800,0,0,bulk,accepted,10,10,0,20,0,0
1177,0x1800,0,0,bulk,accepted,2,2,0,4,0,0
1178,0x1800,0,0,bulk,accepted,2,2,0,4,0,0
1179,0x1800,0,0,bulk,accepted,10,10,0,20,0,0
1180,0x1800,0,0,bulk,accepted,2,2,0,4,0,0
1181,0x1800,0,0,bulk,accepted,2,2,0,4,0,0
1182,0x1800,0,0,bulk,accepted,10,10,0,20,0,0
1183,0x1800,0,0,bulk,accepted,2,2,0,4,0,0
1184,0x1800,0,0,bulk,accepted,2,2,0,4,0,0
1185,0x1800,0,0,bulk,accepted,10,10,0,20,0,0
1186,0x1800,0,0,bulk,accepted,2,2,0,4,0,0
1187,0x1800,0,0,bulk,accepted,2,2,0,4,0,0
1188,0x1800,0,0,bulk,accepted,10,10,0,20,0,0
1189,0x1800,0,0,bulk,accepted,1,1,0,2,0,0
1190,0x1800,0,0,bulk,accepted,319,319,2,640,0,0
1191,0x1800,0,0,bulk,accepted,4,4,640,648,0,0
1192,0x1800,0,0,bulk,accepted,4,4,0,8,0,0
1193,0x1800,0,0,bulk,accepted,319,319,8,646,0,0
1194,0x1800,0,0,bulk,accepted,1,1,646,648,0,0
1195,0x1800,0,0,bulk,accepted,143,143,0,286,0,0
1196,0x1800,0,0,bulk,accepted,13,13,286,312,0,0
1197,0x1800,0,0,bulk,accepted,5,5,0,10,0,0
1198,0x1800,0,0,bulk,accepted,239,239,10,488,0,0
1199,0x1800,0,0,bulk,accepted,8,8,488,504,0,0
1200,0x1800,0,0,bulk,accepted,143,143,0,286,0,0
1201,0x1800,0,0,bulk,accepted,13,13,286,312,0,0
1202,0x1800,0,0,bulk,accepted,3,3,0,6,0,0
1203,0x1800,0,0,bulk,accepted,143,143,6,292,0,0
1204,0x1800,0,0,bulk,accepted,10,10,292,312,0,0
1205,0x1800,0,0,bulk,accepted,27,27,0,54,0,0
1206,0x1800,0,0,bulk,accepted,27,27,0,54,0,0
1207,0x1800,0,0,bulk,accepted,27,27,0,54,0,0
1208,0x1800,0,0,bulk,accepted,27,27,0,54,0,0
1209,0x1800,0,0,bulk,accepted,27,27,0,54,0,0
1210,0x1800,0,0,bulk,accepted,27,27,0,54,0,0
1211,0x1800,0,0,bulk,accepted,27,27,0,54,0,0
1212,0x1800,0,0,bulk,accepted,27,27,0,54,0,0
1213,0x1800,0,0,bulk,accepted,27,27,0,54,0,0
1214,0x1800,0,0,bulk,accepted,27,27,0,54,0,0
1215,0x1800,0,0,bulk,accepted,27,27,0,54,0,0
1216,0x1800,0,0,bulk,accepted,27,27,0,54,0,0
1217,0x1800,0,0,bulk,accepted,27,27,0,54,0,0
1218,0x1800,0,0,bulk,accepted,27,27,0,54,0,0
1219,0x1800,0,0,bulk,accepted,27,27,0,54,0,0
1220,0x1800,0,0,bulk,accepted,27,27,0,54,0,0
1221,0x1800,0,0,bulk,accepted,27,27,0,54,0,0
1222,0x1800,0,0,bulk,accepted,27,27,0,54,0,0
1223,0x1800,0,0,bulk,accepted,5,5,0,10,0,0
1224,0x1800,0,0,bulk,accepted,47,47,10,104,0,0
1225,0x1800,0,0,bulk,accepted,13,13,104,130,0,0
1226,0x1800,0,0,bulk,accepted,3,3,0,6,0,0
1227,0x1800,0,0,bulk,accepted,47,47,6,100,0,0
1228,0x1800,0,0,bulk,accepted,15,15,100,130,0,0
1229,0x1800,0,0,bulk,accepted,1,1,0,2,0,0
1230,0x1800,0,0,bulk,accepted,63,63,2,128,0,0
1231,0x1800,0,0,bulk,accepted,1,1,128,130,0,0
1232,0x1800,0,0,bulk,accepted,63,63,0,126,0,0
1233,0x1800,0,0,bulk,accepted,2,2,126,130,0,0
1234,0x1800,0,0,bulk,accepted,6,6,0,12,0,0
1235,0x1800,0,0,bulk,accepted,47,47,12,106,0,0
1236,0x1800,0,0,bulk,accepted,12,12,106,130,0,0
1237,0x1800,0,0,bulk,accepted,4,4,0,8,0,0
1238,0x1800,0,0,bulk,accepted,47,47,8,102,0,0
1239,0x1800,0,0,bulk,accepted,14,14,102,130,0,0
1240,0x1800,0,0,bulk,accepted,2,2,0,4,0,0
1241,0x1800,0,0,bulk,accepted,63,63,4,130,0,0
1242,0x1800,0,0,bulk,accepted,63,63,0,126,0,0
1243,0x1800,0,0,bulk,accepted,2,2,126,130,0,0
1244,0x1800,0,0,bulk,accepted,6,6,0,12,0,0
1245,0x1800,0,0,bulk,accepted,47,47,12,106,0,0
1246,0x1800,0,0,bulk,accepted,12,12,106,130,0,0
1247,0x1800,0,0,bulk,accepted,4,4,0,8,0,0
1248,0x1800,0,0,bulk,accepted,47,47,8,102,0,0
1249,0x1800,0,0,bulk,accepted,14,14,102,130,0,0
1250,0x1800,0,0,bulk,accepted,4,4,0,8,0,0
1251,0x1800,0,0,bulk,accepted,4,4,0,8,0,0
1252,0x1800,0,0,bulk,accepted,18,18,0,36,0,0
1253,0x1800,0,0,bulk,accepted,4,4,0,8,0,0
1254,0x1800,0,0,bulk,accepted,4,4,0,8,0,0
1255,0x1800,0,0,bulk,accepted,18,18,0,36,0,0
1256,0x1800,0,0,bulk,accepted,4,4,0,8,0,0
1257,0x1800,0,0,bulk,accepted,4,4,0,8,0,0
1258,0x1800,0,0,bulk,accepted,1,1,0,2,0,0
1259,0x1800,0,0,bulk,accepted,47,47,2,96,0,0
1260,0x1800,0,0,bulk,accepted,10,10,96,116,0,0
1261,0x1800,0,0,bulk,accepted,4,4,0,8,0,0
1262,0x1800,0,0,bulk,accepted,4,4,0,8,0,0
1263,0x1800,0,0,bulk,accepted,18,18,0,36,0,0
1264,0x1800,0,0,bulk,accepted,4,4,0,8,0,0
1265,0x1800,0,0,bulk,accepted,4,4,0,8,0,0
1266,0x1800,0,0,bulk,accepted,1,1,0,2,0,0
1267,0x1800,0,0,bulk,accepted,47,47,2,96,0,0
1268,0x1800,0,0,bulk,accepted,10,10,96,116,0,0
1269,0x1800,0,0,bulk,accepted,4,4,0,8,0,0
1270,0x1800,0,0,bulk,accepted,4,4,0,8,0,0
1271,0x1800,0,0,bulk,accepted,4,4,0,8,0,0
1272,0x1800,0,0,bulk,accepted,47,47,8,102,0,0
1273,0x1800,0,0,bulk,accepted,7,7,102,116,0,0
1274,0x1800,0,0,bulk,accepted,4,4,0,8,0,0
1275,0x1800,0,0,bulk,accepted,4,4,0,8,0,0
1276,0x1800,0,0,bulk,accepted,18,18,0,36,0,0
1277,0x1800,0,0,bulk,accepted,4,4,0,8,0,0
1278,0x1800,0,0,bulk,accepted,4,4,0,8,0,0
1279,0x1800,0,0,bulk,accepted,18,18,0,36,0,0
1280,0x1800,0,0,bulk,accepted,2,2,0,4,0,0
1281,0x1808,1,0,scalar_incrementing,accepted,1,1,4,5,0,0
1282,0x1800,0,0,bulk,accepted,2,2,0,4,0,0
1283,0x1808,1,0,scalar_incrementing,accepted,1,1,4,5,0,0
1284,0x1800,0,0,bulk,accepted,1,1,0,2,0,0
1285,0x1800,0,0,bulk,accepted,31,31,2,64,0,0
1286,0x1800,0,0,bulk,accepted,8,8,64,80,0,0
1287,0x1800,0,0,bulk,accepted,2,2,0,4,0,0
1288,0x1808,1,0,scalar_incrementing,accepted,1,1,4,5,0,0
1289,0x1800,0,0,bulk,accepted,2,2,0,4,0,0
1290,0x1808,1,0,scalar_incrementing,accepted,1,1,4,5,0,0
1291,0x1800,0,0,bulk,accepted,6,6,0,12,0,0
1292,0x1800,0,0,bulk,accepted,31,31,12,74,0,0
1293,0x1800,0,0,bulk,accepted,3,3,74,80,0,0
1294,0x1800,0,0,bulk,accepted,4,4,0,8,0,0
1295,0x1800,0,0,bulk,accepted,4,4,0,8,0,0
1296,0x1800,0,0,bulk,accepted,3,3,0,6,0,0
1297,0x1800,0,0,bulk,accepted,47,47,6,100,0,0
1298,0x1800,0,0,bulk,accepted,8,8,100,116,0,0
1299,0x1800,0,0,bulk,accepted,2,2,0,4,0,0
1300,0x1808,1,0,scalar_incrementing,accepted,1,1,4,5,0,0
1301,0x1800,0,0,bulk,accepted,2,2,0,4,0,0
1302,0x1808,1,0,scalar_incrementing,accepted,1,1,4,5,0,0
1303,0x1800,0,0,bulk,accepted,6,6,0,12,0,0
1304,0x1800,0,0,bulk,accepted,31,31,12,74,0,0
1305,0x1800,0,0,bulk,accepted,3,3,74,80,0,0
1306,0x1800,0,0,bulk,accepted,2,2,0,4,0,0
1307,0x1808,1,0,scalar_incrementing,accepted,1,1,4,5,0,0
1308,0x1800,0,0,bulk,accepted,2,2,0,4,0,0
1309,0x1808,1,0,scalar_incrementing,accepted,1,1,4,5,0,0
1310,0x1800,0,0,bulk,accepted,3,3,0,6,0,0
1311,0x1800,0,0,bulk,accepted,31,31,6,68,0,0
1312,0x1800,0,0,bulk,accepted,6,6,68,80,0,0
1313,0x1800,0,0,bulk,accepted,2,2,0,4,0,0
1314,0x1808,1,0,scalar_incrementing,accepted,1,1,4,5,0,0
1315,0x1800,0,0,bulk,accepted,2,2,0,4,0,0
1316,0x1808,1,0,scalar_incrementing,accepted,1,1,4,5,0,0
1317,0x1800,0,0,bulk,accepted,31,31,0,62,0,0
1318,0x1800,0,0,bulk,accepted,9,9,62,80,0,0
1319,0x1800,0,0,bulk,accepted,4,4,0,8,0,0
1320,0x1800,0,0,bulk,accepted,4,4,0,8,0,0
1321,0x1800,0,0,bulk,accepted,18,18,0,36,0,0
1322,0x1800,0,0,bulk,accepted,4,4,0,8,0,0
1323,0x1800,0,0,bulk,accepted,4,4,0,8,0,0
1324,0x1800,0,0,bulk,accepted,2,2,0,4,0,0
1325,0x1800,0,0,bulk,accepted,47,47,4,98,0,0
1326,0x1800,0,0,bulk,accepted,9,9,98,116,0,0
1327,0x1800,0,0,bulk,accepted,4,4,0,8,0,0
1328,0x1800,0,0,bulk,accepted,4,4,0,8,0,0
1329,0x1800,0,0,bulk,accepted,5,5,0,10,0,0
1330,0x1800,0,0,bulk,accepted,47,47,10,104,0,0
1331,0x1800,0,0,bulk,accepted,6,6,104,116,0,0
1332,0x1800,0,0,bulk,accepted,4,4,0,8,0,0
1333,0x1800,0,0,bulk,accepted,4,4,0,8,0,0
1334,0x1800,0,0,bulk,accepted,18,18,0,36,0,0
1335,0x1800,0,0,bulk,accepted,4,4,0,8,0,0
1336,0x1800,0,0,bulk,accepted,4,4,0,8,0,0
1337,0x1800,0,0,bulk,accepted,18,18,0,36,0,0
1338,0x1800,0,0,bulk,accepted,4,4,0,8,0,0
1339,0x1800,0,0,bulk,accepted,4,4,0,8,0,0
1340,0x1800,0,0,bulk,accepted,18,18,0,36,0,0
1341,0x1800,0,0,bulk,accepted,4,4,0,8,0,0
1342,0x1800,0,0,bulk,accepted,4,4,0,8,0,0
1343,0x1800,0,0,bulk,accepted,18,18,0,36,0,0
1344,0x1800,0,0,bulk,accepted,3,3,0,6,0,0
1345,0x1800,0,0,bulk,accepted,3,3,0,6,0,0
1346,0x1800,0,0,bulk,accepted,14,14,0,28,0,0
1347,0x1800,0,0,bulk,accepted,3,3,0,6,0,0
1348,0x1800,0,0,bulk,accepted,3,3,0,6,0,0
1349,0x1800,0,0,bulk,accepted,14,14,0,28,0,0
1350,0x1800,0,0,bulk,accepted,1,1,0,2,0,0
1351,0x1808,1,0,scalar_incrementing,accepted,1,1,2,3,0,0
1352,0x1800,0,0,bulk,accepted,1,1,0,2,0,0
1353,0x1808,1,0,scalar_incrementing,accepted,1,1,2,3,0,0
1354,0x1800,0,0,bulk,accepted,8,8,0,16,0,0
1355,0x1800,0,0,bulk,accepted,1,1,0,2,0,0
1356,0x1808,1,0,scalar_incrementing,accepted,1,1,2,3,0,0
1357,0x1800,0,0,bulk,accepted,1,1,0,2,0,0
1358,0x1808,1,0,scalar_incrementing,accepted,1,1,2,3,0,0
1359,0x1800,0,0,bulk,accepted,8,8,0,16,0,0
1360,0x1800,0,0,bulk,accepted,1,1,0,2,0,0
1361,0x1808,1,0,scalar_incrementing,accepted,1,1,2,3,0,0
1362,0x1800,0,0,bulk,accepted,1,1,0,2,0,0
1363,0x1808,1,0,scalar_incrementing,accepted,1,1,2,3,0,0
1364,0x1800,0,0,bulk,accepted,8,8,0,16,0,0
1365,0x1800,0,0,bulk,accepted,1,1,0,2,0,0
1366,0x1808,1,0,scalar_incrementing,accepted,1,1,2,3,0,0
1367,0x1800,0,0,bulk,accepted,1,1,0,2,0,0
1368,0x1808,1,0,scalar_incrementing,accepted,1,1,2,3,0,0
1369,0x1800,0,0,bulk,accepted,8,8,0,16,0,0
1370,0x1800,0,0,bulk,accepted,1,1,0,2,0,0
1371,0x1808,1,0,scalar_incrementing,accepted,1,1,2,3,0,0
1372,0x1800,0,0,bulk,accepted,1,1,0,2,0,0
1373,0x1808,1,0,scalar_incrementing,accepted,1,1,2,3,0,0
1374,0x1800,0,0,bulk,accepted,8,8,0,16,0,0
1375,0x1800,0,0,bulk,accepted,1,1,0,2,0,0
1376,0x1808,1,0,scalar_incrementing,accepted,1,1,2,3,0,0
1377,0x1800,0,0,bulk,accepted,1,1,0,2,0,0
1378,0x1808,1,0,scalar_incrementing,accepted,1,1,2,3,0,0
1379,0x1800,0,0,bulk,accepted,8,8,0,16,0,0
1380,0x1800,0,0,bulk,accepted,1,1,0,2,0,0
1381,0x1808,1,0,scalar_incrementing,accepted,1,1,2,3,0,0
1382,0x1800,0,0,bulk,accepted,1,1,0,2,0,0
1383,0x1808,1,0,scalar_incrementing,accepted,1,1,2,3,0,0
1384,0x1800,0,0,bulk,accepted,8,8,0,16,0,0
1385,0x1800,0,0,bulk,accepted,1,1,0,2,0,0
1386,0x1808,1,0,scalar_incrementing,accepted,1,1,2,3,0,0
1387,0x1800,0,0,bulk,accepted,1,1,0,2,0,0
1388,0x1808,1,0,scalar_incrementing,accepted,1,1,2,3,0,0
1389,0x1800,0,0,bulk,accepted,8,8,0,16,0,0
1390,0x1800,0,0,bulk,accepted,5,5,0,10,0,0
1391,0x1800,0,0,bulk,accepted,5,5,0,10,0,0
1392,0x1800,0,0,bulk,accepted,22,22,0,44,0,0
1393,0x1800,0,0,bulk,accepted,5,5,0,10,0,0
1394,0x1800,0,0,bulk,accepted,5,5,0,10,0,0
1395,0x1800,0,0,bulk,accepted,22,22,0,44,0,0
1396,0x1800,0,0,bulk,accepted,5,5,0,10,0,0
1397,0x1800,0,0,bulk,accepted,5,5,0,10,0,0
1398,0x1800,0,0,bulk,accepted,22,22,0,44,0,0
1399,0x1800,0,0,bulk,accepted,5,5,0,10,0,0
1400,0x1800,0,0,bulk,accepted,5,5,0,10,0,0
1401,0x1800,0,0,bulk,accepted,22,22,0,44,0,0
1402,0x1800,0,0,bulk,accepted,5,5,0,10,0,0
1403,0x1800,0,0,bulk,accepted,5,5,0,10,0,0
1404,0x1800,0,0,bulk,accepted,22,22,0,44,0,0
1405,0x1800,0,0,bulk,accepted,5,5,0,10,0,0
1406,0x1800,0,0,bulk,accepted,5,5,0,10,0,0
1407,0x1800,0,0,bulk,accepted,22,22,0,44,0,0
1408,0x1800,0,0,bulk,accepted,5,5,0,10,0,0
1409,0x1800,0,0,bulk,accepted,5,5,0,10,0,0
1410,0x1800,0,0,bulk,accepted,22,22,0,44,0,0
1411,0x1800,0,0,bulk,accepted,5,5,0,10,0,0
1412,0x1800,0,0,bulk,accepted,5,5,0,10,0,0
1413,0x1800,0,0,bulk,accepted,22,22,0,44,0,0
1414,0x1800,0,0,bulk,accepted,1,1,0,2,0,0
1415,0x1808,1,0,scalar_incrementing,accepted,1,1,2,3,0,0
1416,0x1800,0,0,bulk,accepted,1,1,0,2,0,0
1417,0x1808,1,0,scalar_incrementing,accepted,1,1,2,3,0,0
1418,0x1800,0,0,bulk,accepted,8,8,0,16,0,0
1419,0x1800,0,0,bulk,accepted,1,1,0,2,0,0
1420,0x1808,1,0,scalar_incrementing,accepted,1,1,2,3,0,0
1421,0x1800,0,0,bulk,accepted,1,1,0,2,0,0
1422,0x1808,1,0,scalar_incrementing,accepted,1,1,2,3,0,0
1423,0x1800,0,0,bulk,accepted,8,8,0,16,0,0
1424,0x1800,0,0,bulk,accepted,1,1,0,2,0,0
1425,0x1808,1,0,scalar_incrementing,accepted,1,1,2,3,0,0
1426,0x1800,0,0,bulk,accepted,1,1,0,2,0,0
1427,0x1808,1,0,scalar_incrementing,accepted,1,1,2,3,0,0
1428,0x1800,0,0,bulk,accepted,8,8,0,16,0,0
1429,0x1800,0,0,bulk,accepted,1,1,0,2,0,0
1430,0x1808,1,0,scalar_incrementing,accepted,1,1,2,3,0,0
1431,0x1800,0,0,bulk,accepted,1,1,0,2,0,0
1432,0x1808,1,0,scalar_incrementing,accepted,1,1,2,3,0,0
1433,0x1800,0,0,bulk,accepted,8,8,0,16,0,0
1434,0x1800,0,0,bulk,accepted,1,1,0,2,0,0
1435,0x1808,1,0,scalar_incrementing,accepted,1,1,2,3,0,0
1436,0x1800,0,0,bulk,accepted,1,1,0,2,0,0
1437,0x1808,1,0,scalar_incrementing,accepted,1,1,2,3,0,0
1438,0x1800,0,0,bulk,accepted,8,8,0,16,0,0
1439,0x1800,0,0,bulk,accepted,1,1,0,2,0,0
1440,0x1808,1,0,scalar_incrementing,accepted,1,1,2,3,0,0
1441,0x1800,0,0,bulk,accepted,1,1,0,2,0,0
1442,0x1808,1,0,scalar_incrementing,accepted,1,1,2,3,0,0
1443,0x1800,0,0,bulk,accepted,8,8,0,16,0,0
1444,0x1800,0,0,bulk,accepted,1,1,0,2,0,0
1445,0x1808,1,0,scalar_incrementing,accepted,1,1,2,3,0,0
1446,0x1800,0,0,bulk,accepted,1,1,0,2,0,0
1447,0x1808,1,0,scalar_incrementing,accepted,1,1,2,3,0,0
1448,0x1800,0,0,bulk,accepted,8,8,0,16,0,0
1449,0x1800,0,0,bulk,accepted,1,1,0,2,0,0
1450,0x1808,1,0,scalar_incrementing,accepted,1,1,2,3,0,0
1451,0x1800,0,0,bulk,accepted,1,1,0,2,0,0
1452,0x1808,1,0,scalar_incrementing,accepted,1,1,2,3,0,0
1453,0x1800,0,0,bulk,accepted,8,8,0,16,0,0
1454,0x1800,0,0,bulk,accepted,18,18,0,36,0,0
1455,0x1800,0,0,bulk,accepted,18,18,0,36,0,0
1456,0x1800,0,0,bulk,accepted,18,18,0,36,0,0
1457,0x1800,0,0,bulk,accepted,18,18,0,36,0,0
1458,0x1800,0,0,bulk,accepted,18,18,0,36,0,0
1459,0x1800,0,0,bulk,accepted,18,18,0,36,0,0
1460,0x1800,0,0,bulk,accepted,18,18,0,36,0,0
1461,0x1800,0,0,bulk,accepted,18,18,0,36,0,0
1462,0x1800,0,0,bulk,accepted,18,18,0,36,0,0
1463,0x1800,0,0,bulk,accepted,18,18,0,36,0,0
1464,0x1800,0,0,bulk,accepted,18,18,0,36,0,0
1465,0x1800,0,0,bulk,accepted,18,18,0,36,0,0
1466,0x1800,0,0,bulk,accepted,18,18,0,36,0,0
1467,0x1800,0,0,bulk,accepted,18,18,0,36,0,0
1468,0x1800,0,0,bulk,accepted,18,18,0,36,0,0
1469,0x1800,0,0,bulk,accepted,18,18,0,36,0,0
1470,0x1800,0,0,bulk,accepted,18,18,0,36,0,0
1471,0x1800,0,0,bulk,accepted,18,18,0,36,0,0
1472,0x1800,0,0,bulk,accepted,18,18,0,36,0,0
1473,0x1800,0,0,bulk,accepted,18,18,0,36,0,0
1474,0x1800,0,0,bulk,accepted,18,18,0,36,0,0
1475,0x1800,0,0,bulk,accepted,18,18,0,36,0,0
1476,0x1800,0,0,bulk,accepted,18,18,0,36,0,0
1477,0x1800,0,0,bulk,accepted,18,18,0,36,0,0
1478,0x1800,0,0,bulk,accepted,18,18,0,36,0,0
1479,0x1800,0,0,bulk,accepted,18,18,0,36,0,0
1480,0x1800,0,0,bulk,accepted,18,18,0,36,0,0
1481,0x1800,0,0,bulk,accepted,18,18,0,36,0,0
1482,0x1800,0,0,bulk,accepted,18,18,0,36,0,0
1483,0x1800,0,0,bulk,accepted,18,18,0,36,0,0
1484,0x1800,0,0,bulk,accepted,18,18,0,36,0,0
1485,0x1800,0,0,bulk,accepted,18,18,0,36,0,0
1486,0x1800,0,0,bulk,accepted,18,18,0,36,0,0
1487,0x1800,0,0,bulk,accepted,18,18,0,36,0,0
1488,0x1800,0,0,bulk,accepted,18,18,0,36,0,0
1489,0x1800,0,0,bulk,accepted,18,18,0,36,0,0
1490,0x1800,0,0,bulk,accepted,18,18,0,36,0,0
1491,0x1800,0,0,bulk,accepted,18,18,0,36,0,0
1492,0x1800,0,0,bulk,accepted,18,18,0,36,0,0
1493,0x1800,0,0,bulk,accepted,18,18,0,36,0,0
1494,0x1800,0,0,bulk,accepted,18,18,0,36,0,0
1495,0x1800,0,0,bulk,accepted,18,18,0,36,0,0
1496,0x1800,0,0,bulk,accepted,18,18,0,36,0,0
1497,0x1800,0,0,bulk,accepted,18,18,0,36,0,0
1498,0x1800,0,0,bulk,accepted,18,18,0,36,0,0
1499,0x1800,0,0,bulk,accepted,18,18,0,36,0,0
1500,0x1800,0,0,bulk,accepted,18,18,0,36,0,0
1501,0x1800,0,0,bulk,accepted,18,18,0,36,0,0
1502,0x1800,0,0,bulk,accepted,18,18,0,36,0,0
1503,0x1800,0,0,bulk,accepted,18,18,0,36,0,0
1504,0x1800,0,0,bulk,accepted,18,18,0,36,0,0
1505,0x1800,0,0,bulk,accepted,18,18,0,36,0,0
1506,0x1800,0,0,bulk,accepted,18,18,0,36,0,0
1507,0x1800,0,0,bulk,accepted,18,18,0,36,0,0
1508,0x1800,0,0,bulk,accepted,18,18,0,36,0,0
1509,0x1800,0,0,bulk,accepted,18,18,0,36,0,0
1510,0x1800,0,0,bulk,accepted,18,18,0,36,0,0
1511,0x1800,0,0,bulk,accepted,18,18,0,36,0,0
1512,0x1800,0,0,bulk,accepted,18,18,0,36,0,0
1513,0x1800,0,0,bulk,accepted,18,18,0,36,0,0
1514,0x1800,0,0,bulk,accepted,18,18,0,36,0,0
1515,0x1800,0,0,bulk,accepted,18,18,0,36,0,0
1516,0x1800,0,0,bulk,accepted,18,18,0,36,0,0
1517,0x1800,0,0,bulk,accepted,18,18,0,36,0,0
1518,0x1800,0,0,bulk,accepted,18,18,0,36,0,0
1519,0x1800,0,0,bulk,accepted,18,18,0,36,0,0
1520,0x1800,0,0,bulk,accepted,18,18,0,36,0,0
1521,0x1800,0,0,bulk,accepted,18,18,0,36,0,0
1522,0x1800,0,0,bulk,accepted,18,18,0,36,0,0
1523,0x1800,0,0,bulk,accepted,18,18,0,36,0,0
1524,0x1800,0,0,bulk,accepted,18,18,0,36,0,0
1525,0x1800,0,0,bulk,accepted,18,18,0,36,0,0
1526,0x1800,0,0,bulk,accepted,4,4,0,8,0,0
1527,0x1800,0,0,bulk,accepted,95,95,8,198,0,0
1528,0x1800,0,0,bulk,accepted,3,3,198,204,0,0
1529,0x1800,0,0,bulk,accepted,5,5,0,10,0,0
1530,0x1800,0,0,bulk,accepted,95,95,10,200,0,0
1531,0x1800,0,0,bulk,accepted,2,2,200,204,0,0
1532,0x1800,0,0,bulk,accepted,6,6,0,12,0,0
1533,0x1800,0,0,bulk,accepted,79,79,12,170,0,0
1534,0x1800,0,0,bulk,accepted,79,79,0,158,0,0
1535,0x1800,0,0,bulk,accepted,6,6,158,170,0,0
1536,0x1800,0,0,bulk,accepted,2,2,0,4,0,0
1537,0x1800,0,0,bulk,accepted,79,79,4,162,0,0
1538,0x1800,0,0,bulk,accepted,4,4,162,170,0,0
1539,0x1800,0,0,bulk,accepted,4,4,0,8,0,0
1540,0x1800,0,0,bulk,accepted,79,79,8,166,0,0
1541,0x1800,0,0,bulk,accepted,2,2,166,170,0,0
1542,0x1800,0,0,bulk,accepted,6,6,0,12,0,0
1543,0x1800,0,0,bulk,accepted,47,47,12,106,0,0
1544,0x1800,0,0,bulk,accepted,12,12,106,130,0,0
1545,0x1800,0,0,bulk,accepted,4,4,0,8,0,0
1546,0x1800,0,0,bulk,accepted,47,47,8,102,0,0
1547,0x1800,0,0,bulk,accepted,14,14,102,130,0,0
1548,0x1800,0,0,bulk,accepted,2,2,0,4,0,0
1549,0x1800,0,0,bulk,accepted,63,63,4,130,0,0
1550,0x1800,0,0,bulk,accepted,3,3,130,136,0,0
1551,0x1800,0,0,bulk,accepted,5,5,0,10,0,0
1552,0x1800,0,0,bulk,accepted,63,63,10,136,0,0
1553,0x1800,0,0,bulk,accepted,63,63,0,126,0,0
1554,0x1800,0,0,bulk,accepted,5,5,126,136,0,0
1555,0x1800,0,0,bulk,accepted,3,3,0,6,0,0
1556,0x1800,0,0,bulk,accepted,63,63,6,132,0,0
1557,0x1800,0,0,bulk,accepted,2,2,132,136,0,0
1558,0x1800,0,0,bulk,accepted,6,6,0,12,0,0
1559,0x1800,0,0,bulk,accepted,47,47,12,106,0,0
1560,0x1800,0,0,bulk,accepted,15,15,106,136,0,0
1561,0x1800,0,0,bulk,accepted,1,1,0,2,0,0
1562,0x1800,0,0,bulk,accepted,63,63,2,128,0,0
1563,0x1800,0,0,bulk,accepted,4,4,128,136,0,0
1564,0x1800,0,0,bulk,accepted,4,4,0,8,0,0
1565,0x1800,0,0,bulk,accepted,63,63,8,134,0,0
1566,0x1800,0,0,bulk,accepted,1,1,134,136,0,0
1567,0x1800,0,0,bulk,accepted,63,63,0,126,0,0
1568,0x1800,0,0,bulk,accepted,5,5,126,136,0,0
1569,0x1800,0,0,bulk,accepted,3,3,0,6,0,0
1570,0x1800,0,0,bulk,accepted,63,63,6,132,0,0
1571,0x1800,0,0,bulk,accepted,2,2,132,136,0,0
1572,0x1800,0,0,bulk,accepted,6,6,0,12,0,0
1573,0x1800,0,0,bulk,accepted,47,47,12,106,0,0
1574,0x1800,0,0,bulk,accepted,15,15,106,136,0,0
1575,0x1800,0,0,bulk,accepted,1,1,0,2,0,0
1576,0x1800,0,0,bulk,accepted,63,63,2,128,0,0
1577,0x1800,0,0,bulk,accepted,4,4,128,136,0,0
1578,0x1800,0,0,bulk,accepted,4,4,0,8,0,0
1579,0x1800,0,0,bulk,accepted,63,63,8,134,0,0
1580,0x1800,0,0,bulk,accepted,1,1,134,136,0,0
1581,0x1800,0,0,bulk,accepted,63,63,0,126,0,0
1582,0x1800,0,0,bulk,accepted,5,5,126,136,0,0
1583,0x1800,0,0,bulk,accepted,3,3,0,6,0,0
1584,0x1800,0,0,bulk,accepted,63,63,6,132,0,0
1585,0x1800,0,0,bulk,accepted,2,2,132,136,0,0
1586,0x1800,0,0,bulk,accepted,6,6,0,12,0,0
1587,0x1800,0,0,bulk,accepted,47,47,12,106,0,0
1588,0x1800,0,0,bulk,accepted,15,15,106,136,0,0
1589,0x1800,0,0,bulk,accepted,1,1,0,2,0,0
1590,0x1800,0,0,bulk,accepted,63,63,2,128,0,0
1591,0x1800,0,0,bulk,accepted,4,4,128,136,0,0
1592,0x1800,0,0,bulk,accepted,21,21,0,42,0,0
1593,0x1800,0,0,bulk,accepted,21,21,0,42,0,0
1594,0x1800,0,0,bulk,accepted,21,21,0,42,0,0
1595,0x1800,0,0,bulk,accepted,21,21,0,42,0,0
1596,0x1800,0,0,bulk,accepted,21,21,0,42,0,0
1597,0x1800,0,0,bulk,accepted,21,21,0,42,0,0
1598,0x1800,0,0,bulk,accepted,21,21,0,42,0,0
1599,0x1800,0,0,bulk,accepted,21,21,0,42,0,0
1600,0x1800,0,0,bulk,accepted,21,21,0,42,0,0
1601,0x1800,0,0,bulk,accepted,21,21,0,42,0,0
1602,0x1800,0,0,bulk,accepted,21,21,0,42,0,0
1603,0x1800,0,0,bulk,accepted,21,21,0,42,0,0
1604,0x1800,0,0,bulk,accepted,21,21,0,42,0,0
1605,0x1800,0,0,bulk,accepted,21,21,0,42,0,0
1606,0x1800,0,0,bulk,accepted,21,21,0,42,0,0
1607,0x1800,0,0,bulk,accepted,21,21,0,42,0,0
1608,0x1800,0,0,bulk,accepted,21,21,0,42,0,0
1609,0x1800,0,0,bulk,accepted,21,21,0,42,0,0
1610,0x1800,0,0,bulk,accepted,21,21,0,42,0,0
1611,0x1800,0,0,bulk,accepted,21,21,0,42,0,0
1612,0x1800,0,0,bulk,accepted,21,21,0,42,0,0
1613,0x1800,0,0,bulk,accepted,21,21,0,42,0,0
1614,0x1800,0,0,bulk,accepted,21,21,0,42,0,0
1615,0x1800,0,0,bulk,accepted,21,21,0,42,0,0
1616,0x1800,0,0,bulk,accepted,21,21,0,42,0,0
1617,0x1800,0,0,bulk,accepted,21,21,0,42,0,0
1618,0x1800,0,0,bulk,accepted,21,21,0,42,0,0
1619,0x1800,0,0,bulk,accepted,21,21,0,42,0,0
1620,0x1800,0,0,bulk,accepted,21,21,0,42,0,0
1621,0x1800,0,0,bulk,accepted,21,21,0,42,0,0
1622,0x1800,0,0,bulk,accepted,21,21,0,42,0,0
1623,0x1800,0,0,bulk,accepted,21,21,0,42,0,0
1624,0x1800,0,0,bulk,accepted,21,21,0,42,0,0
1625,0x1800,0,0,bulk,accepted,21,21,0,42,0,0
1626,0x1800,0,0,bulk,accepted,21,21,0,42,0,0
1627,0x1800,0,0,bulk,accepted,21,21,0,42,0,0
1628,0x1800,0,0,bulk,accepted,21,21,0,42,0,0
1629,0x1800,0,0,bulk,accepted,21,21,0,42,0,0
1630,0x1800,0,0,bulk,accepted,21,21,0,42,0,0
1631,0x1800,0,0,bulk,accepted,21,21,0,42,0,0
1632,0x1800,0,0,bulk,accepted,21,21,0,42,0,0
1633,0x1800,0,0,bulk,accepted,21,21,0,42,0,0
1634,0x1800,0,0,bulk,accepted,21,21,0,42,0,0
1635,0x1800,0,0,bulk,accepted,21,21,0,42,0,0
1636,0x1800,0,0,bulk,accepted,21,21,0,42,0,0
1637,0x1800,0,0,bulk,accepted,21,21,0,42,0,0
1638,0x1800,0,0,bulk,accepted,21,21,0,42,0,0
1639,0x1800,0,0,bulk,accepted,21,21,0,42,0,0
1640,0x1800,0,0,bulk,accepted,4,4,0,8,0,0
1641,0x1800,0,0,bulk,accepted,79,79,8,166,0,0
1642,0x1800,0,0,bulk,accepted,2,2,166,170,0,0
1643,0x1800,0,0,bulk,accepted,6,6,0,12,0,0
1644,0x1800,0,0,bulk,accepted,79,79,12,170,0,0
1645,0x1800,0,0,bulk,accepted,79,79,0,158,0,0
1646,0x1800,0,0,bulk,accepted,6,6,158,170,0,0
1647,0x1800,0,0,bulk,accepted,2,2,0,4,0,0
1648,0x1800,0,0,bulk,accepted,79,79,4,162,0,0
1649,0x1800,0,0,bulk,accepted,4,4,162,170,0,0
1650,0x1800,0,0,bulk,accepted,4,4,0,8,0,0
1651,0x1800,0,0,bulk,accepted,79,79,8,166,0,0
1652,0x1800,0,0,bulk,accepted,2,2,166,170,0,0
1653,0x1800,0,0,bulk,accepted,6,6,0,12,0,0
1654,0x1800,0,0,bulk,accepted,79,79,12,170,0,0
1655,0x1800,0,0,bulk,accepted,79,79,0,158,0,0
1656,0x1800,0,0,bulk,accepted,6,6,158,170,0,0
1657,0x1800,0,0,bulk,accepted,2,2,0,4,0,0
1658,0x1800,0,0,bulk,accepted,79,79,4,162,0,0
1659,0x1800,0,0,bulk,accepted,4,4,162,170,0,0
1660,0x1800,0,0,bulk,accepted,4,4,0,8,0,0
1661,0x1800,0,0,bulk,accepted,79,79,8,166,0,0
1662,0x1800,0,0,bulk,accepted,2,2,166,170,0,0
1663,0x1800,0,0,bulk,accepted,6,6,0,12,0,0
1664,0x1800,0,0,bulk,accepted,79,79,12,170,0,0
1665,0x1800,0,0,bulk,accepted,79,79,0,158,0,0
1666,0x1800,0,0,bulk,accepted,6,6,158,170,0,0
1667,0x1800,0,0,bulk,accepted,2,2,0,4,0,0
1668,0x1800,0,0,bulk,accepted,79,79,4,162,0,0
1669,0x1800,0,0,bulk,accepted,4,4,162,170,0,0
1670,0x1800,0,0,bulk,accepted,2,2,0,4,0,0
1671,0x1808,1,0,scalar_incrementing,accepted,1,1,4,5,0,0
1672,0x1800,0,0,bulk,accepted,2,2,0,4,0,0
1673,0x1808,1,0,scalar_incrementing,accepted,1,1,4,5,0,0
1674,0x1800,0,0,bulk,accepted,19,19,0,38,0,0
1675,0x1800,0,0,bulk,accepted,2,2,0,4,0,0
1676,0x1808,1,0,scalar_incrementing,accepted,1,1,4,5,0,0
1677,0x1800,0,0,bulk,accepted,2,2,0,4,0,0
1678,0x1808,1,0,scalar_incrementing,accepted,1,1,4,5,0,0
1679,0x1800,0,0,bulk,accepted,19,19,0,38,0,0
1680,0x1800,0,0,bulk,accepted,2,2,0,4,0,0
1681,0x1808,1,0,scalar_incrementing,accepted,1,1,4,5,0,0
1682,0x1800,0,0,bulk,accepted,2,2,0,4,0,0
1683,0x1808,1,0,scalar_incrementing,accepted,1,1,4,5,0,0
1684,0x1800,0,0,bulk,accepted,19,19,0,38,0,0
1685,0x1800,0,0,bulk,accepted,2,2,0,4,0,0
1686,0x1808,1,0,scalar_incrementing,accepted,1,1,4,5,0,0
1687,0x1800,0,0,bulk,accepted,2,2,0,4,0,0
1688,0x1808,1,0,scalar_incrementing,accepted,1,1,4,5,0,0
1689,0x1800,0,0,bulk,accepted,19,19,0,38,0,0
1690,0x1800,0,0,bulk,accepted,2,2,0,4,0,0
1691,0x1808,1,0,scalar_incrementing,accepted,1,1,4,5,0,0
1692,0x1800,0,0,bulk,accepted,2,2,0,4,0,0
1693,0x1808,1,0,scalar_incrementing,accepted,1,1,4,5,0,0
1694,0x1800,0,0,bulk,accepted,19,19,0,38,0,0
1695,0x1800,0,0,bulk,accepted,2,2,0,4,0,0
1696,0x1808,1,0,scalar_incrementing,accepted,1,1,4,5,0,0
1697,0x1800,0,0,bulk,accepted,2,2,0,4,0,0
1698,0x1808,1,0,scalar_incrementing,accepted,1,1,4,5,0,0
1699,0x1800,0,0,bulk,accepted,19,19,0,38,0,0
1700,0x1800,0,0,bulk,accepted,2,2,0,4,0,0
1701,0x1808,1,0,scalar_incrementing,accepted,1,1,4,5,0,0
1702,0x1800,0,0,bulk,accepted,2,2,0,4,0,0
1703,0x1808,1,0,scalar_incrementing,accepted,1,1,4,5,0,0
1704,0x1800,0,0,bulk,accepted,19,19,0,38,0,0
1705,0x1800,0,0,bulk,accepted,2,2,0,4,0,0
1706,0x1808,1,0,scalar_incrementing,accepted,1,1,4,5,0,0
1707,0x1800,0,0,bulk,accepted,2,2,0,4,0,0
1708,0x1808,1,0,scalar_incrementing,accepted,1,1,4,5,0,0
1709,0x1800,0,0,bulk,accepted,19,19,0,38,0,0
1710,0x1800,0,0,bulk,accepted,2,2,0,4,0,0
1711,0x1808,1,0,scalar_incrementing,accepted,1,1,4,5,0,0
1712,0x1800,0,0,bulk,accepted,2,2,0,4,0,0
1713,0x1808,1,0,scalar_incrementing,accepted,1,1,4,5,0,0
1714,0x1800,0,0,bulk,accepted,19,19,0,38,0,0
1715,0x1800,0,0,bulk,accepted,2,2,0,4,0,0
1716,0x1808,1,0,scalar_incrementing,accepted,1,1,4,5,0,0
1717,0x1800,0,0,bulk,accepted,2,2,0,4,0,0
1718,0x1808,1,0,scalar_incrementing,accepted,1,1,4,5,0,0
1719,0x1800,0,0,bulk,accepted,19,19,0,38,0,0
1720,0x1800,0,0,bulk,accepted,4,4,0,8,0,0
1721,0x1800,0,0,bulk,accepted,4,4,0,8,0,0
1722,0x1800,0,0,bulk,accepted,18,18,0,36,0,0
1723,0x1800,0,0,bulk,accepted,4,4,0,8,0,0
1724,0x1800,0,0,bulk,accepted,4,4,0,8,0,0
1725,0x1800,0,0,bulk,accepted,18,18,0,36,0,0
1726,0x1800,0,0,bulk,accepted,4,4,0,8,0,0
1727,0x1800,0,0,bulk,accepted,4,4,0,8,0,0
1728,0x1800,0,0,bulk,accepted,18,18,0,36,0,0
1729,0x1800,0,0,bulk,accepted,4,4,0,8,0,0
1730,0x1800,0,0,bulk,accepted,4,4,0,8,0,0
1731,0x1800,0,0,bulk,accepted,18,18,0,36,0,0
1732,0x1800,0,0,bulk,accepted,4,4,0,8,0,0
1733,0x1800,0,0,bulk,accepted,4,4,0,8,0,0
1734,0x1800,0,0,bulk,accepted,18,18,0,36,0,0
1735,0x1800,0,0,bulk,accepted,4,4,0,8,0,0
1736,0x1800,0,0,bulk,accepted,4,4,0,8,0,0
1737,0x1800,0,0,bulk,accepted,18,18,0,36,0,0
1738,0x1800,0,0,bulk,accepted,4,4,0,8,0,0
1739,0x1800,0,0,bulk,accepted,4,4,0,8,0,0
1740,0x1800,0,0,bulk,accepted,18,18,0,36,0,0
1741,0x1800,0,0,bulk,accepted,4,4,0,8,0,0
1742,0x1800,0,0,bulk,accepted,4,4,0,8,0,0
1743,0x1800,0,0,bulk,accepted,18,18,0,36,0,0
1744,0x1800,0,0,bulk,accepted,2,2,0,4,0,0
1745,0x1800,0,0,bulk,accepted,2,2,0,4,0,0
1746,0x1800,0,0,bulk,accepted,10,10,0,20,0,0
1747,0x1800,0,0,bulk,accepted,2,2,0,4,0,0
1748,0x1800,0,0,bulk,accepted,2,2,0,4,0,0
1749,0x1800,0,0,bulk,accepted,10,10,0,20,0,0
1750,0x1800,0,0,bulk,accepted,2,2,0,4,0,0
1751,0x1800,0,0,bulk,accepted,2,2,0,4,0,0
1752,0x1800,0,0,bulk,accepted,10,10,0,20,0,0
1753,0x1800,0,0,bulk,accepted,2,2,0,4,0,0
1754,0x1800,0,0,bulk,accepted,2,2,0,4,0,0
1755,0x1800,0,0,bulk,accepted,10,10,0,20,0,0
1756,0x1800,0,0,bulk,accepted,2,2,0,4,0,0
1757,0x1800,0,0,bulk,accepted,2,2,0,4,0,0
1758,0x1800,0,0,bulk,accepted,10,10,0,20,0,0
1759,0x1800,0,0,bulk,accepted,2,2,0,4,0,0
1760,0x1800,0,0,bulk,accepted,2,2,0,4,0,0
1761,0x1800,0,0,bulk,accepted,10,10,0,20,0,0
1762,0x1800,0,0,bulk,accepted,2,2,0,4,0,0
1763,0x1800,0,0,bulk,accepted,2,2,0,4,0,0
1764,0x1800,0,0,bulk,accepted,10,10,0,20,0,0
1765,0x1800,0,0,bulk,accepted,2,2,0,4,0,0
1766,0x1800,0,0,bulk,accepted,2,2,0,4,0,0
1767,0x1800,0,0,bulk,accepted,10,10,0,20,0,0
1768,0x1800,0,0,bulk,accepted,2,2,0,4,0,0
1769,0x1800,0,0,bulk,accepted,2,2,0,4,0,0
1770,0x1800,0,0,bulk,accepted,10,10,0,20,0,0
1771,0x1800,0,0,bulk,accepted,2,2,0,4,0,0
1772,0x1800,0,0,bulk,accepted,2,2,0,4,0,0
1773,0x1800,0,0,bulk,accepted,10,10,0,20,0,0
1774,0x1800,0,0,bulk,accepted,2,2,0,4,0,0
1775,0x1800,0,0,bulk,accepted,2,2,0,4,0,0
1776,0x1800,0,0,bulk,accepted,10,10,0,20,0,0
1777,0x1800,0,0,bulk,accepted,2,2,0,4,0,0
1778,0x1800,0,0,bulk,accepted,2,2,0,4,0,0
1779,0x1800,0,0,bulk,accepted,10,10,0,20,0,0
1780,0x1800,0,0,bulk,accepted,2,2,0,4,0,0
1781,0x1800,0,0,bulk,accepted,2,2,0,4,0,0
1782,0x1800,0,0,bulk,accepted,10,10,0,20,0,0
1783,0x1800,0,0,bulk,accepted,2,2,0,4,0,0
1784,0x1800,0,0,bulk,accepted,2,2,0,4,0,0
1785,0x1800,0,0,bulk,accepted,10,10,0,20,0,0
1786,0x1800,0,0,bulk,accepted,2,2,0,4,0,0
1787,0x1800,0,0,bulk,accepted,2,2,0,4,0,0
1788,0x1800,0,0,bulk,accepted,10,10,0,20,0,0
1789,0x1800,0,0,bulk,accepted,2,2,0,4,0,0
1790,0x1800,0,0,bulk,accepted,2,2,0,4,0,0
1791,0x1800,0,0,bulk,accepted,10,10,0,20,0,0
1792,0x1800,0,0,bulk,accepted,1,1,0,2,0,0
1793,0x1800,0,0,bulk,accepted,319,319,2,640,0,0
1794,0x1800,0,0,bulk,accepted,4,4,640,648,0,0
1795,0x1800,0,0,bulk,accepted,4,4,0,8,0,0
1796,0x1800,0,0,bulk,accepted,319,319,8,646,0,0
1797,0x1800,0,0,bulk,accepted,1,1,646,648,0,0
1798,0x1800,0,0,bulk,accepted,143,143,0,286,0,0
1799,0x1800,0,0,bulk,accepted,13,13,286,312,0,0
1800,0x1800,0,0,bulk,accepted,3,3,0,6,0,0
1801,0x1800,0,0,bulk,accepted,239,239,6,484,0,0
1802,0x1800,0,0,bulk,accepted,10,10,484,504,0,0
1803,0x1800,0,0,bulk,accepted,143,143,0,286,0,0
1804,0x1800,0,0,bulk,accepted,13,13,286,312,0,0
1805,0x1800,0,0,bulk,accepted,3,3,0,6,0,0
1806,0x1800,0,0,bulk,accepted,143,143,6,292,0,0
1807,0x1800,0,0,bulk,accepted,10,10,292,312,0,0
1808,0x1800,0,0,bulk,accepted,27,27,0,54,0,0
1809,0x1800,0,0,bulk,accepted,27,27,0,54,0,0
1810,0x1800,0,0,bulk,accepted,27,27,0,54,0,0
1811,0x1800,0,0,bulk,accepted,27,27,0,54,0,0
1812,0x1800,0,0,bulk,accepted,27,27,0,54,0,0
1813,0x1800,0,0,bulk,accepted,27,27,0,54,0,0
1814,0x1800,0,0,bulk,accepted,27,27,0,54,0,0
1815,0x1800,0,0,bulk,accepted,27,27,0,54,0,0
1816,0x1800,0,0,bulk,accepted,27,27,0,54,0,0
1817,0x1800,0,0,bulk,accepted,27,27,0,54,0,0
1818,0x1800,0,0,bulk,accepted,27,27,0,54,0,0
1819,0x1800,0,0,bulk,accepted,27,27,0,54,0,0
1820,0x1800,0,0,bulk,accepted,27,27,0,54,0,0
1821,0x1800,0,0,bulk,accepted,27,27,0,54,0,0
1822,0x1800,0,0,bulk,accepted,27,27,0,54,0,0
1823,0x1800,0,0,bulk,accepted,27,27,0,54,0,0
1824,0x1800,0,0,bulk,accepted,27,27,0,54,0,0
1825,0x1800,0,0,bulk,accepted,27,27,0,54,0,0
1826,0x1800,0,0,bulk,accepted,5,5,0,10,0,0
1827,0x1800,0,0,bulk,accepted,47,47,10,104,0,0
1828,0x1800,0,0,bulk,accepted,13,13,104,130,0,0
1829,0x1800,0,0,bulk,accepted,3,3,0,6,0,0
1830,0x1800,0,0,bulk,accepted,47,47,6,100,0,0
1831,0x1800,0,0,bulk,accepted,15,15,100,130,0,0
1832,0x1800,0,0,bulk,accepted,1,1,0,2,0,0
1833,0x1800,0,0,bulk,accepted,63,63,2,128,0,0
1834,0x1800,0,0,bulk,accepted,1,1,128,130,0,0
1835,0x1800,0,0,bulk,accepted,63,63,0,126,0,0
1836,0x1800,0,0,bulk,accepted,2,2,126,130,0,0
1837,0x1800,0,0,bulk,accepted,6,6,0,12,0,0
1838,0x1800,0,0,bulk,accepted,47,47,12,106,0,0
1839,0x1800,0,0,bulk,accepted,12,12,106,130,0,0
1840,0x1800,0,0,bulk,accepted,4,4,0,8,0,0
1841,0x1800,0,0,bulk,accepted,47,47,8,102,0,0
1842,0x1800,0,0,bulk,accepted,14,14,102,130,0,0
1843,0x1800,0,0,bulk,accepted,2,2,0,4,0,0
1844,0x1800,0,0,bulk,accepted,63,63,4,130,0,0
1845,0x1800,0,0,bulk,accepted,63,63,0,126,0,0
1846,0x1800,0,0,bulk,accepted,2,2,126,130,0,0
1847,0x1800,0,0,bulk,accepted,6,6,0,12,0,0
1848,0x1800,0,0,bulk,accepted,47,47,12,106,0,0
1849,0x1800,0,0,bulk,accepted,12,12,106,130,0,0
1850,0x1800,0,0,bulk,accepted,4,4,0,8,0,0
1851,0x1800,0,0,bulk,accepted,47,47,8,102,0,0
1852,0x1800,0,0,bulk,accepted,14,14,102,130,0,0
1853,0x1800,0,0,bulk,accepted,4,4,0,8,0,0
1854,0x1800,0,0,bulk,accepted,4,4,0,8,0,0
1855,0x1800,0,0,bulk,accepted,18,18,0,36,0,0
1856,0x1800,0,0,bulk,accepted,4,4,0,8,0,0
1857,0x1800,0,0,bulk,accepted,4,4,0,8,0,0
1858,0x1800,0,0,bulk,accepted,18,18,0,36,0,0
1859,0x1800,0,0,bulk,accepted,4,4,0,8,0,0
1860,0x1800,0,0,bulk,accepted,4,4,0,8,0,0
1861,0x1800,0,0,bulk,accepted,1,1,0,2,0,0
1862,0x1800,0,0,bulk,accepted,47,47,2,96,0,0
1863,0x1800,0,0,bulk,accepted,10,10,96,116,0,0
1864,0x1800,0,0,bulk,accepted,4,4,0,8,0,0
1865,0x1800,0,0,bulk,accepted,4,4,0,8,0,0
1866,0x1800,0,0,bulk,accepted,18,18,0,36,0,0
1867,0x1800,0,0,bulk,accepted,4,4,0,8,0,0
1868,0x1800,0,0,bulk,accepted,4,4,0,8,0,0
1869,0x1800,0,0,bulk,accepted,1,1,0,2,0,0
1870,0x1800,0,0,bulk,accepted,47,47,2,96,0,0
1871,0x1800,0,0,bulk,accepted,10,10,96,116,0,0
1872,0x1800,0,0,bulk,accepted,4,4,0,8,0,0
1873,0x1800,0,0,bulk,accepted,4,4,0,8,0,0
1874,0x1800,0,0,bulk,accepted,4,4,0,8,0,0
1875,0x1800,0,0,bulk,accepted,47,47,8,102,0,0
1876,0x1800,0,0,bulk,accepted,7,7,102,116,0,0
1877,0x1800,0,0,bulk,accepted,4,4,0,8,0,0
1878,0x1800,0,0,bulk,accepted,4,4,0,8,0,0
1879,0x1800,0,0,bulk,accepted,18,18,0,36,0,0
1880,0x1800,0,0,bulk,accepted,4,4,0,8,0,0
1881,0x1800,0,0,bulk,accepted,4,4,0,8,0,0
1882,0x1800,0,0,bulk,accepted,18,18,0,36,0,0
1883,0x1800,0,0,bulk,accepted,2,2,0,4,0,0
1884,0x1808,1,0,scalar_incrementing,accepted,1,1,4,5,0,0
1885,0x1800,0,0,bulk,accepted,2,2,0,4,0,0
1886,0x1808,1,0,scalar_incrementing,accepted,1,1,4,5,0,0
1887,0x1800,0,0,bulk,accepted,1,1,0,2,0,0
1888,0x1800,0,0,bulk,accepted,31,31,2,64,0,0
1889,0x1800,0,0,bulk,accepted,8,8,64,80,0,0
1890,0x1800,0,0,bulk,accepted,2,2,0,4,0,0
1891,0x1808,1,0,scalar_incrementing,accepted,1,1,4,5,0,0
1892,0x1800,0,0,bulk,accepted,2,2,0,4,0,0
1893,0x1808,1,0,scalar_incrementing,accepted,1,1,4,5,0,0
1894,0x1800,0,0,bulk,accepted,6,6,0,12,0,0
1895,0x1800,0,0,bulk,accepted,31,31,12,74,0,0
1896,0x1800,0,0,bulk,accepted,3,3,74,80,0,0
1897,0x1800,0,0,bulk,accepted,4,4,0,8,0,0
1898,0x1800,0,0,bulk,accepted,4,4,0,8,0,0
1899,0x1800,0,0,bulk,accepted,3,3,0,6,0,0
1900,0x1800,0,0,bulk,accepted,47,47,6,100,0,0
1901,0x1800,0,0,bulk,accepted,8,8,100,116,0,0
1902,0x1800,0,0,bulk,accepted,2,2,0,4,0,0
1903,0x1808,1,0,scalar_incrementing,accepted,1,1,4,5,0,0
1904,0x1800,0,0,bulk,accepted,2,2,0,4,0,0
1905,0x1808,1,0,scalar_incrementing,accepted,1,1,4,5,0,0
1906,0x1800,0,0,bulk,accepted,6,6,0,12,0,0
1907,0x1800,0,0,bulk,accepted,31,31,12,74,0,0
1908,0x1800,0,0,bulk,accepted,3,3,74,80,0,0
1909,0x1800,0,0,bulk,accepted,2,2,0,4,0,0
1910,0x1808,1,0,scalar_incrementing,accepted,1,1,4,5,0,0
1911,0x1800,0,0,bulk,accepted,2,2,0,4,0,0
1912,0x1808,1,0,scalar_incrementing,accepted,1,1,4,5,0,0
1913,0x1800,0,0,bulk,accepted,3,3,0,6,0,0
1914,0x1800,0,0,bulk,accepted,31,31,6,68,0,0
1915,0x1800,0,0,bulk,accepted,6,6,68,80,0,0
1916,0x1800,0,0,bulk,accepted,2,2,0,4,0,0
1917,0x1808,1,0,scalar_incrementing,accepted,1,1,4,5,0,0
1918,0x1800,0,0,bulk,accepted,2,2,0,4,0,0
1919,0x1808,1,0,scalar_incrementing,accepted,1,1,4,5,0,0
1920,0x1800,0,0,bulk,accepted,31,31,0,62,0,0
1921,0x1800,0,0,bulk,accepted,9,9,62,80,0,0
1922,0x1800,0,0,bulk,accepted,4,4,0,8,0,0
1923,0x1800,0,0,bulk,accepted,4,4,0,8,0,0
1924,0x1800,0,0,bulk,accepted,18,18,0,36,0,0
1925,0x1800,0,0,bulk,accepted,4,4,0,8,0,0
1926,0x1800,0,0,bulk,accepted,4,4,0,8,0,0
1927,0x1800,0,0,bulk,accepted,2,2,0,4,0,0
1928,0x1800,0,0,bulk,accepted,47,47,4,98,0,0
1929,0x1800,0,0,bulk,accepted,9,9,98,116,0,0
1930,0x1800,0,0,bulk,accepted,4,4,0,8,0,0
1931,0x1800,0,0,bulk,accepted,4,4,0,8,0,0
1932,0x1800,0,0,bulk,accepted,5,5,0,10,0,0
1933,0x1800,0,0,bulk,accepted,47,47,10,104,0,0
1934,0x1800,0,0,bulk,accepted,6,6,104,116,0,0
1935,0x1800,0,0,bulk,accepted,4,4,0,8,0,0
1936,0x1800,0,0,bulk,accepted,4,4,0,8,0,0
1937,0x1800,0,0,bulk,accepted,18,18,0,36,0,0
1938,0x1800,0,0,bulk,accepted,4,4,0,8,0,0
1939,0x1800,0,0,bulk,accepted,4,4,0,8,0,0
1940,0x1800,0,0,bulk,accepted,18,18,0,36,0,0
1941,0x1800,0,0,bulk,accepted,4,4,0,8,0,0
1942,0x1800,0,0,bulk,accepted,4,4,0,8,0,0
1943,0x1800,0,0,bulk,accepted,18,18,0,36,0,0
1944,0x1800,0,0,bulk,accepted,4,4,0,8,0,0
1945,0x1800,0,0,bulk,accepted,4,4,0,8,0,0
1946,0x1800,0,0,bulk,accepted,18,18,0,36,0,0
1947,0x1800,0,0,bulk,accepted,3,3,0,6,0,0
1948,0x1800,0,0,bulk,accepted,3,3,0,6,0,0
1949,0x1800,0,0,bulk,accepted,14,14,0,28,0,0
1950,0x1800,0,0,bulk,accepted,3,3,0,6,0,0
1951,0x1800,0,0,bulk,accepted,3,3,0,6,0,0
1952,0x1800,0,0,bulk,accepted,14,14,0,28,0,0
1953,0x1800,0,0,bulk,accepted,1,1,0,2,0,0
1954,0x1808,1,0,scalar_incrementing,accepted,1,1,2,3,0,0
1955,0x1800,0,0,bulk,accepted,1,1,0,2,0,0
1956,0x1808,1,0,scalar_incrementing,accepted,1,1,2,3,0,0
1957,0x1800,0,0,bulk,accepted,8,8,0,16,0,0
1958,0x1800,0,0,bulk,accepted,1,1,0,2,0,0
1959,0x1808,1,0,scalar_incrementing,accepted,1,1,2,3,0,0
1960,0x1800,0,0,bulk,accepted,1,1,0,2,0,0
1961,0x1808,1,0,scalar_incrementing,accepted,1,1,2,3,0,0
1962,0x1800,0,0,bulk,accepted,8,8,0,16,0,0
1963,0x1800,0,0,bulk,accepted,1,1,0,2,0,0
1964,0x1808,1,0,scalar_incrementing,accepted,1,1,2,3,0,0
1965,0x1800,0,0,bulk,accepted,1,1,0,2,0,0
1966,0x1808,1,0,scalar_incrementing,accepted,1,1,2,3,0,0
1967,0x1800,0,0,bulk,accepted,8,8,0,16,0,0
1968,0x1800,0,0,bulk,accepted,1,1,0,2,0,0
1969,0x1808,1,0,scalar_incrementing,accepted,1,1,2,3,0,0
1970,0x1800,0,0,bulk,accepted,1,1,0,2,0,0
1971,0x1808,1,0,scalar_incrementing,accepted,1,1,2,3,0,0
1972,0x1800,0,0,bulk,accepted,8,8,0,16,0,0
1973,0x1800,0,0,bulk,accepted,1,1,0,2,0,0
1974,0x1808,1,0,scalar_incrementing,accepted,1,1,2,3,0,0
1975,0x1800,0,0,bulk,accepted,1,1,0,2,0,0
1976,0x1808,1,0,scalar_incrementing,accepted,1,1,2,3,0,0
1977,0x1800,0,0,bulk,accepted,8,8,0,16,0,0
1978,0x1800,0,0,bulk,accepted,1,1,0,2,0,0
1979,0x1808,1,0,scalar_incrementing,accepted,1,1,2,3,0,0
1980,0x1800,0,0,bulk,accepted,1,1,0,2,0,0
1981,0x1808,1,0,scalar_incrementing,accepted,1,1,2,3,0,0
1982,0x1800,0,0,bulk,accepted,8,8,0,16,0,0
1983,0x1800,0,0,bulk,accepted,1,1,0,2,0,0
1984,0x1808,1,0,scalar_incrementing,accepted,1,1,2,3,0,0
1985,0x1800,0,0,bulk,accepted,1,1,0,2,0,0
1986,0x1808,1,0,scalar_incrementing,accepted,1,1,2,3,0,0
1987,0x1800,0,0,bulk,accepted,8,8,0,16,0,0
1988,0x1800,0,0,bulk,accepted,1,1,0,2,0,0
1989,0x1808,1,0,scalar_incrementing,accepted,1,1,2,3,0,0
1990,0x1800,0,0,bulk,accepted,1,1,0,2,0,0
1991,0x1808,1,0,scalar_incrementing,accepted,1,1,2,3,0,0
1992,0x1800,0,0,bulk,accepted,8,8,0,16,0,0
1993,0x1800,0,0,bulk,accepted,5,5,0,10,0,0
1994,0x1800,0,0,bulk,accepted,5,5,0,10,0,0
1995,0x1800,0,0,bulk,accepted,22,22,0,44,0,0
1996,0x1800,0,0,bulk,accepted,5,5,0,10,0,0
1997,0x1800,0,0,bulk,accepted,5,5,0,10,0,0
1998,0x1800,0,0,bulk,accepted,22,22,0,44,0,0
1999,0x1800,0,0,bulk,accepted,5,5,0,10,0,0
2000,0x1800,0,0,bulk,accepted,5,5,0,10,0,0
2001,0x1800,0,0,bulk,accepted,22,22,0,44,0,0
2002,0x1800,0,0,bulk,accepted,5,5,0,10,0,0
2003,0x1800,0,0,bulk,accepted,5,5,0,10,0,0
2004,0x1800,0,0,bulk,accepted,22,22,0,44,0,0
2005,0x1800,0,0,bulk,accepted,5,5,0,10,0,0
2006,0x1800,0,0,bulk,accepted,5,5,0,10,0,0
2007,0x1800,0,0,bulk,accepted,22,22,0,44,0,0
2008,0x1800,0,0,bulk,accepted,5,5,0,10,0,0
2009,0x1800,0,0,bulk,accepted,5,5,0,10,0,0
2010,0x1800,0,0,bulk,accepted,22,22,0,44,0,0
2011,0x1800,0,0,bulk,accepted,5,5,0,10,0,0
2012,0x1800,0,0,bulk,accepted,5,5,0,10,0,0
2013,0x1800,0,0,bulk,accepted,22,22,0,44,0,0
2014,0x1800,0,0,bulk,accepted,5,5,0,10,0,0
2015,0x1800,0,0,bulk,accepted,5,5,0,10,0,0
2016,0x1800,0,0,bulk,accepted,22,22,0,44,0,0
2017,0x1800,0,0,bulk,accepted,1,1,0,2,0,0
2018,0x1808,1,0,scalar_incrementing,accepted,1,1,2,3,0,0
2019,0x1800,0,0,bulk,accepted,1,1,0,2,0,0
2020,0x1808,1,0,scalar_incrementing,accepted,1,1,2,3,0,0
2021,0x1800,0,0,bulk,accepted,8,8,0,16,0,0
2022,0x1800,0,0,bulk,accepted,1,1,0,2,0,0
2023,0x1808,1,0,scalar_incrementing,accepted,1,1,2,3,0,0
2024,0x1800,0,0,bulk,accepted,1,1,0,2,0,0
2025,0x1808,1,0,scalar_incrementing,accepted,1,1,2,3,0,0
2026,0x1800,0,0,bulk,accepted,8,8,0,16,0,0
2027,0x1800,0,0,bulk,accepted,1,1,0,2,0,0
2028,0x1808,1,0,scalar_incrementing,accepted,1,1,2,3,0,0
2029,0x1800,0,0,bulk,accepted,1,1,0,2,0,0
2030,0x1808,1,0,scalar_incrementing,accepted,1,1,2,3,0,0
2031,0x1800,0,0,bulk,accepted,8,8,0,16,0,0
2032,0x1800,0,0,bulk,accepted,1,1,0,2,0,0
2033,0x1808,1,0,scalar_incrementing,accepted,1,1,2,3,0,0
2034,0x1800,0,0,bulk,accepted,1,1,0,2,0,0
2035,0x1808,1,0,scalar_incrementing,accepted,1,1,2,3,0,0
2036,0x1800,0,0,bulk,accepted,8,8,0,16,0,0
2037,0x1800,0,0,bulk,accepted,1,1,0,2,0,0
2038,0x1808,1,0,scalar_incrementing,accepted,1,1,2,3,0,0
2039,0x1800,0,0,bulk,accepted,1,1,0,2,0,0
2040,0x1808,1,0,scalar_incrementing,accepted,1,1,2,3,0,0
2041,0x1800,0,0,bulk,accepted,8,8,0,16,0,0
2042,0x1800,0,0,bulk,accepted,1,1,0,2,0,0
2043,0x1808,1,0,scalar_incrementing,accepted,1,1,2,3,0,0
2044,0x1800,0,0,bulk,accepted,1,1,0,2,0,0
2045,0x1808,1,0,scalar_incrementing,accepted,1,1,2,3,0,0
2046,0x1800,0,0,bulk,accepted,8,8,0,16,0,0
2047,0x1800,0,0,bulk,accepted,1,1,0,2,0,0
2048,0x1808,1,0,scalar_incrementing,accepted,1,1,2,3,0,0
2049,0x1800,0,0,bulk,accepted,1,1,0,2,0,0
2050,0x1808,1,0,scalar_incrementing,accepted,1,1,2,3,0,0
2051,0x1800,0,0,bulk,accepted,8,8,0,16,0,0
2052,0x1800,0,0,bulk,accepted,1,1,0,2,0,0
2053,0x1808,1,0,scalar_incrementing,accepted,1,1,2,3,0,0
2054,0x1800,0,0,bulk,accepted,1,1,0,2,0,0
2055,0x1808,1,0,scalar_incrementing,accepted,1,1,2,3,0,0
2056,0x1800,0,0,bulk,accepted,8,8,0,16,0,0
2057,0x1800,0,0,bulk,accepted,18,18,0,36,0,0
2058,0x1800,0,0,bulk,accepted,18,18,0,36,0,0
2059,0x1800,0,0,bulk,accepted,18,18,0,36,0,0
2060,0x1800,0,0,bulk,accepted,18,18,0,36,0,0
2061,0x1800,0,0,bulk,accepted,18,18,0,36,0,0
2062,0x1800,0,0,bulk,accepted,18,18,0,36,0,0
2063,0x1800,0,0,bulk,accepted,18,18,0,36,0,0
2064,0x1800,0,0,bulk,accepted,18,18,0,36,0,0
2065,0x1800,0,0,bulk,accepted,18,18,0,36,0,0
2066,0x1800,0,0,bulk,accepted,18,18,0,36,0,0
2067,0x1800,0,0,bulk,accepted,18,18,0,36,0,0
2068,0x1800,0,0,bulk,accepted,18,18,0,36,0,0
2069,0x1800,0,0,bulk,accepted,18,18,0,36,0,0
2070,0x1800,0,0,bulk,accepted,18,18,0,36,0,0
2071,0x1800,0,0,bulk,accepted,18,18,0,36,0,0
2072,0x1800,0,0,bulk,accepted,18,18,0,36,0,0
2073,0x1800,0,0,bulk,accepted,18,18,0,36,0,0
2074,0x1800,0,0,bulk,accepted,18,18,0,36,0,0
2075,0x1800,0,0,bulk,accepted,18,18,0,36,0,0
2076,0x1800,0,0,bulk,accepted,18,18,0,36,0,0
2077,0x1800,0,0,bulk,accepted,18,18,0,36,0,0
2078,0x1800,0,0,bulk,accepted,18,18,0,36,0,0
2079,0x1800,0,0,bulk,accepted,18,18,0,36,0,0
2080,0x1800,0,0,bulk,accepted,18,18,0,36,0,0
2081,0x1800,0,0,bulk,accepted,18,18,0,36,0,0
2082,0x1800,0,0,bulk,accepted,18,18,0,36,0,0
2083,0x1800,0,0,bulk,accepted,18,18,0,36,0,0
2084,0x1800,0,0,bulk,accepted,18,18,0,36,0,0
2085,0x1800,0,0,bulk,accepted,18,18,0,36,0,0
2086,0x1800,0,0,bulk,accepted,18,18,0,36,0,0
2087,0x1800,0,0,bulk,accepted,18,18,0,36,0,0
2088,0x1800,0,0,bulk,accepted,18,18,0,36,0,0
2089,0x1800,0,0,bulk,accepted,18,18,0,36,0,0
2090,0x1800,0,0,bulk,accepted,18,18,0,36,0,0
2091,0x1800,0,0,bulk,accepted,18,18,0,36,0,0
2092,0x1800,0,0,bulk,accepted,18,18,0,36,0,0
2093,0x1800,0,0,bulk,accepted,18,18,0,36,0,0
2094,0x1800,0,0,bulk,accepted,18,18,0,36,0,0
2095,0x1800,0,0,bulk,accepted,18,18,0,36,0,0
2096,0x1800,0,0,bulk,accepted,18,18,0,36,0,0
2097,0x1800,0,0,bulk,accepted,18,18,0,36,0,0
2098,0x1800,0,0,bulk,accepted,18,18,0,36,0,0
2099,0x1800,0,0,bulk,accepted,18,18,0,36,0,0
2100,0x1800,0,0,bulk,accepted,18,18,0,36,0,0
2101,0x1800,0,0,bulk,accepted,18,18,0,36,0,0
2102,0x1800,0,0,bulk,accepted,18,18,0,36,0,0
2103,0x1800,0,0,bulk,accepted,18,18,0,36,0,0
2104,0x1800,0,0,bulk,accepted,18,18,0,36,0,0
2105,0x1800,0,0,bulk,accepted,18,18,0,36,0,0
2106,0x1800,0,0,bulk,accepted,18,18,0,36,0,0
2107,0x1800,0,0,bulk,accepted,18,18,0,36,0,0
2108,0x1800,0,0,bulk,accepted,18,18,0,36,0,0
2109,0x1800,0,0,bulk,accepted,18,18,0,36,0,0
2110,0x1800,0,0,bulk,accepted,18,18,0,36,0,0
2111,0x1800,0,0,bulk,accepted,18,18,0,36,0,0
2112,0x1800,0,0,bulk,accepted,18,18,0,36,0,0
2113,0x1800,0,0,bulk,accepted,18,18,0,36,0,0
2114,0x1800,0,0,bulk,accepted,18,18,0,36,0,0
2115,0x1800,0,0,bulk,accepted,18,18,0,36,0,0
2116,0x1800,0,0,bulk,accepted,18,18,0,36,0,0
2117,0x1800,0,0,bulk,accepted,18,18,0,36,0,0
2118,0x1800,0,0,bulk,accepted,18,18,0,36,0,0
2119,0x1800,0,0,bulk,accepted,18,18,0,36,0,0
2120,0x1800,0,0,bulk,accepted,18,18,0,36,0,0
2121,0x1800,0,0,bulk,accepted,18,18,0,36,0,0
2122,0x1800,0,0,bulk,accepted,18,18,0,36,0,0
2123,0x1800,0,0,bulk,accepted,18,18,0,36,0,0
2124,0x1800,0,0,bulk,accepted,18,18,0,36,0,0
2125,0x1800,0,0,bulk,accepted,18,18,0,36,0,0
2126,0x1800,0,0,bulk,accepted,18,18,0,36,0,0
2127,0x1800,0,0,bulk,accepted,18,18,0,36,0,0
2128,0x1800,0,0,bulk,accepted,18,18,0,36,0,0
2129,0x1800,0,0,bulk,accepted,4,4,0,8,0,0
2130,0x1800,0,0,bulk,accepted,95,95,8,198,0,0
2131,0x1800,0,0,bulk,accepted,3,3,198,204,0,0
2132,0x1800,0,0,bulk,accepted,5,5,0,10,0,0
2133,0x1800,0,0,bulk,accepted,95,95,10,200,0,0
2134,0x1800,0,0,bulk,accepted,2,2,200,204,0,0
2135,0x1800,0,0,bulk,accepted,6,6,0,12,0,0
2136,0x1800,0,0,bulk,accepted,79,79,12,170,0,0
2137,0x1800,0,0,bulk,accepted,79,79,0,158,0,0
2138,0x1800,0,0,bulk,accepted,6,6,158,170,0,0
2139,0x1800,0,0,bulk,accepted,2,2,0,4,0,0
2140,0x1800,0,0,bulk,accepted,79,79,4,162,0,0
2141,0x1800,0,0,bulk,accepted,4,4,162,170,0,0
2142,0x1800,0,0,bulk,accepted,4,4,0,8,0,0
2143,0x1800,0,0,bulk,accepted,79,79,8,166,0,0
2144,0x1800,0,0,bulk,accepted,2,2,166,170,0,0
2145,0x1800,0,0,bulk,accepted,6,6,0,12,0,0
2146,0x1800,0,0,bulk,accepted,47,47,12,106,0,0
2147,0x1800,0,0,bulk,accepted,12,12,106,130,0,0
2148,0x1800,0,0,bulk,accepted,4,4,0,8,0,0
2149,0x1800,0,0,bulk,accepted,47,47,8,102,0,0
2150,0x1800,0,0,bulk,accepted,14,14,102,130,0,0
2151,0x1800,0,0,bulk,accepted,2,2,0,4,0,0
2152,0x1800,0,0,bulk,accepted,63,63,4,130,0,0
2153,0x1800,0,0,bulk,accepted,3,3,130,136,0,0
2154,0x1800,0,0,bulk,accepted,5,5,0,10,0,0
2155,0x1800,0,0,bulk,accepted,63,63,10,136,0,0
2156,0x1800,0,0,bulk,accepted,63,63,0,126,0,0
2157,0x1800,0,0,bulk,accepted,5,5,126,136,0,0
2158,0x1800,0,0,bulk,accepted,3,3,0,6,0,0
2159,0x1800,0,0,bulk,accepted,63,63,6,132,0,0
2160,0x1800,0,0,bulk,accepted,2,2,132,136,0,0
2161,0x1800,0,0,bulk,accepted,6,6,0,12,0,0
2162,0x1800,0,0,bulk,accepted,47,47,12,106,0,0
2163,0x1800,0,0,bulk,accepted,15,15,106,136,0,0
2164,0x1800,0,0,bulk,accepted,1,1,0,2,0,0
2165,0x1800,0,0,bulk,accepted,63,63,2,128,0,0
2166,0x1800,0,0,bulk,accepted,4,4,128,136,0,0
2167,0x1800,0,0,bulk,accepted,4,4,0,8,0,0
2168,0x1800,0,0,bulk,accepted,63,63,8,134,0,0
2169,0x1800,0,0,bulk,accepted,1,1,134,136,0,0
2170,0x1800,0,0,bulk,accepted,63,63,0,126,0,0
2171,0x1800,0,0,bulk,accepted,5,5,126,136,0,0
2172,0x1800,0,0,bulk,accepted,3,3,0,6,0,0
2173,0x1800,0,0,bulk,accepted,63,63,6,132,0,0
2174,0x1800,0,0,bulk,accepted,2,2,132,136,0,0
2175,0x1800,0,0,bulk,accepted,6,6,0,12,0,0
2176,0x1800,0,0,bulk,accepted,47,47,12,106,0,0
2177,0x1800,0,0,bulk,accepted,15,15,106,136,0,0
2178,0x1800,0,0,bulk,accepted,1,1,0,2,0,0
2179,0x1800,0,0,bulk,accepted,63,63,2,128,0,0
2180,0x1800,0,0,bulk,accepted,4,4,128,136,0,0
2181,0x1800,0,0,bulk,accepted,4,4,0,8,0,0
2182,0x1800,0,0,bulk,accepted,63,63,8,134,0,0
2183,0x1800,0,0,bulk,accepted,1,1,134,136,0,0
2184,0x1800,0,0,bulk,accepted,63,63,0,126,0,0
2185,0x1800,0,0,bulk,accepted,5,5,126,136,0,0
2186,0x1800,0,0,bulk,accepted,3,3,0,6,0,0
2187,0x1800,0,0,bulk,accepted,63,63,6,132,0,0
2188,0x1800,0,0,bulk,accepted,2,2,132,136,0,0
2189,0x1800,0,0,bulk,accepted,6,6,0,12,0,0
2190,0x1800,0,0,bulk,accepted,47,47,12,106,0,0
2191,0x1800,0,0,bulk,accepted,15,15,106,136,0,0
2192,0x1800,0,0,bulk,accepted,1,1,0,2,0,0
2193,0x1800,0,0,bulk,accepted,63,63,2,128,0,0
2194,0x1800,0,0,bulk,accepted,4,4,128,136,0,0
2195,0x1800,0,0,bulk,accepted,21,21,0,42,0,0
2196,0x1800,0,0,bulk,accepted,21,21,0,42,0,0
2197,0x1800,0,0,bulk,accepted,21,21,0,42,0,0
2198,0x1800,0,0,bulk,accepted,21,21,0,42,0,0
2199,0x1800,0,0,bulk,accepted,21,21,0,42,0,0
2200,0x1800,0,0,bulk,accepted,21,21,0,42,0,0
2201,0x1800,0,0,bulk,accepted,21,21,0,42,0,0
2202,0x1800,0,0,bulk,accepted,21,21,0,42,0,0
2203,0x1800,0,0,bulk,accepted,21,21,0,42,0,0
2204,0x1800,0,0,bulk,accepted,21,21,0,42,0,0
2205,0x1800,0,0,bulk,accepted,21,21,0,42,0,0
2206,0x1800,0,0,bulk,accepted,21,21,0,42,0,0
2207,0x1800,0,0,bulk,accepted,21,21,0,42,0,0
2208,0x1800,0,0,bulk,accepted,21,21,0,42,0,0
2209,0x1800,0,0,bulk,accepted,21,21,0,42,0,0
2210,0x1800,0,0,bulk,accepted,21,21,0,42,0,0
2211,0x1800,0,0,bulk,accepted,21,21,0,42,0,0
2212,0x1800,0,0,bulk,accepted,21,21,0,42,0,0
2213,0x1800,0,0,bulk,accepted,21,21,0,42,0,0
2214,0x1800,0,0,bulk,accepted,21,21,0,42,0,0
2215,0x1800,0,0,bulk,accepted,21,21,0,42,0,0
2216,0x1800,0,0,bulk,accepted,21,21,0,42,0,0
2217,0x1800,0,0,bulk,accepted,21,21,0,42,0,0
2218,0x1800,0,0,bulk,accepted,21,21,0,42,0,0
2219,0x1800,0,0,bulk,accepted,21,21,0,42,0,0
2220,0x1800,0,0,bulk,accepted,21,21,0,42,0,0
2221,0x1800,0,0,bulk,accepted,21,21,0,42,0,0
2222,0x1800,0,0,bulk,accepted,21,21,0,42,0,0
2223,0x1800,0,0,bulk,accepted,21,21,0,42,0,0
2224,0x1800,0,0,bulk,accepted,21,21,0,42,0,0
2225,0x1800,0,0,bulk,accepted,21,21,0,42,0,0
2226,0x1800,0,0,bulk,accepted,21,21,0,42,0,0
2227,0x1800,0,0,bulk,accepted,21,21,0,42,0,0
2228,0x1800,0,0,bulk,accepted,21,21,0,42,0,0
2229,0x1800,0,0,bulk,accepted,21,21,0,42,0,0
2230,0x1800,0,0,bulk,accepted,21,21,0,42,0,0
2231,0x1800,0,0,bulk,accepted,21,21,0,42,0,0
2232,0x1800,0,0,bulk,accepted,21,21,0,42,0,0
2233,0x1800,0,0,bulk,accepted,21,21,0,42,0,0
2234,0x1800,0,0,bulk,accepted,21,21,0,42,0,0
2235,0x1800,0,0,bulk,accepted,21,21,0,42,0,0
2236,0x1800,0,0,bulk,accepted,21,21,0,42,0,0
2237,0x1800,0,0,bulk,accepted,21,21,0,42,0,0
2238,0x1800,0,0,bulk,accepted,21,21,0,42,0,0
2239,0x1800,0,0,bulk,accepted,21,21,0,42,0,0
2240,0x1800,0,0,bulk,accepted,21,21,0,42,0,0
2241,0x1800,0,0,bulk,accepted,21,21,0,42,0,0
2242,0x1800,0,0,bulk,accepted,21,21,0,42,0,0
2243,0x1800,0,0,bulk,accepted,4,4,0,8,0,0
2244,0x1800,0,0,bulk,accepted,79,79,8,166,0,0
2245,0x1800,0,0,bulk,accepted,2,2,166,170,0,0
2246,0x1800,0,0,bulk,accepted,6,6,0,12,0,0
2247,0x1800,0,0,bulk,accepted,79,79,12,170,0,0
2248,0x1800,0,0,bulk,accepted,79,79,0,158,0,0
2249,0x1800,0,0,bulk,accepted,6,6,158,170,0,0
2250,0x1800,0,0,bulk,accepted,2,2,0,4,0,0
2251,0x1800,0,0,bulk,accepted,79,79,4,162,0,0
2252,0x1800,0,0,bulk,accepted,4,4,162,170,0,0
2253,0x1800,0,0,bulk,accepted,4,4,0,8,0,0
2254,0x1800,0,0,bulk,accepted,79,79,8,166,0,0
2255,0x1800,0,0,bulk,accepted,2,2,166,170,0,0
2256,0x1800,0,0,bulk,accepted,6,6,0,12,0,0
2257,0x1800,0,0,bulk,accepted,79,79,12,170,0,0
2258,0x1800,0,0,bulk,accepted,79,79,0,158,0,0
2259,0x1800,0,0,bulk,accepted,6,6,158,170,0,0
2260,0x1800,0,0,bulk,accepted,2,2,0,4,0,0
2261,0x1800,0,0,bulk,accepted,79,79,4,162,0,0
2262,0x1800,0,0,bulk,accepted,4,4,162,170,0,0
2263,0x1800,0,0,bulk,accepted,4,4,0,8,0,0
2264,0x1800,0,0,bulk,accepted,79,79,8,166,0,0
2265,0x1800,0,0,bulk,accepted,2,2,166,170,0,0
2266,0x1800,0,0,bulk,accepted,6,6,0,12,0,0
2267,0x1800,0,0,bulk,accepted,79,79,12,170,0,0
2268,0x1800,0,0,bulk,accepted,79,79,0,158,0,0
2269,0x1800,0,0,bulk,accepted,6,6,158,170,0,0
2270,0x1800,0,0,bulk,accepted,2,2,0,4,0,0
2271,0x1800,0,0,bulk,accepted,79,79,4,162,0,0
2272,0x1800,0,0,bulk,accepted,4,4,162,170,0,0
2273,0x1800,0,0,bulk,accepted,2,2,0,4,0,0
2274,0x1808,1,0,scalar_incrementing,accepted,1,1,4,5,0,0
2275,0x1800,0,0,bulk,accepted,2,2,0,4,0,0
2276,0x1808,1,0,scalar_incrementing,accepted,1,1,4,5,0,0
2277,0x1800,0,0,bulk,accepted,19,19,0,38,0,0
2278,0x1800,0,0,bulk,accepted,2,2,0,4,0,0
2279,0x1808,1,0,scalar_incrementing,accepted,1,1,4,5,0,0
2280,0x1800,0,0,bulk,accepted,2,2,0,4,0,0
2281,0x1808,1,0,scalar_incrementing,accepted,1,1,4,5,0,0
2282,0x1800,0,0,bulk,accepted,19,19,0,38,0,0
2283,0x1800,0,0,bulk,accepted,2,2,0,4,0,0
2284,0x1808,1,0,scalar_incrementing,accepted,1,1,4,5,0,0
2285,0x1800,0,0,bulk,accepted,2,2,0,4,0,0
2286,0x1808,1,0,scalar_incrementing,accepted,1,1,4,5,0,0
2287,0x1800,0,0,bulk,accepted,19,19,0,38,0,0
2288,0x1800,0,0,bulk,accepted,2,2,0,4,0,0
2289,0x1808,1,0,scalar_incrementing,accepted,1,1,4,5,0,0
2290,0x1800,0,0,bulk,accepted,2,2,0,4,0,0
2291,0x1808,1,0,scalar_incrementing,accepted,1,1,4,5,0,0
2292,0x1800,0,0,bulk,accepted,19,19,0,38,0,0
2293,0x1800,0,0,bulk,accepted,2,2,0,4,0,0
2294,0x1808,1,0,scalar_incrementing,accepted,1,1,4,5,0,0
2295,0x1800,0,0,bulk,accepted,2,2,0,4,0,0
2296,0x1808,1,0,scalar_incrementing,accepted,1,1,4,5,0,0
2297,0x1800,0,0,bulk,accepted,19,19,0,38,0,0
2298,0x1800,0,0,bulk,accepted,2,2,0,4,0,0
2299,0x1808,1,0,scalar_incrementing,accepted,1,1,4,5,0,0
2300,0x1800,0,0,bulk,accepted,2,2,0,4,0,0
2301,0x1808,1,0,scalar_incrementing,accepted,1,1,4,5,0,0
2302,0x1800,0,0,bulk,accepted,19,19,0,38,0,0
2303,0x1800,0,0,bulk,accepted,2,2,0,4,0,0
2304,0x1808,1,0,scalar_incrementing,accepted,1,1,4,5,0,0
2305,0x1800,0,0,bulk,accepted,2,2,0,4,0,0
2306,0x1808,1,0,scalar_incrementing,accepted,1,1,4,5,0,0
2307,0x1800,0,0,bulk,accepted,19,19,0,38,0,0
2308,0x1800,0,0,bulk,accepted,2,2,0,4,0,0
2309,0x1808,1,0,scalar_incrementing,accepted,1,1,4,5,0,0
2310,0x1800,0,0,bulk,accepted,2,2,0,4,0,0
2311,0x1808,1,0,scalar_incrementing,accepted,1,1,4,5,0,0
2312,0x1800,0,0,bulk,accepted,19,19,0,38,0,0
2313,0x1800,0,0,bulk,accepted,2,2,0,4,0,0
2314,0x1808,1,0,scalar_incrementing,accepted,1,1,4,5,0,0
2315,0x1800,0,0,bulk,accepted,2,2,0,4,0,0
2316,0x1808,1,0,scalar_incrementing,accepted,1,1,4,5,0,0
2317,0x1800,0,0,bulk,accepted,19,19,0,38,0,0
2318,0x1800,0,0,bulk,accepted,2,2,0,4,0,0
2319,0x1808,1,0,scalar_incrementing,accepted,1,1,4,5,0,0
2320,0x1800,0,0,bulk,accepted,2,2,0,4,0,0
2321,0x1808,1,0,scalar_incrementing,accepted,1,1,4,5,0,0
2322,0x1800,0,0,bulk,accepted,19,19,0,38,0,0
2323,0x1800,0,0,bulk,accepted,4,4,0,8,0,0
2324,0x1800,0,0,bulk,accepted,4,4,0,8,0,0
2325,0x1800,0,0,bulk,accepted,18,18,0,36,0,0
2326,0x1800,0,0,bulk,accepted,4,4,0,8,0,0
2327,0x1800,0,0,bulk,accepted,4,4,0,8,0,0
2328,0x1800,0,0,bulk,accepted,18,18,0,36,0,0
2329,0x1800,0,0,bulk,accepted,4,4,0,8,0,0
2330,0x1800,0,0,bulk,accepted,4,4,0,8,0,0
2331,0x1800,0,0,bulk,accepted,18,18,0,36,0,0
2332,0x1800,0,0,bulk,accepted,4,4,0,8,0,0
2333,0x1800,0,0,bulk,accepted,4,4,0,8,0,0
2334,0x1800,0,0,bulk,accepted,18,18,0,36,0,0
2335,0x1800,0,0,bulk,accepted,4,4,0,8,0,0
2336,0x1800,0,0,bulk,accepted,4,4,0,8,0,0
2337,0x1800,0,0,bulk,accepted,18,18,0,36,0,0
2338,0x1800,0,0,bulk,accepted,4,4,0,8,0,0
2339,0x1800,0,0,bulk,accepted,4,4,0,8,0,0
2340,0x1800,0,0,bulk,accepted,18,18,0,36,0,0
2341,0x1800,0,0,bulk,accepted,4,4,0,8,0,0
2342,0x1800,0,0,bulk,accepted,4,4,0,8,0,0
2343,0x1800,0,0,bulk,accepted,18,18,0,36,0,0
2344,0x1800,0,0,bulk,accepted,4,4,0,8,0,0
2345,0x1800,0,0,bulk,accepted,4,4,0,8,0,0
2346,0x1800,0,0,bulk,accepted,18,18,0,36,0,0
2347,0x1800,0,0,bulk,accepted,2,2,0,4,0,0
2348,0x1800,0,0,bulk,accepted,2,2,0,4,0,0
2349,0x1800,0,0,bulk,accepted,10,10,0,20,0,0
2350,0x1800,0,0,bulk,accepted,2,2,0,4,0,0
2351,0x1800,0,0,bulk,accepted,2,2,0,4,0,0
2352,0x1800,0,0,bulk,accepted,10,10,0,20,0,0
2353,0x1800,0,0,bulk,accepted,2,2,0,4,0,0
2354,0x1800,0,0,bulk,accepted,2,2,0,4,0,0
2355,0x1800,0,0,bulk,accepted,10,10,0,20,0,0
2356,0x1800,0,0,bulk,accepted,2,2,0,4,0,0
2357,0x1800,0,0,bulk,accepted,2,2,0,4,0,0
2358,0x1800,0,0,bulk,accepted,10,10,0,20,0,0
2359,0x1800,0,0,bulk,accepted,2,2,0,4,0,0
2360,0x1800,0,0,bulk,accepted,2,2,0,4,0,0
2361,0x1800,0,0,bulk,accepted,10,10,0,20,0,0
2362,0x1800,0,0,bulk,accepted,2,2,0,4,0,0
2363,0x1800,0,0,bulk,accepted,2,2,0,4,0,0
2364,0x1800,0,0,bulk,accepted,10,10,0,20,0,0
2365,0x1800,0,0,bulk,accepted,2,2,0,4,0,0
2366,0x1800,0,0,bulk,accepted,2,2,0,4,0,0
2367,0x1800,0,0,bulk,accepted,10,10,0,20,0,0
2368,0x1800,0,0,bulk,accepted,2,2,0,4,0,0
2369,0x1800,0,0,bulk,accepted,2,2,0,4,0,0
2370,0x1800,0,0,bulk,accepted,10,10,0,20,0,0
2371,0x1800,0,0,bulk,accepted,2,2,0,4,0,0
2372,0x1800,0,0,bulk,accepted,2,2,0,4,0,0
2373,0x1800,0,0,bulk,accepted,10,10,0,20,0,0
2374,0x1800,0,0,bulk,accepted,2,2,0,4,0,0
2375,0x1800,0,0,bulk,accepted,2,2,0,4,0,0
2376,0x1800,0,0,bulk,accepted,10,10,0,20,0,0
2377,0x1800,0,0,bulk,accepted,2,2,0,4,0,0
2378,0x1800,0,0,bulk,accepted,2,2,0,4,0,0
2379,0x1800,0,0,bulk,accepted,10,10,0,20,0,0
2380,0x1800,0,0,bulk,accepted,2,2,0,4,0,0
2381,0x1800,0,0,bulk,accepted,2,2,0,4,0,0
2382,0x1800,0,0,bulk,accepted,10,10,0,20,0,0
2383,0x1800,0,0,bulk,accepted,2,2,0,4,0,0
2384,0x1800,0,0,bulk,accepted,2,2,0,4,0,0
2385,0x1800,0,0,bulk,accepted,10,10,0,20,0,0
2386,0x1800,0,0,bulk,accepted,2,2,0,4,0,0
2387,0x1800,0,0,bulk,accepted,2,2,0,4,0,0
2388,0x1800,0,0,bulk,accepted,10,10,0,20,0,0
2389,0x1800,0,0,bulk,accepted,2,2,0,4,0,0
2390,0x1800,0,0,bulk,accepted,2,2,0,4,0,0
2391,0x1800,0,0,bulk,accepted,10,10,0,20,0,0
2392,0x1800,0,0,bulk,accepted,2,2,0,4,0,0
2393,0x1800,0,0,bulk,accepted,2,2,0,4,0,0
2394,0x1800,0,0,bulk,accepted,10,10,0,20,0,0
2395,0x1800,0,0,bulk,accepted,1,1,0,2,0,0
2396,0x1800,0,0,bulk,accepted,319,319,2,640,0,0
2397,0x1800,0,0,bulk,accepted,4,4,640,648,0,0
2398,0x1800,0,0,bulk,accepted,4,4,0,8,0,0
2399,0x1800,0,0,bulk,accepted,319,319,8,646,0,0
2400,0x1800,0,0,bulk,accepted,1,1,646,648,0,0
2401,0x1800,0,0,bulk,accepted,143,143,0,286,0,0
2402,0x1800,0,0,bulk,accepted,13,13,286,312,0,0
2403,0x1800,0,0,bulk,accepted,3,3,0,6,0,0
2404,0x1800,0,0,bulk,accepted,239,239,6,484,0,0
2405,0x1800,0,0,bulk,accepted,10,10,484,504,0,0
2406,0x1800,0,0,bulk,accepted,6,6,0,12,0,0
2407,0x1800,0,0,bulk,accepted,143,143,12,298,0,0
2408,0x1800,0,0,bulk,accepted,7,7,298,312,0,0
2409,0x1800,0,0,bulk,accepted,3,3,0,6,0,0
2410,0x1800,0,0,bulk,accepted,143,143,6,292,0,0
2411,0x1800,0,0,bulk,accepted,10,10,292,312,0,0
2412,0x1800,0,0,bulk,accepted,27,27,0,54,0,0
2413,0x1800,0,0,bulk,accepted,27,27,0,54,0,0
2414,0x1800,0,0,bulk,accepted,27,27,0,54,0,0
2415,0x1800,0,0,bulk,accepted,27,27,0,54,0,0
2416,0x1800,0,0,bulk,accepted,27,27,0,54,0,0
2417,0x1800,0,0,bulk,accepted,27,27,0,54,0,0
2418,0x1800,0,0,bulk,accepted,27,27,0,54,0,0
2419,0x1800,0,0,bulk,accepted,27,27,0,54,0,0
2420,0x1800,0,0,bulk,accepted,27,27,0,54,0,0
2421,0x1800,0,0,bulk,accepted,27,27,0,54,0,0
2422,0x1800,0,0,bulk,accepted,27,27,0,54,0,0
2423,0x1800,0,0,bulk,accepted,27,27,0,54,0,0
2424,0x1800,0,0,bulk,accepted,27,27,0,54,0,0
2425,0x1800,0,0,bulk,accepted,27,27,0,54,0,0
2426,0x1800,0,0,bulk,accepted,27,27,0,54,0,0
2427,0x1800,0,0,bulk,accepted,27,27,0,54,0,0
2428,0x1800,0,0,bulk,accepted,27,27,0,54,0,0
2429,0x1800,0,0,bulk,accepted,27,27,0,54,0,0
2430,0x1800,0,0,bulk,accepted,5,5,0,10,0,0
2431,0x1800,0,0,bulk,accepted,47,47,10,104,0,0
2432,0x1800,0,0,bulk,accepted,13,13,104,130,0,0
2433,0x1800,0,0,bulk,accepted,3,3,0,6,0,0
2434,0x1800,0,0,bulk,accepted,47,47,6,100,0,0
2435,0x1800,0,0,bulk,accepted,15,15,100,130,0,0
2436,0x1800,0,0,bulk,accepted,1,1,0,2,0,0
2437,0x1800,0,0,bulk,accepted,63,63,2,128,0,0
2438,0x1800,0,0,bulk,accepted,1,1,128,130,0,0
2439,0x1800,0,0,bulk,accepted,63,63,0,126,0,0
2440,0x1800,0,0,bulk,accepted,2,2,126,130,0,0
2441,0x1800,0,0,bulk,accepted,6,6,0,12,0,0
2442,0x1800,0,0,bulk,accepted,47,47,12,106,0,0
2443,0x1800,0,0,bulk,accepted,12,12,106,130,0,0
2444,0x1800,0,0,bulk,accepted,4,4,0,8,0,0
2445,0x1800,0,0,bulk,accepted,47,47,8,102,0,0
2446,0x1800,0,0,bulk,accepted,14,14,102,130,0,0
2447,0x1800,0,0,bulk,accepted,2,2,0,4,0,0
2448,0x1800,0,0,bulk,accepted,63,63,4,130,0,0
2449,0x1800,0,0,bulk,accepted,63,63,0,126,0,0
2450,0x1800,0,0,bulk,accepted,2,2,126,130,0,0
2451,0x1800,0,0,bulk,accepted,6,6,0,12,0,0
2452,0x1800,0,0,bulk,accepted,47,47,12,106,0,0
2453,0x1800,0,0,bulk,accepted,12,12,106,130,0,0
2454,0x1800,0,0,bulk,accepted,4,4,0,8,0,0
2455,0x1800,0,0,bulk,accepted,47,47,8,102,0,0
2456,0x1800,0,0,bulk,accepted,14,14,102,130,0,0
2457,0x1800,0,0,bulk,accepted,4,4,0,8,0,0
2458,0x1800,0,0,bulk,accepted,4,4,0,8,0,0
2459,0x1800,0,0,bulk,accepted,18,18,0,36,0,0
2460,0x1800,0,0,bulk,accepted,4,4,0,8,0,0
2461,0x1800,0,0,bulk,accepted,4,4,0,8,0,0
2462,0x1800,0,0,bulk,accepted,18,18,0,36,0,0
2463,0x1800,0,0,bulk,accepted,4,4,0,8,0,0
2464,0x1800,0,0,bulk,accepted,4,4,0,8,0,0
2465,0x1800,0,0,bulk,accepted,1,1,0,2,0,0
2466,0x1800,0,0,bulk,accepted,47,47,2,96,0,0
2467,0x1800,0,0,bulk,accepted,10,10,96,116,0,0
2468,0x1800,0,0,bulk,accepted,4,4,0,8,0,0
2469,0x1800,0,0,bulk,accepted,4,4,0,8,0,0
2470,0x1800,0,0,bulk,accepted,18,18,0,36,0,0
2471,0x1800,0,0,bulk,accepted,4,4,0,8,0,0
2472,0x1800,0,0,bulk,accepted,4,4,0,8,0,0
2473,0x1800,0,0,bulk,accepted,1,1,0,2,0,0
2474,0x1800,0,0,bulk,accepted,47,47,2,96,0,0
2475,0x1800,0,0,bulk,accepted,10,10,96,116,0,0
2476,0x1800,0,0,bulk,accepted,4,4,0,8,0,0
2477,0x1800,0,0,bulk,accepted,4,4,0,8,0,0
2478,0x1800,0,0,bulk,accepted,4,4,0,8,0,0
2479,0x1800,0,0,bulk,accepted,47,47,8,102,0,0
2480,0x1800,0,0,bulk,accepted,7,7,102,116,0,0
2481,0x1800,0,0,bulk,accepted,4,4,0,8,0,0
2482,0x1800,0,0,bulk,accepted,4,4,0,8,0,0
2483,0x1800,0,0,bulk,accepted,18,18,0,36,0,0
2484,0x1800,0,0,bulk,accepted,4,4,0,8,0,0
2485,0x1800,0,0,bulk,accepted,4,4,0,8,0,0
2486,0x1800,0,0,bulk,accepted,18,18,0,36,0,0
2487,0x1800,0,0,bulk,accepted,2,2,0,4,0,0
2488,0x1808,1,0,scalar_incrementing,accepted,1,1,4,5,0,0
2489,0x1800,0,0,bulk,accepted,2,2,0,4,0,0
2490,0x1808,1,0,scalar_incrementing,accepted,1,1,4,5,0,0
2491,0x1800,0,0,bulk,accepted,1,1,0,2,0,0
2492,0x1800,0,0,bulk,accepted,31,31,2,64,0,0
2493,0x1800,0,0,bulk,accepted,8,8,64,80,0,0
2494,0x1800,0,0,bulk,accepted,2,2,0,4,0,0
2495,0x1808,1,0,scalar_incrementing,accepted,1,1,4,5,0,0
2496,0x1800,0,0,bulk,accepted,2,2,0,4,0,0
2497,0x1808,1,0,scalar_incrementing,accepted,1,1,4,5,0,0
2498,0x1800,0,0,bulk,accepted,6,6,0,12,0,0
2499,0x1800,0,0,bulk,accepted,31,31,12,74,0,0
2500,0x1800,0,0,bulk,accepted,3,3,74,80,0,0
2501,0x1800,0,0,bulk,accepted,4,4,0,8,0,0
2502,0x1800,0,0,bulk,accepted,4,4,0,8,0,0
2503,0x1800,0,0,bulk,accepted,3,3,0,6,0,0
2504,0x1800,0,0,bulk,accepted,47,47,6,100,0,0
2505,0x1800,0,0,bulk,accepted,8,8,100,116,0,0
2506,0x1800,0,0,bulk,accepted,2,2,0,4,0,0
2507,0x1808,1,0,scalar_incrementing,accepted,1,1,4,5,0,0
2508,0x1800,0,0,bulk,accepted,2,2,0,4,0,0
2509,0x1808,1,0,scalar_incrementing,accepted,1,1,4,5,0,0
2510,0x1800,0,0,bulk,accepted,6,6,0,12,0,0
2511,0x1800,0,0,bulk,accepted,31,31,12,74,0,0
2512,0x1800,0,0,bulk,accepted,3,3,74,80,0,0
2513,0x1800,0,0,bulk,accepted,2,2,0,4,0,0
2514,0x1808,1,0,scalar_incrementing,accepted,1,1,4,5,0,0
2515,0x1800,0,0,bulk,accepted,2,2,0,4,0,0
2516,0x1808,1,0,scalar_incrementing,accepted,1,1,4,5,0,0
2517,0x1800,0,0,bulk,accepted,3,3,0,6,0,0
2518,0x1800,0,0,bulk,accepted,31,31,6,68,0,0
2519,0x1800,0,0,bulk,accepted,6,6,68,80,0,0
2520,0x1800,0,0,bulk,accepted,2,2,0,4,0,0
2521,0x1808,1,0,scalar_incrementing,accepted,1,1,4,5,0,0
2522,0x1800,0,0,bulk,accepted,2,2,0,4,0,0
2523,0x1808,1,0,scalar_incrementing,accepted,1,1,4,5,0,0
2524,0x1800,0,0,bulk,accepted,31,31,0,62,0,0
2525,0x1800,0,0,bulk,accepted,9,9,62,80,0,0
2526,0x1800,0,0,bulk,accepted,4,4,0,8,0,0
2527,0x1800,0,0,bulk,accepted,4,4,0,8,0,0
2528,0x1800,0,0,bulk,accepted,18,18,0,36,0,0
2529,0x1800,0,0,bulk,accepted,4,4,0,8,0,0
2530,0x1800,0,0,bulk,accepted,4,4,0,8,0,0
2531,0x1800,0,0,bulk,accepted,2,2,0,4,0,0
2532,0x1800,0,0,bulk,accepted,47,47,4,98,0,0
2533,0x1800,0,0,bulk,accepted,9,9,98,116,0,0
2534,0x1800,0,0,bulk,accepted,4,4,0,8,0,0
2535,0x1800,0,0,bulk,accepted,4,4,0,8,0,0
2536,0x1800,0,0,bulk,accepted,5,5,0,10,0,0
2537,0x1800,0,0,bulk,accepted,47,47,10,104,0,0
2538,0x1800,0,0,bulk,accepted,6,6,104,116,0,0
2539,0x1800,0,0,bulk,accepted,4,4,0,8,0,0
2540,0x1800,0,0,bulk,accepted,4,4,0,8,0,0
2541,0x1800,0,0,bulk,accepted,18,18,0,36,0,0
2542,0x1800,0,0,bulk,accepted,4,4,0,8,0,0
2543,0x1800,0,0,bulk,accepted,4,4,0,8,0,0
2544,0x1800,0,0,bulk,accepted,18,18,0,36,0,0
2545,0x1800,0,0,bulk,accepted,4,4,0,8,0,0
2546,0x1800,0,0,bulk,accepted,4,4,0,8,0,0
2547,0x1800,0,0,bulk,accepted,18,18,0,36,0,0
2548,0x1800,0,0,bulk,accepted,4,4,0,8,0,0
2549,0x1800,0,0,bulk,accepted,4,4,0,8,0,0
2550,0x1800,0,0,bulk,accepted,18,18,0,36,0,0
2551,0x1800,0,0,bulk,accepted,3,3,0,6,0,0
2552,0x1800,0,0,bulk,accepted,3,3,0,6,0,0
2553,0x1800,0,0,bulk,accepted,14,14,0,28,0,0
2554,0x1800,0,0,bulk,accepted,3,3,0,6,0,0
2555,0x1800,0,0,bulk,accepted,3,3,0,6,0,0
2556,0x1800,0,0,bulk,accepted,14,14,0,28,0,0
2557,0x1800,0,0,bulk,accepted,1,1,0,2,0,0
2558,0x1808,1,0,scalar_incrementing,accepted,1,1,2,3,0,0
2559,0x1800,0,0,bulk,accepted,1,1,0,2,0,0
2560,0x1808,1,0,scalar_incrementing,accepted,1,1,2,3,0,0
2561,0x1800,0,0,bulk,accepted,8,8,0,16,0,0
2562,0x1800,0,0,bulk,accepted,1,1,0,2,0,0
2563,0x1808,1,0,scalar_incrementing,accepted,1,1,2,3,0,0
2564,0x1800,0,0,bulk,accepted,1,1,0,2,0,0
2565,0x1808,1,0,scalar_incrementing,accepted,1,1,2,3,0,0
2566,0x1800,0,0,bulk,accepted,8,8,0,16,0,0
2567,0x1800,0,0,bulk,accepted,1,1,0,2,0,0
2568,0x1808,1,0,scalar_incrementing,accepted,1,1,2,3,0,0
2569,0x1800,0,0,bulk,accepted,1,1,0,2,0,0
2570,0x1808,1,0,scalar_incrementing,accepted,1,1,2,3,0,0
2571,0x1800,0,0,bulk,accepted,8,8,0,16,0,0
2572,0x1800,0,0,bulk,accepted,1,1,0,2,0,0
2573,0x1808,1,0,scalar_incrementing,accepted,1,1,2,3,0,0
2574,0x1800,0,0,bulk,accepted,1,1,0,2,0,0
2575,0x1808,1,0,scalar_incrementing,accepted,1,1,2,3,0,0
2576,0x1800,0,0,bulk,accepted,8,8,0,16,0,0
2577,0x1800,0,0,bulk,accepted,1,1,0,2,0,0
2578,0x1808,1,0,scalar_incrementing,accepted,1,1,2,3,0,0
2579,0x1800,0,0,bulk,accepted,1,1,0,2,0,0
2580,0x1808,1,0,scalar_incrementing,accepted,1,1,2,3,0,0
2581,0x1800,0,0,bulk,accepted,8,8,0,16,0,0
2582,0x1800,0,0,bulk,accepted,1,1,0,2,0,0
2583,0x1808,1,0,scalar_incrementing,accepted,1,1,2,3,0,0
2584,0x1800,0,0,bulk,accepted,1,1,0,2,0,0
2585,0x1808,1,0,scalar_incrementing,accepted,1,1,2,3,0,0
2586,0x1800,0,0,bulk,accepted,8,8,0,16,0,0
2587,0x1800,0,0,bulk,accepted,1,1,0,2,0,0
2588,0x1808,1,0,scalar_incrementing,accepted,1,1,2,3,0,0
2589,0x1800,0,0,bulk,accepted,1,1,0,2,0,0
2590,0x1808,1,0,scalar_incrementing,accepted,1,1,2,3,0,0
2591,0x1800,0,0,bulk,accepted,8,8,0,16,0,0
2592,0x1800,0,0,bulk,accepted,1,1,0,2,0,0
2593,0x1808,1,0,scalar_incrementing,accepted,1,1,2,3,0,0
2594,0x1800,0,0,bulk,accepted,1,1,0,2,0,0
2595,0x1808,1,0,scalar_incrementing,accepted,1,1,2,3,0,0
2596,0x1800,0,0,bulk,accepted,8,8,0,16,0,0
2597,0x1800,0,0,bulk,accepted,5,5,0,10,0,0
2598,0x1800,0,0,bulk,accepted,5,5,0,10,0,0
2599,0x1800,0,0,bulk,accepted,22,22,0,44,0,0
2600,0x1800,0,0,bulk,accepted,5,5,0,10,0,0
2601,0x1800,0,0,bulk,accepted,5,5,0,10,0,0
2602,0x1800,0,0,bulk,accepted,22,22,0,44,0,0
2603,0x1800,0,0,bulk,accepted,5,5,0,10,0,0
2604,0x1800,0,0,bulk,accepted,5,5,0,10,0,0
2605,0x1800,0,0,bulk,accepted,22,22,0,44,0,0
2606,0x1800,0,0,bulk,accepted,5,5,0,10,0,0
2607,0x1800,0,0,bulk,accepted,5,5,0,10,0,0
2608,0x1800,0,0,bulk,accepted,22,22,0,44,0,0
2609,0x1800,0,0,bulk,accepted,5,5,0,10,0,0
2610,0x1800,0,0,bulk,accepted,5,5,0,10,0,0
2611,0x1800,0,0,bulk,accepted,22,22,0,44,0,0
2612,0x1800,0,0,bulk,accepted,5,5,0,10,0,0
2613,0x1800,0,0,bulk,accepted,5,5,0,10,0,0
2614,0x1800,0,0,bulk,accepted,22,22,0,44,0,0
2615,0x1800,0,0,bulk,accepted,5,5,0,10,0,0
2616,0x1800,0,0,bulk,accepted,5,5,0,10,0,0
2617,0x1800,0,0,bulk,accepted,22,22,0,44,0,0
2618,0x1800,0,0,bulk,accepted,5,5,0,10,0,0
2619,0x1800,0,0,bulk,accepted,5,5,0,10,0,0
2620,0x1800,0,0,bulk,accepted,22,22,0,44,0,0
2621,0x1800,0,0,bulk,accepted,1,1,0,2,0,0
2622,0x1808,1,0,scalar_incrementing,accepted,1,1,2,3,0,0
2623,0x1800,0,0,bulk,accepted,1,1,0,2,0,0
2624,0x1808,1,0,scalar_incrementing,accepted,1,1,2,3,0,0
2625,0x1800,0,0,bulk,accepted,8,8,0,16,0,0
2626,0x1800,0,0,bulk,accepted,1,1,0,2,0,0
2627,0x1808,1,0,scalar_incrementing,accepted,1,1,2,3,0,0
2628,0x1800,0,0,bulk,accepted,1,1,0,2,0,0
2629,0x1808,1,0,scalar_incrementing,accepted,1,1,2,3,0,0
2630,0x1800,0,0,bulk,accepted,8,8,0,16,0,0
2631,0x1800,0,0,bulk,accepted,1,1,0,2,0,0
2632,0x1808,1,0,scalar_incrementing,accepted,1,1,2,3,0,0
2633,0x1800,0,0,bulk,accepted,1,1,0,2,0,0
2634,0x1808,1,0,scalar_incrementing,accepted,1,1,2,3,0,0
2635,0x1800,0,0,bulk,accepted,8,8,0,16,0,0
2636,0x1800,0,0,bulk,accepted,1,1,0,2,0,0
2637,0x1808,1,0,scalar_incrementing,accepted,1,1,2,3,0,0
2638,0x1800,0,0,bulk,accepted,1,1,0,2,0,0
2639,0x1808,1,0,scalar_incrementing,accepted,1,1,2,3,0,0
2640,0x1800,0,0,bulk,accepted,8,8,0,16,0,0
2641,0x1800,0,0,bulk,accepted,1,1,0,2,0,0
2642,0x1808,1,0,scalar_incrementing,accepted,1,1,2,3,0,0
2643,0x1800,0,0,bulk,accepted,1,1,0,2,0,0
2644,0x1808,1,0,scalar_incrementing,accepted,1,1,2,3,0,0
2645,0x1800,0,0,bulk,accepted,8,8,0,16,0,0
2646,0x1800,0,0,bulk,accepted,1,1,0,2,0,0
2647,0x1808,1,0,scalar_incrementing,accepted,1,1,2,3,0,0
2648,0x1800,0,0,bulk,accepted,1,1,0,2,0,0
2649,0x1808,1,0,scalar_incrementing,accepted,1,1,2,3,0,0
2650,0x1800,0,0,bulk,accepted,8,8,0,16,0,0
2651,0x1800,0,0,bulk,accepted,1,1,0,2,0,0
2652,0x1808,1,0,scalar_incrementing,accepted,1,1,2,3,0,0
2653,0x1800,0,0,bulk,accepted,1,1,0,2,0,0
2654,0x1808,1,0,scalar_incrementing,accepted,1,1,2,3,0,0
2655,0x1800,0,0,bulk,accepted,8,8,0,16,0,0
2656,0x1800,0,0,bulk,accepted,1,1,0,2,0,0
2657,0x1808,1,0,scalar_incrementing,accepted,1,1,2,3,0,0
2658,0x1800,0,0,bulk,accepted,1,1,0,2,0,0
2659,0x1808,1,0,scalar_incrementing,accepted,1,1,2,3,0,0
2660,0x1800,0,0,bulk,accepted,8,8,0,16,0,0
2661,0x1800,0,0,bulk,accepted,18,18,0,36,0,0
2662,0x1800,0,0,bulk,accepted,18,18,0,36,0,0
2663,0x1800,0,0,bulk,accepted,18,18,0,36,0,0
2664,0x1800,0,0,bulk,accepted,18,18,0,36,0,0
2665,0x1800,0,0,bulk,accepted,18,18,0,36,0,0
2666,0x1800,0,0,bulk,accepted,18,18,0,36,0,0
2667,0x1800,0,0,bulk,accepted,18,18,0,36,0,0
2668,0x1800,0,0,bulk,accepted,18,18,0,36,0,0
2669,0x1800,0,0,bulk,accepted,18,18,0,36,0,0
2670,0x1800,0,0,bulk,accepted,18,18,0,36,0,0
2671,0x1800,0,0,bulk,accepted,18,18,0,36,0,0
2672,0x1800,0,0,bulk,accepted,18,18,0,36,0,0
2673,0x1800,0,0,bulk,accepted,18,18,0,36,0,0
2674,0x1800,0,0,bulk,accepted,18,18,0,36,0,0
2675,0x1800,0,0,bulk,accepted,18,18,0,36,0,0
2676,0x1800,0,0,bulk,accepted,18,18,0,36,0,0
2677,0x1800,0,0,bulk,accepted,18,18,0,36,0,0
2678,0x1800,0,0,bulk,accepted,18,18,0,36,0,0
2679,0x1800,0,0,bulk,accepted,18,18,0,36,0,0
2680,0x1800,0,0,bulk,accepted,18,18,0,36,0,0
2681,0x1800,0,0,bulk,accepted,18,18,0,36,0,0
2682,0x1800,0,0,bulk,accepted,18,18,0,36,0,0
2683,0x1800,0,0,bulk,accepted,18,18,0,36,0,0
2684,0x1800,0,0,bulk,accepted,18,18,0,36,0,0
2685,0x1800,0,0,bulk,accepted,18,18,0,36,0,0
2686,0x1800,0,0,bulk,accepted,18,18,0,36,0,0
2687,0x1800,0,0,bulk,accepted,18,18,0,36,0,0
2688,0x1800,0,0,bulk,accepted,18,18,0,36,0,0
2689,0x1800,0,0,bulk,accepted,18,18,0,36,0,0
2690,0x1800,0,0,bulk,accepted,18,18,0,36,0,0
2691,0x1800,0,0,bulk,accepted,18,18,0,36,0,0
2692,0x1800,0,0,bulk,accepted,18,18,0,36,0,0
2693,0x1800,0,0,bulk,accepted,18,18,0,36,0,0
2694,0x1800,0,0,bulk,accepted,18,18,0,36,0,0
2695,0x1800,0,0,bulk,accepted,18,18,0,36,0,0
2696,0x1800,0,0,bulk,accepted,18,18,0,36,0,0
2697,0x1800,0,0,bulk,accepted,18,18,0,36,0,0
2698,0x1800,0,0,bulk,accepted,18,18,0,36,0,0
2699,0x1800,0,0,bulk,accepted,18,18,0,36,0,0
2700,0x1800,0,0,bulk,accepted,18,18,0,36,0,0
2701,0x1800,0,0,bulk,accepted,18,18,0,36,0,0
2702,0x1800,0,0,bulk,accepted,18,18,0,36,0,0
2703,0x1800,0,0,bulk,accepted,18,18,0,36,0,0
2704,0x1800,0,0,bulk,accepted,18,18,0,36,0,0
2705,0x1800,0,0,bulk,accepted,18,18,0,36,0,0
2706,0x1800,0,0,bulk,accepted,18,18,0,36,0,0
2707,0x1800,0,0,bulk,accepted,18,18,0,36,0,0
2708,0x1800,0,0,bulk,accepted,18,18,0,36,0,0
2709,0x1800,0,0,bulk,accepted,18,18,0,36,0,0
2710,0x1800,0,0,bulk,accepted,18,18,0,36,0,0
2711,0x1800,0,0,bulk,accepted,18,18,0,36,0,0
2712,0x1800,0,0,bulk,accepted,18,18,0,36,0,0
2713,0x1800,0,0,bulk,accepted,18,18,0,36,0,0
2714,0x1800,0,0,bulk,accepted,18,18,0,36,0,0
2715,0x1800,0,0,bulk,accepted,18,18,0,36,0,0
2716,0x1800,0,0,bulk,accepted,18,18,0,36,0,0
2717,0x1800,0,0,bulk,accepted,18,18,0,36,0,0
2718,0x1800,0,0,bulk,accepted,18,18,0,36,0,0
2719,0x1800,0,0,bulk,accepted,18,18,0,36,0,0
2720,0x1800,0,0,bulk,accepted,18,18,0,36,0,0
2721,0x1800,0,0,bulk,accepted,18,18,0,36,0,0
2722,0x1800,0,0,bulk,accepted,18,18,0,36,0,0
2723,0x1800,0,0,bulk,accepted,18,18,0,36,0,0
2724,0x1800,0,0,bulk,accepted,18,18,0,36,0,0
2725,0x1800,0,0,bulk,accepted,18,18,0,36,0,0
2726,0x1800,0,0,bulk,accepted,18,18,0,36,0,0
2727,0x1800,0,0,bulk,accepted,18,18,0,36,0,0
2728,0x1800,0,0,bulk,accepted,18,18,0,36,0,0
2729,0x1800,0,0,bulk,accepted,18,18,0,36,0,0
2730,0x1800,0,0,bulk,accepted,18,18,0,36,0,0
2731,0x1800,0,0,bulk,accepted,18,18,0,36,0,0
2732,0x1800,0,0,bulk,accepted,18,18,0,36,0,0
2733,0x1800,0,0,bulk,accepted,4,4,0,8,0,0
2734,0x1800,0,0,bulk,accepted,95,95,8,198,0,0
2735,0x1800,0,0,bulk,accepted,3,3,198,204,0,0
2736,0x1800,0,0,bulk,accepted,5,5,0,10,0,0
2737,0x1800,0,0,bulk,accepted,95,95,10,200,0,0
2738,0x1800,0,0,bulk,accepted,2,2,200,204,0,0
2739,0x1800,0,0,bulk,accepted,6,6,0,12,0,0
2740,0x1800,0,0,bulk,accepted,79,79,12,170,0,0
2741,0x1800,0,0,bulk,accepted,79,79,0,158,0,0
2742,0x1800,0,0,bulk,accepted,6,6,158,170,0,0
2743,0x1800,0,0,bulk,accepted,2,2,0,4,0,0
2744,0x1800,0,0,bulk,accepted,79,79,4,162,0,0
2745,0x1800,0,0,bulk,accepted,4,4,162,170,0,0
2746,0x1800,0,0,bulk,accepted,4,4,0,8,0,0
2747,0x1800,0,0,bulk,accepted,79,79,8,166,0,0
2748,0x1800,0,0,bulk,accepted,2,2,166,170,0,0
2749,0x1800,0,0,bulk,accepted,6,6,0,12,0,0
2750,0x1800,0,0,bulk,accepted,47,47,12,106,0,0
2751,0x1800,0,0,bulk,accepted,12,12,106,130,0,0
2752,0x1800,0,0,bulk,accepted,4,4,0,8,0,0
2753,0x1800,0,0,bulk,accepted,47,47,8,102,0,0
2754,0x1800,0,0,bulk,accepted,14,14,102,130,0,0
2755,0x1800,0,0,bulk,accepted,2,2,0,4,0,0
2756,0x1800,0,0,bulk,accepted,63,63,4,130,0,0
2757,0x1800,0,0,bulk,accepted,3,3,130,136,0,0
2758,0x1800,0,0,bulk,accepted,5,5,0,10,0,0
2759,0x1800,0,0,bulk,accepted,63,63,10,136,0,0
2760,0x1800,0,0,bulk,accepted,63,63,0,126,0,0
2761,0x1800,0,0,bulk,accepted,5,5,126,136,0,0
2762,0x1800,0,0,bulk,accepted,3,3,0,6,0,0
2763,0x1800,0,0,bulk,accepted,63,63,6,132,0,0
2764,0x1800,0,0,bulk,accepted,2,2,132,136,0,0
2765,0x1800,0,0,bulk,accepted,6,6,0,12,0,0
2766,0x1800,0,0,bulk,accepted,47,47,12,106,0,0
2767,0x1800,0,0,bulk,accepted,15,15,106,136,0,0
2768,0x1800,0,0,bulk,accepted,1,1,0,2,0,0
2769,0x1800,0,0,bulk,accepted,63,63,2,128,0,0
2770,0x1800,0,0,bulk,accepted,4,4,128,136,0,0
2771,0x1800,0,0,bulk,accepted,4,4,0,8,0,0
2772,0x1800,0,0,bulk,accepted,63,63,8,134,0,0
2773,0x1800,0,0,bulk,accepted,1,1,134,136,0,0
2774,0x1800,0,0,bulk,accepted,63,63,0,126,0,0
2775,0x1800,0,0,bulk,accepted,5,5,126,136,0,0
2776,0x1800,0,0,bulk,accepted,3,3,0,6,0,0
2777,0x1800,0,0,bulk,accepted,63,63,6,132,0,0
2778,0x1800,0,0,bulk,accepted,2,2,132,136,0,0
2779,0x1800,0,0,bulk,accepted,6,6,0,12,0,0
2780,0x1800,0,0,bulk,accepted,47,47,12,106,0,0
2781,0x1800,0,0,bulk,accepted,15,15,106,136,0,0
2782,0x1800,0,0,bulk,accepted,1,1,0,2,0,0
2783,0x1800,0,0,bulk,accepted,63,63,2,128,0,0
2784,0x1800,0,0,bulk,accepted,4,4,128,136,0,0
2785,0x1800,0,0,bulk,accepted,4,4,0,8,0,0
2786,0x1800,0,0,bulk,accepted,63,63,8,134,0,0
2787,0x1800,0,0,bulk,accepted,1,1,134,136,0,0
2788,0x1800,0,0,bulk,accepted,63,63,0,126,0,0
2789,0x1800,0,0,bulk,accepted,5,5,126,136,0,0
2790,0x1800,0,0,bulk,accepted,3,3,0,6,0,0
2791,0x1800,0,0,bulk,accepted,63,63,6,132,0,0
2792,0x1800,0,0,bulk,accepted,2,2,132,136,0,0
2793,0x1800,0,0,bulk,accepted,6,6,0,12,0,0
2794,0x1800,0,0,bulk,accepted,47,47,12,106,0,0
2795,0x1800,0,0,bulk,accepted,15,15,106,136,0,0
2796,0x1800,0,0,bulk,accepted,1,1,0,2,0,0
2797,0x1800,0,0,bulk,accepted,63,63,2,128,0,0
2798,0x1800,0,0,bulk,accepted,4,4,128,136,0,0
2799,0x1800,0,0,bulk,accepted,21,21,0,42,0,0
2800,0x1800,0,0,bulk,accepted,21,21,0,42,0,0
2801,0x1800,0,0,bulk,accepted,21,21,0,42,0,0
2802,0x1800,0,0,bulk,accepted,21,21,0,42,0,0
2803,0x1800,0,0,bulk,accepted,21,21,0,42,0,0
2804,0x1800,0,0,bulk,accepted,21,21,0,42,0,0
2805,0x1800,0,0,bulk,accepted,21,21,0,42,0,0
2806,0x1800,0,0,bulk,accepted,21,21,0,42,0,0
2807,0x1800,0,0,bulk,accepted,21,21,0,42,0,0
2808,0x1800,0,0,bulk,accepted,21,21,0,42,0,0
2809,0x1800,0,0,bulk,accepted,21,21,0,42,0,0
2810,0x1800,0,0,bulk,accepted,21,21,0,42,0,0
2811,0x1800,0,0,bulk,accepted,21,21,0,42,0,0
2812,0x1800,0,0,bulk,accepted,21,21,0,42,0,0
2813,0x1800,0,0,bulk,accepted,21,21,0,42,0,0
2814,0x1800,0,0,bulk,accepted,21,21,0,42,0,0
2815,0x1800,0,0,bulk,accepted,21,21,0,42,0,0
2816,0x1800,0,0,bulk,accepted,21,21,0,42,0,0
2817,0x1800,0,0,bulk,accepted,21,21,0,42,0,0
2818,0x1800,0,0,bulk,accepted,21,21,0,42,0,0
2819,0x1800,0,0,bulk,accepted,21,21,0,42,0,0
2820,0x1800,0,0,bulk,accepted,21,21,0,42,0,0
2821,0x1800,0,0,bulk,accepted,21,21,0,42,0,0
2822,0x1800,0,0,bulk,accepted,21,21,0,42,0,0
2823,0x1800,0,0,bulk,accepted,21,21,0,42,0,0
2824,0x1800,0,0,bulk,accepted,21,21,0,42,0,0
2825,0x1800,0,0,bulk,accepted,21,21,0,42,0,0
2826,0x1800,0,0,bulk,accepted,21,21,0,42,0,0
2827,0x1800,0,0,bulk,accepted,21,21,0,42,0,0
2828,0x1800,0,0,bulk,accepted,21,21,0,42,0,0
2829,0x1800,0,0,bulk,accepted,21,21,0,42,0,0
2830,0x1800,0,0,bulk,accepted,21,21,0,42,0,0
2831,0x1800,0,0,bulk,accepted,21,21,0,42,0,0
2832,0x1800,0,0,bulk,accepted,21,21,0,42,0,0
2833,0x1800,0,0,bulk,accepted,21,21,0,42,0,0
2834,0x1800,0,0,bulk,accepted,21,21,0,42,0,0
2835,0x1800,0,0,bulk,accepted,21,21,0,42,0,0
2836,0x1800,0,0,bulk,accepted,21,21,0,42,0,0
2837,0x1800,0,0,bulk,accepted,21,21,0,42,0,0
2838,0x1800,0,0,bulk,accepted,21,21,0,42,0,0
2839,0x1800,0,0,bulk,accepted,21,21,0,42,0,0
2840,0x1800,0,0,bulk,accepted,21,21,0,42,0,0
2841,0x1800,0,0,bulk,accepted,21,21,0,42,0,0
2842,0x1800,0,0,bulk,accepted,21,21,0,42,0,0
2843,0x1800,0,0,bulk,accepted,21,21,0,42,0,0
2844,0x1800,0,0,bulk,accepted,21,21,0,42,0,0
2845,0x1800,0,0,bulk,accepted,21,21,0,42,0,0
2846,0x1800,0,0,bulk,accepted,21,21,0,42,0,0
2847,0x1800,0,0,bulk,accepted,4,4,0,8,0,0
2848,0x1800,0,0,bulk,accepted,79,79,8,166,0,0
2849,0x1800,0,0,bulk,accepted,2,2,166,170,0,0
2850,0x1800,0,0,bulk,accepted,6,6,0,12,0,0
2851,0x1800,0,0,bulk,accepted,79,79,12,170,0,0
2852,0x1800,0,0,bulk,accepted,79,79,0,158,0,0
2853,0x1800,0,0,bulk,accepted,6,6,158,170,0,0
2854,0x1800,0,0,bulk,accepted,2,2,0,4,0,0
2855,0x1800,0,0,bulk,accepted,79,79,4,162,0,0
2856,0x1800,0,0,bulk,accepted,4,4,162,170,0,0
2857,0x1800,0,0,bulk,accepted,4,4,0,8,0,0
2858,0x1800,0,0,bulk,accepted,79,79,8,166,0,0
2859,0x1800,0,0,bulk,accepted,2,2,166,170,0,0
2860,0x1800,0,0,bulk,accepted,6,6,0,12,0,0
2861,0x1800,0,0,bulk,accepted,79,79,12,170,0,0
2862,0x1800,0,0,bulk,accepted,79,79,0,158,0,0
2863,0x1800,0,0,bulk,accepted,6,6,158,170,0,0
2864,0x1800,0,0,bulk,accepted,2,2,0,4,0,0
2865,0x1800,0,0,bulk,accepted,79,79,4,162,0,0
2866,0x1800,0,0,bulk,accepted,4,4,162,170,0,0
2867,0x1800,0,0,bulk,accepted,4,4,0,8,0,0
2868,0x1800,0,0,bulk,accepted,79,79,8,166,0,0
2869,0x1800,0,0,bulk,accepted,2,2,166,170,0,0
2870,0x1800,0,0,bulk,accepted,6,6,0,12,0,0
2871,0x1800,0,0,bulk,accepted,79,79,12,170,0,0
2872,0x1800,0,0,bulk,accepted,79,79,0,158,0,0
2873,0x1800,0,0,bulk,accepted,6,6,158,170,0,0
2874,0x1800,0,0,bulk,accepted,2,2,0,4,0,0
2875,0x1800,0,0,bulk,accepted,79,79,4,162,0,0
2876,0x1800,0,0,bulk,accepted,4,4,162,170,0,0
2877,0x1800,0,0,bulk,accepted,2,2,0,4,0,0
2878,0x1808,1,0,scalar_incrementing,accepted,1,1,4,5,0,0
2879,0x1800,0,0,bulk,accepted,2,2,0,4,0,0
2880,0x1808,1,0,scalar_incrementing,accepted,1,1,4,5,0,0
2881,0x1800,0,0,bulk,accepted,19,19,0,38,0,0
2882,0x1800,0,0,bulk,accepted,2,2,0,4,0,0
2883,0x1808,1,0,scalar_incrementing,accepted,1,1,4,5,0,0
2884,0x1800,0,0,bulk,accepted,2,2,0,4,0,0
2885,0x1808,1,0,scalar_incrementing,accepted,1,1,4,5,0,0
2886,0x1800,0,0,bulk,accepted,19,19,0,38,0,0
2887,0x1800,0,0,bulk,accepted,2,2,0,4,0,0
2888,0x1808,1,0,scalar_incrementing,accepted,1,1,4,5,0,0
2889,0x1800,0,0,bulk,accepted,2,2,0,4,0,0
2890,0x1808,1,0,scalar_incrementing,accepted,1,1,4,5,0,0
2891,0x1800,0,0,bulk,accepted,19,19,0,38,0,0
2892,0x1800,0,0,bulk,accepted,2,2,0,4,0,0
2893,0x1808,1,0,scalar_incrementing,accepted,1,1,4,5,0,0
2894,0x1800,0,0,bulk,accepted,2,2,0,4,0,0
2895,0x1808,1,0,scalar_incrementing,accepted,1,1,4,5,0,0
2896,0x1800,0,0,bulk,accepted,19,19,0,38,0,0
2897,0x1800,0,0,bulk,accepted,2,2,0,4,0,0
2898,0x1808,1,0,scalar_incrementing,accepted,1,1,4,5,0,0
2899,0x1800,0,0,bulk,accepted,2,2,0,4,0,0
2900,0x1808,1,0,scalar_incrementing,accepted,1,1,4,5,0,0
2901,0x1800,0,0,bulk,accepted,19,19,0,38,0,0
2902,0x1800,0,0,bulk,accepted,2,2,0,4,0,0
2903,0x1808,1,0,scalar_incrementing,accepted,1,1,4,5,0,0
2904,0x1800,0,0,bulk,accepted,2,2,0,4,0,0
2905,0x1808,1,0,scalar_incrementing,accepted,1,1,4,5,0,0
2906,0x1800,0,0,bulk,accepted,19,19,0,38,0,0
2907,0x1800,0,0,bulk,accepted,2,2,0,4,0,0
2908,0x1808,1,0,scalar_incrementing,accepted,1,1,4,5,0,0
2909,0x1800,0,0,bulk,accepted,2,2,0,4,0,0
2910,0x1808,1,0,scalar_incrementing,accepted,1,1,4,5,0,0
2911,0x1800,0,0,bulk,accepted,19,19,0,38,0,0
2912,0x1800,0,0,bulk,accepted,2,2,0,4,0,0
2913,0x1808,1,0,scalar_incrementing,accepted,1,1,4,5,0,0
2914,0x1800,0,0,bulk,accepted,2,2,0,4,0,0
2915,0x1808,1,0,scalar_incrementing,accepted,1,1,4,5,0,0
2916,0x1800,0,0,bulk,accepted,19,19,0,38,0,0
2917,0x1800,0,0,bulk,accepted,2,2,0,4,0,0
2918,0x1808,1,0,scalar_incrementing,accepted,1,1,4,5,0,0
2919,0x1800,0,0,bulk,accepted,2,2,0,4,0,0
2920,0x1808,1,0,scalar_incrementing,accepted,1,1,4,5,0,0
2921,0x1800,0,0,bulk,accepted,19,19,0,38,0,0
2922,0x1800,0,0,bulk,accepted,2,2,0,4,0,0
2923,0x1808,1,0,scalar_incrementing,accepted,1,1,4,5,0,0
2924,0x1800,0,0,bulk,accepted,2,2,0,4,0,0
2925,0x1808,1,0,scalar_incrementing,accepted,1,1,4,5,0,0
2926,0x1800,0,0,bulk,accepted,19,19,0,38,0,0
2927,0x1800,0,0,bulk,accepted,4,4,0,8,0,0
2928,0x1800,0,0,bulk,accepted,4,4,0,8,0,0
2929,0x1800,0,0,bulk,accepted,18,18,0,36,0,0
2930,0x1800,0,0,bulk,accepted,4,4,0,8,0,0
2931,0x1800,0,0,bulk,accepted,4,4,0,8,0,0
2932,0x1800,0,0,bulk,accepted,18,18,0,36,0,0
2933,0x1800,0,0,bulk,accepted,4,4,0,8,0,0
2934,0x1800,0,0,bulk,accepted,4,4,0,8,0,0
2935,0x1800,0,0,bulk,accepted,18,18,0,36,0,0
2936,0x1800,0,0,bulk,accepted,4,4,0,8,0,0
2937,0x1800,0,0,bulk,accepted,4,4,0,8,0,0
2938,0x1800,0,0,bulk,accepted,18,18,0,36,0,0
2939,0x1800,0,0,bulk,accepted,4,4,0,8,0,0
2940,0x1800,0,0,bulk,accepted,4,4,0,8,0,0
2941,0x1800,0,0,bulk,accepted,18,18,0,36,0,0
2942,0x1800,0,0,bulk,accepted,4,4,0,8,0,0
2943,0x1800,0,0,bulk,accepted,4,4,0,8,0,0
2944,0x1800,0,0,bulk,accepted,18,18,0,36,0,0
2945,0x1800,0,0,bulk,accepted,4,4,0,8,0,0
2946,0x1800,0,0,bulk,accepted,4,4,0,8,0,0
2947,0x1800,0,0,bulk,accepted,18,18,0,36,0,0
2948,0x1800,0,0,bulk,accepted,4,4,0,8,0,0
2949,0x1800,0,0,bulk,accepted,4,4,0,8,0,0
2950,0x1800,0,0,bulk,accepted,18,18,0,36,0,0
2951,0x1800,0,0,bulk,accepted,2,2,0,4,0,0
2952,0x1800,0,0,bulk,accepted,2,2,0,4,0,0
2953,0x1800,0,0,bulk,accepted,10,10,0,20,0,0
2954,0x1800,0,0,bulk,accepted,2,2,0,4,0,0
2955,0x1800,0,0,bulk,accepted,2,2,0,4,0,0
2956,0x1800,0,0,bulk,accepted,10,10,0,20,0,0
2957,0x1800,0,0,bulk,accepted,2,2,0,4,0,0
2958,0x1800,0,0,bulk,accepted,2,2,0,4,0,0
2959,0x1800,0,0,bulk,accepted,10,10,0,20,0,0
2960,0x1800,0,0,bulk,accepted,2,2,0,4,0,0
2961,0x1800,0,0,bulk,accepted,2,2,0,4,0,0
2962,0x1800,0,0,bulk,accepted,10,10,0,20,0,0
2963,0x1800,0,0,bulk,accepted,2,2,0,4,0,0
2964,0x1800,0,0,bulk,accepted,2,2,0,4,0,0
2965,0x1800,0,0,bulk,accepted,10,10,0,20,0,0
2966,0x1800,0,0,bulk,accepted,2,2,0,4,0,0
2967,0x1800,0,0,bulk,accepted,2,2,0,4,0,0
2968,0x1800,0,0,bulk,accepted,10,10,0,20,0,0
2969,0x1800,0,0,bulk,accepted,2,2,0,4,0,0
2970,0x1800,0,0,bulk,accepted,2,2,0,4,0,0
2971,0x1800,0,0,bulk,accepted,10,10,0,20,0,0
2972,0x1800,0,0,bulk,accepted,2,2,0,4,0,0
2973,0x1800,0,0,bulk,accepted,2,2,0,4,0,0
2974,0x1800,0,0,bulk,accepted,10,10,0,20,0,0
2975,0x1800,0,0,bulk,accepted,2,2,0,4,0,0
2976,0x1800,0,0,bulk,accepted,2,2,0,4,0,0
2977,0x1800,0,0,bulk,accepted,10,10,0,20,0,0
2978,0x1800,0,0,bulk,accepted,2,2,0,4,0,0
2979,0x1800,0,0,bulk,accepted,2,2,0,4,0,0
2980,0x1800,0,0,bulk,accepted,10,10,0,20,0,0
2981,0x1800,0,0,bulk,accepted,2,2,0,4,0,0
2982,0x1800,0,0,bulk,accepted,2,2,0,4,0,0
2983,0x1800,0,0,bulk,accepted,10,10,0,20,0,0
2984,0x1800,0,0,bulk,accepted,2,2,0,4,0,0
2985,0x1800,0,0,bulk,accepted,2,2,0,4,0,0
2986,0x1800,0,0,bulk,accepted,10,10,0,20,0,0
2987,0x1800,0,0,bulk,accepted,2,2,0,4,0,0
2988,0x1800,0,0,bulk,accepted,2,2,0,4,0,0
2989,0x1800,0,0,bulk,accepted,10,10,0,20,0,0
2990,0x1800,0,0,bulk,accepted,2,2,0,4,0,0
2991,0x1800,0,0,bulk,accepted,2,2,0,4,0,0
2992,0x1800,0,0,bulk,accepted,10,10,0,20,0,0
2993,0x1800,0,0,bulk,accepted,2,2,0,4,0,0
2994,0x1800,0,0,bulk,accepted,2,2,0,4,0,0
2995,0x1800,0,0,bulk,accepted,10,10,0,20,0,0
2996,0x1800,0,0,bulk,accepted,2,2,0,4,0,0
2997,0x1800,0,0,bulk,accepted,2,2,0,4,0,0
2998,0x1800,0,0,bulk,accepted,10,10,0,20,0,0
2999,0x1800,0,0,bulk,accepted,1,1,0,2,0,0
3000,0x1800,0,0,bulk,accepted,319,319,2,640,0,0
3001,0x1800,0,0,bulk,accepted,4,4,640,648,0,0
3002,0x1800,0,0,bulk,accepted,4,4,0,8,0,0
3003,0x1800,0,0,bulk,accepted,319,319,8,646,0,0
3004,0x1800,0,0,bulk,accepted,1,1,646,648,0,0
3005,0x1800,0,0,bulk,accepted,143,143,0,286,0,0
3006,0x1800,0,0,bulk,accepted,13,13,286,312,0,0
3007,0x1800,0,0,bulk,accepted,3,3,0,6,0,0
3008,0x1800,0,0,bulk,accepted,239,239,6,484,0,0
3009,0x1800,0,0,bulk,accepted,10,10,484,504,0,0
3010,0x1800,0,0,bulk,accepted,6,6,0,12,0,0
3011,0x1800,0,0,bulk,accepted,143,143,12,298,0,0
3012,0x1800,0,0,bulk,accepted,7,7,298,312,0,0
3013,0x1800,0,0,bulk,accepted,1,1,0,2,0,0
3014,0x1800,0,0,bulk,accepted,143,143,2,288,0,0
3015,0x1800,0,0,bulk,accepted,12,12,288,312,0,0
3016,0x1800,0,0,bulk,accepted,27,27,0,54,0,0
3017,0x1800,0,0,bulk,accepted,27,27,0,54,0,0
3018,0x1800,0,0,bulk,accepted,27,27,0,54,0,0
3019,0x1800,0,0,bulk,accepted,27,27,0,54,0,0
3020,0x1800,0,0,bulk,accepted,27,27,0,54,0,0
3021,0x1800,0,0,bulk,accepted,27,27,0,54,0,0
3022,0x1800,0,0,bulk,accepted,27,27,0,54,0,0
3023,0x1800,0,0,bulk,accepted,27,27,0,54,0,0
3024,0x1800,0,0,bulk,accepted,27,27,0,54,0,0
3025,0x1800,0,0,bulk,accepted,27,27,0,54,0,0
3026,0x1800,0,0,bulk,accepted,27,27,0,54,0,0
3027,0x1800,0,0,bulk,accepted,27,27,0,54,0,0
3028,0x1800,0,0,bulk,accepted,27,27,0,54,0,0
3029,0x1800,0,0,bulk,accepted,27,27,0,54,0,0
3030,0x1800,0,0,bulk,accepted,27,27,0,54,0,0
3031,0x1800,0,0,bulk,accepted,27,27,0,54,0,0
3032,0x1800,0,0,bulk,accepted,27,27,0,54,0,0
3033,0x1800,0,0,bulk,accepted,27,27,0,54,0,0
3034,0x1800,0,0,bulk,accepted,5,5,0,10,0,0
3035,0x1800,0,0,bulk,accepted,47,47,10,104,0,0
3036,0x1800,0,0,bulk,accepted,13,13,104,130,0,0
3037,0x1800,0,0,bulk,accepted,3,3,0,6,0,0
3038,0x1800,0,0,bulk,accepted,47,47,6,100,0,0
3039,0x1800,0,0,bulk,accepted,15,15,100,130,0,0
3040,0x1800,0,0,bulk,accepted,1,1,0,2,0,0
3041,0x1800,0,0,bulk,accepted,63,63,2,128,0,0
3042,0x1800,0,0,bulk,accepted,1,1,128,130,0,0
3043,0x1800,0,0,bulk,accepted,63,63,0,126,0,0
3044,0x1800,0,0,bulk,accepted,2,2,126,130,0,0
3045,0x1800,0,0,bulk,accepted,6,6,0,12,0,0
3046,0x1800,0,0,bulk,accepted,47,47,12,106,0,0
3047,0x1800,0,0,bulk,accepted,12,12,106,130,0,0
3048,0x1800,0,0,bulk,accepted,4,4,0,8,0,0
3049,0x1800,0,0,bulk,accepted,47,47,8,102,0,0
3050,0x1800,0,0,bulk,accepted,14,14,102,130,0,0
3051,0x1800,0,0,bulk,accepted,2,2,0,4,0,0
3052,0x1800,0,0,bulk,accepted,63,63,4,130,0,0
3053,0x1800,0,0,bulk,accepted,63,63,0,126,0,0
3054,0x1800,0,0,bulk,accepted,2,2,126,130,0,0
3055,0x1800,0,0,bulk,accepted,6,6,0,12,0,0
3056,0x1800,0,0,bulk,accepted,47,47,12,106,0,0
3057,0x1800,0,0,bulk,accepted,12,12,106,130,0,0
3058,0x1800,0,0,bulk,accepted,4,4,0,8,0,0
3059,0x1800,0,0,bulk,accepted,47,47,8,102,0,0
3060,0x1800,0,0,bulk,accepted,14,14,102,130,0,0
3061,0x1800,0,0,bulk,accepted,4,4,0,8,0,0
3062,0x1800,0,0,bulk,accepted,4,4,0,8,0,0
3063,0x1800,0,0,bulk,accepted,18,18,0,36,0,0
3064,0x1800,0,0,bulk,accepted,4,4,0,8,0,0
3065,0x1800,0,0,bulk,accepted,4,4,0,8,0,0
3066,0x1800,0,0,bulk,accepted,18,18,0,36,0,0
3067,0x1800,0,0,bulk,accepted,4,4,0,8,0,0
3068,0x1800,0,0,bulk,accepted,4,4,0,8,0,0
3069,0x1800,0,0,bulk,accepted,1,1,0,2,0,0
3070,0x1800,0,0,bulk,accepted,47,47,2,96,0,0
3071,0x1800,0,0,bulk,accepted,10,10,96,116,0,0
3072,0x1800,0,0,bulk,accepted,4,4,0,8,0,0
3073,0x1800,0,0,bulk,accepted,4,4,0,8,0,0
3074,0x1800,0,0,bulk,accepted,18,18,0,36,0,0
3075,0x1800,0,0,bulk,accepted,4,4,0,8,0,0
3076,0x1800,0,0,bulk,accepted,4,4,0,8,0,0
3077,0x1800,0,0,bulk,accepted,1,1,0,2,0,0
3078,0x1800,0,0,bulk,accepted,47,47,2,96,0,0
3079,0x1800,0,0,bulk,accepted,10,10,96,116,0,0
3080,0x1800,0,0,bulk,accepted,4,4,0,8,0,0
3081,0x1800,0,0,bulk,accepted,4,4,0,8,0,0
3082,0x1800,0,0,bulk,accepted,4,4,0,8,0,0
3083,0x1800,0,0,bulk,accepted,47,47,8,102,0,0
3084,0x1800,0,0,bulk,accepted,7,7,102,116,0,0
3085,0x1800,0,0,bulk,accepted,4,4,0,8,0,0
3086,0x1800,0,0,bulk,accepted,4,4,0,8,0,0
3087,0x1800,0,0,bulk,accepted,18,18,0,36,0,0
3088,0x1800,0,0,bulk,accepted,4,4,0,8,0,0
3089,0x1800,0,0,bulk,accepted,4,4,0,8,0,0
3090,0x1800,0,0,bulk,accepted,18,18,0,36,0,0
3091,0x1800,0,0,bulk,accepted,2,2,0,4,0,0
3092,0x1808,1,0,scalar_incrementing,accepted,1,1,4,5,0,0
3093,0x1800,0,0,bulk,accepted,2,2,0,4,0,0
3094,0x1808,1,0,scalar_incrementing,accepted,1,1,4,5,0,0
3095,0x1800,0,0,bulk,accepted,1,1,0,2,0,0
3096,0x1800,0,0,bulk,accepted,31,31,2,64,0,0
3097,0x1800,0,0,bulk,accepted,8,8,64,80,0,0
3098,0x1800,0,0,bulk,accepted,2,2,0,4,0,0
3099,0x1808,1,0,scalar_incrementing,accepted,1,1,4,5,0,0
3100,0x1800,0,0,bulk,accepted,2,2,0,4,0,0
3101,0x1808,1,0,scalar_incrementing,accepted,1,1,4,5,0,0
3102,0x1800,0,0,bulk,accepted,6,6,0,12,0,0
3103,0x1800,0,0,bulk,accepted,31,31,12,74,0,0
3104,0x1800,0,0,bulk,accepted,3,3,74,80,0,0
3105,0x1800,0,0,bulk,accepted,4,4,0,8,0,0
3106,0x1800,0,0,bulk,accepted,4,4,0,8,0,0
3107,0x1800,0,0,bulk,accepted,3,3,0,6,0,0
3108,0x1800,0,0,bulk,accepted,47,47,6,100,0,0
3109,0x1800,0,0,bulk,accepted,8,8,100,116,0,0
3110,0x1800,0,0,bulk,accepted,2,2,0,4,0,0
3111,0x1808,1,0,scalar_incrementing,accepted,1,1,4,5,0,0
3112,0x1800,0,0,bulk,accepted,2,2,0,4,0,0
3113,0x1808,1,0,scalar_incrementing,accepted,1,1,4,5,0,0
3114,0x1800,0,0,bulk,accepted,6,6,0,12,0,0
3115,0x1800,0,0,bulk,accepted,31,31,12,74,0,0
3116,0x1800,0,0,bulk,accepted,3,3,74,80,0,0
3117,0x1800,0,0,bulk,accepted,2,2,0,4,0,0
3118,0x1808,1,0,scalar_incrementing,accepted,1,1,4,5,0,0
3119,0x1800,0,0,bulk,accepted,2,2,0,4,0,0
3120,0x1808,1,0,scalar_incrementing,accepted,1,1,4,5,0,0
3121,0x1800,0,0,bulk,accepted,3,3,0,6,0,0
3122,0x1800,0,0,bulk,accepted,31,31,6,68,0,0
3123,0x1800,0,0,bulk,accepted,6,6,68,80,0,0
3124,0x1800,0,0,bulk,accepted,2,2,0,4,0,0
3125,0x1808,1,0,scalar_incrementing,accepted,1,1,4,5,0,0
3126,0x1800,0,0,bulk,accepted,2,2,0,4,0,0
3127,0x1808,1,0,scalar_incrementing,accepted,1,1,4,5,0,0
3128,0x1800,0,0,bulk,accepted,31,31,0,62,0,0
3129,0x1800,0,0,bulk,accepted,9,9,62,80,0,0
3130,0x1800,0,0,bulk,accepted,4,4,0,8,0,0
3131,0x1800,0,0,bulk,accepted,4,4,0,8,0,0
3132,0x1800,0,0,bulk,accepted,18,18,0,36,0,0
3133,0x1800,0,0,bulk,accepted,4,4,0,8,0,0
3134,0x1800,0,0,bulk,accepted,4,4,0,8,0,0
3135,0x1800,0,0,bulk,accepted,2,2,0,4,0,0
3136,0x1800,0,0,bulk,accepted,47,47,4,98,0,0
3137,0x1800,0,0,bulk,accepted,9,9,98,116,0,0
3138,0x1800,0,0,bulk,accepted,4,4,0,8,0,0
3139,0x1800,0,0,bulk,accepted,4,4,0,8,0,0
3140,0x1800,0,0,bulk,accepted,5,5,0,10,0,0
3141,0x1800,0,0,bulk,accepted,47,47,10,104,0,0
3142,0x1800,0,0,bulk,accepted,6,6,104,116,0,0
3143,0x1800,0,0,bulk,accepted,4,4,0,8,0,0
3144,0x1800,0,0,bulk,accepted,4,4,0,8,0,0
3145,0x1800,0,0,bulk,accepted,18,18,0,36,0,0
3146,0x1800,0,0,bulk,accepted,4,4,0,8,0,0
3147,0x1800,0,0,bulk,accepted,4,4,0,8,0,0
3148,0x1800,0,0,bulk,accepted,18,18,0,36,0,0
3149,0x1800,0,0,bulk,accepted,4,4,0,8,0,0
3150,0x1800,0,0,bulk,accepted,4,4,0,8,0,0
3151,0x1800,0,0,bulk,accepted,18,18,0,36,0,0
3152,0x1800,0,0,bulk,accepted,4,4,0,8,0,0
3153,0x1800,0,0,bulk,accepted,4,4,0,8,0,0
3154,0x1800,0,0,bulk,accepted,18,18,0,36,0,0
3155,0x1800,0,0,bulk,accepted,3,3,0,6,0,0
3156,0x1800,0,0,bulk,accepted,3,3,0,6,0,0
3157,0x1800,0,0,bulk,accepted,14,14,0,28,0,0
3158,0x1800,0,0,bulk,accepted,3,3,0,6,0,0
3159,0x1800,0,0,bulk,accepted,3,3,0,6,0,0
3160,0x1800,0,0,bulk,accepted,14,14,0,28,0,0
3161,0x1800,0,0,bulk,accepted,1,1,0,2,0,0
3162,0x1808,1,0,scalar_incrementing,accepted,1,1,2,3,0,0
3163,0x1800,0,0,bulk,accepted,1,1,0,2,0,0
3164,0x1808,1,0,scalar_incrementing,accepted,1,1,2,3,0,0
3165,0x1800,0,0,bulk,accepted,8,8,0,16,0,0
3166,0x1800,0,0,bulk,accepted,1,1,0,2,0,0
3167,0x1808,1,0,scalar_incrementing,accepted,1,1,2,3,0,0
3168,0x1800,0,0,bulk,accepted,1,1,0,2,0,0
3169,0x1808,1,0,scalar_incrementing,accepted,1,1,2,3,0,0
3170,0x1800,0,0,bulk,accepted,8,8,0,16,0,0
3171,0x1800,0,0,bulk,accepted,1,1,0,2,0,0
3172,0x1808,1,0,scalar_incrementing,accepted,1,1,2,3,0,0
3173,0x1800,0,0,bulk,accepted,1,1,0,2,0,0
3174,0x1808,1,0,scalar_incrementing,accepted,1,1,2,3,0,0
3175,0x1800,0,0,bulk,accepted,8,8,0,16,0,0
3176,0x1800,0,0,bulk,accepted,1,1,0,2,0,0
3177,0x1808,1,0,scalar_incrementing,accepted,1,1,2,3,0,0
3178,0x1800,0,0,bulk,accepted,1,1,0,2,0,0
3179,0x1808,1,0,scalar_incrementing,accepted,1,1,2,3,0,0
3180,0x1800,0,0,bulk,accepted,8,8,0,16,0,0
3181,0x1800,0,0,bulk,accepted,1,1,0,2,0,0
3182,0x1808,1,0,scalar_incrementing,accepted,1,1,2,3,0,0
3183,0x1800,0,0,bulk,accepted,1,1,0,2,0,0
3184,0x1808,1,0,scalar_incrementing,accepted,1,1,2,3,0,0
3185,0x1800,0,0,bulk,accepted,8,8,0,16,0,0
3186,0x1800,0,0,bulk,accepted,1,1,0,2,0,0
3187,0x1808,1,0,scalar_incrementing,accepted,1,1,2,3,0,0
3188,0x1800,0,0,bulk,accepted,1,1,0,2,0,0
3189,0x1808,1,0,scalar_incrementing,accepted,1,1,2,3,0,0
3190,0x1800,0,0,bulk,accepted,8,8,0,16,0,0
3191,0x1800,0,0,bulk,accepted,1,1,0,2,0,0
3192,0x1808,1,0,scalar_incrementing,accepted,1,1,2,3,0,0
3193,0x1800,0,0,bulk,accepted,1,1,0,2,0,0
3194,0x1808,1,0,scalar_incrementing,accepted,1,1,2,3,0,0
3195,0x1800,0,0,bulk,accepted,8,8,0,16,0,0
3196,0x1800,0,0,bulk,accepted,1,1,0,2,0,0
3197,0x1808,1,0,scalar_incrementing,accepted,1,1,2,3,0,0
3198,0x1800,0,0,bulk,accepted,1,1,0,2,0,0
3199,0x1808,1,0,scalar_incrementing,accepted,1,1,2,3,0,0
3200,0x1800,0,0,bulk,accepted,8,8,0,16,0,0
3201,0x1800,0,0,bulk,accepted,5,5,0,10,0,0
3202,0x1800,0,0,bulk,accepted,5,5,0,10,0,0
3203,0x1800,0,0,bulk,accepted,22,22,0,44,0,0
3204,0x1800,0,0,bulk,accepted,5,5,0,10,0,0
3205,0x1800,0,0,bulk,accepted,5,5,0,10,0,0
3206,0x1800,0,0,bulk,accepted,22,22,0,44,0,0
3207,0x1800,0,0,bulk,accepted,5,5,0,10,0,0
3208,0x1800,0,0,bulk,accepted,5,5,0,10,0,0
3209,0x1800,0,0,bulk,accepted,22,22,0,44,0,0
3210,0x1800,0,0,bulk,accepted,5,5,0,10,0,0
3211,0x1800,0,0,bulk,accepted,5,5,0,10,0,0
3212,0x1800,0,0,bulk,accepted,22,22,0,44,0,0
3213,0x1800,0,0,bulk,accepted,5,5,0,10,0,0
3214,0x1800,0,0,bulk,accepted,5,5,0,10,0,0
3215,0x1800,0,0,bulk,accepted,22,22,0,44,0,0
3216,0x1800,0,0,bulk,accepted,5,5,0,10,0,0
3217,0x1800,0,0,bulk,accepted,5,5,0,10,0,0
3218,0x1800,0,0,bulk,accepted,22,22,0,44,0,0
3219,0x1800,0,0,bulk,accepted,5,5,0,10,0,0
3220,0x1800,0,0,bulk,accepted,5,5,0,10,0,0
3221,0x1800,0,0,bulk,accepted,22,22,0,44,0,0
3222,0x1800,0,0,bulk,accepted,5,5,0,10,0,0
3223,0x1800,0,0,bulk,accepted,5,5,0,10,0,0
3224,0x1800,0,0,bulk,accepted,22,22,0,44,0,0
3225,0x1800,0,0,bulk,accepted,1,1,0,2,0,0
3226,0x1808,1,0,scalar_incrementing,accepted,1,1,2,3,0,0
3227,0x1800,0,0,bulk,accepted,1,1,0,2,0,0
3228,0x1808,1,0,scalar_incrementing,accepted,1,1,2,3,0,0
3229,0x1800,0,0,bulk,accepted,8,8,0,16,0,0
3230,0x1800,0,0,bulk,accepted,1,1,0,2,0,0
3231,0x1808,1,0,scalar_incrementing,accepted,1,1,2,3,0,0
3232,0x1800,0,0,bulk,accepted,1,1,0,2,0,0
3233,0x1808,1,0,scalar_incrementing,accepted,1,1,2,3,0,0
3234,0x1800,0,0,bulk,accepted,8,8,0,16,0,0
3235,0x1800,0,0,bulk,accepted,1,1,0,2,0,0
3236,0x1808,1,0,scalar_incrementing,accepted,1,1,2,3,0,0
3237,0x1800,0,0,bulk,accepted,1,1,0,2,0,0
3238,0x1808,1,0,scalar_incrementing,accepted,1,1,2,3,0,0
3239,0x1800,0,0,bulk,accepted,8,8,0,16,0,0
3240,0x1800,0,0,bulk,accepted,1,1,0,2,0,0
3241,0x1808,1,0,scalar_incrementing,accepted,1,1,2,3,0,0
3242,0x1800,0,0,bulk,accepted,1,1,0,2,0,0
3243,0x1808,1,0,scalar_incrementing,accepted,1,1,2,3,0,0
3244,0x1800,0,0,bulk,accepted,8,8,0,16,0,0
3245,0x1800,0,0,bulk,accepted,1,1,0,2,0,0
3246,0x1808,1,0,scalar_incrementing,accepted,1,1,2,3,0,0
3247,0x1800,0,0,bulk,accepted,1,1,0,2,0,0
3248,0x1808,1,0,scalar_incrementing,accepted,1,1,2,3,0,0
3249,0x1800,0,0,bulk,accepted,8,8,0,16,0,0
3250,0x1800,0,0,bulk,accepted,1,1,0,2,0,0
3251,0x1808,1,0,scalar_incrementing,accepted,1,1,2,3,0,0
3252,0x1800,0,0,bulk,accepted,1,1,0,2,0,0
3253,0x1808,1,0,scalar_incrementing,accepted,1,1,2,3,0,0
3254,0x1800,0,0,bulk,accepted,8,8,0,16,0,0
3255,0x1800,0,0,bulk,accepted,1,1,0,2,0,0
3256,0x1808,1,0,scalar_incrementing,accepted,1,1,2,3,0,0
3257,0x1800,0,0,bulk,accepted,1,1,0,2,0,0
3258,0x1808,1,0,scalar_incrementing,accepted,1,1,2,3,0,0
3259,0x1800,0,0,bulk,accepted,8,8,0,16,0,0
3260,0x1800,0,0,bulk,accepted,1,1,0,2,0,0
3261,0x1808,1,0,scalar_incrementing,accepted,1,1,2,3,0,0
3262,0x1800,0,0,bulk,accepted,1,1,0,2,0,0
3263,0x1808,1,0,scalar_incrementing,accepted,1,1,2,3,0,0
3264,0x1800,0,0,bulk,accepted,8,8,0,16,0,0
3265,0x1800,0,0,bulk,accepted,18,18,0,36,0,0
3266,0x1800,0,0,bulk,accepted,18,18,0,36,0,0
3267,0x1800,0,0,bulk,accepted,18,18,0,36,0,0
3268,0x1800,0,0,bulk,accepted,18,18,0,36,0,0
3269,0x1800,0,0,bulk,accepted,18,18,0,36,0,0
3270,0x1800,0,0,bulk,accepted,18,18,0,36,0,0
3271,0x1800,0,0,bulk,accepted,18,18,0,36,0,0
3272,0x1800,0,0,bulk,accepted,18,18,0,36,0,0
3273,0x1800,0,0,bulk,accepted,18,18,0,36,0,0
3274,0x1800,0,0,bulk,accepted,18,18,0,36,0,0
3275,0x1800,0,0,bulk,accepted,18,18,0,36,0,0
3276,0x1800,0,0,bulk,accepted,18,18,0,36,0,0
3277,0x1800,0,0,bulk,accepted,18,18,0,36,0,0
3278,0x1800,0,0,bulk,accepted,18,18,0,36,0,0
3279,0x1800,0,0,bulk,accepted,18,18,0,36,0,0
3280,0x1800,0,0,bulk,accepted,18,18,0,36,0,0
3281,0x1800,0,0,bulk,accepted,18,18,0,36,0,0
3282,0x1800,0,0,bulk,accepted,18,18,0,36,0,0
3283,0x1800,0,0,bulk,accepted,18,18,0,36,0,0
3284,0x1800,0,0,bulk,accepted,18,18,0,36,0,0
3285,0x1800,0,0,bulk,accepted,18,18,0,36,0,0
3286,0x1800,0,0,bulk,accepted,18,18,0,36,0,0
3287,0x1800,0,0,bulk,accepted,18,18,0,36,0,0
3288,0x1800,0,0,bulk,accepted,18,18,0,36,0,0
3289,0x1800,0,0,bulk,accepted,18,18,0,36,0,0
3290,0x1800,0,0,bulk,accepted,18,18,0,36,0,0
3291,0x1800,0,0,bulk,accepted,18,18,0,36,0,0
3292,0x1800,0,0,bulk,accepted,18,18,0,36,0,0
3293,0x1800,0,0,bulk,accepted,18,18,0,36,0,0
3294,0x1800,0,0,bulk,accepted,18,18,0,36,0,0
3295,0x1800,0,0,bulk,accepted,18,18,0,36,0,0
3296,0x1800,0,0,bulk,accepted,18,18,0,36,0,0
3297,0x1800,0,0,bulk,accepted,18,18,0,36,0,0
3298,0x1800,0,0,bulk,accepted,18,18,0,36,0,0
3299,0x1800,0,0,bulk,accepted,18,18,0,36,0,0
3300,0x1800,0,0,bulk,accepted,18,18,0,36,0,0
3301,0x1800,0,0,bulk,accepted,18,18,0,36,0,0
3302,0x1800,0,0,bulk,accepted,18,18,0,36,0,0
3303,0x1800,0,0,bulk,accepted,18,18,0,36,0,0
3304,0x1800,0,0,bulk,accepted,18,18,0,36,0,0
3305,0x1800,0,0,bulk,accepted,18,18,0,36,0,0
3306,0x1800,0,0,bulk,accepted,18,18,0,36,0,0
3307,0x1800,0,0,bulk,accepted,18,18,0,36,0,0
3308,0x1800,0,0,bulk,accepted,18,18,0,36,0,0
3309,0x1800,0,0,bulk,accepted,18,18,0,36,0,0
3310,0x1800,0,0,bulk,accepted,18,18,0,36,0,0
3311,0x1800,0,0,bulk,accepted,18,18,0,36,0,0
3312,0x1800,0,0,bulk,accepted,18,18,0,36,0,0
3313,0x1800,0,0,bulk,accepted,18,18,0,36,0,0
3314,0x1800,0,0,bulk,accepted,18,18,0,36,0,0
3315,0x1800,0,0,bulk,accepted,18,18,0,36,0,0
3316,0x1800,0,0,bulk,accepted,18,18,0,36,0,0
3317,0x1800,0,0,bulk,accepted,18,18,0,36,0,0
3318,0x1800,0,0,bulk,accepted,18,18,0,36,0,0
3319,0x1800,0,0,bulk,accepted,18,18,0,36,0,0
3320,0x1800,0,0,bulk,accepted,18,18,0,36,0,0
3321,0x1800,0,0,bulk,accepted,18,18,0,36,0,0
3322,0x1800,0,0,bulk,accepted,18,18,0,36,0,0
3323,0x1800,0,0,bulk,accepted,18,18,0,36,0,0
3324,0x1800,0,0,bulk,accepted,18,18,0,36,0,0
3325,0x1800,0,0,bulk,accepted,18,18,0,36,0,0
3326,0x1800,0,0,bulk,accepted,18,18,0,36,0,0
3327,0x1800,0,0,bulk,accepted,18,18,0,36,0,0
3328,0x1800,0,0,bulk,accepted,18,18,0,36,0,0
3329,0x1800,0,0,bulk,accepted,18,18,0,36,0,0
3330,0x1800,0,0,bulk,accepted,18,18,0,36,0,0
3331,0x1800,0,0,bulk,accepted,18,18,0,36,0,0
3332,0x1800,0,0,bulk,accepted,18,18,0,36,0,0
3333,0x1800,0,0,bulk,accepted,18,18,0,36,0,0
3334,0x1800,0,0,bulk,accepted,18,18,0,36,0,0
3335,0x1800,0,0,bulk,accepted,18,18,0,36,0,0
3336,0x1800,0,0,bulk,accepted,18,18,0,36,0,0
3337,0x1800,0,0,bulk,accepted,2,2,0,4,0,0
3338,0x1800,0,0,bulk,accepted,95,95,4,194,0,0
3339,0x1800,0,0,bulk,accepted,5,5,194,204,0,0
3340,0x1800,0,0,bulk,accepted,5,5,0,10,0,0
3341,0x1800,0,0,bulk,accepted,95,95,10,200,0,0
3342,0x1800,0,0,bulk,accepted,2,2,200,204,0,0
3343,0x1800,0,0,bulk,accepted,6,6,0,12,0,0
3344,0x1800,0,0,bulk,accepted,79,79,12,170,0,0
3345,0x1800,0,0,bulk,accepted,79,79,0,158,0,0
3346,0x1800,0,0,bulk,accepted,6,6,158,170,0,0
3347,0x1800,0,0,bulk,accepted,2,2,0,4,0,0
3348,0x1800,0,0,bulk,accepted,79,79,4,162,0,0
3349,0x1800,0,0,bulk,accepted,4,4,162,170,0,0
3350,0x1800,0,0,bulk,accepted,4,4,0,8,0,0
3351,0x1800,0,0,bulk,accepted,79,79,8,166,0,0
3352,0x1800,0,0,bulk,accepted,2,2,166,170,0,0
3353,0x1800,0,0,bulk,accepted,6,6,0,12,0,0
3354,0x1800,0,0,bulk,accepted,47,47,12,106,0,0
3355,0x1800,0,0,bulk,accepted,12,12,106,130,0,0
3356,0x1800,0,0,bulk,accepted,4,4,0,8,0,0
3357,0x1800,0,0,bulk,accepted,47,47,8,102,0,0
3358,0x1800,0,0,bulk,accepted,14,14,102,130,0,0
3359,0x1800,0,0,bulk,accepted,2,2,0,4,0,0
3360,0x1800,0,0,bulk,accepted,63,63,4,130,0,0
3361,0x1800,0,0,bulk,accepted,3,3,130,136,0,0
3362,0x1800,0,0,bulk,accepted,5,5,0,10,0,0
3363,0x1800,0,0,bulk,accepted,63,63,10,136,0,0
3364,0x1800,0,0,bulk,accepted,63,63,0,126,0,0
3365,0x1800,0,0,bulk,accepted,5,5,126,136,0,0
3366,0x1800,0,0,bulk,accepted,3,3,0,6,0,0
3367,0x1800,0,0,bulk,accepted,63,63,6,132,0,0
3368,0x1800,0,0,bulk,accepted,2,2,132,136,0,0
3369,0x1800,0,0,bulk,accepted,6,6,0,12,0,0
3370,0x1800,0,0,bulk,accepted,47,47,12,106,0,0
3371,0x1800,0,0,bulk,accepted,15,15,106,136,0,0
3372,0x1800,0,0,bulk,accepted,1,1,0,2,0,0
3373,0x1800,0,0,bulk,accepted,63,63,2,128,0,0
3374,0x1800,0,0,bulk,accepted,4,4,128,136,0,0
3375,0x1800,0,0,bulk,accepted,4,4,0,8,0,0
3376,0x1800,0,0,bulk,accepted,63,63,8,134,0,0
3377,0x1800,0,0,bulk,accepted,1,1,134,136,0,0
3378,0x1800,0,0,bulk,accepted,63,63,0,126,0,0
3379,0x1800,0,0,bulk,accepted,5,5,126,136,0,0
3380,0x1800,0,0,bulk,accepted,3,3,0,6,0,0
3381,0x1800,0,0,bulk,accepted,63,63,6,132,0,0
3382,0x1800,0,0,bulk,accepted,2,2,132,136,0,0
3383,0x1800,0,0,bulk,accepted,6,6,0,12,0,0
3384,0x1800,0,0,bulk,accepted,47,47,12,106,0,0
3385,0x1800,0,0,bulk,accepted,15,15,106,136,0,0
3386,0x1800,0,0,bulk,accepted,1,1,0,2,0,0
3387,0x1800,0,0,bulk,accepted,63,63,2,128,0,0
3388,0x1800,0,0,bulk,accepted,4,4,128,136,0,0
3389,0x1800,0,0,bulk,accepted,4,4,0,8,0,0
3390,0x1800,0,0,bulk,accepted,63,63,8,134,0,0
3391,0x1800,0,0,bulk,accepted,1,1,134,136,0,0
3392,0x1800,0,0,bulk,accepted,63,63,0,126,0,0
3393,0x1800,0,0,bulk,accepted,5,5,126,136,0,0
3394,0x1800,0,0,bulk,accepted,3,3,0,6,0,0
3395,0x1800,0,0,bulk,accepted,63,63,6,132,0,0
3396,0x1800,0,0,bulk,accepted,2,2,132,136,0,0
3397,0x1800,0,0,bulk,accepted,6,6,0,12,0,0
3398,0x1800,0,0,bulk,accepted,47,47,12,106,0,0
3399,0x1800,0,0,bulk,accepted,15,15,106,136,0,0
3400,0x1800,0,0,bulk,accepted,1,1,0,2,0,0
3401,0x1800,0,0,bulk,accepted,63,63,2,128,0,0
3402,0x1800,0,0,bulk,accepted,4,4,128,136,0,0
3403,0x1800,0,0,bulk,accepted,21,21,0,42,0,0
3404,0x1800,0,0,bulk,accepted,21,21,0,42,0,0
3405,0x1800,0,0,bulk,accepted,21,21,0,42,0,0
3406,0x1800,0,0,bulk,accepted,21,21,0,42,0,0
3407,0x1800,0,0,bulk,accepted,21,21,0,42,0,0
3408,0x1800,0,0,bulk,accepted,21,21,0,42,0,0
3409,0x1800,0,0,bulk,accepted,21,21,0,42,0,0
3410,0x1800,0,0,bulk,accepted,21,21,0,42,0,0
3411,0x1800,0,0,bulk,accepted,21,21,0,42,0,0
3412,0x1800,0,0,bulk,accepted,21,21,0,42,0,0
3413,0x1800,0,0,bulk,accepted,21,21,0,42,0,0
3414,0x1800,0,0,bulk,accepted,21,21,0,42,0,0
3415,0x1800,0,0,bulk,accepted,21,21,0,42,0,0
3416,0x1800,0,0,bulk,accepted,21,21,0,42,0,0
3417,0x1800,0,0,bulk,accepted,21,21,0,42,0,0
3418,0x1800,0,0,bulk,accepted,21,21,0,42,0,0
3419,0x1800,0,0,bulk,accepted,21,21,0,42,0,0
3420,0x1800,0,0,bulk,accepted,21,21,0,42,0,0
3421,0x1800,0,0,bulk,accepted,21,21,0,42,0,0
3422,0x1800,0,0,bulk,accepted,21,21,0,42,0,0
3423,0x1800,0,0,bulk,accepted,21,21,0,42,0,0
3424,0x1800,0,0,bulk,accepted,21,21,0,42,0,0
3425,0x1800,0,0,bulk,accepted,21,21,0,42,0,0
3426,0x1800,0,0,bulk,accepted,21,21,0,42,0,0
3427,0x1800,0,0,bulk,accepted,21,21,0,42,0,0
3428,0x1800,0,0,bulk,accepted,21,21,0,42,0,0
3429,0x1800,0,0,bulk,accepted,21,21,0,42,0,0
3430,0x1800,0,0,bulk,accepted,21,21,0,42,0,0
3431,0x1800,0,0,bulk,accepted,21,21,0,42,0,0
3432,0x1800,0,0,bulk,accepted,21,21,0,42,0,0
3433,0x1800,0,0,bulk,accepted,21,21,0,42,0,0
3434,0x1800,0,0,bulk,accepted,21,21,0,42,0,0
3435,0x1800,0,0,bulk,accepted,21,21,0,42,0,0
3436,0x1800,0,0,bulk,accepted,21,21,0,42,0,0
3437,0x1800,0,0,bulk,accepted,21,21,0,42,0,0
3438,0x1800,0,0,bulk,accepted,21,21,0,42,0,0
3439,0x1800,0,0,bulk,accepted,21,21,0,42,0,0
3440,0x1800,0,0,bulk,accepted,21,21,0,42,0,0
3441,0x1800,0,0,bulk,accepted,21,21,0,42,0,0
3442,0x1800,0,0,bulk,accepted,21,21,0,42,0,0
3443,0x1800,0,0,bulk,accepted,21,21,0,42,0,0
3444,0x1800,0,0,bulk,accepted,21,21,0,42,0,0
3445,0x1800,0,0,bulk,accepted,21,21,0,42,0,0
3446,0x1800,0,0,bulk,accepted,21,21,0,42,0,0
3447,0x1800,0,0,bulk,accepted,21,21,0,42,0,0
3448,0x1800,0,0,bulk,accepted,21,21,0,42,0,0
3449,0x1800,0,0,bulk,accepted,21,21,0,42,0,0
3450,0x1800,0,0,bulk,accepted,21,21,0,42,0,0
3451,0x1800,0,0,bulk,accepted,4,4,0,8,0,0
3452,0x1800,0,0,bulk,accepted,79,79,8,166,0,0
3453,0x1800,0,0,bulk,accepted,2,2,166,170,0,0
3454,0x1800,0,0,bulk,accepted,6,6,0,12,0,0
3455,0x1800,0,0,bulk,accepted,79,79,12,170,0,0
3456,0x1800,0,0,bulk,accepted,79,79,0,158,0,0
3457,0x1800,0,0,bulk,accepted,6,6,158,170,0,0
3458,0x1800,0,0,bulk,accepted,2,2,0,4,0,0
3459,0x1800,0,0,bulk,accepted,79,79,4,162,0,0
3460,0x1800,0,0,bulk,accepted,4,4,162,170,0,0
3461,0x1800,0,0,bulk,accepted,4,4,0,8,0,0
3462,0x1800,0,0,bulk,accepted,79,79,8,166,0,0
3463,0x1800,0,0,bulk,accepted,2,2,166,170,0,0
3464,0x1800,0,0,bulk,accepted,6,6,0,12,0,0
3465,0x1800,0,0,bulk,accepted,79,79,12,170,0,0
3466,0x1800,0,0,bulk,accepted,79,79,0,158,0,0
3467,0x1800,0,0,bulk,accepted,6,6,158,170,0,0
3468,0x1800,0,0,bulk,accepted,2,2,0,4,0,0
3469,0x1800,0,0,bulk,accepted,79,79,4,162,0,0
3470,0x1800,0,0,bulk,accepted,4,4,162,170,0,0
3471,0x1800,0,0,bulk,accepted,4,4,0,8,0,0
3472,0x1800,0,0,bulk,accepted,79,79,8,166,0,0
3473,0x1800,0,0,bulk,accepted,2,2,166,170,0,0
3474,0x1800,0,0,bulk,accepted,6,6,0,12,0,0
3475,0x1800,0,0,bulk,accepted,79,79,12,170,0,0
3476,0x1800,0,0,bulk,accepted,79,79,0,158,0,0
3477,0x1800,0,0,bulk,accepted,6,6,158,170,0,0
3478,0x1800,0,0,bulk,accepted,2,2,0,4,0,0
3479,0x1800,0,0,bulk,accepted,79,79,4,162,0,0
3480,0x1800,0,0,bulk,accepted,4,4,162,170,0,0
3481,0x1800,0,0,bulk,accepted,2,2,0,4,0,0
3482,0x1808,1,0,scalar_incrementing,accepted,1,1,4,5,0,0
3483,0x1800,0,0,bulk,accepted,2,2,0,4,0,0
3484,0x1808,1,0,scalar_incrementing,accepted,1,1,4,5,0,0
3485,0x1800,0,0,bulk,accepted,19,19,0,38,0,0
3486,0x1800,0,0,bulk,accepted,2,2,0,4,0,0
3487,0x1808,1,0,scalar_incrementing,accepted,1,1,4,5,0,0
3488,0x1800,0,0,bulk,accepted,2,2,0,4,0,0
3489,0x1808,1,0,scalar_incrementing,accepted,1,1,4,5,0,0
3490,0x1800,0,0,bulk,accepted,19,19,0,38,0,0
3491,0x1800,0,0,bulk,accepted,2,2,0,4,0,0
3492,0x1808,1,0,scalar_incrementing,accepted,1,1,4,5,0,0
3493,0x1800,0,0,bulk,accepted,2,2,0,4,0,0
3494,0x1808,1,0,scalar_incrementing,accepted,1,1,4,5,0,0
3495,0x1800,0,0,bulk,accepted,19,19,0,38,0,0
3496,0x1800,0,0,bulk,accepted,2,2,0,4,0,0
3497,0x1808,1,0,scalar_incrementing,accepted,1,1,4,5,0,0
3498,0x1800,0,0,bulk,accepted,2,2,0,4,0,0
3499,0x1808,1,0,scalar_incrementing,accepted,1,1,4,5,0,0
3500,0x1800,0,0,bulk,accepted,19,19,0,38,0,0
3501,0x1800,0,0,bulk,accepted,2,2,0,4,0,0
3502,0x1808,1,0,scalar_incrementing,accepted,1,1,4,5,0,0
3503,0x1800,0,0,bulk,accepted,2,2,0,4,0,0
3504,0x1808,1,0,scalar_incrementing,accepted,1,1,4,5,0,0
3505,0x1800,0,0,bulk,accepted,19,19,0,38,0,0
3506,0x1800,0,0,bulk,accepted,2,2,0,4,0,0
3507,0x1808,1,0,scalar_incrementing,accepted,1,1,4,5,0,0
3508,0x1800,0,0,bulk,accepted,2,2,0,4,0,0
3509,0x1808,1,0,scalar_incrementing,accepted,1,1,4,5,0,0
3510,0x1800,0,0,bulk,accepted,19,19,0,38,0,0
3511,0x1800,0,0,bulk,accepted,2,2,0,4,0,0
3512,0x1808,1,0,scalar_incrementing,accepted,1,1,4,5,0,0
3513,0x1800,0,0,bulk,accepted,2,2,0,4,0,0
3514,0x1808,1,0,scalar_incrementing,accepted,1,1,4,5,0,0
3515,0x1800,0,0,bulk,accepted,19,19,0,38,0,0
3516,0x1800,0,0,bulk,accepted,2,2,0,4,0,0
3517,0x1808,1,0,scalar_incrementing,accepted,1,1,4,5,0,0
3518,0x1800,0,0,bulk,accepted,2,2,0,4,0,0
3519,0x1808,1,0,scalar_incrementing,accepted,1,1,4,5,0,0
3520,0x1800,0,0,bulk,accepted,19,19,0,38,0,0
3521,0x1800,0,0,bulk,accepted,2,2,0,4,0,0
3522,0x1808,1,0,scalar_incrementing,accepted,1,1,4,5,0,0
3523,0x1800,0,0,bulk,accepted,2,2,0,4,0,0
3524,0x1808,1,0,scalar_incrementing,accepted,1,1,4,5,0,0
3525,0x1800,0,0,bulk,accepted,19,19,0,38,0,0
3526,0x1800,0,0,bulk,accepted,2,2,0,4,0,0
3527,0x1808,1,0,scalar_incrementing,accepted,1,1,4,5,0,0
3528,0x1800,0,0,bulk,accepted,2,2,0,4,0,0
3529,0x1808,1,0,scalar_incrementing,accepted,1,1,4,5,0,0
3530,0x1800,0,0,bulk,accepted,19,19,0,38,0,0
3531,0x1800,0,0,bulk,accepted,4,4,0,8,0,0
3532,0x1800,0,0,bulk,accepted,4,4,0,8,0,0
3533,0x1800,0,0,bulk,accepted,18,18,0,36,0,0
3534,0x1800,0,0,bulk,accepted,4,4,0,8,0,0
3535,0x1800,0,0,bulk,accepted,4,4,0,8,0,0
3536,0x1800,0,0,bulk,accepted,18,18,0,36,0,0
3537,0x1800,0,0,bulk,accepted,4,4,0,8,0,0
3538,0x1800,0,0,bulk,accepted,4,4,0,8,0,0
3539,0x1800,0,0,bulk,accepted,18,18,0,36,0,0
3540,0x1800,0,0,bulk,accepted,4,4,0,8,0,0
3541,0x1800,0,0,bulk,accepted,4,4,0,8,0,0
3542,0x1800,0,0,bulk,accepted,18,18,0,36,0,0
3543,0x1800,0,0,bulk,accepted,4,4,0,8,0,0
3544,0x1800,0,0,bulk,accepted,4,4,0,8,0,0
3545,0x1800,0,0,bulk,accepted,18,18,0,36,0,0
3546,0x1800,0,0,bulk,accepted,4,4,0,8,0,0
3547,0x1800,0,0,bulk,accepted,4,4,0,8,0,0
3548,0x1800,0,0,bulk,accepted,18,18,0,36,0,0
3549,0x1800,0,0,bulk,accepted,4,4,0,8,0,0
3550,0x1800,0,0,bulk,accepted,4,4,0,8,0,0
3551,0x1800,0,0,bulk,accepted,18,18,0,36,0,0
3552,0x1800,0,0,bulk,accepted,4,4,0,8,0,0
3553,0x1800,0,0,bulk,accepted,4,4,0,8,0,0
3554,0x1800,0,0,bulk,accepted,18,18,0,36,0,0
3555,0x1800,0,0,bulk,accepted,2,2,0,4,0,0
3556,0x1800,0,0,bulk,accepted,2,2,0,4,0,0
3557,0x1800,0,0,bulk,accepted,10,10,0,20,0,0
3558,0x1800,0,0,bulk,accepted,2,2,0,4,0,0
3559,0x1800,0,0,bulk,accepted,2,2,0,4,0,0
3560,0x1800,0,0,bulk,accepted,10,10,0,20,0,0
3561,0x1800,0,0,bulk,accepted,2,2,0,4,0,0
3562,0x1800,0,0,bulk,accepted,2,2,0,4,0,0
3563,0x1800,0,0,bulk,accepted,10,10,0,20,0,0
3564,0x1800,0,0,bulk,accepted,2,2,0,4,0,0
3565,0x1800,0,0,bulk,accepted,2,2,0,4,0,0
3566,0x1800,0,0,bulk,accepted,10,10,0,20,0,0
3567,0x1800,0,0,bulk,accepted,2,2,0,4,0,0
3568,0x1800,0,0,bulk,accepted,2,2,0,4,0,0
3569,0x1800,0,0,bulk,accepted,10,10,0,20,0,0
3570,0x1800,0,0,bulk,accepted,2,2,0,4,0,0
3571,0x1800,0,0,bulk,accepted,2,2,0,4,0,0
3572,0x1800,0,0,bulk,accepted,10,10,0,20,0,0
3573,0x1800,0,0,bulk,accepted,2,2,0,4,0,0
3574,0x1800,0,0,bulk,accepted,2,2,0,4,0,0
3575,0x1800,0,0,bulk,accepted,10,10,0,20,0,0
3576,0x1800,0,0,bulk,accepted,2,2,0,4,0,0
3577,0x1800,0,0,bulk,accepted,2,2,0,4,0,0
3578,0x1800,0,0,bulk,accepted,10,10,0,20,0,0
3579,0x1800,0,0,bulk,accepted,2,2,0,4,0,0
3580,0x1800,0,0,bulk,accepted,2,2,0,4,0,0
3581,0x1800,0,0,bulk,accepted,10,10,0,20,0,0
3582,0x1800,0,0,bulk,accepted,2,2,0,4,0,0
3583,0x1800,0,0,bulk,accepted,2,2,0,4,0,0
3584,0x1800,0,0,bulk,accepted,10,10,0,20,0,0
3585,0x1800,0,0,bulk,accepted,2,2,0,4,0,0
3586,0x1800,0,0,bulk,accepted,2,2,0,4,0,0
3587,0x1800,0,0,bulk,accepted,10,10,0,20,0,0
3588,0x1800,0,0,bulk,accepted,2,2,0,4,0,0
3589,0x1800,0,0,bulk,accepted,2,2,0,4,0,0
3590,0x1800,0,0,bulk,accepted,10,10,0,20,0,0
3591,0x1800,0,0,bulk,accepted,2,2,0,4,0,0
3592,0x1800,0,0,bulk,accepted,2,2,0,4,0,0
3593,0x1800,0,0,bulk,accepted,10,10,0,20,0,0
3594,0x1800,0,0,bulk,accepted,2,2,0,4,0,0
3595,0x1800,0,0,bulk,accepted,2,2,0,4,0,0
3596,0x1800,0,0,bulk,accepted,10,10,0,20,0,0
3597,0x1800,0,0,bulk,accepted,2,2,0,4,0,0
3598,0x1800,0,0,bulk,accepted,2,2,0,4,0,0
3599,0x1800,0,0,bulk,accepted,10,10,0,20,0,0
3600,0x1800,0,0,bulk,accepted,2,2,0,4,0,0
3601,0x1800,0,0,bulk,accepted,2,2,0,4,0,0
3602,0x1800,0,0,bulk,accepted,10,10,0,20,0,0
3603,0x1800,0,0,bulk,accepted,1,1,0,2,0,0
3604,0x1800,0,0,bulk,accepted,319,319,2,640,0,0
3605,0x1800,0,0,bulk,accepted,4,4,640,648,0,0
3606,0x1800,0,0,bulk,accepted,4,4,0,8,0,0
3607,0x1800,0,0,bulk,accepted,319,319,8,646,0,0
3608,0x1800,0,0,bulk,accepted,1,1,646,648,0,0
3609,0x1800,0,0,bulk,accepted,143,143,0,286,0,0
3610,0x1800,0,0,bulk,accepted,13,13,286,312,0,0
3611,0x1800,0,0,bulk,accepted,3,3,0,6,0,0
3612,0x1800,0,0,bulk,accepted,239,239,6,484,0,0
3613,0x1800,0,0,bulk,accepted,10,10,484,504,0,0
3614,0x1800,0,0,bulk,accepted,6,6,0,12,0,0
3615,0x1800,0,0,bulk,accepted,143,143,12,298,0,0
3616,0x1800,0,0,bulk,accepted,7,7,298,312,0,0
3617,0x1800,0,0,bulk,accepted,1,1,0,2,0,0
3618,0x1800,0,0,bulk,accepted,143,143,2,288,0,0
3619,0x1800,0,0,bulk,accepted,12,12,288,312,0,0
3620,0x1800,0,0,bulk,accepted,159,159,0,318,0,0
3621,0x1800,0,0,bulk,accepted,9,9,318,336,0,0
3622,0x1800,0,0,bulk,accepted,4,4,0,8,0,0
3623,0x1800,0,0,bulk,accepted,95,95,8,198,0,0
3624,0x1800,0,0,bulk,accepted,13,13,198,224,0,0
3625,0x1808,1,0,scalar_incrementing,accepted,1,1,224,225,0,0
3626,0x1800,0,0,bulk,accepted,4,4,0,8,0,0
3627,0x1800,0,0,bulk,accepted,47,47,8,102,0,0
3628,0x1800,0,0,bulk,accepted,1,1,102,104,0,0
3629,0x1808,1,0,scalar_incrementing,accepted,1,1,104,105,0,0
3630,0x1800,0,0,bulk,accepted,3,3,0,6,0,0
3631,0x1800,0,0,bulk,accepted,495,495,6,996,0,0
3632,0x1800,0,0,bulk,accepted,6,6,996,1008,0,0
3633,0x1800,0,0,bulk,accepted,3,3,0,6,0,0
3634,0x1800,0,0,bulk,accepted,3,3,0,6,0,0
3635,0x1800,0,0,bulk,accepted,1,1,0,2,0,0
3636,0x1800,0,0,bulk,accepted,223,223,2,448,0,0
3637,0x1800,0,0,bulk,accepted,7,7,448,462,0,0
3638,0x1818,0,0,bulk,accepted,12,12,0,12,0,0
3639,0x1818,0,0,bulk,accepted,12,12,0,12,0,0
3640,0x1818,0,0,bulk,accepted,12,12,0,12,0,0
3641,0x1818,0,0,bulk,accepted,12,12,0,12,0,0
3642,0x1818,0,0,bulk,accepted,12,12,0,12,0,0
3643,0x1818,0,0,bulk,accepted,12,12,0,12,0,0
3644,0x1818,0,0,bulk,accepted,12,12,0,12,0,0
3645,0x1818,0,0,bulk,accepted,12,12,0,12,0,0
3646,0x1818,0,0,bulk,accepted,12,12,0,12,0,0
3647,0x1818,0,0,bulk,accepted,12,12,0,12,0,0
3648,0x1818,0,0,bulk,accepted,12,12,0,12,0,0
3649,0x1818,0,0,bulk,accepted,12,12,0,12,0,0
3650,0x1818,0,0,bulk,accepted,12,12,0,12,0,0
3651,0x1818,0,0,bulk,accepted,12,12,0,12,0,0
3652,0x1818,0,0,bulk,accepted,12,12,0,12,0,0
3653,0x1818,0,0,bulk,accepted,12,12,0,12,0,0
3654,0x1818,0,0,bulk,accepted,12,12,0,12,0,0
3655,0x1818,0,0,bulk,accepted,12,12,0,12,0,0
3656,0x1818,0,0,bulk,accepted,12,12,0,12,0,0
3657,0x1818,0,0,bulk,accepted,12,12,0,12,0,0
3658,0x1818,0,0,bulk,accepted,12,12,0,12,0,0
3659,0x1818,0,0,bulk,accepted,12,12,0,12,0,0
3660,0x1818,0,0,bulk,accepted,12,12,0,12,0,0
3661,0x1818,0,0,bulk,accepted,12,12,0,12,0,0
3662,0x1818,0,0,bulk,accepted,12,12,0,12,0,0
3663,0x1818,0,0,bulk,accepted,12,12,0,12,0,0
3664,0x1818,0,0,bulk,accepted,12,12,0,12,0,0
3665,0x1818,0,0,bulk,accepted,12,12,0,12,0,0
3666,0x1818,0,0,bulk,accepted,12,12,0,12,0,0
3667,0x1800,0,0,bulk,accepted,64,64,0,128,0,0
3668,0x1800,0,0,bulk,accepted,64,64,128,256,0,0
3669,0x1800,0,0,bulk,accepted,64,64,256,384,0,0
3670,0x1800,0,0,bulk,accepted,64,64,384,512,0,0
3671,0x1800,0,0,bulk,accepted,64,64,512,640,0,0
3672,0x1800,0,0,bulk,accepted,64,64,640,768,0,0
3673,0x1800,0,0,bulk,accepted,64,64,768,896,0,0
3674,0x1800,0,0,bulk,accepted,64,64,896,1024,0,0
3675,0x1800,0,0,bulk,accepted,64,64,1024,1152,0,0
3676,0x1800,0,0,bulk,accepted,64,64,1152,1280,0,0
3677,0x1800,0,0,bulk,accepted,64,64,1280,1408,0,0
3678,0x1800,0,0,bulk,accepted,64,64,1408,1536,0,0
3679,0x1800,0,0,bulk,accepted,64,64,1536,1664,0,0
3680,0x1800,0,0,bulk,accepted,64,64,1664,1792,0,0
3681,0x1800,0,0,bulk,accepted,64,64,1792,1920,0,0
3682,0x1800,0,0,bulk,accepted,64,64,1920,2048,0,0
3683,0x1800,0,0,bulk,accepted,64,64,2048,2176,0,0
3684,0x1800,0,0,bulk,accepted,64,64,2176,2304,0,0
3685,0x1800,0,0,bulk,accepted,64,64,2304,2432,0,0
3686,0x1800,0,0,bulk,accepted,64,64,2432,2560,0,0
3687,0x1800,0,0,bulk,accepted,64,64,2560,2688,0,0
3688,0x1800,0,0,bulk,accepted,64,64,2688,2816,0,0
3689,0x1800,0,0,bulk,accepted,64,64,2816,2944,0,0
3690,0x1800,0,0,bulk,accepted,64,64,2944,3072,0,0
3691,0x1800,0,0,bulk,accepted,64,64,3072,3200,0,0
3692,0x1800,0,0,bulk,accepted,64,64,3200,3328,0,0
3693,0x1800,0,0,bulk,accepted,64,64,3328,3456,0,0
3694,0x1800,0,0,bulk,accepted,64,64,3456,3584,0,0
3695,0x1800,0,0,bulk,accepted,64,64,3584,3712,0,0
3696,0x1800,0,0,bulk,accepted,64,64,3712,3840,0,0
3697,0x1800,0,0,bulk,accepted,64,64,3840,3968,0,0
3698,0x1800,0,0,bulk,accepted,64,64,3968,4096,0,0
3699,0x1800,0,0,bulk,accepted,64,64,4096,4224,0,0
3700,0x1800,0,0,bulk,accepted,64,64,4224,4352,0,0
3701,0x1800,0,0,bulk,accepted,64,64,4352,4480,0,0
3702,0x1800,0,0,bulk,accepted,64,64,4480,4608,0,0
3703,0x1800,0,0,bulk,accepted,64,64,4608,4736,0,0
3704,0x1800,0,0,bulk,accepted,64,64,4736,4864,0,0
3705,0x1800,0,0,bulk,accepted,64,64,4864,4992,0,0
3706,0x1800,0,0,bulk,accepted,64,64,4992,5120,0,0
3707,0x1800,0,0,bulk,accepted,64,64,5120,5248,0,0
3708,0x1800,0,0,bulk,accepted,64,64,5248,5376,0,0
3709,0x1800,0,0,bulk,accepted,64,64,5376,5504,0,0
3710,0x1800,0,0,bulk,accepted,64,64,5504,5632,0,0
3711,0x1800,0,0,bulk,accepted,64,64,5632,5760,0,0
3712,0x1800,0,0,bulk,accepted,64,64,5760,5888,0,0
3713,0x1800,0,0,bulk,accepted,64,64,5888,6016,0,0
3714,0x1800,0,0,bulk,accepted,64,64,6016,6144,0,0
3715,0x1800,0,0,bulk,accepted,64,64,6144,6272,0,0
3716,0x1800,0,0,bulk,accepted,64,64,6272,6400,0,0
3717,0x1800,0,0,bulk,accepted,64,64,6400,6528,0,0
3718,0x1800,0,0,bulk,accepted,64,64,6528,6656,0,0
3719,0x1800,0,0,bulk,accepted,64,64,6656,6784,0,0
3720,0x1800,0,0,bulk,accepted,64,64,6784,6912,0,0
3721,0x1800,0,0,bulk,accepted,64,64,6912,7040,0,0
3722,0x1800,0,0,bulk,accepted,64,64,7040,7168,0,0
3723,0x1800,0,0,bulk,accepted,64,64,7168,7296,0,0
3724,0x1800,0,0,bulk,accepted,64,64,7296,7424,0,0
3725,0x1800,0,0,bulk,accepted,64,64,7424,7552,0,0
3726,0x1800,0,0,bulk,accepted,64,64,7552,7680,0,0
3727,0x1800,0,0,bulk,accepted,64,64,7680,7808,0,0
3728,0x1800,0,0,bulk,accepted,64,64,7808,7936,0,0
3729,0x1800,0,0,bulk,accepted,64,64,7936,8064,0,0
3730,0x1800,0,0,bulk,accepted,64,64,8064,8192,0,0
3731,0x1800,0,0,bulk,accepted,64,64,8192,8320,0,0
3732,0x1800,0,0,bulk,accepted,64,64,8320,8448,0,0
3733,0x1800,0,0,bulk,accepted,64,64,8448,8576,0,0
3734,0x1800,0,0,bulk,accepted,64,64,8576,8704,0,0
3735,0x1800,0,0,bulk,accepted,64,64,8704,8832,0,0
3736,0x1800,0,0,bulk,accepted,64,64,8832,8960,0,0
3737,0x1800,0,0,bulk,accepted,64,64,8960,9088,0,0
3738,0x1800,0,0,bulk,accepted,64,64,9088,9216,0,0
3739,0x1800,0,0,bulk,accepted,64,64,9216,9344,0,0
3740,0x1800,0,0,bulk,accepted,64,64,9344,9472,0,0
3741,0x1800,0,0,bulk,accepted,64,64,9472,9600,0,0
3742,0x1800,0,0,bulk,accepted,64,64,9600,9728,0,0
3743,0x1800,0,0,bulk,accepted,64,64,9728,9856,0,0
3744,0x1800,0,0,bulk,accepted,64,64,9856,9984,0,0
3745,0x1800,0,0,bulk,accepted,64,64,9984,10112,0,0
3746,0x1800,0,0,bulk,accepted,64,64,10112,10240,0,0
3747,0x1800,0,0,bulk,accepted,64,64,10240,10368,0,0
3748,0x1800,0,0,bulk,accepted,64,64,10368,10496,0,0
3749,0x1800,0,0,bulk,accepted,64,64,10496,10624,0,0
3750,0x1800,0,0,bulk,accepted,64,64,10624,10752,0,0
3751,0x1800,0,0,bulk,accepted,64,64,10752,10880,0,0
3752,0x1800,0,0,bulk,accepted,64,64,10880,11008,0,0
3753,0x1800,0,0,bulk,accepted,64,64,11008,11136,0,0
3754,0x1800,0,0,bulk,accepted,64,64,11136,11264,0,0
3755,0x1800,0,0,bulk,accepted,64,64,11264,11392,0,0
3756,0x1800,0,0,bulk,accepted,64,64,11392,11520,0,0
3757,0x1800,0,0,bulk,accepted,64,64,11520,11648,0,0
3758,0x1800,0,0,bulk,accepted,64,64,11648,11776,0,0
3759,0x1800,0,0,bulk,accepted,64,64,11776,11904,0,0
3760,0x1800,0,0,bulk,accepted,64,64,11904,12032,0,0
3761,0x1800,0,0,bulk,accepted,64,64,12032,12160,0,0
3762,0x1800,0,0,bulk,accepted,64,64,12160,12288,0,0
3763,0x1800,0,0,bulk,accepted,64,64,12288,12416,0,0
3764,0x1800,0,0,bulk,accepted,64,64,12416,12544,0,0
3765,0x1800,0,0,bulk,accepted,64,64,12544,12672,0,0
3766,0x1800,0,0,bulk,accepted,64,64,12672,12800,0,0
3767,0x1800,0,0,bulk,accepted,64,64,12800,12928,0,0
3768,0x1800,0,0,bulk,accepted,64,64,12928,13056,0,0
3769,0x1800,0,0,bulk,accepted,64,64,13056,13184,0,0
3770,0x1800,0,0,bulk,accepted,64,64,13184,13312,0,0
3771,0x1800,0,0,bulk,accepted,64,64,13312,13440,0,0
3772,0x1800,0,0,bulk,accepted,64,64,13440,13568,0,0
3773,0x1800,0,0,bulk,accepted,64,64,13568,13696,0,0
3774,0x1800,0,0,bulk,accepted,64,64,13696,13824,0,0
3775,0x1800,0,0,bulk,accepted,64,64,13824,13952,0,0
3776,0x1800,0,0,bulk,accepted,64,64,13952,14080,0,0
3777,0x1800,0,0,bulk,accepted,64,64,14080,14208,0,0
3778,0x1800,0,0,bulk,accepted,64,64,14208,14336,0,0
3779,0x1800,0,0,bulk,accepted,64,64,14336,14464,0,0
3780,0x1800,0,0,bulk,accepted,64,64,14464,14592,0,0
3781,0x1800,0,0,bulk,accepted,64,64,14592,14720,0,0
3782,0x1800,0,0,bulk,accepted,64,64,14720,14848,0,0
3783,0x1800,0,0,bulk,accepted,64,64,14848,14976,0,0
3784,0x1800,0,0,bulk,accepted,64,64,14976,15104,0,0
3785,0x1800,0,0,bulk,accepted,64,64,15104,15232,0,0
3786,0x1800,0,0,bulk,accepted,64,64,15232,15360,0,0
3787,0x1800,0,0,bulk,accepted,64,64,15360,15488,0,0
3788,0x1800,0,0,bulk,accepted,64,64,15488,15616,0,0
3789,0x1800,0,0,bulk,accepted,64,64,15616,15744,0,0
3790,0x1800,0,0,bulk,accepted,64,64,15744,15872,0,0
3791,0x1800,0,0,bulk,accepted,64,64,15872,16000,0,0
3792,0x1800,0,0,bulk,accepted,64,64,16000,16128,0,0
3793,0x1800,0,0,bulk,accepted,64,64,16128,16256,0,0
3794,0x1800,0,0,bulk,accepted,64,64,16256,16384,0,0
3795,0x1800,0,0,bulk,accepted,64,64,16384,16512,0,0
3796,0x1800,0,0,bulk,accepted,64,64,16512,16640,0,0
3797,0x1800,0,0,bulk,accepted,64,64,16640,16768,0,0
3798,0x1800,0,0,bulk,accepted,64,64,16768,16896,0,0
3799,0x1800,0,0,bulk,accepted,64,64,16896,17024,0,0
3800,0x1800,0,0,bulk,accepted,64,64,17024,17152,0,0
3801,0x1800,0,0,bulk,accepted,64,64,17152,17280,0,0
3802,0x1800,0,0,bulk,accepted,64,64,17280,17408,0,0
3803,0x1800,0,0,bulk,accepted,64,64,17408,17536,0,0
3804,0x1800,0,0,bulk,accepted,64,64,17536,17664,0,0
3805,0x1800,0,0,bulk,accepted,64,64,17664,17792,0,0
3806,0x1800,0,0,bulk,accepted,64,64,17792,17920,0,0
3807,0x1800,0,0,bulk,accepted,64,64,17920,18048,0,0
3808,0x1800,0,0,bulk,accepted,64,64,18048,18176,0,0
3809,0x1800,0,0,bulk,accepted,64,64,18176,18304,0,0
3810,0x1800,0,0,bulk,accepted,64,64,18304,18432,0,0
3811,0x1800,0,0,bulk,accepted,64,64,18432,18560,0,0
3812,0x1800,0,0,bulk,accepted,64,64,18560,18688,0,0
3813,0x1800,0,0,bulk,accepted,64,64,18688,18816,0,0
3814,0x1800,0,0,bulk,accepted,64,64,18816,18944,0,0
3815,0x1800,0,0,bulk,accepted,64,64,18944,19072,0,0
3816,0x1800,0,0,bulk,accepted,64,64,19072,19200,0,0
3817,0x1800,0,0,bulk,accepted,64,64,19200,19328,0,0
3818,0x1800,0,0,bulk,accepted,64,64,19328,19456,0,0
3819,0x1800,0,0,bulk,accepted,64,64,19456,19584,0,0
3820,0x1800,0,0,bulk,accepted,64,64,19584,19712,0,0
3821,0x1800,0,0,bulk,accepted,64,64,19712,19840,0,0
3822,0x1800,0,0,bulk,accepted,64,64,19840,19968,0,0
3823,0x1800,0,0,bulk,accepted,64,64,19968,20096,0,0
3824,0x1800,0,0,bulk,accepted,64,64,20096,20224,0,0
3825,0x1800,0,0,bulk,accepted,64,64,20224,20352,0,0
3826,0x1800,0,0,bulk,accepted,64,64,20352,20480,0,0
3827,0x1800,0,0,bulk,accepted,64,64,20480,20608,0,0
3828,0x1800,0,0,bulk,accepted,64,64,20608,20736,0,0
3829,0x1800,0,0,bulk,accepted,64,64,20736,20864,0,0
3830,0x1800,0,0,bulk,accepted,64,64,20864,20992,0,0
3831,0x1800,0,0,bulk,accepted,64,64,20992,21120,0,0
3832,0x1800,0,0,bulk,accepted,64,64,21120,21248,0,0
3833,0x1800,0,0,bulk,accepted,64,64,21248,21376,0,0
3834,0x1800,0,0,bulk,accepted,64,64,21376,21504,0,0
3835,0x1800,0,0,bulk,accepted,64,64,21504,21632,0,0
3836,0x1800,0,0,bulk,accepted,64,64,21632,21760,0,0
3837,0x1800,0,0,bulk,accepted,64,64,21760,21888,0,0
3838,0x1800,0,0,bulk,accepted,64,64,21888,22016,0,0
3839,0x1800,0,0,bulk,accepted,64,64,22016,22144,0,0
3840,0x1800,0,0,bulk,accepted,64,64,22144,22272,0,0
3841,0x1800,0,0,bulk,accepted,64,64,22272,22400,0,0
3842,0x1800,0,0,bulk,accepted,64,64,22400,22528,0,0
3843,0x1800,0,0,bulk,accepted,64,64,22528,22656,0,0
3844,0x1800,0,0,bulk,accepted,64,64,22656,22784,0,0
3845,0x1800,0,0,bulk,accepted,64,64,22784,22912,0,0
3846,0x1800,0,0,bulk,accepted,64,64,22912,23040,0,0
3847,0x1800,0,0,bulk,accepted,64,64,23040,23168,0,0
3848,0x1800,0,0,bulk,accepted,64,64,23168,23296,0,0
3849,0x1800,0,0,bulk,accepted,64,64,23296,23424,0,0
3850,0x1800,0,0,bulk,accepted,64,64,23424,23552,0,0
3851,0x1800,0,0,bulk,accepted,64,64,23552,23680,0,0
3852,0x1800,0,0,bulk,accepted,64,64,23680,23808,0,0
3853,0x1800,0,0,bulk,accepted,64,64,23808,23936,0,0
3854,0x1800,0,0,bulk,accepted,64,64,23936,24064,0,0
3855,0x1800,0,0,bulk,accepted,64,64,24064,24192,0,0
3856,0x1800,0,0,bulk,accepted,64,64,24192,24320,0,0
3857,0x1800,0,0,bulk,accepted,64,64,24320,24448,0,0
3858,0x1800,0,0,bulk,accepted,64,64,24448,24576,0,0
3859,0x1800,0,0,bulk,accepted,64,64,24576,24704,0,0
3860,0x1800,0,0,bulk,accepted,64,64,24704,24832,0,0
3861,0x1800,0,0,bulk,accepted,64,64,24832,24960,0,0
3862,0x1800,0,0,bulk,accepted,64,64,24960,25088,0,0
3863,0x1800,0,0,bulk,accepted,64,64,25088,25216,0,0
3864,0x1800,0,0,bulk,accepted,64,64,25216,25344,0,0
3865,0x1800,0,0,bulk,accepted,64,64,25344,25472,0,0
3866,0x1800,0,0,bulk,accepted,64,64,25472,25600,0,0
3867,0x1800,0,0,bulk,accepted,64,64,25600,25728,0,0
3868,0x1800,0,0,bulk,accepted,64,64,25728,25856,0,0
3869,0x1800,0,0,bulk,accepted,64,64,25856,25984,0,0
3870,0x1800,0,0,bulk,accepted,64,64,25984,26112,0,0
3871,0x1800,0,0,bulk,accepted,64,64,26112,26240,0,0
3872,0x1800,0,0,bulk,accepted,64,64,26240,26368,0,0
3873,0x1800,0,0,bulk,accepted,64,64,26368,26496,0,0
3874,0x1800,0,0,bulk,accepted,64,64,26496,26624,0,0
3875,0x1800,0,0,bulk,accepted,64,64,26624,26752,0,0
3876,0x1800,0,0,bulk,accepted,64,64,26752,26880,0,0
3877,0x1800,0,0,bulk,accepted,64,64,26880,27008,0,0
3878,0x1800,0,0,bulk,accepted,64,64,27008,27136,0,0
3879,0x1800,0,0,bulk,accepted,64,64,27136,27264,0,0
3880,0x1800,0,0,bulk,accepted,64,64,27264,27392,0,0
3881,0x1800,0,0,bulk,accepted,64,64,27392,27520,0,0
3882,0x1800,0,0,bulk,accepted,64,64,27520,27648,0,0
3883,0x1800,0,0,bulk,accepted,64,64,27648,27776,0,0
3884,0x1800,0,0,bulk,accepted,64,64,27776,27904,0,0
3885,0x1800,0,0,bulk,accepted,64,64,27904,28032,0,0
3886,0x1800,0,0,bulk,accepted,64,64,28032,28160,0,0
3887,0x1800,0,0,bulk,accepted,64,64,28160,28288,0,0
3888,0x1800,0,0,bulk,accepted,64,64,28288,28416,0,0
3889,0x1800,0,0,bulk,accepted,64,64,28416,28544,0,0
3890,0x1800,0,0,bulk,accepted,64,64,28544,28672,0,0
3891,0x1800,0,0,bulk,accepted,64,64,28672,28800,0,0
3892,0x1800,0,0,bulk,accepted,64,64,28800,28928,0,0
3893,0x1800,0,0,bulk,accepted,64,64,28928,29056,0,0
3894,0x1800,0,0,bulk,accepted,64,64,29056,29184,0,0
3895,0x1800,0,0,bulk,accepted,64,64,29184,29312,0,0
3896,0x1800,0,0,bulk,accepted,64,64,29312,29440,0,0
3897,0x1800,0,0,bulk,accepted,64,64,29440,29568,0,0
3898,0x1800,0,0,bulk,accepted,64,64,29568,29696,0,0
3899,0x1800,0,0,bulk,accepted,64,64,29696,29824,0,0
3900,0x1800,0,0,bulk,accepted,64,64,29824,29952,0,0
3901,0x1800,0,0,bulk,accepted,64,64,29952,30080,0,0
3902,0x1800,0,0,bulk,accepted,64,64,30080,30208,0,0
3903,0x1800,0,0,bulk,accepted,64,64,30208,30336,0,0
3904,0x1800,0,0,bulk,accepted,64,64,30336,30464,0,0
3905,0x1800,0,0,bulk,accepted,64,64,30464,30592,0,0
3906,0x1800,0,0,bulk,accepted,64,64,30592,30720,0,0
3907,0x1800,0,0,bulk,accepted,64,64,30720,30848,0,0
3908,0x1800,0,0,bulk,accepted,64,64,30848,30976,0,0
3909,0x1800,0,0,bulk,accepted,64,64,30976,31104,0,0
3910,0x1800,0,0,bulk,accepted,64,64,31104,31232,0,0
3911,0x1800,0,0,bulk,accepted,64,64,31232,31360,0,0
3912,0x1800,0,0,bulk,accepted,64,64,31360,31488,0,0
3913,0x1800,0,0,bulk,accepted,64,64,31488,31616,0,0
3914,0x1800,0,0,bulk,accepted,64,64,31616,31744,0,0
3915,0x1800,0,0,bulk,accepted,64,64,31744,31872,0,0
3916,0x1800,0,0,bulk,accepted,64,64,31872,32000,0,0
3917,0x1800,0,0,bulk,accepted,64,64,32000,32128,0,0
3918,0x1800,0,0,bulk,accepted,64,64,32128,32256,0,0
3919,0x1800,0,0,bulk,accepted,64,64,32256,32384,0,0
3920,0x1800,0,0,bulk,accepted,64,64,32384,32512,0,0
3921,0x1800,0,0,bulk,accepted,64,64,32512,32640,0,0
3922,0x1800,0,0,bulk,accepted,64,64,32640,32768,0,0
3923,0x1800,0,0,bulk,accepted,64,64,32768,32896,0,0
3924,0x1800,0,0,bulk,accepted,64,64,32896,33024,0,0
3925,0x1800,0,0,bulk,accepted,64,64,33024,33152,0,0
3926,0x1800,0,0,bulk,accepted,64,64,33152,33280,0,0
3927,0x1800,0,0,bulk,accepted,64,64,33280,33408,0,0
3928,0x1800,0,0,bulk,accepted,64,64,33408,33536,0,0
3929,0x1800,0,0,bulk,accepted,64,64,33536,33664,0,0
3930,0x1800,0,0,bulk,accepted,64,64,33664,33792,0,0
3931,0x1800,0,0,bulk,accepted,64,64,33792,33920,0,0
3932,0x1800,0,0,bulk,accepted,64,64,33920,34048,0,0
3933,0x1800,0,0,bulk,accepted,64,64,34048,34176,0,0
3934,0x1800,0,0,bulk,accepted,64,64,34176,34304,0,0
3935,0x1800,0,0,bulk,accepted,64,64,34304,34432,0,0
3936,0x1800,0,0,bulk,accepted,64,64,34432,34560,0,0
3937,0x1800,0,0,bulk,accepted,64,64,34560,34688,0,0
3938,0x1800,0,0,bulk,accepted,64,64,34688,34816,0,0
3939,0x1800,0,0,bulk,accepted,64,64,34816,34944,0,0
3940,0x1800,0,0,bulk,accepted,64,64,34944,35072,0,0
3941,0x1800,0,0,bulk,accepted,64,64,35072,35200,0,0
3942,0x1800,0,0,bulk,accepted,64,64,35200,35328,0,0
3943,0x1800,0,0,bulk,accepted,64,64,35328,35456,0,0
3944,0x1800,0,0,bulk,accepted,64,64,35456,35584,0,0
3945,0x1800,0,0,bulk,accepted,64,64,35584,35712,0,0
3946,0x1800,0,0,bulk,accepted,64,64,35712,35840,0,0
3947,0x1800,0,0,bulk,accepted,64,64,35840,35968,0,0
3948,0x1800,0,0,bulk,accepted,64,64,35968,36096,0,0
3949,0x1800,0,0,bulk,accepted,64,64,36096,36224,0,0
3950,0x1800,0,0,bulk,accepted,64,64,36224,36352,0,0
3951,0x1800,0,0,bulk,accepted,64,64,36352,36480,0,0
3952,0x1800,0,0,bulk,accepted,64,64,36480,36608,0,0
3953,0x1800,0,0,bulk,accepted,64,64,36608,36736,0,0
3954,0x1800,0,0,bulk,accepted,64,64,36736,36864,0,0
3955,0x1800,0,0,bulk,accepted,64,64,36864,36992,0,0
3956,0x1800,0,0,bulk,accepted,64,64,36992,37120,0,0
3957,0x1800,0,0,bulk,accepted,64,64,37120,37248,0,0
3958,0x1800,0,0,bulk,accepted,64,64,37248,37376,0,0
3959,0x1800,0,0,bulk,accepted,64,64,37376,37504,0,0
3960,0x1800,0,0,bulk,accepted,64,64,37504,37632,0,0
3961,0x1800,0,0,bulk,accepted,64,64,37632,37760,0,0
3962,0x1800,0,0,bulk,accepted,64,64,37760,37888,0,0
3963,0x1800,0,0,bulk,accepted,64,64,37888,38016,0,0
3964,0x1800,0,0,bulk,accepted,64,64,38016,38144,0,0
3965,0x1800,0,0,bulk,accepted,64,64,38144,38272,0,0
3966,0x1800,0,0,bulk,accepted,64,64,38272,38400,0,0
3967,0x1800,0,0,bulk,accepted,64,64,38400,38528,0,0
3968,0x1800,0,0,bulk,accepted,64,64,38528,38656,0,0
3969,0x1800,0,0,bulk,accepted,64,64,38656,38784,0,0
3970,0x1800,0,0,bulk,accepted,64,64,38784,38912,0,0
3971,0x1800,0,0,bulk,accepted,64,64,38912,39040,0,0
3972,0x1800,0,0,bulk,accepted,64,64,39040,39168,0,0
3973,0x1800,0,0,bulk,accepted,64,64,39168,39296,0,0
3974,0x1800,0,0,bulk,accepted,64,64,39296,39424,0,0
3975,0x1800,0,0,bulk,accepted,64,64,39424,39552,0,0
3976,0x1800,0,0,bulk,accepted,64,64,39552,39680,0,0
3977,0x1800,0,0,bulk,accepted,64,64,39680,39808,0,0
3978,0x1800,0,0,bulk,accepted,64,64,39808,39936,0,0
3979,0x1800,0,0,bulk,accepted,64,64,39936,40064,0,0
3980,0x1800,0,0,bulk,accepted,64,64,40064,40192,0,0
3981,0x1800,0,0,bulk,accepted,64,64,40192,40320,0,0
3982,0x1800,0,0,bulk,accepted,64,64,40320,40448,0,0
3983,0x1800,0,0,bulk,accepted,64,64,40448,40576,0,0
3984,0x1800,0,0,bulk,accepted,64,64,40576,40704,0,0
3985,0x1800,0,0,bulk,accepted,64,64,40704,40832,0,0
3986,0x1800,0,0,bulk,accepted,64,64,40832,40960,0,0
3987,0x1800,0,0,bulk,accepted,64,64,40960,41088,0,0
3988,0x1800,0,0,bulk,accepted,64,64,41088,41216,0,0
3989,0x1800,0,0,bulk,accepted,64,64,41216,41344,0,0
3990,0x1800,0,0,bulk,accepted,64,64,41344,41472,0,0
3991,0x1800,0,0,bulk,accepted,64,64,41472,41600,0,0
3992,0x1800,0,0,bulk,accepted,64,64,41600,41728,0,0
3993,0x1800,0,0,bulk,accepted,64,64,41728,41856,0,0
3994,0x1800,0,0,bulk,accepted,64,64,41856,41984,0,0
3995,0x1800,0,0,bulk,accepted,64,64,41984,42112,0,0
3996,0x1800,0,0,bulk,accepted,64,64,42112,42240,0,0
3997,0x1800,0,0,bulk,accepted,64,64,42240,42368,0,0
3998,0x1800,0,0,bulk,accepted,64,64,42368,42496,0,0
3999,0x1800,0,0,bulk,accepted,64,64,42496,42624,0,0
4000,0x1800,0,0,bulk,accepted,64,64,42624,42752,0,0
4001,0x1800,0,0,bulk,accepted,64,64,42752,42880,0,0
4002,0x1800,0,0,bulk,accepted,64,64,42880,43008,0,0
4003,0x1800,0,0,bulk,accepted,64,64,43008,43136,0,0
4004,0x1800,0,0,bulk,accepted,64,64,43136,43264,0,0
4005,0x1800,0,0,bulk,accepted,64,64,43264,43392,0,0
4006,0x1800,0,0,bulk,accepted,64,64,43392,43520,0,0
4007,0x1800,0,0,bulk,accepted,64,64,43520,43648,0,0
4008,0x1800,0,0,bulk,accepted,64,64,43648,43776,0,0
4009,0x1800,0,0,bulk,accepted,64,64,43776,43904,0,0
4010,0x1800,0,0,bulk,accepted,64,64,43904,44032,0,0
4011,0x1800,0,0,bulk,accepted,64,64,44032,44160,0,0
4012,0x1800,0,0,bulk,accepted,64,64,44160,44288,0,0
4013,0x1800,0,0,bulk,accepted,64,64,44288,44416,0,0
4014,0x1800,0,0,bulk,accepted,64,64,44416,44544,0,0
4015,0x1800,0,0,bulk,accepted,64,64,44544,44672,0,0
4016,0x1800,0,0,bulk,accepted,64,64,44672,44800,0,0
4017,0x1800,0,0,bulk,accepted,64,64,44800,44928,0,0
4018,0x1800,0,0,bulk,accepted,64,64,44928,45056,0,0
4019,0x1800,0,0,bulk,accepted,64,64,45056,45184,0,0
4020,0x1800,0,0,bulk,accepted,64,64,45184,45312,0,0
4021,0x1800,0,0,bulk,accepted,64,64,45312,45440,0,0
4022,0x1800,0,0,bulk,accepted,64,64,45440,45568,0,0
4023,0x1800,0,0,bulk,accepted,64,64,45568,45696,0,0
4024,0x1800,0,0,bulk,accepted,64,64,45696,45824,0,0
4025,0x1800,0,0,bulk,accepted,64,64,45824,45952,0,0
4026,0x1800,0,0,bulk,accepted,64,64,45952,46080,0,0
4027,0x1800,0,0,bulk,accepted,64,64,46080,46208,0,0
4028,0x1800,0,0,bulk,accepted,64,64,46208,46336,0,0
4029,0x1800,0,0,bulk,accepted,64,64,46336,46464,0,0
4030,0x1800,0,0,bulk,accepted,64,64,46464,46592,0,0
4031,0x1800,0,0,bulk,accepted,64,64,46592,46720,0,0
4032,0x1800,0,0,bulk,accepted,64,64,46720,46848,0,0
4033,0x1800,0,0,bulk,accepted,64,64,46848,46976,0,0
4034,0x1800,0,0,bulk,accepted,64,64,46976,47104,0,0
4035,0x1800,0,0,bulk,accepted,64,64,47104,47232,0,0
4036,0x1800,0,0,bulk,accepted,64,64,47232,47360,0,0
4037,0x1800,0,0,bulk,accepted,64,64,47360,47488,0,0
4038,0x1800,0,0,bulk,accepted,64,64,47488,47616,0,0
4039,0x1800,0,0,bulk,accepted,64,64,47616,47744,0,0
4040,0x1800,0,0,bulk,accepted,64,64,47744,47872,0,0
4041,0x1800,0,0,bulk,accepted,64,64,47872,48000,0,0
4042,0x1800,0,0,bulk,accepted,64,64,48000,48128,0,0
4043,0x1800,0,0,bulk,accepted,64,64,48128,48256,0,0
4044,0x1800,0,0,bulk,accepted,64,64,48256,48384,0,0
4045,0x1800,0,0,bulk,accepted,64,64,48384,48512,0,0
4046,0x1800,0,0,bulk,accepted,64,64,48512,48640,0,0
4047,0x1800,0,0,bulk,accepted,64,64,48640,48768,0,0
4048,0x1800,0,0,bulk,accepted,64,64,48768,48896,0,0
4049,0x1800,0,0,bulk,accepted,64,64,48896,49024,0,0
4050,0x1800,0,0,bulk,accepted,64,64,49024,49152,0,0
4051,0x1800,0,0,bulk,accepted,64,64,49152,49280,0,0
4052,0x1800,0,0,bulk,accepted,64,64,49280,49408,0,0
4053,0x1800,0,0,bulk,accepted,64,64,49408,49536,0,0
4054,0x1800,0,0,bulk,accepted,64,64,49536,49664,0,0
4055,0x1800,0,0,bulk,accepted,64,64,49664,49792,0,0
4056,0x1800,0,0,bulk,accepted,64,64,49792,49920,0,0
4057,0x1800,0,0,bulk,accepted,64,64,49920,50048,0,0
4058,0x1800,0,0,bulk,accepted,64,64,50048,50176,0,0
4059,0x1800,0,0,bulk,accepted,64,64,50176,50304,0,0
4060,0x1800,0,0,bulk,accepted,64,64,50304,50432,0,0
4061,0x1800,0,0,bulk,accepted,64,64,50432,50560,0,0
4062,0x1800,0,0,bulk,accepted,64,64,50560,50688,0,0
4063,0x1800,0,0,bulk,accepted,64,64,50688,50816,0,0
4064,0x1800,0,0,bulk,accepted,64,64,50816,50944,0,0
4065,0x1800,0,0,bulk,accepted,64,64,50944,51072,0,0
4066,0x1800,0,0,bulk,accepted,64,64,51072,51200,0,0
4067,0x1800,0,0,bulk,accepted,64,64,51200,51328,0,0
4068,0x1800,0,0,bulk,accepted,64,64,51328,51456,0,0
4069,0x1800,0,0,bulk,accepted,64,64,51456,51584,0,0
4070,0x1800,0,0,bulk,accepted,64,64,51584,51712,0,0
4071,0x1800,0,0,bulk,accepted,64,64,51712,51840,0,0
4072,0x1800,0,0,bulk,accepted,64,64,51840,51968,0,0
4073,0x1800,0,0,bulk,accepted,64,64,51968,52096,0,0
4074,0x1800,0,0,bulk,accepted,64,64,52096,52224,0,0
4075,0x1800,0,0,bulk,accepted,64,64,52224,52352,0,0
4076,0x1800,0,0,bulk,accepted,64,64,52352,52480,0,0
4077,0x1800,0,0,bulk,accepted,64,64,52480,52608,0,0
4078,0x1800,0,0,bulk,accepted,64,64,52608,52736,0,0
4079,0x1800,0,0,bulk,accepted,64,64,52736,52864,0,0
4080,0x1800,0,0,bulk,accepted,64,64,52864,52992,0,0
4081,0x1800,0,0,bulk,accepted,64,64,52992,53120,0,0
4082,0x1800,0,0,bulk,accepted,64,64,53120,53248,0,0
4083,0x1800,0,0,bulk,accepted,64,64,53248,53376,0,0
4084,0x1800,0,0,bulk,accepted,64,64,53376,53504,0,0
4085,0x1800,0,0,bulk,accepted,64,64,53504,53632,0,0
4086,0x1800,0,0,bulk,accepted,64,64,53632,53760,0,0
4087,0x1800,0,0,bulk,accepted,64,64,53760,53888,0,0
4088,0x1800,0,0,bulk,accepted,64,64,53888,54016,0,0
4089,0x1800,0,0,bulk,accepted,64,64,54016,54144,0,0
4090,0x1800,0,0,bulk,accepted,64,64,54144,54272,0,0
4091,0x1800,0,0,bulk,accepted,64,64,54272,54400,0,0
4092,0x1800,0,0,bulk,accepted,64,64,54400,54528,0,0
4093,0x1800,0,0,bulk,accepted,64,64,54528,54656,0,0
4094,0x1800,0,0,bulk,accepted,64,64,54656,54784,0,0
4095,0x1800,0,0,bulk,accepted,64,64,54784,54912,0,0
4096,0x1800,0,0,bulk,accepted,64,64,54912,55040,0,0
4097,0x1800,0,0,bulk,accepted,64,64,55040,55168,0,0
4098,0x1800,0,0,bulk,accepted,64,64,55168,55296,0,0
4099,0x1800,0,0,bulk,accepted,64,64,55296,55424,0,0
4100,0x1800,0,0,bulk,accepted,64,64,55424,55552,0,0
4101,0x1800,0,0,bulk,accepted,64,64,55552,55680,0,0
4102,0x1800,0,0,bulk,accepted,64,64,55680,55808,0,0
4103,0x1800,0,0,bulk,accepted,64,64,55808,55936,0,0
4104,0x1800,0,0,bulk,accepted,64,64,55936,56064,0,0
4105,0x1800,0,0,bulk,accepted,64,64,56064,56192,0,0
4106,0x1800,0,0,bulk,accepted,64,64,56192,56320,0,0
4107,0x1800,0,0,bulk,accepted,64,64,56320,56448,0,0
4108,0x1800,0,0,bulk,accepted,64,64,56448,56576,0,0
4109,0x1800,0,0,bulk,accepted,64,64,56576,56704,0,0
4110,0x1800,0,0,bulk,accepted,64,64,56704,56832,0,0
4111,0x1800,0,0,bulk,accepted,64,64,56832,56960,0,0
4112,0x1800,0,0,bulk,accepted,64,64,56960,57088,0,0
4113,0x1800,0,0,bulk,accepted,64,64,57088,57216,0,0
4114,0x1800,0,0,bulk,accepted,64,64,57216,57344,0,0
4115,0x1800,0,0,bulk,accepted,64,64,57344,57472,0,0
4116,0x1800,0,0,bulk,accepted,64,64,57472,57600,0,0
4117,0x1800,0,0,bulk,accepted,64,64,57600,57728,0,0
4118,0x1800,0,0,bulk,accepted,64,64,57728,57856,0,0
4119,0x1800,0,0,bulk,accepted,64,64,57856,57984,0,0
4120,0x1800,0,0,bulk,accepted,64,64,57984,58112,0,0
4121,0x1800,0,0,bulk,accepted,64,64,58112,58240,0,0
4122,0x1800,0,0,bulk,accepted,64,64,58240,58368,0,0
4123,0x1800,0,0,bulk,accepted,64,64,58368,58496,0,0
4124,0x1800,0,0,bulk,accepted,64,64,58496,58624,0,0
4125,0x1800,0,0,bulk,accepted,64,64,58624,58752,0,0
4126,0x1800,0,0,bulk,accepted,64,64,58752,58880,0,0
4127,0x1800,0,0,bulk,accepted,64,64,58880,59008,0,0
4128,0x1800,0,0,bulk,accepted,64,64,59008,59136,0,0
4129,0x1800,0,0,bulk,accepted,64,64,59136,59264,0,0
4130,0x1800,0,0,bulk,accepted,64,64,59264,59392,0,0
4131,0x1800,0,0,bulk,accepted,64,64,59392,59520,0,0
4132,0x1800,0,0,bulk,accepted,64,64,59520,59648,0,0
4133,0x1800,0,0,bulk,accepted,64,64,59648,59776,0,0
4134,0x1800,0,0,bulk,accepted,64,64,59776,59904,0,0
4135,0x1800,0,0,bulk,accepted,64,64,59904,60032,0,0
4136,0x1800,0,0,bulk,accepted,64,64,60032,60160,0,0
4137,0x1800,0,0,bulk,accepted,64,64,60160,60288,0,0
4138,0x1800,0,0,bulk,accepted,64,64,60288,60416,0,0
4139,0x1800,0,0,bulk,accepted,64,64,60416,60544,0,0
4140,0x1800,0,0,bulk,accepted,64,64,60544,60672,0,0
4141,0x1800,0,0,bulk,accepted,64,64,60672,60800,0,0
4142,0x1800,0,0,bulk,accepted,64,64,60800,60928,0,0
4143,0x1800,0,0,bulk,accepted,64,64,60928,61056,0,0
4144,0x1800,0,0,bulk,accepted,64,64,61056,61184,0,0
4145,0x1800,0,0,bulk,accepted,64,64,61184,61312,0,0
4146,0x1800,0,0,bulk,accepted,64,64,61312,61440,0,0
4147,0x1800,0,0,bulk,accepted,64,64,61440,61568,0,0
4148,0x1800,0,0,bulk,accepted,64,64,61568,61696,0,0
4149,0x1800,0,0,bulk,accepted,64,64,61696,61824,0,0
4150,0x1800,0,0,bulk,accepted,64,64,61824,61952,0,0
4151,0x1800,0,0,bulk,accepted,64,64,61952,62080,0,0
4152,0x1800,0,0,bulk,accepted,64,64,62080,62208,0,0
4153,0x1800,0,0,bulk,accepted,64,64,62208,62336,0,0
4154,0x1800,0,0,bulk,accepted,64,64,62336,62464,0,0
4155,0x1800,0,0,bulk,accepted,64,64,62464,62592,0,0
4156,0x1800,0,0,bulk,accepted,64,64,62592,62720,0,0
4157,0x1800,0,0,bulk,accepted,64,64,62720,62848,0,0
4158,0x1800,0,0,bulk,accepted,64,64,62848,62976,0,0
4159,0x1800,0,0,bulk,accepted,64,64,62976,63104,0,0
4160,0x1800,0,0,bulk,accepted,64,64,63104,63232,0,0
4161,0x1800,0,0,bulk,accepted,64,64,63232,63360,0,0
4162,0x1800,0,0,bulk,accepted,64,64,63360,63488,0,0
4163,0x1800,0,0,bulk,accepted,64,64,63488,63616,0,0
4164,0x1800,0,0,bulk,accepted,64,64,63616,63744,0,0
4165,0x1800,0,0,bulk,accepted,64,64,63744,63872,0,0
4166,0x1800,0,0,bulk,accepted,64,64,63872,64000,0,0
4167,0x1800,0,0,bulk,accepted,64,64,64000,64128,0,0
4168,0x1800,0,0,bulk,accepted,64,64,64128,64256,0,0
4169,0x1800,0,0,bulk,accepted,64,64,64256,64384,0,0
4170,0x1800,0,0,bulk,accepted,64,64,64384,64512,0,0
4171,0x1800,0,0,bulk,accepted,64,64,64512,64640,0,0
4172,0x1800,0,0,bulk,accepted,64,64,64640,64768,0,0
4173,0x1800,0,0,bulk,accepted,64,64,64768,64896,0,0
4174,0x1800,0,0,bulk,accepted,64,64,64896,65024,0,0
4175,0x1800,0,0,bulk,accepted,64,64,65024,65152,0,0
4176,0x1800,0,0,bulk,accepted,64,64,65152,65280,0,0
4177,0x1800,0,0,bulk,accepted,64,64,65280,65408,0,0
4178,0x1800,0,0,bulk,accepted,64,64,65408,65536,0,0
4179,0x1800,0,0,bulk,accepted,64,64,65536,65664,0,0
4180,0x1800,0,0,bulk,accepted,64,64,65664,65792,0,0
4181,0x1800,0,0,bulk,accepted,64,64,65792,65920,0,0
4182,0x1800,0,0,bulk,accepted,64,64,65920,66048,0,0
4183,0x1800,0,0,bulk,accepted,64,64,66048,66176,0,0
4184,0x1800,0,0,bulk,accepted,64,64,66176,66304,0,0
4185,0x1800,0,0,bulk,accepted,64,64,66304,66432,0,0
4186,0x1800,0,0,bulk,accepted,64,64,66432,66560,0,0
4187,0x1800,0,0,bulk,accepted,64,64,66560,66688,0,0
4188,0x1800,0,0,bulk,accepted,64,64,66688,66816,0,0
4189,0x1800,0,0,bulk,accepted,64,64,66816,66944,0,0
4190,0x1800,0,0,bulk,accepted,64,64,66944,67072,0,0
4191,0x1800,0,0,bulk,accepted,64,64,67072,67200,0,0
4192,0x1800,0,0,bulk,accepted,64,64,67200,67328,0,0
4193,0x1800,0,0,bulk,accepted,64,64,67328,67456,0,0
4194,0x1800,0,0,bulk,accepted,64,64,67456,67584,0,0
4195,0x1800,0,0,bulk,accepted,64,64,67584,67712,0,0
4196,0x1800,0,0,bulk,accepted,64,64,67712,67840,0,0
4197,0x1800,0,0,bulk,accepted,64,64,67840,67968,0,0
4198,0x1800,0,0,bulk,accepted,64,64,67968,68096,0,0
4199,0x1800,0,0,bulk,accepted,64,64,68096,68224,0,0
4200,0x1800,0,0,bulk,accepted,64,64,68224,68352,0,0
4201,0x1800,0,0,bulk,accepted,64,64,68352,68480,0,0
4202,0x1800,0,0,bulk,accepted,64,64,68480,68608,0,0
4203,0x1800,0,0,bulk,accepted,64,64,68608,68736,0,0
4204,0x1800,0,0,bulk,accepted,64,64,68736,68864,0,0
4205,0x1800,0,0,bulk,accepted,64,64,68864,68992,0,0
4206,0x1800,0,0,bulk,accepted,64,64,68992,69120,0,0
4207,0x1800,0,0,bulk,accepted,64,64,69120,69248,0,0
4208,0x1800,0,0,bulk,accepted,64,64,69248,69376,0,0
4209,0x1800,0,0,bulk,accepted,64,64,69376,69504,0,0
4210,0x1800,0,0,bulk,accepted,64,64,69504,69632,0,0
4211,0x1800,0,0,bulk,accepted,64,64,69632,69760,0,0
4212,0x1800,0,0,bulk,accepted,64,64,69760,69888,0,0
4213,0x1800,0,0,bulk,accepted,64,64,69888,70016,0,0
4214,0x1800,0,0,bulk,accepted,64,64,70016,70144,0,0
4215,0x1800,0,0,bulk,accepted,64,64,70144,70272,0,0
4216,0x1800,0,0,bulk,accepted,64,64,70272,70400,0,0
4217,0x1800,0,0,bulk,accepted,64,64,70400,70528,0,0
4218,0x1800,0,0,bulk,accepted,64,64,70528,70656,0,0
4219,0x1800,0,0,bulk,accepted,64,64,70656,70784,0,0
4220,0x1800,0,0,bulk,accepted,64,64,70784,70912,0,0
4221,0x1800,0,0,bulk,accepted,64,64,70912,71040,0,0
4222,0x1800,0,0,bulk,accepted,64,64,71040,71168,0,0
4223,0x1800,0,0,bulk,accepted,64,64,71168,71296,0,0
4224,0x1800,0,0,bulk,accepted,64,64,71296,71424,0,0
4225,0x1800,0,0,bulk,accepted,64,64,71424,71552,0,0
4226,0x1800,0,0,bulk,accepted,64,64,71552,71680,0,0
4227,0x1800,0,0,bulk,accepted,64,64,71680,71808,0,0
4228,0x1800,0,0,bulk,accepted,64,64,71808,71936,0,0
4229,0x1800,0,0,bulk,accepted,64,64,71936,72064,0,0
4230,0x1800,0,0,bulk,accepted,64,64,72064,72192,0,0
4231,0x1800,0,0,bulk,accepted,64,64,72192,72320,0,0
4232,0x1800,0,0,bulk,accepted,64,64,72320,72448,0,0
4233,0x1800,0,0,bulk,accepted,64,64,72448,72576,0,0
4234,0x1800,0,0,bulk,accepted,64,64,72576,72704,0,0
4235,0x1800,0,0,bulk,accepted,64,64,72704,72832,0,0
4236,0x1800,0,0,bulk,accepted,64,64,72832,72960,0,0
4237,0x1800,0,0,bulk,accepted,64,64,72960,73088,0,0
4238,0x1800,0,0,bulk,accepted,64,64,73088,73216,0,0
4239,0x1800,0,0,bulk,accepted,64,64,73216,73344,0,0
4240,0x1800,0,0,bulk,accepted,64,64,73344,73472,0,0
4241,0x1800,0,0,bulk,accepted,64,64,73472,73600,0,0
4242,0x1800,0,0,bulk,accepted,64,64,73600,73728,0,0
4243,0x1800,0,0,bulk,accepted,64,64,73728,73856,0,0
4244,0x1800,0,0,bulk,accepted,64,64,73856,73984,0,0
4245,0x1800,0,0,bulk,accepted,64,64,73984,74112,0,0
4246,0x1800,0,0,bulk,accepted,64,64,74112,74240,0,0
4247,0x1800,0,0,bulk,accepted,64,64,74240,74368,0,0
4248,0x1800,0,0,bulk,accepted,64,64,74368,74496,0,0
4249,0x1800,0,0,bulk,accepted,64,64,74496,74624,0,0
4250,0x1800,0,0,bulk,accepted,64,64,74624,74752,0,0
4251,0x1800,0,0,bulk,accepted,64,64,74752,74880,0,0
4252,0x1800,0,0,bulk,accepted,64,64,74880,75008,0,0
4253,0x1800,0,0,bulk,accepted,64,64,75008,75136,0,0
4254,0x1800,0,0,bulk,accepted,64,64,75136,75264,0,0
4255,0x1800,0,0,bulk,accepted,64,64,75264,75392,0,0
4256,0x1800,0,0,bulk,accepted,64,64,75392,75520,0,0
4257,0x1800,0,0,bulk,accepted,64,64,75520,75648,0,0
4258,0x1800,0,0,bulk,accepted,64,64,75648,75776,0,0
4259,0x1800,0,0,bulk,accepted,64,64,75776,75904,0,0
4260,0x1800,0,0,bulk,accepted,64,64,75904,76032,0,0
4261,0x1800,0,0,bulk,accepted,64,64,76032,76160,0,0
4262,0x1800,0,0,bulk,accepted,64,64,76160,76288,0,0
4263,0x1800,0,0,bulk,accepted,64,64,76288,76416,0,0
4264,0x1800,0,0,bulk,accepted,64,64,76416,76544,0,0
4265,0x1800,0,0,bulk,accepted,64,64,76544,76672,0,0
4266,0x1800,0,0,bulk,accepted,64,64,76672,76800,0,0
4267,0x1800,0,0,bulk,accepted,64,64,76800,76928,0,0
4268,0x1800,0,0,bulk,accepted,64,64,76928,77056,0,0
4269,0x1800,0,0,bulk,accepted,64,64,77056,77184,0,0
4270,0x1800,0,0,bulk,accepted,64,64,77184,77312,0,0
4271,0x1800,0,0,bulk,accepted,64,64,77312,77440,0,0
4272,0x1800,0,0,bulk,accepted,64,64,77440,77568,0,0
4273,0x1800,0,0,bulk,accepted,64,64,77568,77696,0,0
4274,0x1800,0,0,bulk,accepted,64,64,77696,77824,0,0
4275,0x1800,0,0,bulk,accepted,64,64,77824,77952,0,0
4276,0x1800,0,0,bulk,accepted,64,64,77952,78080,0,0
4277,0x1800,0,0,bulk,accepted,64,64,78080,78208,0,0
4278,0x1800,0,0,bulk,accepted,64,64,78208,78336,0,0
4279,0x1800,0,0,bulk,accepted,64,64,78336,78464,0,0
4280,0x1800,0,0,bulk,accepted,64,64,78464,78592,0,0
4281,0x1800,0,0,bulk,accepted,64,64,78592,78720,0,0
4282,0x1800,0,0,bulk,accepted,64,64,78720,78848,0,0
4283,0x1800,0,0,bulk,accepted,64,64,78848,78976,0,0
4284,0x1800,0,0,bulk,accepted,64,64,78976,79104,0,0
4285,0x1800,0,0,bulk,accepted,64,64,79104,79232,0,0
4286,0x1800,0,0,bulk,accepted,64,64,79232,79360,0,0
4287,0x1800,0,0,bulk,accepted,64,64,79360,79488,0,0
4288,0x1800,0,0,bulk,accepted,64,64,79488,79616,0,0
4289,0x1800,0,0,bulk,accepted,64,64,79616,79744,0,0
4290,0x1800,0,0,bulk,accepted,64,64,79744,79872,0,0
4291,0x1800,0,0,bulk,accepted,64,64,79872,80000,0,0
4292,0x1800,0,0,bulk,accepted,64,64,80000,80128,0,0
4293,0x1800,0,0,bulk,accepted,64,64,80128,80256,0,0
4294,0x1800,0,0,bulk,accepted,64,64,80256,80384,0,0
4295,0x1800,0,0,bulk,accepted,64,64,80384,80512,0,0
4296,0x1800,0,0,bulk,accepted,64,64,80512,80640,0,0
4297,0x1800,0,0,bulk,accepted,64,64,80640,80768,0,0
4298,0x1800,0,0,bulk,accepted,64,64,80768,80896,0,0
4299,0x1800,0,0,bulk,accepted,64,64,80896,81024,0,0
4300,0x1800,0,0,bulk,accepted,64,64,81024,81152,0,0
4301,0x1800,0,0,bulk,accepted,64,64,81152,81280,0,0
4302,0x1800,0,0,bulk,accepted,64,64,81280,81408,0,0
4303,0x1800,0,0,bulk,accepted,64,64,81408,81536,0,0
4304,0x1800,0,0,bulk,accepted,64,64,81536,81664,0,0
4305,0x1800,0,0,bulk,accepted,64,64,81664,81792,0,0
4306,0x1800,0,0,bulk,accepted,64,64,81792,81920,0,0
4307,0x1800,0,0,bulk,accepted,64,64,81920,82048,0,0
4308,0x1800,0,0,bulk,accepted,64,64,82048,82176,0,0
4309,0x1800,0,0,bulk,accepted,64,64,82176,82304,0,0
4310,0x1800,0,0,bulk,accepted,64,64,82304,82432,0,0
4311,0x1800,0,0,bulk,accepted,64,64,82432,82560,0,0
4312,0x1800,0,0,bulk,accepted,64,64,82560,82688,0,0
4313,0x1800,0,0,bulk,accepted,64,64,82688,82816,0,0
4314,0x1800,0,0,bulk,accepted,64,64,82816,82944,0,0
4315,0x1800,0,0,bulk,accepted,64,64,82944,83072,0,0
4316,0x1800,0,0,bulk,accepted,64,64,83072,83200,0,0
4317,0x1800,0,0,bulk,accepted,64,64,83200,83328,0,0
4318,0x1800,0,0,bulk,accepted,64,64,83328,83456,0,0
4319,0x1800,0,0,bulk,accepted,64,64,83456,83584,0,0
4320,0x1800,0,0,bulk,accepted,64,64,83584,83712,0,0
4321,0x1800,0,0,bulk,accepted,64,64,83712,83840,0,0
4322,0x1800,0,0,bulk,accepted,64,64,83840,83968,0,0
4323,0x1800,0,0,bulk,accepted,64,64,83968,84096,0,0
4324,0x1800,0,0,bulk,accepted,64,64,84096,84224,0,0
4325,0x1800,0,0,bulk,accepted,64,64,84224,84352,0,0
4326,0x1800,0,0,bulk,accepted,64,64,84352,84480,0,0
4327,0x1800,0,0,bulk,accepted,64,64,84480,84608,0,0
4328,0x1800,0,0,bulk,accepted,64,64,84608,84736,0,0
4329,0x1800,0,0,bulk,accepted,64,64,84736,84864,0,0
4330,0x1800,0,0,bulk,accepted,64,64,84864,84992,0,0
4331,0x1800,0,0,bulk,accepted,64,64,84992,85120,0,0
4332,0x1800,0,0,bulk,accepted,64,64,85120,85248,0,0
4333,0x1800,0,0,bulk,accepted,64,64,85248,85376,0,0
4334,0x1800,0,0,bulk,accepted,64,64,85376,85504,0,0
4335,0x1800,0,0,bulk,accepted,64,64,85504,85632,0,0
4336,0x1800,0,0,bulk,accepted,64,64,85632,85760,0,0
4337,0x1800,0,0,bulk,accepted,64,64,85760,85888,0,0
4338,0x1800,0,0,bulk,accepted,64,64,85888,86016,0,0
4339,0x1800,0,0,bulk,accepted,64,64,86016,86144,0,0
4340,0x1800,0,0,bulk,accepted,64,64,86144,86272,0,0
4341,0x1800,0,0,bulk,accepted,64,64,86272,86400,0,0
4342,0x1800,0,0,bulk,accepted,64,64,86400,86528,0,0
4343,0x1800,0,0,bulk,accepted,64,64,86528,86656,0,0
4344,0x1800,0,0,bulk,accepted,64,64,86656,86784,0,0
4345,0x1800,0,0,bulk,accepted,64,64,86784,86912,0,0
4346,0x1800,0,0,bulk,accepted,64,64,86912,87040,0,0
4347,0x1800,0,0,bulk,accepted,64,64,87040,87168,0,0
4348,0x1800,0,0,bulk,accepted,64,64,87168,87296,0,0
4349,0x1800,0,0,bulk,accepted,64,64,87296,87424,0,0
4350,0x1800,0,0,bulk,accepted,64,64,87424,87552,0,0
4351,0x1800,0,0,bulk,accepted,64,64,87552,87680,0,0
4352,0x1800,0,0,bulk,accepted,64,64,87680,87808,0,0
4353,0x1800,0,0,bulk,accepted,64,64,87808,87936,0,0
4354,0x1800,0,0,bulk,accepted,64,64,87936,88064,0,0
4355,0x1800,0,0,bulk,accepted,64,64,88064,88192,0,0
4356,0x1800,0,0,bulk,accepted,64,64,88192,88320,0,0
4357,0x1800,0,0,bulk,accepted,64,64,88320,88448,0,0
4358,0x1800,0,0,bulk,accepted,64,64,88448,88576,0,0
4359,0x1800,0,0,bulk,accepted,64,64,88576,88704,0,0
4360,0x1800,0,0,bulk,accepted,64,64,88704,88832,0,0
4361,0x1800,0,0,bulk,accepted,64,64,88832,88960,0,0
4362,0x1800,0,0,bulk,accepted,64,64,88960,89088,0,0
4363,0x1800,0,0,bulk,accepted,64,64,89088,89216,0,0
4364,0x1800,0,0,bulk,accepted,64,64,89216,89344,0,0
4365,0x1800,0,0,bulk,accepted,64,64,89344,89472,0,0
4366,0x1800,0,0,bulk,accepted,64,64,89472,89600,0,0
4367,0x1800,0,0,bulk,accepted,64,64,89600,89728,0,0
4368,0x1800,0,0,bulk,accepted,64,64,89728,89856,0,0
4369,0x1800,0,0,bulk,accepted,64,64,89856,89984,0,0
4370,0x1800,0,0,bulk,accepted,64,64,89984,90112,0,0
4371,0x1800,0,0,bulk,accepted,64,64,90112,90240,0,0
4372,0x1800,0,0,bulk,accepted,64,64,90240,90368,0,0
4373,0x1800,0,0,bulk,accepted,64,64,90368,90496,0,0
4374,0x1800,0,0,bulk,accepted,64,64,90496,90624,0,0
4375,0x1800,0,0,bulk,accepted,64,64,90624,90752,0,0
4376,0x1800,0,0,bulk,accepted,64,64,90752,90880,0,0
4377,0x1800,0,0,bulk,accepted,64,64,90880,91008,0,0
4378,0x1800,0,0,bulk,accepted,64,64,91008,91136,0,0
4379,0x1800,0,0,bulk,accepted,64,64,91136,91264,0,0
4380,0x1800,0,0,bulk,accepted,64,64,91264,91392,0,0
4381,0x1800,0,0,bulk,accepted,64,64,91392,91520,0,0
4382,0x1800,0,0,bulk,accepted,64,64,91520,91648,0,0
4383,0x1800,0,0,bulk,accepted,64,64,91648,91776,0,0
4384,0x1800,0,0,bulk,accepted,64,64,91776,91904,0,0
4385,0x1800,0,0,bulk,accepted,64,64,91904,92032,0,0
4386,0x1800,0,0,bulk,accepted,64,64,92032,92160,0,0
4387,0x1800,0,0,bulk,accepted,64,64,92160,92288,0,0
4388,0x1800,0,0,bulk,accepted,64,64,92288,92416,0,0
4389,0x1800,0,0,bulk,accepted,64,64,92416,92544,0,0
4390,0x1800,0,0,bulk,accepted,64,64,92544,92672,0,0
4391,0x1800,0,0,bulk,accepted,64,64,92672,92800,0,0
4392,0x1800,0,0,bulk,accepted,64,64,92800,92928,0,0
4393,0x1800,0,0,bulk,accepted,64,64,92928,93056,0,0
4394,0x1800,0,0,bulk,accepted,64,64,93056,93184,0,0
4395,0x1800,0,0,bulk,accepted,64,64,93184,93312,0,0
4396,0x1800,0,0,bulk,accepted,64,64,93312,93440,0,0
4397,0x1800,0,0,bulk,accepted,64,64,93440,93568,0,0
4398,0x1800,0,0,bulk,accepted,64,64,93568,93696,0,0
4399,0x1800,0,0,bulk,accepted,64,64,93696,93824,0,0
4400,0x1800,0,0,bulk,accepted,64,64,93824,93952,0,0
4401,0x1800,0,0,bulk,accepted,64,64,93952,94080,0,0
4402,0x1800,0,0,bulk,accepted,64,64,94080,94208,0,0
4403,0x1800,0,0,bulk,accepted,64,64,94208,94336,0,0
4404,0x1800,0,0,bulk,accepted,64,64,94336,94464,0,0
4405,0x1800,0,0,bulk,accepted,64,64,94464,94592,0,0
4406,0x1800,0,0,bulk,accepted,64,64,94592,94720,0,0
4407,0x1800,0,0,bulk,accepted,64,64,94720,94848,0,0
4408,0x1800,0,0,bulk,accepted,64,64,94848,94976,0,0
4409,0x1800,0,0,bulk,accepted,64,64,94976,95104,0,0
4410,0x1800,0,0,bulk,accepted,64,64,95104,95232,0,0
4411,0x1800,0,0,bulk,accepted,64,64,95232,95360,0,0
4412,0x1800,0,0,bulk,accepted,64,64,95360,95488,0,0
4413,0x1800,0,0,bulk,accepted,64,64,95488,95616,0,0
4414,0x1800,0,0,bulk,accepted,64,64,95616,95744,0,0
4415,0x1800,0,0,bulk,accepted,64,64,95744,95872,0,0
4416,0x1800,0,0,bulk,accepted,64,64,95872,96000,0,0
4417,0x1800,0,0,bulk,accepted,64,64,96000,96128,0,0
4418,0x1800,0,0,bulk,accepted,64,64,96128,96256,0,0
4419,0x1800,0,0,bulk,accepted,64,64,96256,96384,0,0
4420,0x1800,0,0,bulk,accepted,64,64,96384,96512,0,0
4421,0x1800,0,0,bulk,accepted,64,64,96512,96640,0,0
4422,0x1800,0,0,bulk,accepted,64,64,96640,96768,0,0
4423,0x1800,0,0,bulk,accepted,64,64,96768,96896,0,0
4424,0x1800,0,0,bulk,accepted,64,64,96896,97024,0,0
4425,0x1800,0,0,bulk,accepted,64,64,97024,97152,0,0
4426,0x1800,0,0,bulk,accepted,64,64,97152,97280,0,0
4427,0x1800,0,0,bulk,accepted,64,64,97280,97408,0,0
4428,0x1800,0,0,bulk,accepted,64,64,97408,97536,0,0
4429,0x1800,0,0,bulk,accepted,64,64,97536,97664,0,0
4430,0x1800,0,0,bulk,accepted,64,64,97664,97792,0,0
4431,0x1800,0,0,bulk,accepted,64,64,97792,97920,0,0
4432,0x1800,0,0,bulk,accepted,64,64,97920,98048,0,0
4433,0x1800,0,0,bulk,accepted,64,64,98048,98176,0,0
4434,0x1800,0,0,bulk,accepted,64,64,98176,98304,0,0
4435,0x1800,0,0,bulk,accepted,64,64,98304,98432,0,0
4436,0x1800,0,0,bulk,accepted,64,64,98432,98560,0,0
4437,0x1800,0,0,bulk,accepted,64,64,98560,98688,0,0
4438,0x1800,0,0,bulk,accepted,64,64,98688,98816,0,0
4439,0x1800,0,0,bulk,accepted,64,64,98816,98944,0,0
4440,0x1800,0,0,bulk,accepted,64,64,98944,99072,0,0
4441,0x1800,0,0,bulk,accepted,64,64,99072,99200,0,0
4442,0x1800,0,0,bulk,accepted,64,64,99200,99328,0,0
4443,0x1800,0,0,bulk,accepted,64,64,99328,99456,0,0
4444,0x1800,0,0,bulk,accepted,64,64,99456,99584,0,0
4445,0x1800,0,0,bulk,accepted,64,64,99584,99712,0,0
4446,0x1800,0,0,bulk,accepted,64,64,99712,99840,0,0
4447,0x1800,0,0,bulk,accepted,64,64,99840,99968,0,0
4448,0x1800,0,0,bulk,accepted,64,64,99968,100096,0,0
4449,0x1800,0,0,bulk,accepted,64,64,100096,100224,0,0
4450,0x1800,0,0,bulk,accepted,64,64,100224,100352,0,0
4451,0x1800,0,0,bulk,accepted,64,64,100352,100480,0,0
4452,0x1800,0,0,bulk,accepted,64,64,100480,100608,0,0
4453,0x1800,0,0,bulk,accepted,64,64,100608,100736,0,0
4454,0x1800,0,0,bulk,accepted,64,64,100736,100864,0,0
4455,0x1800,0,0,bulk,accepted,64,64,100864,100992,0,0
4456,0x1800,0,0,bulk,accepted,64,64,100992,101120,0,0
4457,0x1800,0,0,bulk,accepted,64,64,101120,101248,0,0
4458,0x1800,0,0,bulk,accepted,64,64,101248,101376,0,0
4459,0x1800,0,0,bulk,accepted,64,64,101376,101504,0,0
4460,0x1800,0,0,bulk,accepted,64,64,101504,101632,0,0
4461,0x1800,0,0,bulk,accepted,64,64,101632,101760,0,0
4462,0x1800,0,0,bulk,accepted,64,64,101760,101888,0,0
4463,0x1800,0,0,bulk,accepted,64,64,101888,102016,0,0
4464,0x1800,0,0,bulk,accepted,64,64,102016,102144,0,0
4465,0x1800,0,0,bulk,accepted,64,64,102144,102272,0,0
4466,0x1800,0,0,bulk,accepted,64,64,102272,102400,0,0
4467,0x1800,0,0,bulk,accepted,64,64,102400,102528,0,0
4468,0x1800,0,0,bulk,accepted,64,64,102528,102656,0,0
4469,0x1800,0,0,bulk,accepted,64,64,102656,102784,0,0
4470,0x1800,0,0,bulk,accepted,64,64,102784,102912,0,0
4471,0x1800,0,0,bulk,accepted,64,64,102912,103040,0,0
4472,0x1800,0,0,bulk,accepted,64,64,103040,103168,0,0
4473,0x1800,0,0,bulk,accepted,64,64,103168,103296,0,0
4474,0x1800,0,0,bulk,accepted,64,64,103296,103424,0,0
4475,0x1800,0,0,bulk,accepted,64,64,103424,103552,0,0
4476,0x1800,0,0,bulk,accepted,64,64,103552,103680,0,0
4477,0x1800,0,0,bulk,accepted,64,64,103680,103808,0,0
4478,0x1800,0,0,bulk,accepted,64,64,103808,103936,0,0
4479,0x1800,0,0,bulk,accepted,64,64,103936,104064,0,0
4480,0x1800,0,0,bulk,accepted,64,64,104064,104192,0,0
4481,0x1800,0,0,bulk,accepted,64,64,104192,104320,0,0
4482,0x1800,0,0,bulk,accepted,64,64,104320,104448,0,0
4483,0x1800,0,0,bulk,accepted,64,64,104448,104576,0,0
4484,0x1800,0,0,bulk,accepted,64,64,104576,104704,0,0
4485,0x1800,0,0,bulk,accepted,64,64,104704,104832,0,0
4486,0x1800,0,0,bulk,accepted,64,64,104832,104960,0,0
4487,0x1800,0,0,bulk,accepted,64,64,104960,105088,0,0
4488,0x1800,0,0,bulk,accepted,64,64,105088,105216,0,0
4489,0x1800,0,0,bulk,accepted,64,64,105216,105344,0,0
4490,0x1800,0,0,bulk,accepted,64,64,105344,105472,0,0
4491,0x1800,0,0,bulk,accepted,64,64,105472,105600,0,0
4492,0x1800,0,0,bulk,accepted,64,64,105600,105728,0,0
4493,0x1800,0,0,bulk,accepted,64,64,105728,105856,0,0
4494,0x1800,0,0,bulk,accepted,64,64,105856,105984,0,0
4495,0x1800,0,0,bulk,accepted,64,64,105984,106112,0,0
4496,0x1800,0,0,bulk,accepted,64,64,106112,106240,0,0
4497,0x1800,0,0,bulk,accepted,64,64,106240,106368,0,0
4498,0x1800,0,0,bulk,accepted,64,64,106368,106496,0,0
4499,0x1800,0,0,bulk,accepted,64,64,106496,106624,0,0
4500,0x1800,0,0,bulk,accepted,64,64,106624,106752,0,0
4501,0x1800,0,0,bulk,accepted,64,64,106752,106880,0,0
4502,0x1800,0,0,bulk,accepted,64,64,106880,107008,0,0
4503,0x1800,0,0,bulk,accepted,64,64,107008,107136,0,0
4504,0x1800,0,0,bulk,accepted,64,64,107136,107264,0,0
4505,0x1800,0,0,bulk,accepted,64,64,107264,107392,0,0
4506,0x1800,0,0,bulk,accepted,64,64,107392,107520,0,0
4507,0x1800,0,0,bulk,accepted,64,64,107520,107648,0,0
4508,0x1800,0,0,bulk,accepted,64,64,107648,107776,0,0
4509,0x1800,0,0,bulk,accepted,64,64,107776,107904,0,0
4510,0x1800,0,0,bulk,accepted,64,64,107904,108032,0,0
4511,0x1800,0,0,bulk,accepted,64,64,108032,108160,0,0
4512,0x1800,0,0,bulk,accepted,64,64,108160,108288,0,0
4513,0x1800,0,0,bulk,accepted,64,64,108288,108416,0,0
4514,0x1800,0,0,bulk,accepted,64,64,108416,108544,0,0
4515,0x1800,0,0,bulk,accepted,64,64,108544,108672,0,0
4516,0x1800,0,0,bulk,accepted,64,64,108672,108800,0,0
4517,0x1800,0,0,bulk,accepted,64,64,108800,108928,0,0
4518,0x1800,0,0,bulk,accepted,64,64,108928,109056,0,0
4519,0x1800,0,0,bulk,accepted,64,64,109056,109184,0,0
4520,0x1800,0,0,bulk,accepted,64,64,109184,109312,0,0
4521,0x1800,0,0,bulk,accepted,64,64,109312,109440,0,0
4522,0x1800,0,0,bulk,accepted,64,64,109440,109568,0,0
4523,0x1800,0,0,bulk,accepted,64,64,109568,109696,0,0
4524,0x1800,0,0,bulk,accepted,64,64,109696,109824,0,0
4525,0x1800,0,0,bulk,accepted,64,64,109824,109952,0,0
4526,0x1800,0,0,bulk,accepted,64,64,109952,110080,0,0
4527,0x1800,0,0,bulk,accepted,64,64,110080,110208,0,0
4528,0x1800,0,0,bulk,accepted,64,64,110208,110336,0,0
4529,0x1800,0,0,bulk,accepted,64,64,110336,110464,0,0
4530,0x1800,0,0,bulk,accepted,64,64,110464,110592,0,0
4531,0x1800,0,0,bulk,accepted,64,64,110592,110720,0,0
4532,0x1800,0,0,bulk,accepted,64,64,110720,110848,0,0
4533,0x1800,0,0,bulk,accepted,64,64,110848,110976,0,0
4534,0x1800,0,0,bulk,accepted,64,64,110976,111104,0,0
4535,0x1800,0,0,bulk,accepted,64,64,111104,111232,0,0
4536,0x1800,0,0,bulk,accepted,64,64,111232,111360,0,0
4537,0x1800,0,0,bulk,accepted,64,64,111360,111488,0,0
4538,0x1800,0,0,bulk,accepted,64,64,111488,111616,0,0
4539,0x1800,0,0,bulk,accepted,64,64,111616,111744,0,0
4540,0x1800,0,0,bulk,accepted,64,64,111744,111872,0,0
4541,0x1800,0,0,bulk,accepted,64,64,111872,112000,0,0
4542,0x1800,0,0,bulk,accepted,64,64,112000,112128,0,0
4543,0x1800,0,0,bulk,accepted,64,64,112128,112256,0,0
4544,0x1800,0,0,bulk,accepted,64,64,112256,112384,0,0
4545,0x1800,0,0,bulk,accepted,64,64,112384,112512,0,0
4546,0x1800,0,0,bulk,accepted,64,64,112512,112640,0,0
4547,0x1800,0,0,bulk,accepted,64,64,112640,112768,0,0
4548,0x1800,0,0,bulk,accepted,64,64,112768,112896,0,0
4549,0x1800,0,0,bulk,accepted,64,64,112896,113024,0,0
4550,0x1800,0,0,bulk,accepted,64,64,113024,113152,0,0
4551,0x1800,0,0,bulk,accepted,64,64,113152,113280,0,0
4552,0x1800,0,0,bulk,accepted,64,64,113280,113408,0,0
4553,0x1800,0,0,bulk,accepted,64,64,113408,113536,0,0
4554,0x1800,0,0,bulk,accepted,64,64,113536,113664,0,0
4555,0x1800,0,0,bulk,accepted,64,64,113664,113792,0,0
4556,0x1800,0,0,bulk,accepted,64,64,113792,113920,0,0
4557,0x1800,0,0,bulk,accepted,64,64,113920,114048,0,0
4558,0x1800,0,0,bulk,accepted,64,64,114048,114176,0,0
4559,0x1800,0,0,bulk,accepted,64,64,114176,114304,0,0
4560,0x1800,0,0,bulk,accepted,64,64,114304,114432,0,0
4561,0x1800,0,0,bulk,accepted,64,64,114432,114560,0,0
4562,0x1800,0,0,bulk,accepted,64,64,114560,114688,0,0
4563,0x1800,0,0,bulk,accepted,64,64,114688,114816,0,0
4564,0x1800,0,0,bulk,accepted,64,64,114816,114944,0,0
4565,0x1800,0,0,bulk,accepted,64,64,114944,115072,0,0
4566,0x1800,0,0,bulk,accepted,64,64,115072,115200,0,0
4567,0x1800,0,0,bulk,accepted,64,64,115200,115328,0,0
4568,0x1800,0,0,bulk,accepted,64,64,115328,115456,0,0
4569,0x1800,0,0,bulk,accepted,64,64,115456,115584,0,0
4570,0x1800,0,0,bulk,accepted,64,64,115584,115712,0,0
4571,0x1800,0,0,bulk,accepted,64,64,115712,115840,0,0
4572,0x1800,0,0,bulk,accepted,64,64,115840,115968,0,0
4573,0x1800,0,0,bulk,accepted,64,64,115968,116096,0,0
4574,0x1800,0,0,bulk,accepted,64,64,116096,116224,0,0
4575,0x1800,0,0,bulk,accepted,64,64,116224,116352,0,0
4576,0x1800,0,0,bulk,accepted,64,64,116352,116480,0,0
4577,0x1800,0,0,bulk,accepted,64,64,116480,116608,0,0
4578,0x1800,0,0,bulk,accepted,64,64,116608,116736,0,0
4579,0x1800,0,0,bulk,accepted,64,64,116736,116864,0,0
4580,0x1800,0,0,bulk,accepted,64,64,116864,116992,0,0
4581,0x1800,0,0,bulk,accepted,64,64,116992,117120,0,0
4582,0x1800,0,0,bulk,accepted,64,64,117120,117248,0,0
4583,0x1800,0,0,bulk,accepted,64,64,117248,117376,0,0
4584,0x1800,0,0,bulk,accepted,64,64,117376,117504,0,0
4585,0x1800,0,0,bulk,accepted,64,64,117504,117632,0,0
4586,0x1800,0,0,bulk,accepted,64,64,117632,117760,0,0
4587,0x1800,0,0,bulk,accepted,64,64,117760,117888,0,0
4588,0x1800,0,0,bulk,accepted,64,64,117888,118016,0,0
4589,0x1800,0,0,bulk,accepted,64,64,118016,118144,0,0
4590,0x1800,0,0,bulk,accepted,64,64,118144,118272,0,0
4591,0x1800,0,0,bulk,accepted,64,64,118272,118400,0,0
4592,0x1800,0,0,bulk,accepted,64,64,118400,118528,0,0
4593,0x1800,0,0,bulk,accepted,64,64,118528,118656,0,0
4594,0x1800,0,0,bulk,accepted,64,64,118656,118784,0,0
4595,0x1800,0,0,bulk,accepted,64,64,118784,118912,0,0
4596,0x1800,0,0,bulk,accepted,64,64,118912,119040,0,0
4597,0x1800,0,0,bulk,accepted,64,64,119040,119168,0,0
4598,0x1800,0,0,bulk,accepted,64,64,119168,119296,0,0
4599,0x1800,0,0,bulk,accepted,64,64,119296,119424,0,0
4600,0x1800,0,0,bulk,accepted,64,64,119424,119552,0,0
4601,0x1800,0,0,bulk,accepted,64,64,119552,119680,0,0
4602,0x1800,0,0,bulk,accepted,64,64,119680,119808,0,0
4603,0x1800,0,0,bulk,accepted,64,64,119808,119936,0,0
4604,0x1800,0,0,bulk,accepted,64,64,119936,120064,0,0
4605,0x1800,0,0,bulk,accepted,64,64,120064,120192,0,0
4606,0x1800,0,0,bulk,accepted,64,64,120192,120320,0,0
4607,0x1800,0,0,bulk,accepted,64,64,120320,120448,0,0
4608,0x1800,0,0,bulk,accepted,64,64,120448,120576,0,0
4609,0x1800,0,0,bulk,accepted,64,64,120576,120704,0,0
4610,0x1800,0,0,bulk,accepted,64,64,120704,120832,0,0
4611,0x1800,0,0,bulk,accepted,64,64,120832,120960,0,0
4612,0x1800,0,0,bulk,accepted,64,64,120960,121088,0,0
4613,0x1800,0,0,bulk,accepted,64,64,121088,121216,0,0
4614,0x1800,0,0,bulk,accepted,64,64,121216,121344,0,0
4615,0x1800,0,0,bulk,accepted,64,64,121344,121472,0,0
4616,0x1800,0,0,bulk,accepted,64,64,121472,121600,0,0
4617,0x1800,0,0,bulk,accepted,64,64,121600,121728,0,0
4618,0x1800,0,0,bulk,accepted,64,64,121728,121856,0,0
4619,0x1800,0,0,bulk,accepted,64,64,121856,121984,0,0
4620,0x1800,0,0,bulk,accepted,64,64,121984,122112,0,0
4621,0x1800,0,0,bulk,accepted,64,64,122112,122240,0,0
4622,0x1800,0,0,bulk,accepted,64,64,122240,122368,0,0
4623,0x1800,0,0,bulk,accepted,64,64,122368,122496,0,0
4624,0x1800,0,0,bulk,accepted,64,64,122496,122624,0,0
4625,0x1800,0,0,bulk,accepted,64,64,122624,122752,0,0
4626,0x1800,0,0,bulk,accepted,64,64,122752,122880,0,0
4627,0x1800,0,0,bulk,accepted,64,64,122880,123008,0,0
4628,0x1800,0,0,bulk,accepted,64,64,123008,123136,0,0
4629,0x1800,0,0,bulk,accepted,64,64,123136,123264,0,0
4630,0x1800,0,0,bulk,accepted,64,64,123264,123392,0,0
4631,0x1800,0,0,bulk,accepted,64,64,123392,123520,0,0
4632,0x1800,0,0,bulk,accepted,64,64,123520,123648,0,0
4633,0x1800,0,0,bulk,accepted,64,64,123648,123776,0,0
4634,0x1800,0,0,bulk,accepted,64,64,123776,123904,0,0
4635,0x1800,0,0,bulk,accepted,64,64,123904,124032,0,0
4636,0x1800,0,0,bulk,accepted,64,64,124032,124160,0,0
4637,0x1800,0,0,bulk,accepted,64,64,124160,124288,0,0
4638,0x1800,0,0,bulk,accepted,64,64,124288,124416,0,0
4639,0x1800,0,0,bulk,accepted,64,64,124416,124544,0,0
4640,0x1800,0,0,bulk,accepted,64,64,124544,124672,0,0
4641,0x1800,0,0,bulk,accepted,64,64,124672,124800,0,0
4642,0x1800,0,0,bulk,accepted,64,64,124800,124928,0,0
4643,0x1800,0,0,bulk,accepted,64,64,124928,125056,0,0
4644,0x1800,0,0,bulk,accepted,64,64,125056,125184,0,0
4645,0x1800,0,0,bulk,accepted,64,64,125184,125312,0,0
4646,0x1800,0,0,bulk,accepted,64,64,125312,125440,0,0
4647,0x1800,0,0,bulk,accepted,64,64,125440,125568,0,0
4648,0x1800,0,0,bulk,accepted,64,64,125568,125696,0,0
4649,0x1800,0,0,bulk,accepted,64,64,125696,125824,0,0
4650,0x1800,0,0,bulk,accepted,64,64,125824,125952,0,0
4651,0x1800,0,0,bulk,accepted,64,64,125952,126080,0,0
4652,0x1800,0,0,bulk,accepted,64,64,126080,126208,0,0
4653,0x1800,0,0,bulk,accepted,64,64,126208,126336,0,0
4654,0x1800,0,0,bulk,accepted,64,64,126336,126464,0,0
4655,0x1800,0,0,bulk,accepted,64,64,126464,126592,0,0
4656,0x1800,0,0,bulk,accepted,64,64,126592,126720,0,0
4657,0x1800,0,0,bulk,accepted,64,64,126720,126848,0,0
4658,0x1800,0,0,bulk,accepted,64,64,126848,126976,0,0
4659,0x1800,0,0,bulk,accepted,64,64,126976,127104,0,0
4660,0x1800,0,0,bulk,accepted,64,64,127104,127232,0,0
4661,0x1800,0,0,bulk,accepted,64,64,127232,127360,0,0
4662,0x1800,0,0,bulk,accepted,64,64,127360,127488,0,0
4663,0x1800,0,0,bulk,accepted,64,64,127488,127616,0,0
4664,0x1800,0,0,bulk,accepted,64,64,127616,127744,0,0
4665,0x1800,0,0,bulk,accepted,64,64,127744,127872,0,0
4666,0x1800,0,0,bulk,accepted,64,64,127872,128000,0,0
4667,0x1800,0,0,bulk,accepted,64,64,128000,128128,0,0
4668,0x1800,0,0,bulk,accepted,64,64,128128,128256,0,0
4669,0x1800,0,0,bulk,accepted,64,64,128256,128384,0,0
4670,0x1800,0,0,bulk,accepted,64,64,128384,128512,0,0
4671,0x1800,0,0,bulk,accepted,64,64,128512,128640,0,0
4672,0x1800,0,0,bulk,accepted,64,64,128640,128768,0,0
4673,0x1800,0,0,bulk,accepted,64,64,128768,128896,0,0
4674,0x1800,0,0,bulk,accepted,64,64,128896,129024,0,0
4675,0x1800,0,0,bulk,accepted,64,64,129024,129152,0,0
4676,0x1800,0,0,bulk,accepted,64,64,129152,129280,0,0
4677,0x1800,0,0,bulk,accepted,64,64,129280,129408,0,0
4678,0x1800,0,0,bulk,accepted,64,64,129408,129536,0,0
4679,0x1800,0,0,bulk,accepted,64,64,129536,129664,0,0
4680,0x1800,0,0,bulk,accepted,64,64,129664,129792,0,0
4681,0x1800,0,0,bulk,accepted,64,64,129792,129920,0,0
4682,0x1800,0,0,bulk,accepted,64,64,129920,130048,0,0
4683,0x1800,0,0,bulk,accepted,64,64,130048,130176,0,0
4684,0x1800,0,0,bulk,accepted,64,64,130176,130304,0,0
4685,0x1800,0,0,bulk,accepted,64,64,130304,130432,0,0
4686,0x1800,0,0,bulk,accepted,64,64,130432,130560,0,0
4687,0x1800,0,0,bulk,accepted,64,64,130560,130688,0,0
4688,0x1800,0,0,bulk,accepted,64,64,130688,130816,0,0
4689,0x1800,0,0,bulk,accepted,64,64,130816,130944,0,0
4690,0x1800,0,0,bulk,accepted,64,64,130944,131072,0,0
4691,0x1800,0,0,bulk,accepted,64,64,131072,131200,0,0
4692,0x1800,0,0,bulk,accepted,64,64,131200,131328,0,0
4693,0x1800,0,0,bulk,accepted,64,64,131328,131456,0,0
4694,0x1800,0,0,bulk,accepted,64,64,131456,131584,0,0
4695,0x1800,0,0,bulk,accepted,64,64,131584,131712,0,0
4696,0x1800,0,0,bulk,accepted,64,64,131712,131840,0,0
4697,0x1800,0,0,bulk,accepted,64,64,131840,131968,0,0
4698,0x1800,0,0,bulk,accepted,64,64,131968,132096,0,0
4699,0x1800,0,0,bulk,accepted,64,64,132096,132224,0,0
4700,0x1800,0,0,bulk,accepted,64,64,132224,132352,0,0
4701,0x1800,0,0,bulk,accepted,64,64,132352,132480,0,0
4702,0x1800,0,0,bulk,accepted,64,64,132480,132608,0,0
4703,0x1800,0,0,bulk,accepted,64,64,132608,132736,0,0
4704,0x1800,0,0,bulk,accepted,64,64,132736,132864,0,0
4705,0x1800,0,0,bulk,accepted,64,64,132864,132992,0,0
4706,0x1800,0,0,bulk,accepted,64,64,132992,133120,0,0
4707,0x1800,0,0,bulk,accepted,64,64,133120,133248,0,0
4708,0x1800,0,0,bulk,accepted,64,64,133248,133376,0,0
4709,0x1800,0,0,bulk,accepted,64,64,133376,133504,0,0
4710,0x1800,0,0,bulk,accepted,64,64,133504,133632,0,0
4711,0x1800,0,0,bulk,accepted,64,64,133632,133760,0,0
4712,0x1800,0,0,bulk,accepted,64,64,133760,133888,0,0
4713,0x1800,0,0,bulk,accepted,64,64,133888,134016,0,0
4714,0x1800,0,0,bulk,accepted,64,64,134016,134144,0,0
4715,0x1800,0,0,bulk,accepted,64,64,134144,134272,0,0
4716,0x1800,0,0,bulk,accepted,64,64,134272,134400,0,0
4717,0x1800,0,0,bulk,accepted,64,64,134400,134528,0,0
4718,0x1800,0,0,bulk,accepted,64,64,134528,134656,0,0
4719,0x1800,0,0,bulk,accepted,64,64,134656,134784,0,0
4720,0x1800,0,0,bulk,accepted,64,64,134784,134912,0,0
4721,0x1800,0,0,bulk,accepted,64,64,134912,135040,0,0
4722,0x1800,0,0,bulk,accepted,64,64,135040,135168,0,0
4723,0x1800,0,0,bulk,accepted,64,64,135168,135296,0,0
4724,0x1800,0,0,bulk,accepted,64,64,135296,135424,0,0
4725,0x1800,0,0,bulk,accepted,64,64,135424,135552,0,0
4726,0x1800,0,0,bulk,accepted,64,64,135552,135680,0,0
4727,0x1800,0,0,bulk,accepted,64,64,135680,135808,0,0
4728,0x1800,0,0,bulk,accepted,64,64,135808,135936,0,0
4729,0x1800,0,0,bulk,accepted,64,64,135936,136064,0,0
4730,0x1800,0,0,bulk,accepted,64,64,136064,136192,0,0
4731,0x1800,0,0,bulk,accepted,64,64,136192,136320,0,0
4732,0x1800,0,0,bulk,accepted,64,64,136320,136448,0,0
4733,0x1800,0,0,bulk,accepted,64,64,136448,136576,0,0
4734,0x1800,0,0,bulk,accepted,64,64,136576,136704,0,0
4735,0x1800,0,0,bulk,accepted,64,64,136704,136832,0,0
4736,0x1800,0,0,bulk,accepted,64,64,136832,136960,0,0
4737,0x1800,0,0,bulk,accepted,64,64,136960,137088,0,0
4738,0x1800,0,0,bulk,accepted,64,64,137088,137216,0,0
4739,0x1800,0,0,bulk,accepted,64,64,137216,137344,0,0
4740,0x1800,0,0,bulk,accepted,64,64,137344,137472,0,0
4741,0x1800,0,0,bulk,accepted,64,64,137472,137600,0,0
4742,0x1800,0,0,bulk,accepted,64,64,137600,137728,0,0
4743,0x1800,0,0,bulk,accepted,64,64,137728,137856,0,0
4744,0x1800,0,0,bulk,accepted,64,64,137856,137984,0,0
4745,0x1800,0,0,bulk,accepted,64,64,137984,138112,0,0
4746,0x1800,0,0,bulk,accepted,64,64,138112,138240,0,0
4747,0x1800,0,0,bulk,accepted,64,64,138240,138368,0,0
4748,0x1800,0,0,bulk,accepted,64,64,138368,138496,0,0
4749,0x1800,0,0,bulk,accepted,64,64,138496,138624,0,0
4750,0x1800,0,0,bulk,accepted,64,64,138624,138752,0,0
4751,0x1800,0,0,bulk,accepted,64,64,138752,138880,0,0
4752,0x1800,0,0,bulk,accepted,64,64,138880,139008,0,0
4753,0x1800,0,0,bulk,accepted,64,64,139008,139136,0,0
4754,0x1800,0,0,bulk,accepted,64,64,139136,139264,0,0
4755,0x1800,0,0,bulk,accepted,64,64,139264,139392,0,0
4756,0x1800,0,0,bulk,accepted,64,64,139392,139520,0,0
4757,0x1800,0,0,bulk,accepted,64,64,139520,139648,0,0
4758,0x1800,0,0,bulk,accepted,64,64,139648,139776,0,0
4759,0x1800,0,0,bulk,accepted,64,64,139776,139904,0,0
4760,0x1800,0,0,bulk,accepted,64,64,139904,140032,0,0
4761,0x1800,0,0,bulk,accepted,64,64,140032,140160,0,0
4762,0x1800,0,0,bulk,accepted,64,64,140160,140288,0,0
4763,0x1800,0,0,bulk,accepted,64,64,140288,140416,0,0
4764,0x1800,0,0,bulk,accepted,64,64,140416,140544,0,0
4765,0x1800,0,0,bulk,accepted,64,64,140544,140672,0,0
4766,0x1800,0,0,bulk,accepted,64,64,140672,140800,0,0
4767,0x1800,0,0,bulk,accepted,64,64,140800,140928,0,0
4768,0x1800,0,0,bulk,accepted,64,64,140928,141056,0,0
4769,0x1800,0,0,bulk,accepted,64,64,141056,141184,0,0
4770,0x1800,0,0,bulk,accepted,64,64,141184,141312,0,0
4771,0x1800,0,0,bulk,accepted,64,64,141312,141440,0,0
4772,0x1800,0,0,bulk,accepted,64,64,141440,141568,0,0
4773,0x1800,0,0,bulk,accepted,64,64,141568,141696,0,0
4774,0x1800,0,0,bulk,accepted,64,64,141696,141824,0,0
4775,0x1800,0,0,bulk,accepted,64,64,141824,141952,0,0
4776,0x1800,0,0,bulk,accepted,64,64,141952,142080,0,0
4777,0x1800,0,0,bulk,accepted,64,64,142080,142208,0,0
4778,0x1800,0,0,bulk,accepted,64,64,142208,142336,0,0
4779,0x1800,0,0,bulk,accepted,64,64,142336,142464,0,0
4780,0x1800,0,0,bulk,accepted,64,64,142464,142592,0,0
4781,0x1800,0,0,bulk,accepted,64,64,142592,142720,0,0
4782,0x1800,0,0,bulk,accepted,64,64,142720,142848,0,0
4783,0x1800,0,0,bulk,accepted,64,64,142848,142976,0,0
4784,0x1800,0,0,bulk,accepted,64,64,142976,143104,0,0
4785,0x1800,0,0,bulk,accepted,64,64,143104,143232,0,0
4786,0x1800,0,0,bulk,accepted,64,64,143232,143360,0,0
4787,0x1800,0,0,bulk,accepted,64,64,143360,143488,0,0
4788,0x1800,0,0,bulk,accepted,64,64,143488,143616,0,0
4789,0x1800,0,0,bulk,accepted,64,64,143616,143744,0,0
4790,0x1800,0,0,bulk,accepted,64,64,143744,143872,0,0
4791,0x1800,0,0,bulk,accepted,64,64,143872,144000,0,0
4792,0x1800,0,0,bulk,accepted,64,64,144000,144128,0,0
4793,0x1800,0,0,bulk,accepted,64,64,144128,144256,0,0
4794,0x1800,0,0,bulk,accepted,64,64,144256,144384,0,0
4795,0x1800,0,0,bulk,accepted,64,64,144384,144512,0,0
4796,0x1800,0,0,bulk,accepted,64,64,144512,144640,0,0
4797,0x1800,0,0,bulk,accepted,64,64,144640,144768,0,0
4798,0x1800,0,0,bulk,accepted,64,64,144768,144896,0,0
4799,0x1800,0,0,bulk,accepted,64,64,144896,145024,0,0
4800,0x1800,0,0,bulk,accepted,64,64,145024,145152,0,0
4801,0x1800,0,0,bulk,accepted,64,64,145152,145280,0,0
4802,0x1800,0,0,bulk,accepted,64,64,145280,145408,0,0
4803,0x1800,0,0,bulk,accepted,64,64,145408,145536,0,0
4804,0x1800,0,0,bulk,accepted,64,64,145536,145664,0,0
4805,0x1800,0,0,bulk,accepted,64,64,145664,145792,0,0
4806,0x1800,0,0,bulk,accepted,64,64,145792,145920,0,0
4807,0x1800,0,0,bulk,accepted,64,64,145920,146048,0,0
4808,0x1800,0,0,bulk,accepted,64,64,146048,146176,0,0
4809,0x1800,0,0,bulk,accepted,64,64,146176,146304,0,0
4810,0x1800,0,0,bulk,accepted,64,64,146304,146432,0,0
4811,0x1800,0,0,bulk,accepted,64,64,146432,146560,0,0
4812,0x1800,0,0,bulk,accepted,64,64,146560,146688,0,0
4813,0x1800,0,0,bulk,accepted,64,64,146688,146816,0,0
4814,0x1800,0,0,bulk,accepted,64,64,146816,146944,0,0
4815,0x1800,0,0,bulk,accepted,64,64,146944,147072,0,0
4816,0x1800,0,0,bulk,accepted,64,64,147072,147200,0,0
4817,0x1800,0,0,bulk,accepted,64,64,147200,147328,0,0
4818,0x1800,0,0,bulk,accepted,64,64,147328,147456,0,0
4819,0x1800,0,0,bulk,accepted,64,64,147456,147584,0,0
4820,0x1800,0,0,bulk,accepted,64,64,147584,147712,0,0
4821,0x1800,0,0,bulk,accepted,64,64,147712,147840,0,0
4822,0x1800,0,0,bulk,accepted,64,64,147840,147968,0,0
4823,0x1800,0,0,bulk,accepted,64,64,147968,148096,0,0
4824,0x1800,0,0,bulk,accepted,64,64,148096,148224,0,0
4825,0x1800,0,0,bulk,accepted,64,64,148224,148352,0,0
4826,0x1800,0,0,bulk,accepted,64,64,148352,148480,0,0
4827,0x1800,0,0,bulk,accepted,64,64,148480,148608,0,0
4828,0x1800,0,0,bulk,accepted,64,64,148608,148736,0,0
4829,0x1800,0,0,bulk,accepted,64,64,148736,148864,0,0
4830,0x1800,0,0,bulk,accepted,64,64,148864,148992,0,0
4831,0x1800,0,0,bulk,accepted,64,64,148992,149120,0,0
4832,0x1800,0,0,bulk,accepted,64,64,149120,149248,0,0
4833,0x1800,0,0,bulk,accepted,64,64,149248,149376,0,0
4834,0x1800,0,0,bulk,accepted,64,64,149376,149504,0,0
4835,0x1800,0,0,bulk,accepted,64,64,149504,149632,0,0
4836,0x1800,0,0,bulk,accepted,64,64,149632,149760,0,0
4837,0x1800,0,0,bulk,accepted,64,64,149760,149888,0,0
4838,0x1800,0,0,bulk,accepted,64,64,149888,150016,0,0
4839,0x1800,0,0,bulk,accepted,64,64,150016,150144,0,0
4840,0x1800,0,0,bulk,accepted,64,64,150144,150272,0,0
4841,0x1800,0,0,bulk,accepted,64,64,150272,150400,0,0
4842,0x1800,0,0,bulk,accepted,64,64,150400,150528,0,0
4843,0x1800,0,0,bulk,accepted,64,64,150528,150656,0,0
4844,0x1800,0,0,bulk,accepted,64,64,150656,150784,0,0
4845,0x1800,0,0,bulk,accepted,64,64,150784,150912,0,0
4846,0x1800,0,0,bulk,accepted,64,64,150912,151040,0,0
4847,0x1800,0,0,bulk,accepted,64,64,151040,151168,0,0
4848,0x1800,0,0,bulk,accepted,64,64,151168,151296,0,0
4849,0x1800,0,0,bulk,accepted,64,64,151296,151424,0,0
4850,0x1800,0,0,bulk,accepted,64,64,151424,151552,0,0
4851,0x1800,0,0,bulk,accepted,64,64,151552,151680,0,0
4852,0x1800,0,0,bulk,accepted,64,64,151680,151808,0,0
4853,0x1800,0,0,bulk,accepted,64,64,151808,151936,0,0
4854,0x1800,0,0,bulk,accepted,64,64,151936,152064,0,0
4855,0x1800,0,0,bulk,accepted,64,64,152064,152192,0,0
4856,0x1800,0,0,bulk,accepted,64,64,152192,152320,0,0
4857,0x1800,0,0,bulk,accepted,64,64,152320,152448,0,0
4858,0x1800,0,0,bulk,accepted,64,64,152448,152576,0,0
4859,0x1800,0,0,bulk,accepted,64,64,152576,152704,0,0
4860,0x1800,0,0,bulk,accepted,64,64,152704,152832,0,0
4861,0x1800,0,0,bulk,accepted,64,64,152832,152960,0,0
4862,0x1800,0,0,bulk,accepted,64,64,152960,153088,0,0
4863,0x1800,0,0,bulk,accepted,64,64,153088,153216,0,0
4864,0x1800,0,0,bulk,accepted,64,64,153216,153344,0,0
4865,0x1800,0,0,bulk,accepted,64,64,153344,153472,0,0
4866,0x1800,0,0,bulk,accepted,64,64,153472,153600,0,0
4867,0x1800,0,0,bulk,accepted,64,64,153600,153728,0,0
4868,0x1800,0,0,bulk,accepted,64,64,153728,153856,0,0
4869,0x1800,0,0,bulk,accepted,64,64,153856,153984,0,0
4870,0x1800,0,0,bulk,accepted,64,64,153984,154112,0,0
4871,0x1800,0,0,bulk,accepted,64,64,154112,154240,0,0
4872,0x1800,0,0,bulk,accepted,64,64,154240,154368,0,0
4873,0x1800,0,0,bulk,accepted,64,64,154368,154496,0,0
4874,0x1800,0,0,bulk,accepted,64,64,154496,154624,0,0
4875,0x1800,0,0,bulk,accepted,64,64,154624,154752,0,0
4876,0x1800,0,0,bulk,accepted,64,64,154752,154880,0,0
4877,0x1800,0,0,bulk,accepted,64,64,154880,155008,0,0
4878,0x1800,0,0,bulk,accepted,64,64,155008,155136,0,0
4879,0x1800,0,0,bulk,accepted,64,64,155136,155264,0,0
4880,0x1800,0,0,bulk,accepted,64,64,155264,155392,0,0
4881,0x1800,0,0,bulk,accepted,64,64,155392,155520,0,0
4882,0x1800,0,0,bulk,accepted,64,64,155520,155648,0,0
4883,0x1800,0,0,bulk,accepted,64,64,155648,155776,0,0
4884,0x1800,0,0,bulk,accepted,64,64,155776,155904,0,0
4885,0x1800,0,0,bulk,accepted,64,64,155904,156032,0,0
4886,0x1800,0,0,bulk,accepted,64,64,156032,156160,0,0
4887,0x1800,0,0,bulk,accepted,64,64,156160,156288,0,0
4888,0x1800,0,0,bulk,accepted,64,64,156288,156416,0,0
4889,0x1800,0,0,bulk,accepted,64,64,156416,156544,0,0
4890,0x1800,0,0,bulk,accepted,64,64,156544,156672,0,0
4891,0x1800,0,0,bulk,accepted,64,64,156672,156800,0,0
4892,0x1800,0,0,bulk,accepted,64,64,156800,156928,0,0
4893,0x1800,0,0,bulk,accepted,64,64,156928,157056,0,0
4894,0x1800,0,0,bulk,accepted,64,64,157056,157184,0,0
4895,0x1800,0,0,bulk,accepted,64,64,157184,157312,0,0
4896,0x1800,0,0,bulk,accepted,64,64,157312,157440,0,0
4897,0x1800,0,0,bulk,accepted,64,64,157440,157568,0,0
4898,0x1800,0,0,bulk,accepted,64,64,157568,157696,0,0
4899,0x1800,0,0,bulk,accepted,64,64,157696,157824,0,0
4900,0x1800,0,0,bulk,accepted,64,64,157824,157952,0,0
4901,0x1800,0,0,bulk,accepted,64,64,157952,158080,0,0
4902,0x1800,0,0,bulk,accepted,64,64,158080,158208,0,0
4903,0x1800,0,0,bulk,accepted,64,64,158208,158336,0,0
4904,0x1800,0,0,bulk,accepted,64,64,158336,158464,0,0
4905,0x1800,0,0,bulk,accepted,64,64,158464,158592,0,0
4906,0x1800,0,0,bulk,accepted,64,64,158592,158720,0,0
4907,0x1800,0,0,bulk,accepted,64,64,158720,158848,0,0
4908,0x1800,0,0,bulk,accepted,64,64,158848,158976,0,0
4909,0x1800,0,0,bulk,accepted,64,64,158976,159104,0,0
4910,0x1800,0,0,bulk,accepted,64,64,159104,159232,0,0
4911,0x1800,0,0,bulk,accepted,64,64,159232,159360,0,0
4912,0x1800,0,0,bulk,accepted,64,64,159360,159488,0,0
4913,0x1800,0,0,bulk,accepted,64,64,159488,159616,0,0
4914,0x1800,0,0,bulk,accepted,64,64,159616,159744,0,0
4915,0x1800,0,0,bulk,accepted,64,64,159744,159872,0,0
4916,0x1800,0,0,bulk,accepted,64,64,159872,160000,0,0
4917,0x1800,0,0,bulk,accepted,64,64,160000,160128,0,0
4918,0x1800,0,0,bulk,accepted,64,64,160128,160256,0,0
4919,0x1800,0,0,bulk,accepted,64,64,160256,160384,0,0
4920,0x1800,0,0,bulk,accepted,64,64,160384,160512,0,0
4921,0x1800,0,0,bulk,accepted,64,64,160512,160640,0,0
4922,0x1800,0,0,bulk,accepted,64,64,160640,160768,0,0
4923,0x1800,0,0,bulk,accepted,64,64,160768,160896,0,0
4924,0x1800,0,0,bulk,accepted,64,64,160896,161024,0,0
4925,0x1800,0,0,bulk,accepted,64,64,161024,161152,0,0
4926,0x1800,0,0,bulk,accepted,64,64,161152,161280,0,0
4927,0x1800,0,0,bulk,accepted,64,64,161280,161408,0,0
4928,0x1800,0,0,bulk,accepted,64,64,161408,161536,0,0
4929,0x1800,0,0,bulk,accepted,64,64,161536,161664,0,0
4930,0x1800,0,0,bulk,accepted,64,64,161664,161792,0,0
4931,0x1800,0,0,bulk,accepted,64,64,161792,161920,0,0
4932,0x1800,0,0,bulk,accepted,64,64,161920,162048,0,0
4933,0x1800,0,0,bulk,accepted,64,64,162048,162176,0,0
4934,0x1800,0,0,bulk,accepted,64,64,162176,162304,0,0
4935,0x1800,0,0,bulk,accepted,64,64,162304,162432,0,0
4936,0x1800,0,0,bulk,accepted,64,64,162432,162560,0,0
4937,0x1800,0,0,bulk,accepted,64,64,162560,162688,0,0
4938,0x1800,0,0,bulk,accepted,64,64,162688,162816,0,0
4939,0x1800,0,0,bulk,accepted,64,64,162816,162944,0,0
4940,0x1800,0,0,bulk,accepted,64,64,162944,163072,0,0
4941,0x1800,0,0,bulk,accepted,64,64,163072,163200,0,0
4942,0x1800,0,0,bulk,accepted,64,64,163200,163328,0,0
4943,0x1800,0,0,bulk,accepted,64,64,163328,163456,0,0
4944,0x1800,0,0,bulk,accepted,64,64,163456,163584,0,0
4945,0x1800,0,0,bulk,accepted,64,64,163584,163712,0,0
4946,0x1800,0,0,bulk,accepted,64,64,163712,163840,0,0
4947,0x1800,0,0,bulk,accepted,64,64,163840,163968,0,0
4948,0x1800,0,0,bulk,accepted,64,64,163968,164096,0,0
4949,0x1800,0,0,bulk,accepted,64,64,164096,164224,0,0
4950,0x1800,0,0,bulk,accepted,64,64,164224,164352,0,0
4951,0x1800,0,0,bulk,accepted,64,64,164352,164480,0,0
4952,0x1800,0,0,bulk,accepted,64,64,164480,164608,0,0
4953,0x1800,0,0,bulk,accepted,64,64,164608,164736,0,0
4954,0x1800,0,0,bulk,accepted,64,64,164736,164864,0,0
4955,0x1800,0,0,bulk,accepted,64,64,164864,164992,0,0
4956,0x1800,0,0,bulk,accepted,64,64,164992,165120,0,0
4957,0x1800,0,0,bulk,accepted,64,64,165120,165248,0,0
4958,0x1800,0,0,bulk,accepted,64,64,165248,165376,0,0
4959,0x1800,0,0,bulk,accepted,64,64,165376,165504,0,0
4960,0x1800,0,0,bulk,accepted,64,64,165504,165632,0,0
4961,0x1800,0,0,bulk,accepted,64,64,165632,165760,0,0
4962,0x1800,0,0,bulk,accepted,64,64,165760,165888,0,0
4963,0x1800,0,0,bulk,accepted,64,64,165888,166016,0,0
4964,0x1800,0,0,bulk,accepted,64,64,166016,166144,0,0
4965,0x1800,0,0,bulk,accepted,64,64,166144,166272,0,0
4966,0x1800,0,0,bulk,accepted,64,64,166272,166400,0,0
4967,0x1800,0,0,bulk,accepted,64,64,166400,166528,0,0
4968,0x1800,0,0,bulk,accepted,64,64,166528,166656,0,0
4969,0x1800,0,0,bulk,accepted,64,64,166656,166784,0,0
4970,0x1800,0,0,bulk,accepted,64,64,166784,166912,0,0
4971,0x1800,0,0,bulk,accepted,64,64,166912,167040,0,0
4972,0x1800,0,0,bulk,accepted,64,64,167040,167168,0,0
4973,0x1800,0,0,bulk,accepted,64,64,167168,167296,0,0
4974,0x1800,0,0,bulk,accepted,64,64,167296,167424,0,0
4975,0x1800,0,0,bulk,accepted,64,64,167424,167552,0,0
4976,0x1800,0,0,bulk,accepted,64,64,167552,167680,0,0
4977,0x1800,0,0,bulk,accepted,64,64,167680,167808,0,0
4978,0x1800,0,0,bulk,accepted,64,64,167808,167936,0,0
4979,0x1800,0,0,bulk,accepted,64,64,167936,168064,0,0
4980,0x1800,0,0,bulk,accepted,64,64,168064,168192,0,0
4981,0x1800,0,0,bulk,accepted,64,64,168192,168320,0,0
4982,0x1800,0,0,bulk,accepted,64,64,168320,168448,0,0
4983,0x1800,0,0,bulk,accepted,64,64,168448,168576,0,0
4984,0x1800,0,0,bulk,accepted,64,64,168576,168704,0,0
4985,0x1800,0,0,bulk,accepted,64,64,168704,168832,0,0
4986,0x1800,0,0,bulk,accepted,64,64,168832,168960,0,0
4987,0x1800,0,0,bulk,accepted,64,64,168960,169088,0,0
4988,0x1800,0,0,bulk,accepted,64,64,169088,169216,0,0
4989,0x1800,0,0,bulk,accepted,64,64,169216,169344,0,0
4990,0x1800,0,0,bulk,accepted,64,64,169344,169472,0,0
4991,0x1800,0,0,bulk,accepted,64,64,169472,169600,0,0
4992,0x1800,0,0,bulk,accepted,64,64,169600,169728,0,0
4993,0x1800,0,0,bulk,accepted,64,64,169728,169856,0,0
4994,0x1800,0,0,bulk,accepted,64,64,169856,169984,0,0
4995,0x1800,0,0,bulk,accepted,64,64,169984,170112,0,0
4996,0x1800,0,0,bulk,accepted,64,64,170112,170240,0,0
4997,0x1800,0,0,bulk,accepted,64,64,170240,170368,0,0
4998,0x1800,0,0,bulk,accepted,64,64,170368,170496,0,0
4999,0x1800,0,0,bulk,accepted,64,64,170496,170624,0,0
5000,0x1800,0,0,bulk,accepted,64,64,170624,170752,0,0
5001,0x1800,0,0,bulk,accepted,64,64,170752,170880,0,0
5002,0x1800,0,0,bulk,accepted,64,64,170880,171008,0,0
5003,0x1800,0,0,bulk,accepted,64,64,171008,171136,0,0
5004,0x1800,0,0,bulk,accepted,64,64,171136,171264,0,0
5005,0x1800,0,0,bulk,accepted,64,64,171264,171392,0,0
5006,0x1800,0,0,bulk,accepted,64,64,171392,171520,0,0
5007,0x1800,0,0,bulk,accepted,64,64,171520,171648,0,0
5008,0x1800,0,0,bulk,accepted,64,64,171648,171776,0,0
5009,0x1800,0,0,bulk,accepted,64,64,171776,171904,0,0
5010,0x1800,0,0,bulk,accepted,64,64,171904,172032,0,0
5011,0x1800,0,0,bulk,accepted,64,64,172032,172160,0,0
5012,0x1800,0,0,bulk,accepted,64,64,172160,172288,0,0
5013,0x1800,0,0,bulk,accepted,64,64,172288,172416,0,0
5014,0x1800,0,0,bulk,accepted,64,64,172416,172544,0,0
5015,0x1800,0,0,bulk,accepted,64,64,172544,172672,0,0
5016,0x1800,0,0,bulk,accepted,64,64,172672,172800,0,0
5017,0x1800,0,0,bulk,accepted,64,64,172800,172928,0,0
5018,0x1800,0,0,bulk,accepted,64,64,172928,173056,0,0
5019,0x1800,0,0,bulk,accepted,64,64,173056,173184,0,0
5020,0x1800,0,0,bulk,accepted,64,64,173184,173312,0,0
5021,0x1800,0,0,bulk,accepted,64,64,173312,173440,0,0
5022,0x1800,0,0,bulk,accepted,64,64,173440,173568,0,0
5023,0x1800,0,0,bulk,accepted,64,64,173568,173696,0,0
5024,0x1800,0,0,bulk,accepted,64,64,173696,173824,0,0
5025,0x1800,0,0,bulk,accepted,64,64,173824,173952,0,0
5026,0x1800,0,0,bulk,accepted,64,64,173952,174080,0,0
5027,0x1800,0,0,bulk,accepted,64,64,174080,174208,0,0
5028,0x1800,0,0,bulk,accepted,64,64,174208,174336,0,0
5029,0x1800,0,0,bulk,accepted,64,64,174336,174464,0,0
5030,0x1800,0,0,bulk,accepted,64,64,174464,174592,0,0
5031,0x1800,0,0,bulk,accepted,64,64,174592,174720,0,0
5032,0x1800,0,0,bulk,accepted,64,64,174720,174848,0,0
5033,0x1800,0,0,bulk,accepted,64,64,174848,174976,0,0
5034,0x1800,0,0,bulk,accepted,64,64,174976,175104,0,0
5035,0x1800,0,0,bulk,accepted,64,64,175104,175232,0,0
5036,0x1800,0,0,bulk,accepted,64,64,175232,175360,0,0
5037,0x1800,0,0,bulk,accepted,64,64,175360,175488,0,0
5038,0x1800,0,0,bulk,accepted,64,64,175488,175616,0,0
5039,0x1800,0,0,bulk,accepted,64,64,175616,175744,0,0
5040,0x1800,0,0,bulk,accepted,64,64,175744,175872,0,0
5041,0x1800,0,0,bulk,accepted,64,64,175872,176000,0,0
5042,0x1800,0,0,bulk,accepted,64,64,176000,176128,0,0
5043,0x1800,0,0,bulk,accepted,64,64,176128,176256,0,0
5044,0x1800,0,0,bulk,accepted,64,64,176256,176384,0,0
5045,0x1800,0,0,bulk,accepted,64,64,176384,176512,0,0
5046,0x1800,0,0,bulk,accepted,64,64,176512,176640,0,0
5047,0x1800,0,0,bulk,accepted,64,64,176640,176768,0,0
5048,0x1800,0,0,bulk,accepted,64,64,176768,176896,0,0
5049,0x1800,0,0,bulk,accepted,64,64,176896,177024,0,0
5050,0x1800,0,0,bulk,accepted,64,64,177024,177152,0,0
5051,0x1800,0,0,bulk,accepted,64,64,177152,177280,0,0
5052,0x1800,0,0,bulk,accepted,64,64,177280,177408,0,0
5053,0x1800,0,0,bulk,accepted,64,64,177408,177536,0,0
5054,0x1800,0,0,bulk,accepted,64,64,177536,177664,0,0
5055,0x1800,0,0,bulk,accepted,64,64,177664,177792,0,0
5056,0x1800,0,0,bulk,accepted,64,64,177792,177920,0,0
5057,0x1800,0,0,bulk,accepted,64,64,177920,178048,0,0
5058,0x1800,0,0,bulk,accepted,64,64,178048,178176,0,0
5059,0x1800,0,0,bulk,accepted,64,64,178176,178304,0,0
5060,0x1800,0,0,bulk,accepted,64,64,178304,178432,0,0
5061,0x1800,0,0,bulk,accepted,64,64,178432,178560,0,0
5062,0x1800,0,0,bulk,accepted,64,64,178560,178688,0,0
5063,0x1800,0,0,bulk,accepted,64,64,178688,178816,0,0
5064,0x1800,0,0,bulk,accepted,64,64,178816,178944,0,0
5065,0x1800,0,0,bulk,accepted,64,64,178944,179072,0,0
5066,0x1800,0,0,bulk,accepted,64,64,179072,179200,0,0
5067,0x1800,0,0,bulk,accepted,64,64,179200,179328,0,0
5068,0x1800,0,0,bulk,accepted,64,64,179328,179456,0,0
5069,0x1800,0,0,bulk,accepted,64,64,179456,179584,0,0
5070,0x1800,0,0,bulk,accepted,64,64,179584,179712,0,0
5071,0x1800,0,0,bulk,accepted,64,64,179712,179840,0,0
5072,0x1800,0,0,bulk,accepted,64,64,179840,179968,0,0
5073,0x1800,0,0,bulk,accepted,64,64,179968,180096,0,0
5074,0x1800,0,0,bulk,accepted,64,64,180096,180224,0,0
5075,0x1800,0,0,bulk,accepted,64,64,180224,180352,0,0
5076,0x1800,0,0,bulk,accepted,64,64,180352,180480,0,0
5077,0x1800,0,0,bulk,accepted,64,64,180480,180608,0,0
5078,0x1800,0,0,bulk,accepted,64,64,180608,180736,0,0
5079,0x1800,0,0,bulk,accepted,64,64,180736,180864,0,0
5080,0x1800,0,0,bulk,accepted,64,64,180864,180992,0,0
5081,0x1800,0,0,bulk,accepted,64,64,180992,181120,0,0
5082,0x1800,0,0,bulk,accepted,64,64,181120,181248,0,0
5083,0x1800,0,0,bulk,accepted,64,64,181248,181376,0,0
5084,0x1800,0,0,bulk,accepted,64,64,181376,181504,0,0
5085,0x1800,0,0,bulk,accepted,64,64,181504,181632,0,0
5086,0x1800,0,0,bulk,accepted,64,64,181632,181760,0,0
5087,0x1800,0,0,bulk,accepted,64,64,181760,181888,0,0
5088,0x1800,0,0,bulk,accepted,64,64,181888,182016,0,0
5089,0x1800,0,0,bulk,accepted,64,64,182016,182144,0,0
5090,0x1800,0,0,bulk,accepted,64,64,182144,182272,0,0
5091,0x1800,0,0,bulk,accepted,64,64,182272,182400,0,0
5092,0x1800,0,0,bulk,accepted,64,64,182400,182528,0,0
5093,0x1800,0,0,bulk,accepted,64,64,182528,182656,0,0
5094,0x1800,0,0,bulk,accepted,64,64,182656,182784,0,0
5095,0x1800,0,0,bulk,accepted,64,64,182784,182912,0,0
5096,0x1800,0,0,bulk,accepted,64,64,182912,183040,0,0
5097,0x1800,0,0,bulk,accepted,64,64,183040,183168,0,0
5098,0x1800,0,0,bulk,accepted,64,64,183168,183296,0,0
5099,0x1800,0,0,bulk,accepted,64,64,183296,183424,0,0
5100,0x1800,0,0,bulk,accepted,64,64,183424,183552,0,0
5101,0x1800,0,0,bulk,accepted,64,64,183552,183680,0,0
5102,0x1800,0,0,bulk,accepted,64,64,183680,183808,0,0
5103,0x1800,0,0,bulk,accepted,64,64,183808,183936,0,0
5104,0x1800,0,0,bulk,accepted,64,64,183936,184064,0,0
5105,0x1800,0,0,bulk,accepted,64,64,184064,184192,0,0
5106,0x1800,0,0,bulk,accepted,64,64,184192,184320,0,0
5107,0x1800,0,0,bulk,accepted,64,64,184320,184448,0,0
5108,0x1800,0,0,bulk,accepted,64,64,184448,184576,0,0
5109,0x1800,0,0,bulk,accepted,64,64,184576,184704,0,0
5110,0x1800,0,0,bulk,accepted,64,64,184704,184832,0,0
5111,0x1800,0,0,bulk,accepted,64,64,184832,184960,0,0
5112,0x1800,0,0,bulk,accepted,64,64,184960,185088,0,0
5113,0x1800,0,0,bulk,accepted,64,64,185088,185216,0,0
5114,0x1800,0,0,bulk,accepted,64,64,185216,185344,0,0
5115,0x1800,0,0,bulk,accepted,64,64,185344,185472,0,0
5116,0x1800,0,0,bulk,accepted,64,64,185472,185600,0,0
5117,0x1800,0,0,bulk,accepted,64,64,185600,185728,0,0
5118,0x1800,0,0,bulk,accepted,64,64,185728,185856,0,0
5119,0x1800,0,0,bulk,accepted,64,64,185856,185984,0,0
5120,0x1800,0,0,bulk,accepted,64,64,185984,186112,0,0
5121,0x1800,0,0,bulk,accepted,64,64,186112,186240,0,0
5122,0x1800,0,0,bulk,accepted,64,64,186240,186368,0,0
5123,0x1800,0,0,bulk,accepted,64,64,186368,186496,0,0
5124,0x1800,0,0,bulk,accepted,64,64,186496,186624,0,0
5125,0x1800,0,0,bulk,accepted,64,64,186624,186752,0,0
5126,0x1800,0,0,bulk,accepted,64,64,186752,186880,0,0
5127,0x1800,0,0,bulk,accepted,64,64,186880,187008,0,0
5128,0x1800,0,0,bulk,accepted,64,64,187008,187136,0,0
5129,0x1800,0,0,bulk,accepted,64,64,187136,187264,0,0
5130,0x1800,0,0,bulk,accepted,64,64,187264,187392,0,0
5131,0x1800,0,0,bulk,accepted,64,64,187392,187520,0,0
5132,0x1800,0,0,bulk,accepted,64,64,187520,187648,0,0
5133,0x1800,0,0,bulk,accepted,64,64,187648,187776,0,0
5134,0x1800,0,0,bulk,accepted,64,64,187776,187904,0,0
5135,0x1800,0,0,bulk,accepted,64,64,187904,188032,0,0
5136,0x1800,0,0,bulk,accepted,64,64,188032,188160,0,0
5137,0x1800,0,0,bulk,accepted,64,64,188160,188288,0,0
5138,0x1800,0,0,bulk,accepted,64,64,188288,188416,0,0
5139,0x1800,0,0,bulk,accepted,64,64,188416,188544,0,0
5140,0x1800,0,0,bulk,accepted,64,64,188544,188672,0,0
5141,0x1800,0,0,bulk,accepted,64,64,188672,188800,0,0
5142,0x1800,0,0,bulk,accepted,64,64,188800,188928,0,0
5143,0x1800,0,0,bulk,accepted,64,64,188928,189056,0,0
5144,0x1800,0,0,bulk,accepted,64,64,189056,189184,0,0
5145,0x1800,0,0,bulk,accepted,64,64,189184,189312,0,0
5146,0x1800,0,0,bulk,accepted,64,64,189312,189440,0,0
5147,0x1800,0,0,bulk,accepted,64,64,189440,189568,0,0
5148,0x1800,0,0,bulk,accepted,64,64,189568,189696,0,0
5149,0x1800,0,0,bulk,accepted,64,64,189696,189824,0,0
5150,0x1800,0,0,bulk,accepted,64,64,189824,189952,0,0
5151,0x1800,0,0,bulk,accepted,64,64,189952,190080,0,0
5152,0x1800,0,0,bulk,accepted,64,64,190080,190208,0,0
5153,0x1800,0,0,bulk,accepted,64,64,190208,190336,0,0
5154,0x1800,0,0,bulk,accepted,64,64,190336,190464,0,0
5155,0x1800,0,0,bulk,accepted,64,64,190464,190592,0,0
5156,0x1800,0,0,bulk,accepted,64,64,190592,190720,0,0
5157,0x1800,0,0,bulk,accepted,64,64,190720,190848,0,0
5158,0x1800,0,0,bulk,accepted,64,64,190848,190976,0,0
5159,0x1800,0,0,bulk,accepted,64,64,190976,191104,0,0
5160,0x1800,0,0,bulk,accepted,64,64,191104,191232,0,0
5161,0x1800,0,0,bulk,accepted,64,64,191232,191360,0,0
5162,0x1800,0,0,bulk,accepted,64,64,191360,191488,0,0
5163,0x1800,0,0,bulk,accepted,64,64,191488,191616,0,0
5164,0x1800,0,0,bulk,accepted,64,64,191616,191744,0,0
5165,0x1800,0,0,bulk,accepted,64,64,191744,191872,0,0
5166,0x1800,0,0,bulk,accepted,64,64,191872,192000,0,0
5167,0x1800,0,0,bulk,accepted,64,64,192000,192128,0,0
5168,0x1800,0,0,bulk,accepted,64,64,192128,192256,0,0
5169,0x1800,0,0,bulk,accepted,64,64,192256,192384,0,0
5170,0x1800,0,0,bulk,accepted,64,64,192384,192512,0,0
5171,0x1800,0,0,bulk,accepted,64,64,192512,192640,0,0
5172,0x1800,0,0,bulk,accepted,64,64,192640,192768,0,0
5173,0x1800,0,0,bulk,accepted,64,64,192768,192896,0,0
5174,0x1800,0,0,bulk,accepted,64,64,192896,193024,0,0
5175,0x1800,0,0,bulk,accepted,64,64,193024,193152,0,0
5176,0x1800,0,0,bulk,accepted,64,64,193152,193280,0,0
5177,0x1800,0,0,bulk,accepted,64,64,193280,193408,0,0
5178,0x1800,0,0,bulk,accepted,64,64,193408,193536,0,0
5179,0x1800,0,0,bulk,accepted,64,64,193536,193664,0,0
5180,0x1800,0,0,bulk,accepted,64,64,193664,193792,0,0
5181,0x1800,0,0,bulk,accepted,64,64,193792,193920,0,0
5182,0x1800,0,0,bulk,accepted,64,64,193920,194048,0,0
5183,0x1800,0,0,bulk,accepted,64,64,194048,194176,0,0
5184,0x1800,0,0,bulk,accepted,64,64,194176,194304,0,0
5185,0x1800,0,0,bulk,accepted,64,64,194304,194432,0,0
5186,0x1800,0,0,bulk,accepted,64,64,194432,194560,0,0
5187,0x1800,0,0,bulk,accepted,64,64,194560,194688,0,0
5188,0x1800,0,0,bulk,accepted,64,64,194688,194816,0,0
5189,0x1800,0,0,bulk,accepted,64,64,194816,194944,0,0
5190,0x1800,0,0,bulk,accepted,64,64,194944,195072,0,0
5191,0x1800,0,0,bulk,accepted,64,64,195072,195200,0,0
5192,0x1800,0,0,bulk,accepted,64,64,195200,195328,0,0
5193,0x1800,0,0,bulk,accepted,64,64,195328,195456,0,0
5194,0x1800,0,0,bulk,accepted,64,64,195456,195584,0,0
5195,0x1800,0,0,bulk,accepted,64,64,195584,195712,0,0
5196,0x1800,0,0,bulk,accepted,64,64,195712,195840,0,0
5197,0x1800,0,0,bulk,accepted,64,64,195840,195968,0,0
5198,0x1800,0,0,bulk,accepted,64,64,195968,196096,0,0
5199,0x1800,0,0,bulk,accepted,64,64,196096,196224,0,0
5200,0x1800,0,0,bulk,accepted,64,64,196224,196352,0,0
5201,0x1800,0,0,bulk,accepted,64,64,196352,196480,0,0
5202,0x1800,0,0,bulk,accepted,64,64,196480,196608,0,0
5203,0x1800,0,0,bulk,accepted,64,64,196608,196736,0,0
5204,0x1800,0,0,bulk,accepted,64,64,196736,196864,0,0
5205,0x1800,0,0,bulk,accepted,64,64,196864,196992,0,0
5206,0x1800,0,0,bulk,accepted,64,64,196992,197120,0,0
5207,0x1800,0,0,bulk,accepted,64,64,197120,197248,0,0
5208,0x1800,0,0,bulk,accepted,64,64,197248,197376,0,0
5209,0x1800,0,0,bulk,accepted,64,64,197376,197504,0,0
5210,0x1800,0,0,bulk,accepted,64,64,197504,197632,0,0
5211,0x1800,0,0,bulk,accepted,64,64,197632,197760,0,0
5212,0x1800,0,0,bulk,accepted,64,64,197760,197888,0,0
5213,0x1800,0,0,bulk,accepted,64,64,197888,198016,0,0
5214,0x1800,0,0,bulk,accepted,64,64,198016,198144,0,0
5215,0x1800,0,0,bulk,accepted,64,64,198144,198272,0,0
5216,0x1800,0,0,bulk,accepted,64,64,198272,198400,0,0
5217,0x1800,0,0,bulk,accepted,64,64,198400,198528,0,0
5218,0x1800,0,0,bulk,accepted,64,64,198528,198656,0,0
5219,0x1800,0,0,bulk,accepted,64,64,198656,198784,0,0
5220,0x1800,0,0,bulk,accepted,64,64,198784,198912,0,0
5221,0x1800,0,0,bulk,accepted,64,64,198912,199040,0,0
5222,0x1800,0,0,bulk,accepted,64,64,199040,199168,0,0
5223,0x1800,0,0,bulk,accepted,64,64,199168,199296,0,0
5224,0x1800,0,0,bulk,accepted,64,64,199296,199424,0,0
5225,0x1800,0,0,bulk,accepted,64,64,199424,199552,0,0
5226,0x1800,0,0,bulk,accepted,64,64,199552,199680,0,0
5227,0x1800,0,0,bulk,accepted,64,64,199680,199808,0,0
5228,0x1800,0,0,bulk,accepted,64,64,199808,199936,0,0
5229,0x1800,0,0,bulk,accepted,64,64,199936,200064,0,0
5230,0x1800,0,0,bulk,accepted,64,64,200064,200192,0,0
5231,0x1800,0,0,bulk,accepted,64,64,200192,200320,0,0
5232,0x1800,0,0,bulk,accepted,64,64,200320,200448,0,0
5233,0x1800,0,0,bulk,accepted,64,64,200448,200576,0,0
5234,0x1800,0,0,bulk,accepted,64,64,200576,200704,0,0
5235,0x1800,0,0,bulk,accepted,64,64,200704,200832,0,0
5236,0x1800,0,0,bulk,accepted,64,64,200832,200960,0,0
5237,0x1800,0,0,bulk,accepted,64,64,200960,201088,0,0
5238,0x1800,0,0,bulk,accepted,64,64,201088,201216,0,0
5239,0x1800,0,0,bulk,accepted,64,64,201216,201344,0,0
5240,0x1800,0,0,bulk,accepted,64,64,201344,201472,0,0
5241,0x1800,0,0,bulk,accepted,64,64,201472,201600,0,0
5242,0x1800,0,0,bulk,accepted,64,64,201600,201728,0,0
5243,0x1800,0,0,bulk,accepted,64,64,201728,201856,0,0
5244,0x1800,0,0,bulk,accepted,64,64,201856,201984,0,0
5245,0x1800,0,0,bulk,accepted,64,64,201984,202112,0,0
5246,0x1800,0,0,bulk,accepted,64,64,202112,202240,0,0
5247,0x1800,0,0,bulk,accepted,64,64,202240,202368,0,0
5248,0x1800,0,0,bulk,accepted,64,64,202368,202496,0,0
5249,0x1800,0,0,bulk,accepted,64,64,202496,202624,0,0
5250,0x1800,0,0,bulk,accepted,64,64,202624,202752,0,0
5251,0x1800,0,0,bulk,accepted,64,64,202752,202880,0,0
5252,0x1800,0,0,bulk,accepted,64,64,202880,203008,0,0
5253,0x1800,0,0,bulk,accepted,64,64,203008,203136,0,0
5254,0x1800,0,0,bulk,accepted,64,64,203136,203264,0,0
5255,0x1800,0,0,bulk,accepted,64,64,203264,203392,0,0
5256,0x1800,0,0,bulk,accepted,64,64,203392,203520,0,0
5257,0x1800,0,0,bulk,accepted,64,64,203520,203648,0,0
5258,0x1800,0,0,bulk,accepted,64,64,203648,203776,0,0
5259,0x1800,0,0,bulk,accepted,64,64,203776,203904,0,0
5260,0x1800,0,0,bulk,accepted,64,64,203904,204032,0,0
5261,0x1800,0,0,bulk,accepted,64,64,204032,204160,0,0
5262,0x1800,0,0,bulk,accepted,64,64,204160,204288,0,0
5263,0x1800,0,0,bulk,accepted,64,64,204288,204416,0,0
5264,0x1800,0,0,bulk,accepted,64,64,204416,204544,0,0
5265,0x1800,0,0,bulk,accepted,64,64,204544,204672,0,0
5266,0x1800,0,0,bulk,accepted,64,64,204672,204800,0,0
5267,0x1800,0,0,bulk,accepted,64,64,204800,204928,0,0
5268,0x1800,0,0,bulk,accepted,64,64,204928,205056,0,0
5269,0x1800,0,0,bulk,accepted,64,64,205056,205184,0,0
5270,0x1800,0,0,bulk,accepted,64,64,205184,205312,0,0
5271,0x1800,0,0,bulk,accepted,64,64,205312,205440,0,0
5272,0x1800,0,0,bulk,accepted,64,64,205440,205568,0,0
5273,0x1800,0,0,bulk,accepted,64,64,205568,205696,0,0
5274,0x1800,0,0,bulk,accepted,64,64,205696,205824,0,0
5275,0x1800,0,0,bulk,accepted,64,64,205824,205952,0,0
5276,0x1800,0,0,bulk,accepted,64,64,205952,206080,0,0
5277,0x1800,0,0,bulk,accepted,64,64,206080,206208,0,0
5278,0x1800,0,0,bulk,accepted,64,64,206208,206336,0,0
5279,0x1800,0,0,bulk,accepted,64,64,206336,206464,0,0
5280,0x1800,0,0,bulk,accepted,64,64,206464,206592,0,0
5281,0x1800,0,0,bulk,accepted,64,64,206592,206720,0,0
5282,0x1800,0,0,bulk,accepted,64,64,206720,206848,0,0
5283,0x1800,0,0,bulk,accepted,64,64,206848,206976,0,0
5284,0x1800,0,0,bulk,accepted,64,64,206976,207104,0,0
5285,0x1800,0,0,bulk,accepted,64,64,207104,207232,0,0
5286,0x1800,0,0,bulk,accepted,64,64,207232,207360,0,0
5287,0x1800,0,0,bulk,accepted,64,64,207360,207488,0,0
5288,0x1800,0,0,bulk,accepted,64,64,207488,207616,0,0
5289,0x1800,0,0,bulk,accepted,64,64,207616,207744,0,0
5290,0x1800,0,0,bulk,accepted,64,64,207744,207872,0,0
5291,0x1800,0,0,bulk,accepted,64,64,207872,208000,0,0
5292,0x1800,0,0,bulk,accepted,64,64,208000,208128,0,0
5293,0x1800,0,0,bulk,accepted,64,64,208128,208256,0,0
5294,0x1800,0,0,bulk,accepted,64,64,208256,208384,0,0
5295,0x1800,0,0,bulk,accepted,64,64,208384,208512,0,0
5296,0x1800,0,0,bulk,accepted,64,64,208512,208640,0,0
5297,0x1800,0,0,bulk,accepted,64,64,208640,208768,0,0
5298,0x1800,0,0,bulk,accepted,64,64,208768,208896,0,0
5299,0x1800,0,0,bulk,accepted,64,64,208896,209024,0,0
5300,0x1800,0,0,bulk,accepted,64,64,209024,209152,0,0
5301,0x1800,0,0,bulk,accepted,64,64,209152,209280,0,0
5302,0x1800,0,0,bulk,accepted,64,64,209280,209408,0,0
5303,0x1800,0,0,bulk,accepted,64,64,209408,209536,0,0
5304,0x1800,0,0,bulk,accepted,64,64,209536,209664,0,0
5305,0x1800,0,0,bulk,accepted,64,64,209664,209792,0,0
5306,0x1800,0,0,bulk,accepted,64,64,209792,209920,0,0
5307,0x1800,0,0,bulk,accepted,64,64,209920,210048,0,0
5308,0x1800,0,0,bulk,accepted,64,64,210048,210176,0,0
5309,0x1800,0,0,bulk,accepted,64,64,210176,210304,0,0
5310,0x1800,0,0,bulk,accepted,64,64,210304,210432,0,0
5311,0x1800,0,0,bulk,accepted,64,64,210432,210560,0,0
5312,0x1800,0,0,bulk,accepted,64,64,210560,210688,0,0
5313,0x1800,0,0,bulk,accepted,64,64,210688,210816,0,0
5314,0x1800,0,0,bulk,accepted,64,64,210816,210944,0,0
5315,0x1800,0,0,bulk,accepted,64,64,210944,211072,0,0
5316,0x1800,0,0,bulk,accepted,64,64,211072,211200,0,0
5317,0x1800,0,0,bulk,accepted,64,64,211200,211328,0,0
5318,0x1800,0,0,bulk,accepted,64,64,211328,211456,0,0
5319,0x1800,0,0,bulk,accepted,64,64,211456,211584,0,0
5320,0x1800,0,0,bulk,accepted,64,64,211584,211712,0,0
5321,0x1800,0,0,bulk,accepted,64,64,211712,211840,0,0
5322,0x1800,0,0,bulk,accepted,64,64,211840,211968,0,0
5323,0x1800,0,0,bulk,accepted,64,64,211968,212096,0,0
5324,0x1800,0,0,bulk,accepted,64,64,212096,212224,0,0
5325,0x1800,0,0,bulk,accepted,64,64,212224,212352,0,0
5326,0x1800,0,0,bulk,accepted,64,64,212352,212480,0,0
5327,0x1800,0,0,bulk,accepted,64,64,212480,212608,0,0
5328,0x1800,0,0,bulk,accepted,64,64,212608,212736,0,0
5329,0x1800,0,0,bulk,accepted,64,64,212736,212864,0,0
5330,0x1800,0,0,bulk,accepted,64,64,212864,212992,0,0
5331,0x1800,0,0,bulk,accepted,64,64,212992,213120,0,0
5332,0x1800,0,0,bulk,accepted,64,64,213120,213248,0,0
5333,0x1800,0,0,bulk,accepted,64,64,213248,213376,0,0
5334,0x1800,0,0,bulk,accepted,64,64,213376,213504,0,0
5335,0x1800,0,0,bulk,accepted,64,64,213504,213632,0,0
5336,0x1800,0,0,bulk,accepted,64,64,213632,213760,0,0
5337,0x1800,0,0,bulk,accepted,64,64,213760,213888,0,0
5338,0x1800,0,0,bulk,accepted,64,64,213888,214016,0,0
5339,0x1800,0,0,bulk,accepted,64,64,214016,214144,0,0
5340,0x1800,0,0,bulk,accepted,64,64,214144,214272,0,0
5341,0x1800,0,0,bulk,accepted,64,64,214272,214400,0,0
5342,0x1800,0,0,bulk,accepted,64,64,214400,214528,0,0
5343,0x1800,0,0,bulk,accepted,64,64,214528,214656,0,0
5344,0x1800,0,0,bulk,accepted,64,64,214656,214784,0,0
5345,0x1800,0,0,bulk,accepted,64,64,214784,214912,0,0
5346,0x1800,0,0,bulk,accepted,64,64,214912,215040,0,0
5347,0x1800,0,0,bulk,accepted,64,64,215040,215168,0,0
5348,0x1800,0,0,bulk,accepted,64,64,215168,215296,0,0
5349,0x1800,0,0,bulk,accepted,64,64,215296,215424,0,0
5350,0x1800,0,0,bulk,accepted,64,64,215424,215552,0,0
5351,0x1800,0,0,bulk,accepted,64,64,215552,215680,0,0
5352,0x1800,0,0,bulk,accepted,64,64,215680,215808,0,0
5353,0x1800,0,0,bulk,accepted,64,64,215808,215936,0,0
5354,0x1800,0,0,bulk,accepted,64,64,215936,216064,0,0
5355,0x1800,0,0,bulk,accepted,64,64,216064,216192,0,0
5356,0x1800,0,0,bulk,accepted,64,64,216192,216320,0,0
5357,0x1800,0,0,bulk,accepted,64,64,216320,216448,0,0
5358,0x1800,0,0,bulk,accepted,64,64,216448,216576,0,0
5359,0x1800,0,0,bulk,accepted,64,64,216576,216704,0,0
5360,0x1800,0,0,bulk,accepted,64,64,216704,216832,0,0
5361,0x1800,0,0,bulk,accepted,64,64,216832,216960,0,0
5362,0x1800,0,0,bulk,accepted,64,64,216960,217088,0,0
5363,0x1800,0,0,bulk,accepted,64,64,217088,217216,0,0
5364,0x1800,0,0,bulk,accepted,64,64,217216,217344,0,0
5365,0x1800,0,0,bulk,accepted,64,64,217344,217472,0,0
5366,0x1800,0,0,bulk,accepted,64,64,217472,217600,0,0
5367,0x1800,0,0,bulk,accepted,64,64,217600,217728,0,0
5368,0x1800,0,0,bulk,accepted,64,64,217728,217856,0,0
5369,0x1800,0,0,bulk,accepted,64,64,217856,217984,0,0
5370,0x1800,0,0,bulk,accepted,64,64,217984,218112,0,0
5371,0x1800,0,0,bulk,accepted,64,64,218112,218240,0,0
5372,0x1800,0,0,bulk,accepted,64,64,218240,218368,0,0
5373,0x1800,0,0,bulk,accepted,64,64,218368,218496,0,0
5374,0x1800,0,0,bulk,accepted,64,64,218496,218624,0,0
5375,0x1800,0,0,bulk,accepted,64,64,218624,218752,0,0
5376,0x1800,0,0,bulk,accepted,64,64,218752,218880,0,0
5377,0x1800,0,0,bulk,accepted,64,64,218880,219008,0,0
5378,0x1800,0,0,bulk,accepted,64,64,219008,219136,0,0
5379,0x1800,0,0,bulk,accepted,64,64,219136,219264,0,0
5380,0x1800,0,0,bulk,accepted,64,64,219264,219392,0,0
5381,0x1800,0,0,bulk,accepted,64,64,219392,219520,0,0
5382,0x1800,0,0,bulk,accepted,64,64,219520,219648,0,0
5383,0x1800,0,0,bulk,accepted,64,64,219648,219776,0,0
5384,0x1800,0,0,bulk,accepted,64,64,219776,219904,0,0
5385,0x1800,0,0,bulk,accepted,64,64,219904,220032,0,0
5386,0x1800,0,0,bulk,accepted,64,64,220032,220160,0,0
5387,0x1800,0,0,bulk,accepted,64,64,220160,220288,0,0
5388,0x1800,0,0,bulk,accepted,64,64,220288,220416,0,0
5389,0x1800,0,0,bulk,accepted,64,64,220416,220544,0,0
5390,0x1800,0,0,bulk,accepted,64,64,220544,220672,0,0
5391,0x1800,0,0,bulk,accepted,64,64,220672,220800,0,0
5392,0x1800,0,0,bulk,accepted,64,64,220800,220928,0,0
5393,0x1800,0,0,bulk,accepted,64,64,220928,221056,0,0
5394,0x1800,0,0,bulk,accepted,64,64,221056,221184,0,0
5395,0x1800,0,0,bulk,accepted,64,64,221184,221312,0,0
5396,0x1800,0,0,bulk,accepted,64,64,221312,221440,0,0
5397,0x1800,0,0,bulk,accepted,64,64,221440,221568,0,0
5398,0x1800,0,0,bulk,accepted,64,64,221568,221696,0,0
5399,0x1800,0,0,bulk,accepted,64,64,221696,221824,0,0
5400,0x1800,0,0,bulk,accepted,64,64,221824,221952,0,0
5401,0x1800,0,0,bulk,accepted,64,64,221952,222080,0,0
5402,0x1800,0,0,bulk,accepted,64,64,222080,222208,0,0
5403,0x1800,0,0,bulk,accepted,64,64,222208,222336,0,0
5404,0x1800,0,0,bulk,accepted,64,64,222336,222464,0,0
5405,0x1800,0,0,bulk,accepted,64,64,222464,222592,0,0
5406,0x1800,0,0,bulk,accepted,64,64,222592,222720,0,0
5407,0x1800,0,0,bulk,accepted,64,64,222720,222848,0,0
5408,0x1800,0,0,bulk,accepted,64,64,222848,222976,0,0
5409,0x1800,0,0,bulk,accepted,64,64,222976,223104,0,0
5410,0x1800,0,0,bulk,accepted,64,64,223104,223232,0,0
5411,0x1800,0,0,bulk,accepted,64,64,223232,223360,0,0
5412,0x1800,0,0,bulk,accepted,64,64,223360,223488,0,0
5413,0x1800,0,0,bulk,accepted,64,64,223488,223616,0,0
5414,0x1800,0,0,bulk,accepted,64,64,223616,223744,0,0
5415,0x1800,0,0,bulk,accepted,64,64,223744,223872,0,0
5416,0x1800,0,0,bulk,accepted,64,64,223872,224000,0,0
5417,0x1800,0,0,bulk,accepted,64,64,224000,224128,0,0
5418,0x1800,0,0,bulk,accepted,64,64,224128,224256,0,0
5419,0x1800,0,0,bulk,accepted,64,64,224256,224384,0,0
5420,0x1800,0,0,bulk,accepted,64,64,224384,224512,0,0
5421,0x1800,0,0,bulk,accepted,64,64,224512,224640,0,0
5422,0x1800,0,0,bulk,accepted,64,64,224640,224768,0,0
5423,0x1800,0,0,bulk,accepted,64,64,224768,224896,0,0
5424,0x1800,0,0,bulk,accepted,64,64,224896,225024,0,0
5425,0x1800,0,0,bulk,accepted,64,64,225024,225152,0,0
5426,0x1800,0,0,bulk,accepted,64,64,225152,225280,0,0
5427,0x1800,0,0,bulk,accepted,64,64,225280,225408,0,0
5428,0x1800,0,0,bulk,accepted,64,64,225408,225536,0,0
5429,0x1800,0,0,bulk,accepted,64,64,225536,225664,0,0
5430,0x1800,0,0,bulk,accepted,64,64,225664,225792,0,0
5431,0x1800,0,0,bulk,accepted,64,64,225792,225920,0,0
5432,0x1800,0,0,bulk,accepted,64,64,225920,226048,0,0
5433,0x1800,0,0,bulk,accepted,64,64,226048,226176,0,0
5434,0x1800,0,0,bulk,accepted,64,64,226176,226304,0,0
5435,0x1800,0,0,bulk,accepted,64,64,226304,226432,0,0
5436,0x1800,0,0,bulk,accepted,64,64,226432,226560,0,0
5437,0x1800,0,0,bulk,accepted,64,64,226560,226688,0,0
5438,0x1800,0,0,bulk,accepted,64,64,226688,226816,0,0
5439,0x1800,0,0,bulk,accepted,64,64,226816,226944,0,0
5440,0x1800,0,0,bulk,accepted,64,64,226944,227072,0,0
5441,0x1800,0,0,bulk,accepted,64,64,227072,227200,0,0
5442,0x1800,0,0,bulk,accepted,64,64,227200,227328,0,0
5443,0x1800,0,0,bulk,accepted,64,64,227328,227456,0,0
5444,0x1800,0,0,bulk,accepted,64,64,227456,227584,0,0
5445,0x1800,0,0,bulk,accepted,64,64,227584,227712,0,0
5446,0x1800,0,0,bulk,accepted,64,64,227712,227840,0,0
5447,0x1800,0,0,bulk,accepted,64,64,227840,227968,0,0
5448,0x1800,0,0,bulk,accepted,64,64,227968,228096,0,0
5449,0x1800,0,0,bulk,accepted,64,64,228096,228224,0,0
5450,0x1800,0,0,bulk,accepted,64,64,228224,228352,0,0
5451,0x1800,0,0,bulk,accepted,64,64,228352,228480,0,0
5452,0x1800,0,0,bulk,accepted,64,64,228480,228608,0,0
5453,0x1800,0,0,bulk,accepted,64,64,228608,228736,0,0
5454,0x1800,0,0,bulk,accepted,64,64,228736,228864,0,0
5455,0x1800,0,0,bulk,accepted,64,64,228864,228992,0,0
5456,0x1800,0,0,bulk,accepted,64,64,228992,229120,0,0
5457,0x1800,0,0,bulk,accepted,64,64,229120,229248,0,0
5458,0x1800,0,0,bulk,accepted,64,64,229248,229376,0,0
5459,0x1800,0,0,bulk,accepted,64,64,229376,229504,0,0
5460,0x1800,0,0,bulk,accepted,64,64,229504,229632,0,0
5461,0x1800,0,0,bulk,accepted,64,64,229632,229760,0,0
5462,0x1800,0,0,bulk,accepted,64,64,229760,229888,0,0
5463,0x1800,0,0,bulk,accepted,64,64,229888,230016,0,0
5464,0x1800,0,0,bulk,accepted,64,64,230016,230144,0,0
5465,0x1800,0,0,bulk,accepted,64,64,230144,230272,0,0
5466,0x1800,0,0,bulk,accepted,64,64,230272,230400,0,0
5467,0x1800,0,0,bulk,accepted,64,64,230400,230528,0,0
5468,0x1800,0,0,bulk,accepted,64,64,230528,230656,0,0
5469,0x1800,0,0,bulk,accepted,64,64,230656,230784,0,0
5470,0x1800,0,0,bulk,accepted,64,64,230784,230912,0,0
5471,0x1800,0,0,bulk,accepted,64,64,230912,231040,0,0
5472,0x1800,0,0,bulk,accepted,64,64,231040,231168,0,0
5473,0x1800,0,0,bulk,accepted,64,64,231168,231296,0,0
5474,0x1800,0,0,bulk,accepted,64,64,231296,231424,0,0
5475,0x1800,0,0,bulk,accepted,64,64,231424,231552,0,0
5476,0x1800,0,0,bulk,accepted,64,64,231552,231680,0,0
5477,0x1800,0,0,bulk,accepted,64,64,231680,231808,0,0
5478,0x1800,0,0,bulk,accepted,64,64,231808,231936,0,0
5479,0x1800,0,0,bulk,accepted,64,64,231936,232064,0,0
5480,0x1800,0,0,bulk,accepted,64,64,232064,232192,0,0
5481,0x1800,0,0,bulk,accepted,64,64,232192,232320,0,0
5482,0x1800,0,0,bulk,accepted,64,64,232320,232448,0,0
5483,0x1800,0,0,bulk,accepted,64,64,232448,232576,0,0
5484,0x1800,0,0,bulk,accepted,64,64,232576,232704,0,0
5485,0x1800,0,0,bulk,accepted,64,64,232704,232832,0,0
5486,0x1800,0,0,bulk,accepted,64,64,232832,232960,0,0
5487,0x1800,0,0,bulk,accepted,64,64,232960,233088,0,0
5488,0x1800,0,0,bulk,accepted,64,64,233088,233216,0,0
5489,0x1800,0,0,bulk,accepted,64,64,233216,233344,0,0
5490,0x1800,0,0,bulk,accepted,64,64,233344,233472,0,0
5491,0x1800,0,0,bulk,accepted,64,64,233472,233600,0,0
5492,0x1800,0,0,bulk,accepted,64,64,233600,233728,0,0
5493,0x1800,0,0,bulk,accepted,64,64,233728,233856,0,0
5494,0x1800,0,0,bulk,accepted,64,64,233856,233984,0,0
5495,0x1800,0,0,bulk,accepted,64,64,233984,234112,0,0
5496,0x1800,0,0,bulk,accepted,64,64,234112,234240,0,0
5497,0x1800,0,0,bulk,accepted,64,64,234240,234368,0,0
5498,0x1800,0,0,bulk,accepted,64,64,234368,234496,0,0
5499,0x1800,0,0,bulk,accepted,64,64,234496,234624,0,0
5500,0x1800,0,0,bulk,accepted,64,64,234624,234752,0,0
5501,0x1800,0,0,bulk,accepted,64,64,234752,234880,0,0
5502,0x1800,0,0,bulk,accepted,64,64,234880,235008,0,0
5503,0x1800,0,0,bulk,accepted,64,64,235008,235136,0,0
5504,0x1800,0,0,bulk,accepted,64,64,235136,235264,0,0
5505,0x1800,0,0,bulk,accepted,64,64,235264,235392,0,0
5506,0x1800,0,0,bulk,accepted,64,64,235392,235520,0,0
5507,0x1800,0,0,bulk,accepted,64,64,235520,235648,0,0
5508,0x1800,0,0,bulk,accepted,64,64,235648,235776,0,0
5509,0x1800,0,0,bulk,accepted,64,64,235776,235904,0,0
5510,0x1800,0,0,bulk,accepted,64,64,235904,236032,0,0
5511,0x1800,0,0,bulk,accepted,64,64,236032,236160,0,0
5512,0x1800,0,0,bulk,accepted,64,64,236160,236288,0,0
5513,0x1800,0,0,bulk,accepted,64,64,236288,236416,0,0
5514,0x1800,0,0,bulk,accepted,64,64,236416,236544,0,0
5515,0x1800,0,0,bulk,accepted,64,64,236544,236672,0,0
5516,0x1800,0,0,bulk,accepted,64,64,236672,236800,0,0
5517,0x1800,0,0,bulk,accepted,64,64,236800,236928,0,0
5518,0x1800,0,0,bulk,accepted,64,64,236928,237056,0,0
5519,0x1800,0,0,bulk,accepted,64,64,237056,237184,0,0
5520,0x1800,0,0,bulk,accepted,64,64,237184,237312,0,0
5521,0x1800,0,0,bulk,accepted,64,64,237312,237440,0,0
5522,0x1800,0,0,bulk,accepted,64,64,237440,237568,0,0
5523,0x1800,0,0,bulk,accepted,64,64,237568,237696,0,0
5524,0x1800,0,0,bulk,accepted,64,64,237696,237824,0,0
5525,0x1800,0,0,bulk,accepted,64,64,237824,237952,0,0
5526,0x1800,0,0,bulk,accepted,64,64,237952,238080,0,0
5527,0x1800,0,0,bulk,accepted,64,64,238080,238208,0,0
5528,0x1800,0,0,bulk,accepted,64,64,238208,238336,0,0
5529,0x1800,0,0,bulk,accepted,64,64,238336,238464,0,0
5530,0x1800,0,0,bulk,accepted,64,64,238464,238592,0,0
5531,0x1800,0,0,bulk,accepted,64,64,238592,238720,0,0
5532,0x1800,0,0,bulk,accepted,64,64,238720,238848,0,0
5533,0x1800,0,0,bulk,accepted,64,64,238848,238976,0,0
5534,0x1800,0,0,bulk,accepted,64,64,238976,239104,0,0
5535,0x1800,0,0,bulk,accepted,64,64,239104,239232,0,0
5536,0x1800,0,0,bulk,accepted,64,64,239232,239360,0,0
5537,0x1800,0,0,bulk,accepted,64,64,239360,239488,0,0
5538,0x1800,0,0,bulk,accepted,64,64,239488,239616,0,0
5539,0x1800,0,0,bulk,accepted,64,64,239616,239744,0,0
5540,0x1800,0,0,bulk,accepted,64,64,239744,239872,0,0
5541,0x1800,0,0,bulk,accepted,64,64,239872,240000,0,0
5542,0x1800,0,0,bulk,accepted,64,64,240000,240128,0,0
5543,0x1800,0,0,bulk,accepted,64,64,240128,240256,0,0
5544,0x1800,0,0,bulk,accepted,64,64,240256,240384,0,0
5545,0x1800,0,0,bulk,accepted,64,64,240384,240512,0,0
5546,0x1800,0,0,bulk,accepted,64,64,240512,240640,0,0
5547,0x1800,0,0,bulk,accepted,64,64,240640,240768,0,0
5548,0x1800,0,0,bulk,accepted,64,64,240768,240896,0,0
5549,0x1800,0,0,bulk,accepted,64,64,240896,241024,0,0
5550,0x1800,0,0,bulk,accepted,64,64,241024,241152,0,0
5551,0x1800,0,0,bulk,accepted,64,64,241152,241280,0,0
5552,0x1800,0,0,bulk,accepted,64,64,241280,241408,0,0
5553,0x1800,0,0,bulk,accepted,64,64,241408,241536,0,0
5554,0x1800,0,0,bulk,accepted,64,64,241536,241664,0,0
5555,0x1800,0,0,bulk,accepted,64,64,241664,241792,0,0
5556,0x1800,0,0,bulk,accepted,64,64,241792,241920,0,0
5557,0x1800,0,0,bulk,accepted,64,64,241920,242048,0,0
5558,0x1800,0,0,bulk,accepted,64,64,242048,242176,0,0
5559,0x1800,0,0,bulk,accepted,64,64,242176,242304,0,0
5560,0x1800,0,0,bulk,accepted,64,64,242304,242432,0,0
5561,0x1800,0,0,bulk,accepted,64,64,242432,242560,0,0
5562,0x1800,0,0,bulk,accepted,64,64,242560,242688,0,0
5563,0x1800,0,0,bulk,accepted,64,64,242688,242816,0,0
5564,0x1800,0,0,bulk,accepted,64,64,242816,242944,0,0
5565,0x1800,0,0,bulk,accepted,64,64,242944,243072,0,0
5566,0x1800,0,0,bulk,accepted,64,64,243072,243200,0,0
5567,0x1800,0,0,bulk,accepted,64,64,243200,243328,0,0
5568,0x1800,0,0,bulk,accepted,64,64,243328,243456,0,0
5569,0x1800,0,0,bulk,accepted,64,64,243456,243584,0,0
5570,0x1800,0,0,bulk,accepted,64,64,243584,243712,0,0
5571,0x1800,0,0,bulk,accepted,64,64,243712,243840,0,0
5572,0x1800,0,0,bulk,accepted,64,64,243840,243968,0,0
5573,0x1800,0,0,bulk,accepted,64,64,243968,244096,0,0
5574,0x1800,0,0,bulk,accepted,64,64,244096,244224,0,0
5575,0x1800,0,0,bulk,accepted,64,64,244224,244352,0,0
5576,0x1800,0,0,bulk,accepted,64,64,244352,244480,0,0
5577,0x1800,0,0,bulk,accepted,64,64,244480,244608,0,0
5578,0x1800,0,0,bulk,accepted,64,64,244608,244736,0,0
5579,0x1800,0,0,bulk,accepted,64,64,244736,244864,0,0
5580,0x1800,0,0,bulk,accepted,64,64,244864,244992,0,0
5581,0x1800,0,0,bulk,accepted,64,64,244992,245120,0,0
5582,0x1800,0,0,bulk,accepted,64,64,245120,245248,0,0
5583,0x1800,0,0,bulk,accepted,64,64,245248,245376,0,0
5584,0x1800,0,0,bulk,accepted,64,64,245376,245504,0,0
5585,0x1800,0,0,bulk,accepted,64,64,245504,245632,0,0
5586,0x1800,0,0,bulk,accepted,64,64,245632,245760,0,0
5587,0x1800,0,0,bulk,accepted,64,64,245760,245888,0,0
5588,0x1800,0,0,bulk,accepted,64,64,245888,246016,0,0
5589,0x1800,0,0,bulk,accepted,64,64,246016,246144,0,0
5590,0x1800,0,0,bulk,accepted,64,64,246144,246272,0,0
5591,0x1800,0,0,bulk,accepted,64,64,246272,246400,0,0
5592,0x1800,0,0,bulk,accepted,64,64,246400,246528,0,0
5593,0x1800,0,0,bulk,accepted,64,64,246528,246656,0,0
5594,0x1800,0,0,bulk,accepted,64,64,246656,246784,0,0
5595,0x1800,0,0,bulk,accepted,64,64,246784,246912,0,0
5596,0x1800,0,0,bulk,accepted,64,64,246912,247040,0,0
5597,0x1800,0,0,bulk,accepted,64,64,247040,247168,0,0
5598,0x1800,0,0,bulk,accepted,64,64,247168,247296,0,0
5599,0x1800,0,0,bulk,accepted,64,64,247296,247424,0,0
5600,0x1800,0,0,bulk,accepted,64,64,247424,247552,0,0
5601,0x1800,0,0,bulk,accepted,64,64,247552,247680,0,0
5602,0x1800,0,0,bulk,accepted,64,64,247680,247808,0,0
5603,0x1800,0,0,bulk,accepted,64,64,247808,247936,0,0
5604,0x1800,0,0,bulk,accepted,64,64,247936,248064,0,0
5605,0x1800,0,0,bulk,accepted,64,64,248064,248192,0,0
5606,0x1800,0,0,bulk,accepted,64,64,248192,248320,0,0
5607,0x1800,0,0,bulk,accepted,64,64,248320,248448,0,0
5608,0x1800,0,0,bulk,accepted,64,64,248448,248576,0,0
5609,0x1800,0,0,bulk,accepted,64,64,248576,248704,0,0
5610,0x1800,0,0,bulk,accepted,64,64,248704,248832,0,0
5611,0x1800,0,0,bulk,accepted,64,64,248832,248960,0,0
5612,0x1800,0,0,bulk,accepted,64,64,248960,249088,0,0
5613,0x1800,0,0,bulk,accepted,64,64,249088,249216,0,0
5614,0x1800,0,0,bulk,accepted,64,64,249216,249344,0,0
5615,0x1800,0,0,bulk,accepted,64,64,249344,249472,0,0
5616,0x1800,0,0,bulk,accepted,64,64,249472,249600,0,0
5617,0x1800,0,0,bulk,accepted,64,64,249600,249728,0,0
5618,0x1800,0,0,bulk,accepted,64,64,249728,249856,0,0
5619,0x1800,0,0,bulk,accepted,64,64,249856,249984,0,0
5620,0x1800,0,0,bulk,accepted,64,64,249984,250112,0,0
5621,0x1800,0,0,bulk,accepted,64,64,250112,250240,0,0
5622,0x1800,0,0,bulk,accepted,64,64,250240,250368,0,0
5623,0x1800,0,0,bulk,accepted,64,64,250368,250496,0,0
5624,0x1800,0,0,bulk,accepted,64,64,250496,250624,0,0
5625,0x1800,0,0,bulk,accepted,64,64,250624,250752,0,0
5626,0x1800,0,0,bulk,accepted,64,64,250752,250880,0,0
5627,0x1800,0,0,bulk,accepted,64,64,250880,251008,0,0
5628,0x1800,0,0,bulk,accepted,64,64,251008,251136,0,0
5629,0x1800,0,0,bulk,accepted,64,64,251136,251264,0,0
5630,0x1800,0,0,bulk,accepted,64,64,251264,251392,0,0
5631,0x1800,0,0,bulk,accepted,64,64,251392,251520,0,0
5632,0x1800,0,0,bulk,accepted,64,64,251520,251648,0,0
5633,0x1800,0,0,bulk,accepted,64,64,251648,251776,0,0
5634,0x1800,0,0,bulk,accepted,64,64,251776,251904,0,0
5635,0x1800,0,0,bulk,accepted,64,64,251904,252032,0,0
5636,0x1800,0,0,bulk,accepted,64,64,252032,252160,0,0
5637,0x1800,0,0,bulk,accepted,64,64,252160,252288,0,0
5638,0x1800,0,0,bulk,accepted,64,64,252288,252416,0,0
5639,0x1800,0,0,bulk,accepted,64,64,252416,252544,0,0
5640,0x1800,0,0,bulk,accepted,64,64,252544,252672,0,0
5641,0x1800,0,0,bulk,accepted,64,64,252672,252800,0,0
5642,0x1800,0,0,bulk,accepted,64,64,252800,252928,0,0
5643,0x1800,0,0,bulk,accepted,64,64,252928,253056,0,0
5644,0x1800,0,0,bulk,accepted,64,64,253056,253184,0,0
5645,0x1800,0,0,bulk,accepted,64,64,253184,253312,0,0
5646,0x1800,0,0,bulk,accepted,64,64,253312,253440,0,0
5647,0x1800,0,0,bulk,accepted,64,64,253440,253568,0,0
5648,0x1800,0,0,bulk,accepted,64,64,253568,253696,0,0
5649,0x1800,0,0,bulk,accepted,64,64,253696,253824,0,0
5650,0x1800,0,0,bulk,accepted,64,64,253824,253952,0,0
5651,0x1800,0,0,bulk,accepted,64,64,253952,254080,0,0
5652,0x1800,0,0,bulk,accepted,64,64,254080,254208,0,0
5653,0x1800,0,0,bulk,accepted,64,64,254208,254336,0,0
5654,0x1800,0,0,bulk,accepted,64,64,254336,254464,0,0
5655,0x1800,0,0,bulk,accepted,64,64,254464,254592,0,0
5656,0x1800,0,0,bulk,accepted,64,64,254592,254720,0,0
5657,0x1800,0,0,bulk,accepted,64,64,254720,254848,0,0
5658,0x1800,0,0,bulk,accepted,64,64,254848,254976,0,0
5659,0x1800,0,0,bulk,accepted,64,64,254976,255104,0,0
5660,0x1800,0,0,bulk,accepted,64,64,255104,255232,0,0
5661,0x1800,0,0,bulk,accepted,64,64,255232,255360,0,0
5662,0x1800,0,0,bulk,accepted,64,64,255360,255488,0,0
5663,0x1800,0,0,bulk,accepted,64,64,255488,255616,0,0
5664,0x1800,0,0,bulk,accepted,64,64,255616,255744,0,0
5665,0x1800,0,0,bulk,accepted,64,64,255744,255872,0,0
5666,0x1800,0,0,bulk,accepted,64,64,255872,256000,0,0
5667,0x1800,0,0,bulk,accepted,64,64,256000,256128,0,0
5668,0x1800,0,0,bulk,accepted,64,64,256128,256256,0,0
5669,0x1800,0,0,bulk,accepted,64,64,256256,256384,0,0
5670,0x1800,0,0,bulk,accepted,64,64,256384,256512,0,0
5671,0x1800,0,0,bulk,accepted,64,64,256512,256640,0,0
5672,0x1800,0,0,bulk,accepted,64,64,256640,256768,0,0
5673,0x1800,0,0,bulk,accepted,64,64,256768,256896,0,0
5674,0x1800,0,0,bulk,accepted,64,64,256896,257024,0,0
5675,0x1800,0,0,bulk,accepted,64,64,257024,257152,0,0
5676,0x1800,0,0,bulk,accepted,64,64,257152,257280,0,0
5677,0x1800,0,0,bulk,accepted,64,64,257280,257408,0,0
5678,0x1800,0,0,bulk,accepted,64,64,257408,257536,0,0
5679,0x1800,0,0,bulk,accepted,64,64,257536,257664,0,0
5680,0x1800,0,0,bulk,accepted,64,64,257664,257792,0,0
5681,0x1800,0,0,bulk,accepted,64,64,257792,257920,0,0
5682,0x1800,0,0,bulk,accepted,64,64,257920,258048,0,0
5683,0x1800,0,0,bulk,accepted,64,64,258048,258176,0,0
5684,0x1800,0,0,bulk,accepted,64,64,258176,258304,0,0
5685,0x1800,0,0,bulk,accepted,64,64,258304,258432,0,0
5686,0x1800,0,0,bulk,accepted,64,64,258432,258560,0,0
5687,0x1800,0,0,bulk,accepted,64,64,258560,258688,0,0
5688,0x1800,0,0,bulk,accepted,64,64,258688,258816,0,0
5689,0x1800,0,0,bulk,accepted,64,64,258816,258944,0,0
5690,0x1800,0,0,bulk,accepted,64,64,258944,259072,0,0
5691,0x1800,0,0,bulk,accepted,64,64,259072,259200,0,0
5692,0x1800,0,0,bulk,accepted,64,64,259200,259328,0,0
5693,0x1800,0,0,bulk,accepted,64,64,259328,259456,0,0
5694,0x1800,0,0,bulk,accepted,64,64,259456,259584,0,0
5695,0x1800,0,0,bulk,accepted,64,64,259584,259712,0,0
5696,0x1800,0,0,bulk,accepted,64,64,259712,259840,0,0
5697,0x1800,0,0,bulk,accepted,64,64,259840,259968,0,0
5698,0x1800,0,0,bulk,accepted,64,64,259968,260096,0,0
5699,0x1800,0,0,bulk,accepted,64,64,260096,260224,0,0
5700,0x1800,0,0,bulk,accepted,64,64,260224,260352,0,0
5701,0x1800,0,0,bulk,accepted,64,64,260352,260480,0,0
5702,0x1800,0,0,bulk,accepted,64,64,260480,260608,0,0
5703,0x1800,0,0,bulk,accepted,64,64,260608,260736,0,0
5704,0x1800,0,0,bulk,accepted,64,64,260736,260864,0,0
5705,0x1800,0,0,bulk,accepted,64,64,260864,260992,0,0
5706,0x1800,0,0,bulk,accepted,64,64,260992,261120,0,0
5707,0x1800,0,0,bulk,accepted,64,64,261120,261248,0,0
5708,0x1800,0,0,bulk,accepted,64,64,261248,261376,0,0
5709,0x1800,0,0,bulk,accepted,64,64,261376,261504,0,0
5710,0x1800,0,0,bulk,accepted,64,64,261504,261632,0,0
5711,0x1800,0,0,bulk,accepted,64,64,261632,261760,0,0
5712,0x1800,0,0,bulk,accepted,64,64,261760,261888,0,0
5713,0x1800,0,0,bulk,accepted,64,64,261888,262016,0,0
5714,0x1800,0,0,bulk,accepted,64,64,262016,262144,0,0
5715,0x1800,0,0,bulk,accepted,64,64,262144,262272,0,0
5716,0x1800,0,0,bulk,accepted,64,64,262272,262400,0,0
5717,0x1800,0,0,bulk,accepted,64,64,262400,262528,0,0
5718,0x1800,0,0,bulk,accepted,64,64,262528,262656,0,0
5719,0x1800,0,0,bulk,accepted,64,64,262656,262784,0,0
5720,0x1800,0,0,bulk,accepted,64,64,262784,262912,0,0
5721,0x1800,0,0,bulk,accepted,64,64,262912,263040,0,0
5722,0x1800,0,0,bulk,accepted,64,64,263040,263168,0,0
5723,0x1800,0,0,bulk,accepted,64,64,263168,263296,0,0
5724,0x1800,0,0,bulk,accepted,64,64,263296,263424,0,0
5725,0x1800,0,0,bulk,accepted,64,64,263424,263552,0,0
5726,0x1800,0,0,bulk,accepted,64,64,263552,263680,0,0
5727,0x1800,0,0,bulk,accepted,64,64,263680,263808,0,0
5728,0x1800,0,0,bulk,accepted,64,64,263808,263936,0,0
5729,0x1800,0,0,bulk,accepted,64,64,263936,264064,0,0
5730,0x1800,0,0,bulk,accepted,64,64,264064,264192,0,0
5731,0x1800,0,0,bulk,accepted,64,64,264192,264320,0,0
5732,0x1800,0,0,bulk,accepted,64,64,264320,264448,0,0
5733,0x1800,0,0,bulk,accepted,64,64,264448,264576,0,0
5734,0x1800,0,0,bulk,accepted,64,64,264576,264704,0,0
5735,0x1800,0,0,bulk,accepted,64,64,264704,264832,0,0
5736,0x1800,0,0,bulk,accepted,64,64,264832,264960,0,0
5737,0x1800,0,0,bulk,accepted,64,64,264960,265088,0,0
5738,0x1800,0,0,bulk,accepted,64,64,265088,265216,0,0
5739,0x1800,0,0,bulk,accepted,64,64,265216,265344,0,0
5740,0x1800,0,0,bulk,accepted,64,64,265344,265472,0,0
5741,0x1800,0,0,bulk,accepted,64,64,265472,265600,0,0
5742,0x1800,0,0,bulk,accepted,64,64,265600,265728,0,0
5743,0x1800,0,0,bulk,accepted,64,64,265728,265856,0,0
5744,0x1800,0,0,bulk,accepted,64,64,265856,265984,0,0
5745,0x1800,0,0,bulk,accepted,64,64,265984,266112,0,0
5746,0x1800,0,0,bulk,accepted,64,64,266112,266240,0,0
5747,0x1800,0,0,bulk,accepted,64,64,266240,266368,0,0
5748,0x1800,0,0,bulk,accepted,64,64,266368,266496,0,0
5749,0x1800,0,0,bulk,accepted,64,64,266496,266624,0,0
5750,0x1800,0,0,bulk,accepted,64,64,266624,266752,0,0
5751,0x1800,0,0,bulk,accepted,64,64,266752,266880,0,0
5752,0x1800,0,0,bulk,accepted,64,64,266880,267008,0,0
5753,0x1800,0,0,bulk,accepted,64,64,267008,267136,0,0
5754,0x1800,0,0,bulk,accepted,64,64,267136,267264,0,0
5755,0x1800,0,0,bulk,accepted,64,64,267264,267392,0,0
5756,0x1800,0,0,bulk,accepted,64,64,267392,267520,0,0
5757,0x1800,0,0,bulk,accepted,64,64,267520,267648,0,0
5758,0x1800,0,0,bulk,accepted,64,64,267648,267776,0,0
5759,0x1800,0,0,bulk,accepted,64,64,267776,267904,0,0
5760,0x1800,0,0,bulk,accepted,64,64,267904,268032,0,0
5761,0x1800,0,0,bulk,accepted,64,64,268032,268160,0,0
5762,0x1800,0,0,bulk,accepted,64,64,268160,268288,0,0
5763,0x1800,0,0,bulk,accepted,64,64,268288,268416,0,0
5764,0x1800,0,0,bulk,accepted,64,64,268416,268544,0,0
5765,0x1800,0,0,bulk,accepted,64,64,268544,268672,0,0
5766,0x1800,0,0,bulk,accepted,64,64,268672,268800,0,0
5767,0x1800,0,0,bulk,accepted,64,64,268800,268928,0,0
5768,0x1800,0,0,bulk,accepted,64,64,268928,269056,0,0
5769,0x1800,0,0,bulk,accepted,64,64,269056,269184,0,0
5770,0x1800,0,0,bulk,accepted,64,64,269184,269312,0,0
5771,0x1800,0,0,bulk,accepted,64,64,269312,269440,0,0
5772,0x1800,0,0,bulk,accepted,64,64,269440,269568,0,0
5773,0x1800,0,0,bulk,accepted,64,64,269568,269696,0,0
5774,0x1800,0,0,bulk,accepted,64,64,269696,269824,0,0
5775,0x1800,0,0,bulk,accepted,64,64,269824,269952,0,0
5776,0x1800,0,0,bulk,accepted,64,64,269952,270080,0,0
5777,0x1800,0,0,bulk,accepted,64,64,270080,270208,0,0
5778,0x1800,0,0,bulk,accepted,64,64,270208,270336,0,0
5779,0x1800,0,0,bulk,accepted,64,64,270336,270464,0,0
5780,0x1800,0,0,bulk,accepted,64,64,270464,270592,0,0
5781,0x1800,0,0,bulk,accepted,64,64,270592,270720,0,0
5782,0x1800,0,0,bulk,accepted,64,64,270720,270848,0,0
5783,0x1800,0,0,bulk,accepted,64,64,270848,270976,0,0
5784,0x1800,0,0,bulk,accepted,64,64,270976,271104,0,0
5785,0x1800,0,0,bulk,accepted,64,64,271104,271232,0,0
5786,0x1800,0,0,bulk,accepted,64,64,271232,271360,0,0
5787,0x1800,0,0,bulk,accepted,64,64,271360,271488,0,0
5788,0x1800,0,0,bulk,accepted,64,64,271488,271616,0,0
5789,0x1800,0,0,bulk,accepted,64,64,271616,271744,0,0
5790,0x1800,0,0,bulk,accepted,64,64,271744,271872,0,0
5791,0x1800,0,0,bulk,accepted,64,64,271872,272000,0,0
5792,0x1800,0,0,bulk,accepted,64,64,272000,272128,0,0
5793,0x1800,0,0,bulk,accepted,64,64,272128,272256,0,0
5794,0x1800,0,0,bulk,accepted,64,64,272256,272384,0,0
5795,0x1800,0,0,bulk,accepted,64,64,272384,272512,0,0
5796,0x1800,0,0,bulk,accepted,64,64,272512,272640,0,0
5797,0x1800,0,0,bulk,accepted,64,64,272640,272768,0,0
5798,0x1800,0,0,bulk,accepted,64,64,272768,272896,0,0
5799,0x1800,0,0,bulk,accepted,64,64,272896,273024,0,0
5800,0x1800,0,0,bulk,accepted,64,64,273024,273152,0,0
5801,0x1800,0,0,bulk,accepted,64,64,273152,273280,0,0
5802,0x1800,0,0,bulk,accepted,64,64,273280,273408,0,0
5803,0x1800,0,0,bulk,accepted,64,64,273408,273536,0,0
5804,0x1800,0,0,bulk,accepted,64,64,273536,273664,0,0
5805,0x1800,0,0,bulk,accepted,64,64,273664,273792,0,0
5806,0x1800,0,0,bulk,accepted,64,64,273792,273920,0,0
5807,0x1800,0,0,bulk,accepted,64,64,273920,274048,0,0
5808,0x1800,0,0,bulk,accepted,64,64,274048,274176,0,0
5809,0x1800,0,0,bulk,accepted,64,64,274176,274304,0,0
5810,0x1800,0,0,bulk,accepted,64,64,274304,274432,0,0
5811,0x1800,0,0,bulk,accepted,64,64,274432,274560,0,0
5812,0x1800,0,0,bulk,accepted,64,64,274560,274688,0,0
5813,0x1800,0,0,bulk,accepted,64,64,274688,274816,0,0
5814,0x1800,0,0,bulk,accepted,64,64,274816,274944,0,0
5815,0x1800,0,0,bulk,accepted,64,64,274944,275072,0,0
5816,0x1800,0,0,bulk,accepted,64,64,275072,275200,0,0
5817,0x1800,0,0,bulk,accepted,64,64,275200,275328,0,0
5818,0x1800,0,0,bulk,accepted,64,64,275328,275456,0,0
5819,0x1800,0,0,bulk,accepted,64,64,275456,275584,0,0
5820,0x1800,0,0,bulk,accepted,64,64,275584,275712,0,0
5821,0x1800,0,0,bulk,accepted,64,64,275712,275840,0,0
5822,0x1800,0,0,bulk,accepted,64,64,275840,275968,0,0
5823,0x1800,0,0,bulk,accepted,64,64,275968,276096,0,0
5824,0x1800,0,0,bulk,accepted,64,64,276096,276224,0,0
5825,0x1800,0,0,bulk,accepted,64,64,276224,276352,0,0
5826,0x1800,0,0,bulk,accepted,64,64,276352,276480,0,0
5827,0x1800,0,0,bulk,accepted,64,64,276480,276608,0,0
5828,0x1800,0,0,bulk,accepted,64,64,276608,276736,0,0
5829,0x1800,0,0,bulk,accepted,64,64,276736,276864,0,0
5830,0x1800,0,0,bulk,accepted,64,64,276864,276992,0,0
5831,0x1800,0,0,bulk,accepted,64,64,276992,277120,0,0
5832,0x1800,0,0,bulk,accepted,64,64,277120,277248,0,0
5833,0x1800,0,0,bulk,accepted,64,64,277248,277376,0,0
5834,0x1800,0,0,bulk,accepted,64,64,277376,277504,0,0
5835,0x1800,0,0,bulk,accepted,64,64,277504,277632,0,0
5836,0x1800,0,0,bulk,accepted,64,64,277632,277760,0,0
5837,0x1800,0,0,bulk,accepted,64,64,277760,277888,0,0
5838,0x1800,0,0,bulk,accepted,64,64,277888,278016,0,0
5839,0x1800,0,0,bulk,accepted,64,64,278016,278144,0,0
5840,0x1800,0,0,bulk,accepted,64,64,278144,278272,0,0
5841,0x1800,0,0,bulk,accepted,64,64,278272,278400,0,0
5842,0x1800,0,0,bulk,accepted,64,64,278400,278528,0,0
5843,0x1800,0,0,bulk,accepted,64,64,278528,278656,0,0
5844,0x1800,0,0,bulk,accepted,64,64,278656,278784,0,0
5845,0x1800,0,0,bulk,accepted,64,64,278784,278912,0,0
5846,0x1800,0,0,bulk,accepted,64,64,278912,279040,0,0
5847,0x1800,0,0,bulk,accepted,64,64,279040,279168,0,0
5848,0x1800,0,0,bulk,accepted,64,64,279168,279296,0,0
5849,0x1800,0,0,bulk,accepted,64,64,279296,279424,0,0
5850,0x1800,0,0,bulk,accepted,64,64,279424,279552,0,0
5851,0x1800,0,0,bulk,accepted,64,64,279552,279680,0,0
5852,0x1800,0,0,bulk,accepted,64,64,279680,279808,0,0
5853,0x1800,0,0,bulk,accepted,64,64,279808,279936,0,0
5854,0x1800,0,0,bulk,accepted,64,64,279936,280064,0,0
5855,0x1800,0,0,bulk,accepted,64,64,280064,280192,0,0
5856,0x1800,0,0,bulk,accepted,64,64,280192,280320,0,0
5857,0x1800,0,0,bulk,accepted,64,64,280320,280448,0,0
5858,0x1800,0,0,bulk,accepted,64,64,280448,280576,0,0
5859,0x1800,0,0,bulk,accepted,64,64,280576,280704,0,0
5860,0x1800,0,0,bulk,accepted,64,64,280704,280832,0,0
5861,0x1800,0,0,bulk,accepted,64,64,280832,280960,0,0
5862,0x1800,0,0,bulk,accepted,64,64,280960,281088,0,0
5863,0x1800,0,0,bulk,accepted,64,64,281088,281216,0,0
5864,0x1800,0,0,bulk,accepted,64,64,281216,281344,0,0
5865,0x1800,0,0,bulk,accepted,64,64,281344,281472,0,0
5866,0x1800,0,0,bulk,accepted,64,64,281472,281600,0,0
5867,0x1800,0,0,bulk,accepted,64,64,281600,281728,0,0
5868,0x1800,0,0,bulk,accepted,64,64,281728,281856,0,0
5869,0x1800,0,0,bulk,accepted,64,64,281856,281984,0,0
5870,0x1800,0,0,bulk,accepted,64,64,281984,282112,0,0
5871,0x1800,0,0,bulk,accepted,64,64,282112,282240,0,0
5872,0x1800,0,0,bulk,accepted,64,64,282240,282368,0,0
5873,0x1800,0,0,bulk,accepted,64,64,282368,282496,0,0
5874,0x1800,0,0,bulk,accepted,64,64,282496,282624,0,0
5875,0x1800,0,0,bulk,accepted,64,64,282624,282752,0,0
5876,0x1800,0,0,bulk,accepted,64,64,282752,282880,0,0
5877,0x1800,0,0,bulk,accepted,64,64,282880,283008,0,0
5878,0x1800,0,0,bulk,accepted,64,64,283008,283136,0,0
5879,0x1800,0,0,bulk,accepted,64,64,283136,283264,0,0
5880,0x1800,0,0,bulk,accepted,64,64,283264,283392,0,0
5881,0x1800,0,0,bulk,accepted,64,64,283392,283520,0,0
5882,0x1800,0,0,bulk,accepted,64,64,283520,283648,0,0
5883,0x1800,0,0,bulk,accepted,64,64,283648,283776,0,0
5884,0x1800,0,0,bulk,accepted,64,64,283776,283904,0,0
5885,0x1800,0,0,bulk,accepted,64,64,283904,284032,0,0
5886,0x1800,0,0,bulk,accepted,64,64,284032,284160,0,0
5887,0x1800,0,0,bulk,accepted,64,64,284160,284288,0,0
5888,0x1800,0,0,bulk,accepted,64,64,284288,284416,0,0
5889,0x1800,0,0,bulk,accepted,64,64,284416,284544,0,0
5890,0x1800,0,0,bulk,accepted,64,64,284544,284672,0,0
5891,0x1800,0,0,bulk,accepted,64,64,284672,284800,0,0
5892,0x1800,0,0,bulk,accepted,64,64,284800,284928,0,0
5893,0x1800,0,0,bulk,accepted,64,64,284928,285056,0,0
5894,0x1800,0,0,bulk,accepted,64,64,285056,285184,0,0
5895,0x1800,0,0,bulk,accepted,64,64,285184,285312,0,0
5896,0x1800,0,0,bulk,accepted,64,64,285312,285440,0,0
5897,0x1800,0,0,bulk,accepted,64,64,285440,285568,0,0
5898,0x1800,0,0,bulk,accepted,64,64,285568,285696,0,0
5899,0x1800,0,0,bulk,accepted,64,64,285696,285824,0,0
5900,0x1800,0,0,bulk,accepted,64,64,285824,285952,0,0
5901,0x1800,0,0,bulk,accepted,64,64,285952,286080,0,0
5902,0x1800,0,0,bulk,accepted,64,64,286080,286208,0,0
5903,0x1800,0,0,bulk,accepted,64,64,286208,286336,0,0
5904,0x1800,0,0,bulk,accepted,64,64,286336,286464,0,0
5905,0x1800,0,0,bulk,accepted,64,64,286464,286592,0,0
5906,0x1800,0,0,bulk,accepted,64,64,286592,286720,0,0
5907,0x1800,0,0,bulk,accepted,64,64,286720,286848,0,0
5908,0x1800,0,0,bulk,accepted,64,64,286848,286976,0,0
5909,0x1800,0,0,bulk,accepted,64,64,286976,287104,0,0
5910,0x1800,0,0,bulk,accepted,64,64,287104,287232,0,0
5911,0x1800,0,0,bulk,accepted,64,64,287232,287360,0,0
5912,0x1800,0,0,bulk,accepted,64,64,287360,287488,0,0
5913,0x1800,0,0,bulk,accepted,64,64,287488,287616,0,0
5914,0x1800,0,0,bulk,accepted,64,64,287616,287744,0,0
5915,0x1800,0,0,bulk,accepted,64,64,287744,287872,0,0
5916,0x1800,0,0,bulk,accepted,64,64,287872,288000,0,0
5917,0x1800,0,0,bulk,accepted,64,64,288000,288128,0,0
5918,0x1800,0,0,bulk,accepted,64,64,288128,288256,0,0
5919,0x1800,0,0,bulk,accepted,64,64,288256,288384,0,0
5920,0x1800,0,0,bulk,accepted,64,64,288384,288512,0,0
5921,0x1800,0,0,bulk,accepted,64,64,288512,288640,0,0
5922,0x1800,0,0,bulk,accepted,64,64,288640,288768,0,0
5923,0x1800,0,0,bulk,accepted,64,64,288768,288896,0,0
5924,0x1800,0,0,bulk,accepted,64,64,288896,289024,0,0
5925,0x1800,0,0,bulk,accepted,64,64,289024,289152,0,0
5926,0x1800,0,0,bulk,accepted,64,64,289152,289280,0,0
5927,0x1800,0,0,bulk,accepted,64,64,289280,289408,0,0
5928,0x1800,0,0,bulk,accepted,64,64,289408,289536,0,0
5929,0x1800,0,0,bulk,accepted,64,64,289536,289664,0,0
5930,0x1800,0,0,bulk,accepted,64,64,289664,289792,0,0
5931,0x1800,0,0,bulk,accepted,64,64,289792,289920,0,0
5932,0x1800,0,0,bulk,accepted,64,64,289920,290048,0,0
5933,0x1800,0,0,bulk,accepted,64,64,290048,290176,0,0
5934,0x1800,0,0,bulk,accepted,64,64,290176,290304,0,0
5935,0x1800,0,0,bulk,accepted,64,64,290304,290432,0,0
5936,0x1800,0,0,bulk,accepted,64,64,290432,290560,0,0
5937,0x1800,0,0,bulk,accepted,64,64,290560,290688,0,0
5938,0x1800,0,0,bulk,accepted,64,64,290688,290816,0,0
5939,0x1800,0,0,bulk,accepted,64,64,290816,290944,0,0
5940,0x1800,0,0,bulk,accepted,64,64,290944,291072,0,0
5941,0x1800,0,0,bulk,accepted,64,64,291072,291200,0,0
5942,0x1800,0,0,bulk,accepted,64,64,291200,291328,0,0
5943,0x1800,0,0,bulk,accepted,64,64,291328,291456,0,0
5944,0x1800,0,0,bulk,accepted,64,64,291456,291584,0,0
5945,0x1800,0,0,bulk,accepted,64,64,291584,291712,0,0
5946,0x1800,0,0,bulk,accepted,64,64,291712,291840,0,0
5947,0x1800,0,0,bulk,accepted,64,64,291840,291968,0,0
5948,0x1800,0,0,bulk,accepted,64,64,291968,292096,0,0
5949,0x1800,0,0,bulk,accepted,64,64,292096,292224,0,0
5950,0x1800,0,0,bulk,accepted,64,64,292224,292352,0,0
5951,0x1800,0,0,bulk,accepted,64,64,292352,292480,0,0
5952,0x1800,0,0,bulk,accepted,64,64,292480,292608,0,0
5953,0x1800,0,0,bulk,accepted,64,64,292608,292736,0,0
5954,0x1800,0,0,bulk,accepted,64,64,292736,292864,0,0
5955,0x1800,0,0,bulk,accepted,64,64,292864,292992,0,0
5956,0x1800,0,0,bulk,accepted,64,64,292992,293120,0,0
5957,0x1800,0,0,bulk,accepted,64,64,293120,293248,0,0
5958,0x1800,0,0,bulk,accepted,64,64,293248,293376,0,0
5959,0x1800,0,0,bulk,accepted,64,64,293376,293504,0,0
5960,0x1800,0,0,bulk,accepted,64,64,293504,293632,0,0
5961,0x1800,0,0,bulk,accepted,64,64,293632,293760,0,0
5962,0x1800,0,0,bulk,accepted,64,64,293760,293888,0,0
5963,0x1800,0,0,bulk,accepted,64,64,293888,294016,0,0
5964,0x1800,0,0,bulk,accepted,64,64,294016,294144,0,0
5965,0x1800,0,0,bulk,accepted,64,64,294144,294272,0,0
5966,0x1800,0,0,bulk,accepted,64,64,294272,294400,0,0
5967,0x1800,0,0,bulk,accepted,64,64,294400,294528,0,0
5968,0x1800,0,0,bulk,accepted,64,64,294528,294656,0,0
5969,0x1800,0,0,bulk,accepted,64,64,294656,294784,0,0
5970,0x1800,0,0,bulk,accepted,64,64,294784,294912,0,0
5971,0x1800,0,0,bulk,accepted,64,64,294912,295040,0,0
5972,0x1800,0,0,bulk,accepted,64,64,295040,295168,0,0
5973,0x1800,0,0,bulk,accepted,64,64,295168,295296,0,0
5974,0x1800,0,0,bulk,accepted,64,64,295296,295424,0,0
5975,0x1800,0,0,bulk,accepted,64,64,295424,295552,0,0
5976,0x1800,0,0,bulk,accepted,64,64,295552,295680,0,0
5977,0x1800,0,0,bulk,accepted,64,64,295680,295808,0,0
5978,0x1800,0,0,bulk,accepted,64,64,295808,295936,0,0
5979,0x1800,0,0,bulk,accepted,64,64,295936,296064,0,0
5980,0x1800,0,0,bulk,accepted,64,64,296064,296192,0,0
5981,0x1800,0,0,bulk,accepted,64,64,296192,296320,0,0
5982,0x1800,0,0,bulk,accepted,64,64,296320,296448,0,0
5983,0x1800,0,0,bulk,accepted,64,64,296448,296576,0,0
5984,0x1800,0,0,bulk,accepted,64,64,296576,296704,0,0
5985,0x1800,0,0,bulk,accepted,64,64,296704,296832,0,0
5986,0x1800,0,0,bulk,accepted,64,64,296832,296960,0,0
5987,0x1800,0,0,bulk,accepted,64,64,296960,297088,0,0
5988,0x1800,0,0,bulk,accepted,64,64,297088,297216,0,0
5989,0x1800,0,0,bulk,accepted,64,64,297216,297344,0,0
5990,0x1800,0,0,bulk,accepted,64,64,297344,297472,0,0
5991,0x1800,0,0,bulk,accepted,64,64,297472,297600,0,0
5992,0x1800,0,0,bulk,accepted,64,64,297600,297728,0,0
5993,0x1800,0,0,bulk,accepted,64,64,297728,297856,0,0
5994,0x1800,0,0,bulk,accepted,64,64,297856,297984,0,0
5995,0x1800,0,0,bulk,accepted,64,64,297984,298112,0,0
5996,0x1800,0,0,bulk,accepted,64,64,298112,298240,0,0
5997,0x1800,0,0,bulk,accepted,64,64,298240,298368,0,0
5998,0x1800,0,0,bulk,accepted,64,64,298368,298496,0,0
5999,0x1800,0,0,bulk,accepted,64,64,298496,298624,0,0
6000,0x1800,0,0,bulk,accepted,64,64,298624,298752,0,0
6001,0x1800,0,0,bulk,accepted,64,64,298752,298880,0,0
6002,0x1800,0,0,bulk,accepted,64,64,298880,299008,0,0
6003,0x1800,0,0,bulk,accepted,64,64,299008,299136,0,0
6004,0x1800,0,0,bulk,accepted,64,64,299136,299264,0,0
6005,0x1800,0,0,bulk,accepted,64,64,299264,299392,0,0
6006,0x1800,0,0,bulk,accepted,64,64,299392,299520,0,0
6007,0x1800,0,0,bulk,accepted,64,64,299520,299648,0,0
6008,0x1800,0,0,bulk,accepted,64,64,299648,299776,0,0
6009,0x1800,0,0,bulk,accepted,64,64,299776,299904,0,0
6010,0x1800,0,0,bulk,accepted,64,64,299904,300032,0,0
6011,0x1800,0,0,bulk,accepted,64,64,300032,300160,0,0
6012,0x1800,0,0,bulk,accepted,64,64,300160,300288,0,0
6013,0x1800,0,0,bulk,accepted,64,64,300288,300416,0,0
6014,0x1800,0,0,bulk,accepted,64,64,300416,300544,0,0
6015,0x1800,0,0,bulk,accepted,64,64,300544,300672,0,0
6016,0x1800,0,0,bulk,accepted,64,64,300672,300800,0,0
6017,0x1800,0,0,bulk,accepted,64,64,300800,300928,0,0
6018,0x1800,0,0,bulk,accepted,64,64,300928,301056,0,0
6019,0x1800,0,0,bulk,accepted,64,64,301056,301184,0,0
6020,0x1800,0,0,bulk,accepted,64,64,301184,301312,0,0
6021,0x1800,0,0,bulk,accepted,64,64,301312,301440,0,0
6022,0x1800,0,0,bulk,accepted,64,64,301440,301568,0,0
6023,0x1800,0,0,bulk,accepted,64,64,301568,301696,0,0
6024,0x1800,0,0,bulk,accepted,64,64,301696,301824,0,0
6025,0x1800,0,0,bulk,accepted,64,64,301824,301952,0,0
6026,0x1800,0,0,bulk,accepted,64,64,301952,302080,0,0
6027,0x1800,0,0,bulk,accepted,64,64,302080,302208,0,0
6028,0x1800,0,0,bulk,accepted,64,64,302208,302336,0,0
6029,0x1800,0,0,bulk,accepted,64,64,302336,302464,0,0
6030,0x1800,0,0,bulk,accepted,64,64,302464,302592,0,0
6031,0x1800,0,0,bulk,accepted,64,64,302592,302720,0,0
6032,0x1800,0,0,bulk,accepted,64,64,302720,302848,0,0
6033,0x1800,0,0,bulk,accepted,64,64,302848,302976,0,0
6034,0x1800,0,0,bulk,accepted,64,64,302976,303104,0,0
6035,0x1800,0,0,bulk,accepted,64,64,303104,303232,0,0
6036,0x1800,0,0,bulk,accepted,64,64,303232,303360,0,0
6037,0x1800,0,0,bulk,accepted,64,64,303360,303488,0,0
6038,0x1800,0,0,bulk,accepted,64,64,303488,303616,0,0
6039,0x1800,0,0,bulk,accepted,64,64,303616,303744,0,0
6040,0x1800,0,0,bulk,accepted,64,64,303744,303872,0,0
6041,0x1800,0,0,bulk,accepted,64,64,303872,304000,0,0
6042,0x1800,0,0,bulk,accepted,64,64,304000,304128,0,0
6043,0x1800,0,0,bulk,accepted,64,64,304128,304256,0,0
6044,0x1800,0,0,bulk,accepted,64,64,304256,304384,0,0
6045,0x1800,0,0,bulk,accepted,64,64,304384,304512,0,0
6046,0x1800,0,0,bulk,accepted,64,64,304512,304640,0,0
6047,0x1800,0,0,bulk,accepted,64,64,304640,304768,0,0
6048,0x1800,0,0,bulk,accepted,64,64,304768,304896,0,0
6049,0x1800,0,0,bulk,accepted,64,64,304896,305024,0,0
6050,0x1800,0,0,bulk,accepted,64,64,305024,305152,0,0
6051,0x1800,0,0,bulk,accepted,64,64,305152,305280,0,0
6052,0x1800,0,0,bulk,accepted,64,64,305280,305408,0,0
6053,0x1800,0,0,bulk,accepted,64,64,305408,305536,0,0
6054,0x1800,0,0,bulk,accepted,64,64,305536,305664,0,0
6055,0x1800,0,0,bulk,accepted,64,64,305664,305792,0,0
6056,0x1800,0,0,bulk,accepted,64,64,305792,305920,0,0
6057,0x1800,0,0,bulk,accepted,64,64,305920,306048,0,0
6058,0x1800,0,0,bulk,accepted,64,64,306048,306176,0,0
6059,0x1800,0,0,bulk,accepted,64,64,306176,306304,0,0
6060,0x1800,0,0,bulk,accepted,64,64,306304,306432,0,0
6061,0x1800,0,0,bulk,accepted,64,64,306432,306560,0,0
6062,0x1800,0,0,bulk,accepted,64,64,306560,306688,0,0
6063,0x1800,0,0,bulk,accepted,64,64,306688,306816,0,0
6064,0x1800,0,0,bulk,accepted,64,64,306816,306944,0,0
6065,0x1800,0,0,bulk,accepted,64,64,306944,307072,0,0
6066,0x1800,0,0,bulk,accepted,64,64,307072,307200,0,0
6067,0x1800,0,0,bulk,accepted,64,64,307200,307328,0,0
6068,0x1800,0,0,bulk,accepted,64,64,307328,307456,0,0
6069,0x1800,0,0,bulk,accepted,64,64,307456,307584,0,0
6070,0x1800,0,0,bulk,accepted,64,64,307584,307712,0,0
6071,0x1800,0,0,bulk,accepted,64,64,307712,307840,0,0
6072,0x1800,0,0,bulk,accepted,64,64,307840,307968,0,0
6073,0x1800,0,0,bulk,accepted,64,64,307968,308096,0,0
6074,0x1800,0,0,bulk,accepted,64,64,308096,308224,0,0
6075,0x1800,0,0,bulk,accepted,64,64,308224,308352,0,0
6076,0x1800,0,0,bulk,accepted,64,64,308352,308480,0,0
6077,0x1800,0,0,bulk,accepted,64,64,308480,308608,0,0
6078,0x1800,0,0,bulk,accepted,64,64,308608,308736,0,0
6079,0x1800,0,0,bulk,accepted,64,64,308736,308864,0,0
6080,0x1800,0,0,bulk,accepted,64,64,308864,308992,0,0
6081,0x1800,0,0,bulk,accepted,64,64,308992,309120,0,0
6082,0x1800,0,0,bulk,accepted,64,64,309120,309248,0,0
6083,0x1800,0,0,bulk,accepted,64,64,309248,309376,0,0
6084,0x1800,0,0,bulk,accepted,64,64,309376,309504,0,0
6085,0x1800,0,0,bulk,accepted,64,64,309504,309632,0,0
6086,0x1800,0,0,bulk,accepted,64,64,309632,309760,0,0
6087,0x1800,0,0,bulk,accepted,64,64,309760,309888,0,0
6088,0x1800,0,0,bulk,accepted,64,64,309888,310016,0,0
6089,0x1800,0,0,bulk,accepted,64,64,310016,310144,0,0
6090,0x1800,0,0,bulk,accepted,64,64,310144,310272,0,0
6091,0x1800,0,0,bulk,accepted,64,64,310272,310400,0,0
6092,0x1800,0,0,bulk,accepted,64,64,310400,310528,0,0
6093,0x1800,0,0,bulk,accepted,64,64,310528,310656,0,0
6094,0x1800,0,0,bulk,accepted,64,64,310656,310784,0,0
6095,0x1800,0,0,bulk,accepted,64,64,310784,310912,0,0
6096,0x1800,0,0,bulk,accepted,64,64,310912,311040,0,0
6097,0x1800,0,0,bulk,accepted,64,64,311040,311168,0,0
6098,0x1800,0,0,bulk,accepted,64,64,311168,311296,0,0
6099,0x1800,0,0,bulk,accepted,64,64,311296,311424,0,0
6100,0x1800,0,0,bulk,accepted,64,64,311424,311552,0,0
6101,0x1800,0,0,bulk,accepted,64,64,311552,311680,0,0
6102,0x1800,0,0,bulk,accepted,64,64,311680,311808,0,0
6103,0x1800,0,0,bulk,accepted,64,64,311808,311936,0,0
6104,0x1800,0,0,bulk,accepted,64,64,311936,312064,0,0
6105,0x1800,0,0,bulk,accepted,64,64,312064,312192,0,0
6106,0x1800,0,0,bulk,accepted,64,64,312192,312320,0,0
6107,0x1800,0,0,bulk,accepted,64,64,312320,312448,0,0
6108,0x1800,0,0,bulk,accepted,64,64,312448,312576,0,0
6109,0x1800,0,0,bulk,accepted,64,64,312576,312704,0,0
6110,0x1800,0,0,bulk,accepted,64,64,312704,312832,0,0
6111,0x1800,0,0,bulk,accepted,64,64,312832,312960,0,0
6112,0x1800,0,0,bulk,accepted,64,64,312960,313088,0,0
6113,0x1800,0,0,bulk,accepted,64,64,313088,313216,0,0
6114,0x1800,0,0,bulk,accepted,64,64,313216,313344,0,0
6115,0x1800,0,0,bulk,accepted,64,64,313344,313472,0,0
6116,0x1800,0,0,bulk,accepted,64,64,313472,313600,0,0
6117,0x1800,0,0,bulk,accepted,64,64,313600,313728,0,0
6118,0x1800,0,0,bulk,accepted,64,64,313728,313856,0,0
6119,0x1800,0,0,bulk,accepted,64,64,313856,313984,0,0
6120,0x1800,0,0,bulk,accepted,64,64,313984,314112,0,0
6121,0x1800,0,0,bulk,accepted,64,64,314112,314240,0,0
6122,0x1800,0,0,bulk,accepted,64,64,314240,314368,0,0
6123,0x1800,0,0,bulk,accepted,64,64,314368,314496,0,0
6124,0x1800,0,0,bulk,accepted,64,64,314496,314624,0,0
6125,0x1800,0,0,bulk,accepted,64,64,314624,314752,0,0
6126,0x1800,0,0,bulk,accepted,64,64,314752,314880,0,0
6127,0x1800,0,0,bulk,accepted,64,64,314880,315008,0,0
6128,0x1800,0,0,bulk,accepted,64,64,315008,315136,0,0
6129,0x1800,0,0,bulk,accepted,64,64,315136,315264,0,0
6130,0x1800,0,0,bulk,accepted,64,64,315264,315392,0,0
6131,0x1800,0,0,bulk,accepted,64,64,315392,315520,0,0
6132,0x1800,0,0,bulk,accepted,64,64,315520,315648,0,0
6133,0x1800,0,0,bulk,accepted,64,64,315648,315776,0,0
6134,0x1800,0,0,bulk,accepted,64,64,315776,315904,0,0
6135,0x1800,0,0,bulk,accepted,64,64,315904,316032,0,0
6136,0x1800,0,0,bulk,accepted,64,64,316032,316160,0,0
6137,0x1800,0,0,bulk,accepted,64,64,316160,316288,0,0
6138,0x1800,0,0,bulk,accepted,64,64,316288,316416,0,0
6139,0x1800,0,0,bulk,accepted,64,64,316416,316544,0,0
6140,0x1800,0,0,bulk,accepted,64,64,316544,316672,0,0
6141,0x1800,0,0,bulk,accepted,64,64,316672,316800,0,0
6142,0x1800,0,0,bulk,accepted,64,64,316800,316928,0,0
6143,0x1800,0,0,bulk,accepted,64,64,316928,317056,0,0
6144,0x1800,0,0,bulk,accepted,64,64,317056,317184,0,0
6145,0x1800,0,0,bulk,accepted,64,64,317184,317312,0,0
6146,0x1800,0,0,bulk,accepted,64,64,317312,317440,0,0
6147,0x1800,0,0,bulk,accepted,64,64,317440,317568,0,0
6148,0x1800,0,0,bulk,accepted,64,64,317568,317696,0,0
6149,0x1800,0,0,bulk,accepted,64,64,317696,317824,0,0
6150,0x1800,0,0,bulk,accepted,64,64,317824,317952,0,0
6151,0x1800,0,0,bulk,accepted,64,64,317952,318080,0,0
6152,0x1800,0,0,bulk,accepted,64,64,318080,318208,0,0
6153,0x1800,0,0,bulk,accepted,64,64,318208,318336,0,0
6154,0x1800,0,0,bulk,accepted,64,64,318336,318464,0,0
6155,0x1800,0,0,bulk,accepted,64,64,318464,318592,0,0
6156,0x1800,0,0,bulk,accepted,64,64,318592,318720,0,0
6157,0x1800,0,0,bulk,accepted,64,64,318720,318848,0,0
6158,0x1800,0,0,bulk,accepted,64,64,318848,318976,0,0
6159,0x1800,0,0,bulk,accepted,64,64,318976,319104,0,0
6160,0x1800,0,0,bulk,accepted,64,64,319104,319232,0,0
6161,0x1800,0,0,bulk,accepted,64,64,319232,319360,0,0
6162,0x1800,0,0,bulk,accepted,64,64,319360,319488,0,0
6163,0x1800,0,0,bulk,accepted,64,64,319488,319616,0,0
6164,0x1800,0,0,bulk,accepted,64,64,319616,319744,0,0
6165,0x1800,0,0,bulk,accepted,64,64,319744,319872,0,0
6166,0x1800,0,0,bulk,accepted,64,64,319872,320000,0,0
6167,0x1800,0,0,bulk,accepted,64,64,320000,320128,0,0
6168,0x1800,0,0,bulk,accepted,64,64,320128,320256,0,0
6169,0x1800,0,0,bulk,accepted,64,64,320256,320384,0,0
6170,0x1800,0,0,bulk,accepted,64,64,320384,320512,0,0
6171,0x1800,0,0,bulk,accepted,64,64,320512,320640,0,0
6172,0x1800,0,0,bulk,accepted,64,64,320640,320768,0,0
6173,0x1800,0,0,bulk,accepted,64,64,320768,320896,0,0
6174,0x1800,0,0,bulk,accepted,64,64,320896,321024,0,0
6175,0x1800,0,0,bulk,accepted,64,64,321024,321152,0,0
6176,0x1800,0,0,bulk,accepted,64,64,321152,321280,0,0
6177,0x1800,0,0,bulk,accepted,64,64,321280,321408,0,0
6178,0x1800,0,0,bulk,accepted,64,64,321408,321536,0,0
6179,0x1800,0,0,bulk,accepted,64,64,321536,321664,0,0
6180,0x1800,0,0,bulk,accepted,64,64,321664,321792,0,0
6181,0x1800,0,0,bulk,accepted,64,64,321792,321920,0,0
6182,0x1800,0,0,bulk,accepted,64,64,321920,322048,0,0
6183,0x1800,0,0,bulk,accepted,64,64,322048,322176,0,0
6184,0x1800,0,0,bulk,accepted,64,64,322176,322304,0,0
6185,0x1800,0,0,bulk,accepted,64,64,322304,322432,0,0
6186,0x1800,0,0,bulk,accepted,64,64,322432,322560,0,0
6187,0x1800,0,0,bulk,accepted,64,64,322560,322688,0,0
6188,0x1800,0,0,bulk,accepted,64,64,322688,322816,0,0
6189,0x1800,0,0,bulk,accepted,64,64,322816,322944,0,0
6190,0x1800,0,0,bulk,accepted,64,64,322944,323072,0,0
6191,0x1800,0,0,bulk,accepted,64,64,323072,323200,0,0
6192,0x1800,0,0,bulk,accepted,64,64,323200,323328,0,0
6193,0x1800,0,0,bulk,accepted,64,64,323328,323456,0,0
6194,0x1800,0,0,bulk,accepted,64,64,323456,323584,0,0
6195,0x1800,0,0,bulk,accepted,64,64,323584,323712,0,0
6196,0x1800,0,0,bulk,accepted,64,64,323712,323840,0,0
6197,0x1800,0,0,bulk,accepted,64,64,323840,323968,0,0
6198,0x1800,0,0,bulk,accepted,64,64,323968,324096,0,0
6199,0x1800,0,0,bulk,accepted,64,64,324096,324224,0,0
6200,0x1800,0,0,bulk,accepted,64,64,324224,324352,0,0
6201,0x1800,0,0,bulk,accepted,64,64,324352,324480,0,0
6202,0x1800,0,0,bulk,accepted,64,64,324480,324608,0,0
6203,0x1800,0,0,bulk,accepted,64,64,324608,324736,0,0
6204,0x1800,0,0,bulk,accepted,64,64,324736,324864,0,0
6205,0x1800,0,0,bulk,accepted,64,64,324864,324992,0,0
6206,0x1800,0,0,bulk,accepted,64,64,324992,325120,0,0
6207,0x1800,0,0,bulk,accepted,64,64,325120,325248,0,0
6208,0x1800,0,0,bulk,accepted,64,64,325248,325376,0,0
6209,0x1800,0,0,bulk,accepted,64,64,325376,325504,0,0
6210,0x1800,0,0,bulk,accepted,64,64,325504,325632,0,0
6211,0x1800,0,0,bulk,accepted,64,64,325632,325760,0,0
6212,0x1800,0,0,bulk,accepted,64,64,325760,325888,0,0
6213,0x1800,0,0,bulk,accepted,64,64,325888,326016,0,0
6214,0x1800,0,0,bulk,accepted,64,64,326016,326144,0,0
6215,0x1800,0,0,bulk,accepted,64,64,326144,326272,0,0
6216,0x1800,0,0,bulk,accepted,64,64,326272,326400,0,0
6217,0x1800,0,0,bulk,accepted,64,64,326400,326528,0,0
6218,0x1800,0,0,bulk,accepted,64,64,326528,326656,0,0
6219,0x1800,0,0,bulk,accepted,64,64,326656,326784,0,0
6220,0x1800,0,0,bulk,accepted,64,64,326784,326912,0,0
6221,0x1800,0,0,bulk,accepted,64,64,326912,327040,0,0
6222,0x1800,0,0,bulk,accepted,64,64,327040,327168,0,0
6223,0x1800,0,0,bulk,accepted,64,64,327168,327296,0,0
6224,0x1800,0,0,bulk,accepted,64,64,327296,327424,0,0
6225,0x1800,0,0,bulk,accepted,64,64,327424,327552,0,0
6226,0x1800,0,0,bulk,accepted,64,64,327552,327680,0,0
6227,0x1800,0,0,bulk,accepted,64,64,327680,327808,0,0
6228,0x1800,0,0,bulk,accepted,64,64,327808,327936,0,0
6229,0x1800,0,0,bulk,accepted,64,64,327936,328064,0,0
6230,0x1800,0,0,bulk,accepted,64,64,328064,328192,0,0
6231,0x1800,0,0,bulk,accepted,64,64,328192,328320,0,0
6232,0x1800,0,0,bulk,accepted,64,64,328320,328448,0,0
6233,0x1800,0,0,bulk,accepted,64,64,328448,328576,0,0
6234,0x1800,0,0,bulk,accepted,64,64,328576,328704,0,0
6235,0x1800,0,0,bulk,accepted,64,64,328704,328832,0,0
6236,0x1800,0,0,bulk,accepted,64,64,328832,328960,0,0
6237,0x1800,0,0,bulk,accepted,64,64,328960,329088,0,0
6238,0x1800,0,0,bulk,accepted,64,64,329088,329216,0,0
6239,0x1800,0,0,bulk,accepted,64,64,329216,329344,0,0
6240,0x1800,0,0,bulk,accepted,64,64,329344,329472,0,0
6241,0x1800,0,0,bulk,accepted,64,64,329472,329600,0,0
6242,0x1800,0,0,bulk,accepted,64,64,329600,329728,0,0
6243,0x1800,0,0,bulk,accepted,64,64,329728,329856,0,0
6244,0x1800,0,0,bulk,accepted,64,64,329856,329984,0,0
6245,0x1800,0,0,bulk,accepted,64,64,329984,330112,0,0
6246,0x1800,0,0,bulk,accepted,64,64,330112,330240,0,0
6247,0x1800,0,0,bulk,accepted,64,64,330240,330368,0,0
6248,0x1800,0,0,bulk,accepted,64,64,330368,330496,0,0
6249,0x1800,0,0,bulk,accepted,64,64,330496,330624,0,0
6250,0x1800,0,0,bulk,accepted,64,64,330624,330752,0,0
6251,0x1800,0,0,bulk,accepted,64,64,330752,330880,0,0
6252,0x1800,0,0,bulk,accepted,64,64,330880,331008,0,0
6253,0x1800,0,0,bulk,accepted,64,64,331008,331136,0,0
6254,0x1800,0,0,bulk,accepted,64,64,331136,331264,0,0
6255,0x1800,0,0,bulk,accepted,64,64,331264,331392,0,0
6256,0x1800,0,0,bulk,accepted,64,64,331392,331520,0,0
6257,0x1800,0,0,bulk,accepted,64,64,331520,331648,0,0
6258,0x1800,0,0,bulk,accepted,64,64,331648,331776,0,0
6259,0x1800,0,0,bulk,accepted,64,64,331776,331904,0,0
6260,0x1800,0,0,bulk,accepted,64,64,331904,332032,0,0
6261,0x1800,0,0,bulk,accepted,64,64,332032,332160,0,0
6262,0x1800,0,0,bulk,accepted,64,64,332160,332288,0,0
6263,0x1800,0,0,bulk,accepted,64,64,332288,332416,0,0
6264,0x1800,0,0,bulk,accepted,64,64,332416,332544,0,0
6265,0x1800,0,0,bulk,accepted,64,64,332544,332672,0,0
6266,0x1800,0,0,bulk,accepted,64,64,332672,332800,0,0
6267,0x1800,0,0,bulk,accepted,64,64,332800,332928,0,0
6268,0x1800,0,0,bulk,accepted,64,64,332928,333056,0,0
6269,0x1800,0,0,bulk,accepted,64,64,333056,333184,0,0
6270,0x1800,0,0,bulk,accepted,64,64,333184,333312,0,0
6271,0x1800,0,0,bulk,accepted,64,64,333312,333440,0,0
6272,0x1800,0,0,bulk,accepted,64,64,333440,333568,0,0
6273,0x1800,0,0,bulk,accepted,64,64,333568,333696,0,0
6274,0x1800,0,0,bulk,accepted,64,64,333696,333824,0,0
6275,0x1800,0,0,bulk,accepted,64,64,333824,333952,0,0
6276,0x1800,0,0,bulk,accepted,64,64,333952,334080,0,0
6277,0x1800,0,0,bulk,accepted,64,64,334080,334208,0,0
6278,0x1800,0,0,bulk,accepted,64,64,334208,334336,0,0
6279,0x1800,0,0,bulk,accepted,64,64,334336,334464,0,0
6280,0x1800,0,0,bulk,accepted,64,64,334464,334592,0,0
6281,0x1800,0,0,bulk,accepted,64,64,334592,334720,0,0
6282,0x1800,0,0,bulk,accepted,64,64,334720,334848,0,0
6283,0x1800,0,0,bulk,accepted,64,64,334848,334976,0,0
6284,0x1800,0,0,bulk,accepted,64,64,334976,335104,0,0
6285,0x1800,0,0,bulk,accepted,64,64,335104,335232,0,0
6286,0x1800,0,0,bulk,accepted,64,64,335232,335360,0,0
6287,0x1800,0,0,bulk,accepted,64,64,335360,335488,0,0
6288,0x1800,0,0,bulk,accepted,64,64,335488,335616,0,0
6289,0x1800,0,0,bulk,accepted,64,64,335616,335744,0,0
6290,0x1800,0,0,bulk,accepted,64,64,335744,335872,0,0
6291,0x1800,0,0,bulk,accepted,64,64,335872,336000,0,0
6292,0x1800,0,0,bulk,accepted,64,64,336000,336128,0,0
6293,0x1800,0,0,bulk,accepted,64,64,336128,336256,0,0
6294,0x1800,0,0,bulk,accepted,64,64,336256,336384,0,0
6295,0x1800,0,0,bulk,accepted,64,64,336384,336512,0,0
6296,0x1800,0,0,bulk,accepted,64,64,336512,336640,0,0
6297,0x1800,0,0,bulk,accepted,64,64,336640,336768,0,0
6298,0x1800,0,0,bulk,accepted,64,64,336768,336896,0,0
6299,0x1800,0,0,bulk,accepted,64,64,336896,337024,0,0
6300,0x1800,0,0,bulk,accepted,64,64,337024,337152,0,0
6301,0x1800,0,0,bulk,accepted,64,64,337152,337280,0,0
6302,0x1800,0,0,bulk,accepted,64,64,337280,337408,0,0
6303,0x1800,0,0,bulk,accepted,64,64,337408,337536,0,0
6304,0x1800,0,0,bulk,accepted,64,64,337536,337664,0,0
6305,0x1800,0,0,bulk,accepted,64,64,337664,337792,0,0
6306,0x1800,0,0,bulk,accepted,64,64,337792,337920,0,0
6307,0x1800,0,0,bulk,accepted,64,64,337920,338048,0,0
6308,0x1800,0,0,bulk,accepted,64,64,338048,338176,0,0
6309,0x1800,0,0,bulk,accepted,64,64,338176,338304,0,0
6310,0x1800,0,0,bulk,accepted,64,64,338304,338432,0,0
6311,0x1800,0,0,bulk,accepted,64,64,338432,338560,0,0
6312,0x1800,0,0,bulk,accepted,64,64,338560,338688,0,0
6313,0x1800,0,0,bulk,accepted,64,64,338688,338816,0,0
6314,0x1800,0,0,bulk,accepted,64,64,338816,338944,0,0
6315,0x1800,0,0,bulk,accepted,64,64,338944,339072,0,0
6316,0x1800,0,0,bulk,accepted,64,64,339072,339200,0,0
6317,0x1800,0,0,bulk,accepted,64,64,339200,339328,0,0
6318,0x1800,0,0,bulk,accepted,64,64,339328,339456,0,0
6319,0x1800,0,0,bulk,accepted,64,64,339456,339584,0,0
6320,0x1800,0,0,bulk,accepted,64,64,339584,339712,0,0
6321,0x1800,0,0,bulk,accepted,64,64,339712,339840,0,0
6322,0x1800,0,0,bulk,accepted,64,64,339840,339968,0,0
6323,0x1800,0,0,bulk,accepted,64,64,339968,340096,0,0
6324,0x1800,0,0,bulk,accepted,64,64,340096,340224,0,0
6325,0x1800,0,0,bulk,accepted,64,64,340224,340352,0,0
6326,0x1800,0,0,bulk,accepted,64,64,340352,340480,0,0
6327,0x1800,0,0,bulk,accepted,64,64,340480,340608,0,0
6328,0x1800,0,0,bulk,accepted,64,64,340608,340736,0,0
6329,0x1800,0,0,bulk,accepted,64,64,340736,340864,0,0
6330,0x1800,0,0,bulk,accepted,64,64,340864,340992,0,0
6331,0x1800,0,0,bulk,accepted,64,64,340992,341120,0,0
6332,0x1800,0,0,bulk,accepted,64,64,341120,341248,0,0
6333,0x1800,0,0,bulk,accepted,64,64,341248,341376,0,0
6334,0x1800,0,0,bulk,accepted,64,64,341376,341504,0,0
6335,0x1800,0,0,bulk,accepted,64,64,341504,341632,0,0
6336,0x1800,0,0,bulk,accepted,64,64,341632,341760,0,0
6337,0x1800,0,0,bulk,accepted,64,64,341760,341888,0,0
6338,0x1800,0,0,bulk,accepted,64,64,341888,342016,0,0
6339,0x1800,0,0,bulk,accepted,64,64,342016,342144,0,0
6340,0x1800,0,0,bulk,accepted,64,64,342144,342272,0,0
6341,0x1800,0,0,bulk,accepted,64,64,342272,342400,0,0
6342,0x1800,0,0,bulk,accepted,64,64,342400,342528,0,0
6343,0x1800,0,0,bulk,accepted,64,64,342528,342656,0,0
6344,0x1800,0,0,bulk,accepted,64,64,342656,342784,0,0
6345,0x1800,0,0,bulk,accepted,64,64,342784,342912,0,0
6346,0x1800,0,0,bulk,accepted,64,64,342912,343040,0,0
6347,0x1800,0,0,bulk,accepted,64,64,343040,343168,0,0
6348,0x1800,0,0,bulk,accepted,64,64,343168,343296,0,0
6349,0x1800,0,0,bulk,accepted,64,64,343296,343424,0,0
6350,0x1800,0,0,bulk,accepted,64,64,343424,343552,0,0
6351,0x1800,0,0,bulk,accepted,64,64,343552,343680,0,0
6352,0x1800,0,0,bulk,accepted,64,64,343680,343808,0,0
6353,0x1800,0,0,bulk,accepted,64,64,343808,343936,0,0
6354,0x1800,0,0,bulk,accepted,64,64,343936,344064,0,0
6355,0x1800,0,0,bulk,accepted,64,64,344064,344192,0,0
6356,0x1800,0,0,bulk,accepted,64,64,344192,344320,0,0
6357,0x1800,0,0,bulk,accepted,64,64,344320,344448,0,0
6358,0x1800,0,0,bulk,accepted,64,64,344448,344576,0,0
6359,0x1800,0,0,bulk,accepted,64,64,344576,344704,0,0
6360,0x1800,0,0,bulk,accepted,64,64,344704,344832,0,0
6361,0x1800,0,0,bulk,accepted,64,64,344832,344960,0,0
6362,0x1800,0,0,bulk,accepted,64,64,344960,345088,0,0
6363,0x1800,0,0,bulk,accepted,64,64,345088,345216,0,0
6364,0x1800,0,0,bulk,accepted,64,64,345216,345344,0,0
6365,0x1800,0,0,bulk,accepted,64,64,345344,345472,0,0
6366,0x1800,0,0,bulk,accepted,64,64,345472,345600,0,0
6367,0x1800,0,0,bulk,accepted,64,64,345600,345728,0,0
6368,0x1800,0,0,bulk,accepted,64,64,345728,345856,0,0
6369,0x1800,0,0,bulk,accepted,64,64,345856,345984,0,0
6370,0x1800,0,0,bulk,accepted,64,64,345984,346112,0,0
6371,0x1800,0,0,bulk,accepted,64,64,346112,346240,0,0
6372,0x1800,0,0,bulk,accepted,64,64,346240,346368,0,0
6373,0x1800,0,0,bulk,accepted,64,64,346368,346496,0,0
6374,0x1800,0,0,bulk,accepted,64,64,346496,346624,0,0
6375,0x1800,0,0,bulk,accepted,64,64,346624,346752,0,0
6376,0x1800,0,0,bulk,accepted,64,64,346752,346880,0,0
6377,0x1800,0,0,bulk,accepted,64,64,346880,347008,0,0
6378,0x1800,0,0,bulk,accepted,64,64,347008,347136,0,0
6379,0x1800,0,0,bulk,accepted,64,64,347136,347264,0,0
6380,0x1800,0,0,bulk,accepted,64,64,347264,347392,0,0
6381,0x1800,0,0,bulk,accepted,64,64,347392,347520,0,0
6382,0x1800,0,0,bulk,accepted,64,64,347520,347648,0,0
6383,0x1800,0,0,bulk,accepted,64,64,347648,347776,0,0
6384,0x1800,0,0,bulk,accepted,64,64,347776,347904,0,0
6385,0x1800,0,0,bulk,accepted,64,64,347904,348032,0,0
6386,0x1800,0,0,bulk,accepted,64,64,348032,348160,0,0
6387,0x1800,0,0,bulk,accepted,64,64,348160,348288,0,0
6388,0x1800,0,0,bulk,accepted,64,64,348288,348416,0,0
6389,0x1800,0,0,bulk,accepted,64,64,348416,348544,0,0
6390,0x1800,0,0,bulk,accepted,64,64,348544,348672,0,0
6391,0x1800,0,0,bulk,accepted,64,64,348672,348800,0,0
6392,0x1800,0,0,bulk,accepted,64,64,348800,348928,0,0
6393,0x1800,0,0,bulk,accepted,64,64,348928,349056,0,0
6394,0x1800,0,0,bulk,accepted,64,64,349056,349184,0,0
6395,0x1800,0,0,bulk,accepted,64,64,349184,349312,0,0
6396,0x1800,0,0,bulk,accepted,64,64,349312,349440,0,0
6397,0x1800,0,0,bulk,accepted,64,64,349440,349568,0,0
6398,0x1800,0,0,bulk,accepted,64,64,349568,349696,0,0
6399,0x1800,0,0,bulk,accepted,64,64,349696,349824,0,0
6400,0x1800,0,0,bulk,accepted,64,64,349824,349952,0,0
6401,0x1800,0,0,bulk,accepted,64,64,349952,350080,0,0
6402,0x1800,0,0,bulk,accepted,64,64,350080,350208,0,0
6403,0x1800,0,0,bulk,accepted,64,64,350208,350336,0,0
6404,0x1800,0,0,bulk,accepted,64,64,350336,350464,0,0
6405,0x1800,0,0,bulk,accepted,64,64,350464,350592,0,0
6406,0x1800,0,0,bulk,accepted,64,64,350592,350720,0,0
6407,0x1800,0,0,bulk,accepted,64,64,350720,350848,0,0
6408,0x1800,0,0,bulk,accepted,64,64,350848,350976,0,0
6409,0x1800,0,0,bulk,accepted,64,64,350976,351104,0,0
6410,0x1800,0,0,bulk,accepted,64,64,351104,351232,0,0
6411,0x1800,0,0,bulk,accepted,64,64,351232,351360,0,0
6412,0x1800,0,0,bulk,accepted,64,64,351360,351488,0,0
6413,0x1800,0,0,bulk,accepted,64,64,351488,351616,0,0
6414,0x1800,0,0,bulk,accepted,64,64,351616,351744,0,0
6415,0x1800,0,0,bulk,accepted,64,64,351744,351872,0,0
6416,0x1800,0,0,bulk,accepted,64,64,351872,352000,0,0
6417,0x1800,0,0,bulk,accepted,64,64,352000,352128,0,0
6418,0x1800,0,0,bulk,accepted,64,64,352128,352256,0,0
6419,0x1800,0,0,bulk,accepted,64,64,352256,352384,0,0
6420,0x1800,0,0,bulk,accepted,64,64,352384,352512,0,0
6421,0x1800,0,0,bulk,accepted,64,64,352512,352640,0,0
6422,0x1800,0,0,bulk,accepted,64,64,352640,352768,0,0
6423,0x1800,0,0,bulk,accepted,64,64,352768,352896,0,0
6424,0x1800,0,0,bulk,accepted,64,64,352896,353024,0,0
6425,0x1800,0,0,bulk,accepted,64,64,353024,353152,0,0
6426,0x1800,0,0,bulk,accepted,64,64,353152,353280,0,0
6427,0x1800,0,0,bulk,accepted,64,64,353280,353408,0,0
6428,0x1800,0,0,bulk,accepted,64,64,353408,353536,0,0
6429,0x1800,0,0,bulk,accepted,64,64,353536,353664,0,0
6430,0x1800,0,0,bulk,accepted,64,64,353664,353792,0,0
6431,0x1800,0,0,bulk,accepted,64,64,353792,353920,0,0
6432,0x1800,0,0,bulk,accepted,64,64,353920,354048,0,0
6433,0x1800,0,0,bulk,accepted,64,64,354048,354176,0,0
6434,0x1800,0,0,bulk,accepted,64,64,354176,354304,0,0
6435,0x1800,0,0,bulk,accepted,64,64,354304,354432,0,0
6436,0x1800,0,0,bulk,accepted,64,64,354432,354560,0,0
6437,0x1800,0,0,bulk,accepted,64,64,354560,354688,0,0
6438,0x1800,0,0,bulk,accepted,64,64,354688,354816,0,0
6439,0x1800,0,0,bulk,accepted,64,64,354816,354944,0,0
6440,0x1800,0,0,bulk,accepted,64,64,354944,355072,0,0
6441,0x1800,0,0,bulk,accepted,64,64,355072,355200,0,0
6442,0x1800,0,0,bulk,accepted,64,64,355200,355328,0,0
6443,0x1800,0,0,bulk,accepted,64,64,355328,355456,0,0
6444,0x1800,0,0,bulk,accepted,64,64,355456,355584,0,0
6445,0x1800,0,0,bulk,accepted,64,64,355584,355712,0,0
6446,0x1800,0,0,bulk,accepted,64,64,355712,355840,0,0
6447,0x1800,0,0,bulk,accepted,64,64,355840,355968,0,0
6448,0x1800,0,0,bulk,accepted,64,64,355968,356096,0,0
6449,0x1800,0,0,bulk,accepted,64,64,356096,356224,0,0
6450,0x1800,0,0,bulk,accepted,64,64,356224,356352,0,0
6451,0x1800,0,0,bulk,accepted,64,64,356352,356480,0,0
6452,0x1800,0,0,bulk,accepted,64,64,356480,356608,0,0
6453,0x1800,0,0,bulk,accepted,64,64,356608,356736,0,0
6454,0x1800,0,0,bulk,accepted,64,64,356736,356864,0,0
6455,0x1800,0,0,bulk,accepted,64,64,356864,356992,0,0
6456,0x1800,0,0,bulk,accepted,64,64,356992,357120,0,0
6457,0x1800,0,0,bulk,accepted,64,64,357120,357248,0,0
6458,0x1800,0,0,bulk,accepted,64,64,357248,357376,0,0
6459,0x1800,0,0,bulk,accepted,64,64,357376,357504,0,0
6460,0x1800,0,0,bulk,accepted,64,64,357504,357632,0,0
6461,0x1800,0,0,bulk,accepted,64,64,357632,357760,0,0
6462,0x1800,0,0,bulk,accepted,64,64,357760,357888,0,0
6463,0x1800,0,0,bulk,accepted,64,64,357888,358016,0,0
6464,0x1800,0,0,bulk,accepted,64,64,358016,358144,0,0
6465,0x1800,0,0,bulk,accepted,64,64,358144,358272,0,0
6466,0x1800,0,0,bulk,accepted,64,64,358272,358400,0,0
6467,0x1800,0,0,bulk,accepted,64,64,358400,358528,0,0
6468,0x1800,0,0,bulk,accepted,64,64,358528,358656,0,0
6469,0x1800,0,0,bulk,accepted,64,64,358656,358784,0,0
6470,0x1800,0,0,bulk,accepted,64,64,358784,358912,0,0
6471,0x1800,0,0,bulk,accepted,64,64,358912,359040,0,0
6472,0x1800,0,0,bulk,accepted,64,64,359040,359168,0,0
6473,0x1800,0,0,bulk,accepted,64,64,359168,359296,0,0
6474,0x1800,0,0,bulk,accepted,64,64,359296,359424,0,0
6475,0x1800,0,0,bulk,accepted,64,64,359424,359552,0,0
6476,0x1800,0,0,bulk,accepted,64,64,359552,359680,0,0
6477,0x1800,0,0,bulk,accepted,64,64,359680,359808,0,0
6478,0x1800,0,0,bulk,accepted,64,64,359808,359936,0,0
6479,0x1800,0,0,bulk,accepted,64,64,359936,360064,0,0
6480,0x1800,0,0,bulk,accepted,64,64,360064,360192,0,0
6481,0x1800,0,0,bulk,accepted,64,64,360192,360320,0,0
6482,0x1800,0,0,bulk,accepted,64,64,360320,360448,0,0
6483,0x1800,0,0,bulk,accepted,64,64,360448,360576,0,0
6484,0x1800,0,0,bulk,accepted,64,64,360576,360704,0,0
6485,0x1800,0,0,bulk,accepted,64,64,360704,360832,0,0
6486,0x1800,0,0,bulk,accepted,64,64,360832,360960,0,0
6487,0x1800,0,0,bulk,accepted,64,64,360960,361088,0,0
6488,0x1800,0,0,bulk,accepted,64,64,361088,361216,0,0
6489,0x1800,0,0,bulk,accepted,64,64,361216,361344,0,0
6490,0x1800,0,0,bulk,accepted,64,64,361344,361472,0,0
6491,0x1800,0,0,bulk,accepted,64,64,361472,361600,0,0
6492,0x1800,0,0,bulk,accepted,64,64,361600,361728,0,0
6493,0x1800,0,0,bulk,accepted,64,64,361728,361856,0,0
6494,0x1800,0,0,bulk,accepted,64,64,361856,361984,0,0
6495,0x1800,0,0,bulk,accepted,64,64,361984,362112,0,0
6496,0x1800,0,0,bulk,accepted,64,64,362112,362240,0,0
6497,0x1800,0,0,bulk,accepted,64,64,362240,362368,0,0
6498,0x1800,0,0,bulk,accepted,64,64,362368,362496,0,0
6499,0x1800,0,0,bulk,accepted,64,64,362496,362624,0,0
6500,0x1800,0,0,bulk,accepted,64,64,362624,362752,0,0
6501,0x1800,0,0,bulk,accepted,64,64,362752,362880,0,0
6502,0x1800,0,0,bulk,accepted,64,64,362880,363008,0,0
6503,0x1800,0,0,bulk,accepted,64,64,363008,363136,0,0
6504,0x1800,0,0,bulk,accepted,64,64,363136,363264,0,0
6505,0x1800,0,0,bulk,accepted,64,64,363264,363392,0,0
6506,0x1800,0,0,bulk,accepted,64,64,363392,363520,0,0
6507,0x1800,0,0,bulk,accepted,64,64,363520,363648,0,0
6508,0x1800,0,0,bulk,accepted,64,64,363648,363776,0,0
6509,0x1800,0,0,bulk,accepted,64,64,363776,363904,0,0
6510,0x1800,0,0,bulk,accepted,64,64,363904,364032,0,0
6511,0x1800,0,0,bulk,accepted,64,64,364032,364160,0,0
6512,0x1800,0,0,bulk,accepted,64,64,364160,364288,0,0
6513,0x1800,0,0,bulk,accepted,64,64,364288,364416,0,0
6514,0x1800,0,0,bulk,accepted,64,64,364416,364544,0,0
6515,0x1800,0,0,bulk,accepted,64,64,364544,364672,0,0
6516,0x1800,0,0,bulk,accepted,64,64,364672,364800,0,0
6517,0x1800,0,0,bulk,accepted,64,64,364800,364928,0,0
6518,0x1800,0,0,bulk,accepted,64,64,364928,365056,0,0
6519,0x1800,0,0,bulk,accepted,64,64,365056,365184,0,0
6520,0x1800,0,0,bulk,accepted,64,64,365184,365312,0,0
6521,0x1800,0,0,bulk,accepted,64,64,365312,365440,0,0
6522,0x1800,0,0,bulk,accepted,64,64,365440,365568,0,0
6523,0x1800,0,0,bulk,accepted,64,64,365568,365696,0,0
6524,0x1800,0,0,bulk,accepted,64,64,365696,365824,0,0
6525,0x1800,0,0,bulk,accepted,64,64,365824,365952,0,0
6526,0x1800,0,0,bulk,accepted,64,64,365952,366080,0,0
6527,0x1800,0,0,bulk,accepted,64,64,366080,366208,0,0
6528,0x1800,0,0,bulk,accepted,64,64,366208,366336,0,0
6529,0x1800,0,0,bulk,accepted,64,64,366336,366464,0,0
6530,0x1800,0,0,bulk,accepted,64,64,366464,366592,0,0
6531,0x1800,0,0,bulk,accepted,64,64,366592,366720,0,0
6532,0x1800,0,0,bulk,accepted,64,64,366720,366848,0,0
6533,0x1800,0,0,bulk,accepted,64,64,366848,366976,0,0
6534,0x1800,0,0,bulk,accepted,64,64,366976,367104,0,0
6535,0x1800,0,0,bulk,accepted,64,64,367104,367232,0,0
6536,0x1800,0,0,bulk,accepted,64,64,367232,367360,0,0
6537,0x1800,0,0,bulk,accepted,64,64,367360,367488,0,0
6538,0x1800,0,0,bulk,accepted,64,64,367488,367616,0,0
6539,0x1800,0,0,bulk,accepted,64,64,367616,367744,0,0
6540,0x1800,0,0,bulk,accepted,64,64,367744,367872,0,0
6541,0x1800,0,0,bulk,accepted,64,64,367872,368000,0,0
6542,0x1800,0,0,bulk,accepted,64,64,368000,368128,0,0
6543,0x1800,0,0,bulk,accepted,64,64,368128,368256,0,0
6544,0x1800,0,0,bulk,accepted,64,64,368256,368384,0,0
6545,0x1800,0,0,bulk,accepted,64,64,368384,368512,0,0
6546,0x1800,0,0,bulk,accepted,64,64,368512,368640,0,0
6547,0x1800,0,0,bulk,accepted,64,64,368640,368768,0,0
6548,0x1800,0,0,bulk,accepted,64,64,368768,368896,0,0
6549,0x1800,0,0,bulk,accepted,64,64,368896,369024,0,0
6550,0x1800,0,0,bulk,accepted,64,64,369024,369152,0,0
6551,0x1800,0,0,bulk,accepted,64,64,369152,369280,0,0
6552,0x1800,0,0,bulk,accepted,64,64,369280,369408,0,0
6553,0x1800,0,0,bulk,accepted,64,64,369408,369536,0,0
6554,0x1800,0,0,bulk,accepted,64,64,369536,369664,0,0
6555,0x1800,0,0,bulk,accepted,64,64,369664,369792,0,0
6556,0x1800,0,0,bulk,accepted,64,64,369792,369920,0,0
6557,0x1800,0,0,bulk,accepted,64,64,369920,370048,0,0
6558,0x1800,0,0,bulk,accepted,64,64,370048,370176,0,0
6559,0x1800,0,0,bulk,accepted,64,64,370176,370304,0,0
6560,0x1800,0,0,bulk,accepted,64,64,370304,370432,0,0
6561,0x1800,0,0,bulk,accepted,64,64,370432,370560,0,0
6562,0x1800,0,0,bulk,accepted,64,64,370560,370688,0,0
6563,0x1800,0,0,bulk,accepted,64,64,370688,370816,0,0
6564,0x1800,0,0,bulk,accepted,64,64,370816,370944,0,0
6565,0x1800,0,0,bulk,accepted,64,64,370944,371072,0,0
6566,0x1800,0,0,bulk,accepted,64,64,371072,371200,0,0
6567,0x1800,0,0,bulk,accepted,64,64,371200,371328,0,0
6568,0x1800,0,0,bulk,accepted,64,64,371328,371456,0,0
6569,0x1800,0,0,bulk,accepted,64,64,371456,371584,0,0
6570,0x1800,0,0,bulk,accepted,64,64,371584,371712,0,0
6571,0x1800,0,0,bulk,accepted,64,64,371712,371840,0,0
6572,0x1800,0,0,bulk,accepted,64,64,371840,371968,0,0
6573,0x1800,0,0,bulk,accepted,64,64,371968,372096,0,0
6574,0x1800,0,0,bulk,accepted,64,64,372096,372224,0,0
6575,0x1800,0,0,bulk,accepted,64,64,372224,372352,0,0
6576,0x1800,0,0,bulk,accepted,64,64,372352,372480,0,0
6577,0x1800,0,0,bulk,accepted,64,64,372480,372608,0,0
6578,0x1800,0,0,bulk,accepted,64,64,372608,372736,0,0
6579,0x1800,0,0,bulk,accepted,64,64,372736,372864,0,0
6580,0x1800,0,0,bulk,accepted,64,64,372864,372992,0,0
6581,0x1800,0,0,bulk,accepted,64,64,372992,373120,0,0
6582,0x1800,0,0,bulk,accepted,64,64,373120,373248,0,0
6583,0x1800,0,0,bulk,accepted,64,64,373248,373376,0,0
6584,0x1800,0,0,bulk,accepted,64,64,373376,373504,0,0
6585,0x1800,0,0,bulk,accepted,64,64,373504,373632,0,0
6586,0x1800,0,0,bulk,accepted,64,64,373632,373760,0,0
6587,0x1800,0,0,bulk,accepted,64,64,373760,373888,0,0
6588,0x1800,0,0,bulk,accepted,64,64,373888,374016,0,0
6589,0x1800,0,0,bulk,accepted,64,64,374016,374144,0,0
6590,0x1800,0,0,bulk,accepted,64,64,374144,374272,0,0
6591,0x1800,0,0,bulk,accepted,64,64,374272,374400,0,0
6592,0x1800,0,0,bulk,accepted,64,64,374400,374528,0,0
6593,0x1800,0,0,bulk,accepted,64,64,374528,374656,0,0
6594,0x1800,0,0,bulk,accepted,64,64,374656,374784,0,0
6595,0x1800,0,0,bulk,accepted,64,64,374784,374912,0,0
6596,0x1800,0,0,bulk,accepted,64,64,374912,375040,0,0
6597,0x1800,0,0,bulk,accepted,64,64,375040,375168,0,0
6598,0x1800,0,0,bulk,accepted,64,64,375168,375296,0,0
6599,0x1800,0,0,bulk,accepted,64,64,375296,375424,0,0
6600,0x1800,0,0,bulk,accepted,64,64,375424,375552,0,0
6601,0x1800,0,0,bulk,accepted,64,64,375552,375680,0,0
6602,0x1800,0,0,bulk,accepted,64,64,375680,375808,0,0
6603,0x1800,0,0,bulk,accepted,64,64,375808,375936,0,0
6604,0x1800,0,0,bulk,accepted,64,64,375936,376064,0,0
6605,0x1800,0,0,bulk,accepted,64,64,376064,376192,0,0
6606,0x1800,0,0,bulk,accepted,64,64,376192,376320,0,0
6607,0x1800,0,0,bulk,accepted,64,64,376320,376448,0,0
6608,0x1800,0,0,bulk,accepted,64,64,376448,376576,0,0
6609,0x1800,0,0,bulk,accepted,64,64,376576,376704,0,0
6610,0x1800,0,0,bulk,accepted,64,64,376704,376832,0,0
6611,0x1800,0,0,bulk,accepted,64,64,376832,376960,0,0
6612,0x1800,0,0,bulk,accepted,64,64,376960,377088,0,0
6613,0x1800,0,0,bulk,accepted,64,64,377088,377216,0,0
6614,0x1800,0,0,bulk,accepted,64,64,377216,377344,0,0
6615,0x1800,0,0,bulk,accepted,64,64,377344,377472,0,0
6616,0x1800,0,0,bulk,accepted,64,64,377472,377600,0,0
6617,0x1800,0,0,bulk,accepted,64,64,377600,377728,0,0
6618,0x1800,0,0,bulk,accepted,64,64,377728,377856,0,0
6619,0x1800,0,0,bulk,accepted,64,64,377856,377984,0,0
6620,0x1800,0,0,bulk,accepted,64,64,377984,378112,0,0
6621,0x1800,0,0,bulk,accepted,64,64,378112,378240,0,0
6622,0x1800,0,0,bulk,accepted,64,64,378240,378368,0,0
6623,0x1800,0,0,bulk,accepted,64,64,378368,378496,0,0
6624,0x1800,0,0,bulk,accepted,64,64,378496,378624,0,0
6625,0x1800,0,0,bulk,accepted,64,64,378624,378752,0,0
6626,0x1800,0,0,bulk,accepted,64,64,378752,378880,0,0
6627,0x1800,0,0,bulk,accepted,64,64,378880,379008,0,0
6628,0x1800,0,0,bulk,accepted,64,64,379008,379136,0,0
6629,0x1800,0,0,bulk,accepted,64,64,379136,379264,0,0
6630,0x1800,0,0,bulk,accepted,64,64,379264,379392,0,0
6631,0x1800,0,0,bulk,accepted,64,64,379392,379520,0,0
6632,0x1800,0,0,bulk,accepted,64,64,379520,379648,0,0
6633,0x1800,0,0,bulk,accepted,64,64,379648,379776,0,0
6634,0x1800,0,0,bulk,accepted,64,64,379776,379904,0,0
6635,0x1800,0,0,bulk,accepted,64,64,379904,380032,0,0
6636,0x1800,0,0,bulk,accepted,64,64,380032,380160,0,0
6637,0x1800,0,0,bulk,accepted,64,64,380160,380288,0,0
6638,0x1800,0,0,bulk,accepted,64,64,380288,380416,0,0
6639,0x1800,0,0,bulk,accepted,64,64,380416,380544,0,0
6640,0x1800,0,0,bulk,accepted,64,64,380544,380672,0,0
6641,0x1800,0,0,bulk,accepted,64,64,380672,380800,0,0
6642,0x1800,0,0,bulk,accepted,64,64,380800,380928,0,0
6643,0x1800,0,0,bulk,accepted,64,64,380928,381056,0,0
6644,0x1800,0,0,bulk,accepted,64,64,381056,381184,0,0
6645,0x1800,0,0,bulk,accepted,64,64,381184,381312,0,0
6646,0x1800,0,0,bulk,accepted,64,64,381312,381440,0,0
6647,0x1800,0,0,bulk,accepted,64,64,381440,381568,0,0
6648,0x1800,0,0,bulk,accepted,64,64,381568,381696,0,0
6649,0x1800,0,0,bulk,accepted,64,64,381696,381824,0,0
6650,0x1800,0,0,bulk,accepted,64,64,381824,381952,0,0
6651,0x1800,0,0,bulk,accepted,64,64,381952,382080,0,0
6652,0x1800,0,0,bulk,accepted,64,64,382080,382208,0,0
6653,0x1800,0,0,bulk,accepted,64,64,382208,382336,0,0
6654,0x1800,0,0,bulk,accepted,64,64,382336,382464,0,0
6655,0x1800,0,0,bulk,accepted,64,64,382464,382592,0,0
6656,0x1800,0,0,bulk,accepted,64,64,382592,382720,0,0
6657,0x1800,0,0,bulk,accepted,64,64,382720,382848,0,0
6658,0x1800,0,0,bulk,accepted,64,64,382848,382976,0,0
6659,0x1800,0,0,bulk,accepted,64,64,382976,383104,0,0
6660,0x1800,0,0,bulk,accepted,64,64,383104,383232,0,0
6661,0x1800,0,0,bulk,accepted,64,64,383232,383360,0,0
6662,0x1800,0,0,bulk,accepted,64,64,383360,383488,0,0
6663,0x1800,0,0,bulk,accepted,64,64,383488,383616,0,0
6664,0x1800,0,0,bulk,accepted,64,64,383616,383744,0,0
6665,0x1800,0,0,bulk,accepted,64,64,383744,383872,0,0
6666,0x1800,0,0,bulk,accepted,64,64,383872,384000,0,0
6667,0x1800,0,0,bulk,accepted,64,64,384000,384128,0,0
6668,0x1800,0,0,bulk,accepted,64,64,384128,384256,0,0
6669,0x1800,0,0,bulk,accepted,64,64,384256,384384,0,0
6670,0x1800,0,0,bulk,accepted,64,64,384384,384512,0,0
6671,0x1800,0,0,bulk,accepted,64,64,384512,384640,0,0
6672,0x1800,0,0,bulk,accepted,64,64,384640,384768,0,0
6673,0x1800,0,0,bulk,accepted,64,64,384768,384896,0,0
6674,0x1800,0,0,bulk,accepted,64,64,384896,385024,0,0
6675,0x1800,0,0,bulk,accepted,64,64,385024,385152,0,0
6676,0x1800,0,0,bulk,accepted,64,64,385152,385280,0,0
6677,0x1800,0,0,bulk,accepted,64,64,385280,385408,0,0
6678,0x1800,0,0,bulk,accepted,64,64,385408,385536,0,0
6679,0x1800,0,0,bulk,accepted,64,64,385536,385664,0,0
6680,0x1800,0,0,bulk,accepted,64,64,385664,385792,0,0
6681,0x1800,0,0,bulk,accepted,64,64,385792,385920,0,0
6682,0x1800,0,0,bulk,accepted,64,64,385920,386048,0,0
6683,0x1800,0,0,bulk,accepted,64,64,386048,386176,0,0
6684,0x1800,0,0,bulk,accepted,64,64,386176,386304,0,0
6685,0x1800,0,0,bulk,accepted,64,64,386304,386432,0,0
6686,0x1800,0,0,bulk,accepted,64,64,386432,386560,0,0
6687,0x1800,0,0,bulk,accepted,64,64,386560,386688,0,0
6688,0x1800,0,0,bulk,accepted,64,64,386688,386816,0,0
6689,0x1800,0,0,bulk,accepted,64,64,386816,386944,0,0
6690,0x1800,0,0,bulk,accepted,64,64,386944,387072,0,0
6691,0x1800,0,0,bulk,accepted,64,64,387072,387200,0,0
6692,0x1800,0,0,bulk,accepted,64,64,387200,387328,0,0
6693,0x1800,0,0,bulk,accepted,64,64,387328,387456,0,0
6694,0x1800,0,0,bulk,accepted,64,64,387456,387584,0,0
6695,0x1800,0,0,bulk,accepted,64,64,387584,387712,0,0
6696,0x1800,0,0,bulk,accepted,64,64,387712,387840,0,0
6697,0x1800,0,0,bulk,accepted,64,64,387840,387968,0,0
6698,0x1800,0,0,bulk,accepted,64,64,387968,388096,0,0
6699,0x1800,0,0,bulk,accepted,64,64,388096,388224,0,0
6700,0x1800,0,0,bulk,accepted,64,64,388224,388352,0,0
6701,0x1800,0,0,bulk,accepted,64,64,388352,388480,0,0
6702,0x1800,0,0,bulk,accepted,64,64,388480,388608,0,0
6703,0x1800,0,0,bulk,accepted,64,64,388608,388736,0,0
6704,0x1800,0,0,bulk,accepted,64,64,388736,388864,0,0
6705,0x1800,0,0,bulk,accepted,64,64,388864,388992,0,0
6706,0x1800,0,0,bulk,accepted,64,64,388992,389120,0,0
6707,0x1800,0,0,bulk,accepted,64,64,389120,389248,0,0
6708,0x1800,0,0,bulk,accepted,64,64,389248,389376,0,0
6709,0x1800,0,0,bulk,accepted,64,64,389376,389504,0,0
6710,0x1800,0,0,bulk,accepted,64,64,389504,389632,0,0
6711,0x1800,0,0,bulk,accepted,64,64,389632,389760,0,0
6712,0x1800,0,0,bulk,accepted,64,64,389760,389888,0,0
6713,0x1800,0,0,bulk,accepted,64,64,389888,390016,0,0
6714,0x1800,0,0,bulk,accepted,64,64,390016,390144,0,0
6715,0x1800,0,0,bulk,accepted,64,64,390144,390272,0,0
6716,0x1800,0,0,bulk,accepted,64,64,390272,390400,0,0
6717,0x1800,0,0,bulk,accepted,64,64,390400,390528,0,0
6718,0x1800,0,0,bulk,accepted,64,64,390528,390656,0,0
6719,0x1800,0,0,bulk,accepted,64,64,390656,390784,0,0
6720,0x1800,0,0,bulk,accepted,64,64,390784,390912,0,0
6721,0x1800,0,0,bulk,accepted,64,64,390912,391040,0,0
6722,0x1800,0,0,bulk,accepted,64,64,391040,391168,0,0
6723,0x1800,0,0,bulk,accepted,64,64,391168,391296,0,0
6724,0x1800,0,0,bulk,accepted,64,64,391296,391424,0,0
6725,0x1800,0,0,bulk,accepted,64,64,391424,391552,0,0
6726,0x1800,0,0,bulk,accepted,64,64,391552,391680,0,0
6727,0x1800,0,0,bulk,accepted,64,64,391680,391808,0,0
6728,0x1800,0,0,bulk,accepted,64,64,391808,391936,0,0
6729,0x1800,0,0,bulk,accepted,64,64,391936,392064,0,0
6730,0x1800,0,0,bulk,accepted,64,64,392064,392192,0,0
6731,0x1800,0,0,bulk,accepted,64,64,392192,392320,0,0
6732,0x1800,0,0,bulk,accepted,64,64,392320,392448,0,0
6733,0x1800,0,0,bulk,accepted,64,64,392448,392576,0,0
6734,0x1800,0,0,bulk,accepted,64,64,392576,392704,0,0
6735,0x1800,0,0,bulk,accepted,64,64,392704,392832,0,0
6736,0x1800,0,0,bulk,accepted,64,64,392832,392960,0,0
6737,0x1800,0,0,bulk,accepted,64,64,392960,393088,0,0
6738,0x1800,0,0,bulk,accepted,64,64,393088,393216,0,0
6739,0x1800,0,0,bulk,accepted,64,64,393216,393344,0,0
6740,0x1800,0,0,bulk,accepted,64,64,393344,393472,0,0
6741,0x1800,0,0,bulk,accepted,64,64,393472,393600,0,0
6742,0x1800,0,0,bulk,accepted,64,64,393600,393728,0,0
6743,0x1800,0,0,bulk,accepted,64,64,393728,393856,0,0
6744,0x1800,0,0,bulk,accepted,64,64,393856,393984,0,0
6745,0x1800,0,0,bulk,accepted,64,64,393984,394112,0,0
6746,0x1800,0,0,bulk,accepted,64,64,394112,394240,0,0
6747,0x1800,0,0,bulk,accepted,64,64,394240,394368,0,0
6748,0x1800,0,0,bulk,accepted,64,64,394368,394496,0,0
6749,0x1800,0,0,bulk,accepted,64,64,394496,394624,0,0
6750,0x1800,0,0,bulk,accepted,64,64,394624,394752,0,0
6751,0x1800,0,0,bulk,accepted,64,64,394752,394880,0,0
6752,0x1800,0,0,bulk,accepted,64,64,394880,395008,0,0
6753,0x1800,0,0,bulk,accepted,64,64,395008,395136,0,0
6754,0x1800,0,0,bulk,accepted,64,64,395136,395264,0,0
6755,0x1800,0,0,bulk,accepted,64,64,395264,395392,0,0
6756,0x1800,0,0,bulk,accepted,64,64,395392,395520,0,0
6757,0x1800,0,0,bulk,accepted,64,64,395520,395648,0,0
6758,0x1800,0,0,bulk,accepted,64,64,395648,395776,0,0
6759,0x1800,0,0,bulk,accepted,64,64,395776,395904,0,0
6760,0x1800,0,0,bulk,accepted,64,64,395904,396032,0,0
6761,0x1800,0,0,bulk,accepted,64,64,396032,396160,0,0
6762,0x1800,0,0,bulk,accepted,64,64,396160,396288,0,0
6763,0x1800,0,0,bulk,accepted,64,64,396288,396416,0,0
6764,0x1800,0,0,bulk,accepted,64,64,396416,396544,0,0
6765,0x1800,0,0,bulk,accepted,64,64,396544,396672,0,0
6766,0x1800,0,0,bulk,accepted,64,64,396672,396800,0,0
6767,0x1800,0,0,bulk,accepted,64,64,396800,396928,0,0
6768,0x1800,0,0,bulk,accepted,64,64,396928,397056,0,0
6769,0x1800,0,0,bulk,accepted,64,64,397056,397184,0,0
6770,0x1800,0,0,bulk,accepted,64,64,397184,397312,0,0
6771,0x1800,0,0,bulk,accepted,64,64,397312,397440,0,0
6772,0x1800,0,0,bulk,accepted,64,64,397440,397568,0,0
6773,0x1800,0,0,bulk,accepted,64,64,397568,397696,0,0
6774,0x1800,0,0,bulk,accepted,64,64,397696,397824,0,0
6775,0x1800,0,0,bulk,accepted,64,64,397824,397952,0,0
6776,0x1800,0,0,bulk,accepted,64,64,397952,398080,0,0
6777,0x1800,0,0,bulk,accepted,64,64,398080,398208,0,0
6778,0x1800,0,0,bulk,accepted,64,64,398208,398336,0,0
6779,0x1800,0,0,bulk,accepted,64,64,398336,398464,0,0
6780,0x1800,0,0,bulk,accepted,64,64,398464,398592,0,0
6781,0x1800,0,0,bulk,accepted,64,64,398592,398720,0,0
6782,0x1800,0,0,bulk,accepted,64,64,398720,398848,0,0
6783,0x1800,0,0,bulk,accepted,64,64,398848,398976,0,0
6784,0x1800,0,0,bulk,accepted,64,64,398976,399104,0,0
6785,0x1800,0,0,bulk,accepted,64,64,399104,399232,0,0
6786,0x1800,0,0,bulk,accepted,64,64,399232,399360,0,0
6787,0x1800,0,0,bulk,accepted,64,64,399360,399488,0,0
6788,0x1800,0,0,bulk,accepted,64,64,399488,399616,0,0
6789,0x1800,0,0,bulk,accepted,64,64,399616,399744,0,0
6790,0x1800,0,0,bulk,accepted,64,64,399744,399872,0,0
6791,0x1800,0,0,bulk,accepted,64,64,399872,400000,0,0
6792,0x1800,0,0,bulk,accepted,64,64,400000,400128,0,0
6793,0x1800,0,0,bulk,accepted,64,64,400128,400256,0,0
6794,0x1800,0,0,bulk,accepted,64,64,400256,400384,0,0
6795,0x1800,0,0,bulk,accepted,64,64,400384,400512,0,0
6796,0x1800,0,0,bulk,accepted,64,64,400512,400640,0,0
6797,0x1800,0,0,bulk,accepted,64,64,400640,400768,0,0
6798,0x1800,0,0,bulk,accepted,64,64,400768,400896,0,0
6799,0x1800,0,0,bulk,accepted,64,64,400896,401024,0,0
6800,0x1800,0,0,bulk,accepted,64,64,401024,401152,0,0
6801,0x1800,0,0,bulk,accepted,64,64,401152,401280,0,0
6802,0x1800,0,0,bulk,accepted,64,64,401280,401408,0,0
6803,0x1800,0,0,bulk,accepted,64,64,401408,401536,0,0
6804,0x1800,0,0,bulk,accepted,64,64,401536,401664,0,0
6805,0x1800,0,0,bulk,accepted,64,64,401664,401792,0,0
6806,0x1800,0,0,bulk,accepted,64,64,401792,401920,0,0
6807,0x1800,0,0,bulk,accepted,64,64,401920,402048,0,0
6808,0x1800,0,0,bulk,accepted,64,64,402048,402176,0,0
6809,0x1800,0,0,bulk,accepted,64,64,402176,402304,0,0
6810,0x1800,0,0,bulk,accepted,64,64,402304,402432,0,0
6811,0x1800,0,0,bulk,accepted,64,64,402432,402560,0,0
6812,0x1800,0,0,bulk,accepted,64,64,402560,402688,0,0
6813,0x1800,0,0,bulk,accepted,64,64,402688,402816,0,0
6814,0x1800,0,0,bulk,accepted,64,64,402816,402944,0,0
6815,0x1800,0,0,bulk,accepted,64,64,402944,403072,0,0
6816,0x1800,0,0,bulk,accepted,64,64,403072,403200,0,0
6817,0x1800,0,0,bulk,accepted,64,64,403200,403328,0,0
6818,0x1800,0,0,bulk,accepted,64,64,403328,403456,0,0
6819,0x1800,0,0,bulk,accepted,64,64,403456,403584,0,0
6820,0x1800,0,0,bulk,accepted,64,64,403584,403712,0,0
6821,0x1800,0,0,bulk,accepted,64,64,403712,403840,0,0
6822,0x1800,0,0,bulk,accepted,64,64,403840,403968,0,0
6823,0x1800,0,0,bulk,accepted,64,64,403968,404096,0,0
6824,0x1800,0,0,bulk,accepted,64,64,404096,404224,0,0
6825,0x1800,0,0,bulk,accepted,64,64,404224,404352,0,0
6826,0x1800,0,0,bulk,accepted,64,64,404352,404480,0,0
6827,0x1800,0,0,bulk,accepted,64,64,404480,404608,0,0
6828,0x1800,0,0,bulk,accepted,64,64,404608,404736,0,0
6829,0x1800,0,0,bulk,accepted,64,64,404736,404864,0,0
6830,0x1800,0,0,bulk,accepted,64,64,404864,404992,0,0
6831,0x1800,0,0,bulk,accepted,64,64,404992,405120,0,0
6832,0x1800,0,0,bulk,accepted,64,64,405120,405248,0,0
6833,0x1800,0,0,bulk,accepted,64,64,405248,405376,0,0
6834,0x1800,0,0,bulk,accepted,64,64,405376,405504,0,0
6835,0x1800,0,0,bulk,accepted,64,64,405504,405632,0,0
6836,0x1800,0,0,bulk,accepted,64,64,405632,405760,0,0
6837,0x1800,0,0,bulk,accepted,64,64,405760,405888,0,0
6838,0x1800,0,0,bulk,accepted,64,64,405888,406016,0,0
6839,0x1800,0,0,bulk,accepted,64,64,406016,406144,0,0
6840,0x1800,0,0,bulk,accepted,64,64,406144,406272,0,0
6841,0x1800,0,0,bulk,accepted,64,64,406272,406400,0,0
6842,0x1800,0,0,bulk,accepted,64,64,406400,406528,0,0
6843,0x1800,0,0,bulk,accepted,64,64,406528,406656,0,0
6844,0x1800,0,0,bulk,accepted,64,64,406656,406784,0,0
6845,0x1800,0,0,bulk,accepted,64,64,406784,406912,0,0
6846,0x1800,0,0,bulk,accepted,64,64,406912,407040,0,0
6847,0x1800,0,0,bulk,accepted,64,64,407040,407168,0,0
6848,0x1800,0,0,bulk,accepted,64,64,407168,407296,0,0
6849,0x1800,0,0,bulk,accepted,64,64,407296,407424,0,0
6850,0x1800,0,0,bulk,accepted,64,64,407424,407552,0,0
6851,0x1800,0,0,bulk,accepted,64,64,407552,407680,0,0
6852,0x1800,0,0,bulk,accepted,64,64,407680,407808,0,0
6853,0x1800,0,0,bulk,accepted,64,64,407808,407936,0,0
6854,0x1800,0,0,bulk,accepted,64,64,407936,408064,0,0
6855,0x1800,0,0,bulk,accepted,64,64,408064,408192,0,0
6856,0x1800,0,0,bulk,accepted,64,64,408192,408320,0,0
6857,0x1800,0,0,bulk,accepted,64,64,408320,408448,0,0
6858,0x1800,0,0,bulk,accepted,64,64,408448,408576,0,0
6859,0x1800,0,0,bulk,accepted,64,64,408576,408704,0,0
6860,0x1800,0,0,bulk,accepted,64,64,408704,408832,0,0
6861,0x1800,0,0,bulk,accepted,64,64,408832,408960,0,0
6862,0x1800,0,0,bulk,accepted,64,64,408960,409088,0,0
6863,0x1800,0,0,bulk,accepted,64,64,409088,409216,0,0
6864,0x1800,0,0,bulk,accepted,64,64,409216,409344,0,0
6865,0x1800,0,0,bulk,accepted,64,64,409344,409472,0,0
6866,0x1800,0,0,bulk,accepted,64,64,409472,409600,0,0
6867,0x1800,0,0,bulk,accepted,64,64,409600,409728,0,0
6868,0x1800,0,0,bulk,accepted,64,64,409728,409856,0,0
6869,0x1800,0,0,bulk,accepted,64,64,409856,409984,0,0
6870,0x1800,0,0,bulk,accepted,64,64,409984,410112,0,0
6871,0x1800,0,0,bulk,accepted,64,64,410112,410240,0,0
6872,0x1800,0,0,bulk,accepted,64,64,410240,410368,0,0
6873,0x1800,0,0,bulk,accepted,64,64,410368,410496,0,0
6874,0x1800,0,0,bulk,accepted,64,64,410496,410624,0,0
6875,0x1800,0,0,bulk,accepted,64,64,410624,410752,0,0
6876,0x1800,0,0,bulk,accepted,64,64,410752,410880,0,0
6877,0x1800,0,0,bulk,accepted,64,64,410880,411008,0,0
6878,0x1800,0,0,bulk,accepted,64,64,411008,411136,0,0
6879,0x1800,0,0,bulk,accepted,64,64,411136,411264,0,0
6880,0x1800,0,0,bulk,accepted,64,64,411264,411392,0,0
6881,0x1800,0,0,bulk,accepted,64,64,411392,411520,0,0
6882,0x1800,0,0,bulk,accepted,64,64,411520,411648,0,0
6883,0x1800,0,0,bulk,accepted,64,64,411648,411776,0,0
6884,0x1800,0,0,bulk,accepted,64,64,411776,411904,0,0
6885,0x1800,0,0,bulk,accepted,64,64,411904,412032,0,0
6886,0x1800,0,0,bulk,accepted,64,64,412032,412160,0,0
6887,0x1800,0,0,bulk,accepted,64,64,412160,412288,0,0
6888,0x1800,0,0,bulk,accepted,64,64,412288,412416,0,0
6889,0x1800,0,0,bulk,accepted,64,64,412416,412544,0,0
6890,0x1800,0,0,bulk,accepted,64,64,412544,412672,0,0
6891,0x1800,0,0,bulk,accepted,64,64,412672,412800,0,0
6892,0x1800,0,0,bulk,accepted,64,64,412800,412928,0,0
6893,0x1800,0,0,bulk,accepted,64,64,412928,413056,0,0
6894,0x1800,0,0,bulk,accepted,64,64,413056,413184,0,0
6895,0x1800,0,0,bulk,accepted,64,64,413184,413312,0,0
6896,0x1800,0,0,bulk,accepted,64,64,413312,413440,0,0
6897,0x1800,0,0,bulk,accepted,64,64,413440,413568,0,0
6898,0x1800,0,0,bulk,accepted,64,64,413568,413696,0,0
6899,0x1800,0,0,bulk,accepted,64,64,413696,413824,0,0
6900,0x1800,0,0,bulk,accepted,64,64,413824,413952,0,0
6901,0x1800,0,0,bulk,accepted,64,64,413952,414080,0,0
6902,0x1800,0,0,bulk,accepted,64,64,414080,414208,0,0
6903,0x1800,0,0,bulk,accepted,64,64,414208,414336,0,0
6904,0x1800,0,0,bulk,accepted,64,64,414336,414464,0,0
6905,0x1800,0,0,bulk,accepted,64,64,414464,414592,0,0
6906,0x1800,0,0,bulk,accepted,64,64,414592,414720,0,0
6907,0x1800,0,0,bulk,accepted,64,64,414720,414848,0,0
6908,0x1800,0,0,bulk,accepted,64,64,414848,414976,0,0
6909,0x1800,0,0,bulk,accepted,64,64,414976,415104,0,0
6910,0x1800,0,0,bulk,accepted,64,64,415104,415232,0,0
6911,0x1800,0,0,bulk,accepted,64,64,415232,415360,0,0
6912,0x1800,0,0,bulk,accepted,64,64,415360,415488,0,0
6913,0x1800,0,0,bulk,accepted,64,64,415488,415616,0,0
6914,0x1800,0,0,bulk,accepted,64,64,415616,415744,0,0
6915,0x1800,0,0,bulk,accepted,64,64,415744,415872,0,0
6916,0x1800,0,0,bulk,accepted,64,64,415872,416000,0,0
6917,0x1800,0,0,bulk,accepted,64,64,416000,416128,0,0
6918,0x1800,0,0,bulk,accepted,64,64,416128,416256,0,0
6919,0x1800,0,0,bulk,accepted,64,64,416256,416384,0,0
6920,0x1800,0,0,bulk,accepted,64,64,416384,416512,0,0
6921,0x1800,0,0,bulk,accepted,64,64,416512,416640,0,0
6922,0x1800,0,0,bulk,accepted,64,64,416640,416768,0,0
6923,0x1800,0,0,bulk,accepted,64,64,416768,416896,0,0
6924,0x1800,0,0,bulk,accepted,64,64,416896,417024,0,0
6925,0x1800,0,0,bulk,accepted,64,64,417024,417152,0,0
6926,0x1800,0,0,bulk,accepted,64,64,417152,417280,0,0
6927,0x1800,0,0,bulk,accepted,64,64,417280,417408,0,0
6928,0x1800,0,0,bulk,accepted,64,64,417408,417536,0,0
6929,0x1800,0,0,bulk,accepted,64,64,417536,417664,0,0
6930,0x1800,0,0,bulk,accepted,64,64,417664,417792,0,0
6931,0x1800,0,0,bulk,accepted,64,64,417792,417920,0,0
6932,0x1800,0,0,bulk,accepted,64,64,417920,418048,0,0
6933,0x1800,0,0,bulk,accepted,64,64,418048,418176,0,0
6934,0x1800,0,0,bulk,accepted,64,64,418176,418304,0,0
6935,0x1800,0,0,bulk,accepted,64,64,418304,418432,0,0
6936,0x1800,0,0,bulk,accepted,64,64,418432,418560,0,0
6937,0x1800,0,0,bulk,accepted,64,64,418560,418688,0,0
6938,0x1800,0,0,bulk,accepted,64,64,418688,418816,0,0
6939,0x1800,0,0,bulk,accepted,64,64,418816,418944,0,0
6940,0x1800,0,0,bulk,accepted,64,64,418944,419072,0,0
6941,0x1800,0,0,bulk,accepted,64,64,419072,419200,0,0
6942,0x1800,0,0,bulk,accepted,64,64,419200,419328,0,0
6943,0x1800,0,0,bulk,accepted,64,64,419328,419456,0,0
6944,0x1800,0,0,bulk,accepted,64,64,419456,419584,0,0
6945,0x1800,0,0,bulk,accepted,64,64,419584,419712,0,0
6946,0x1800,0,0,bulk,accepted,64,64,419712,419840,0,0
6947,0x1800,0,0,bulk,accepted,64,64,419840,419968,0,0
6948,0x1800,0,0,bulk,accepted,64,64,419968,420096,0,0
6949,0x1800,0,0,bulk,accepted,64,64,420096,420224,0,0
6950,0x1800,0,0,bulk,accepted,64,64,420224,420352,0,0
6951,0x1800,0,0,bulk,accepted,64,64,420352,420480,0,0
6952,0x1800,0,0,bulk,accepted,64,64,420480,420608,0,0
6953,0x1800,0,0,bulk,accepted,64,64,420608,420736,0,0
6954,0x1800,0,0,bulk,accepted,64,64,420736,420864,0,0
6955,0x1800,0,0,bulk,accepted,64,64,420864,420992,0,0
6956,0x1800,0,0,bulk,accepted,64,64,420992,421120,0,0
6957,0x1800,0,0,bulk,accepted,64,64,421120,421248,0,0
6958,0x1800,0,0,bulk,accepted,64,64,421248,421376,0,0
6959,0x1800,0,0,bulk,accepted,64,64,421376,421504,0,0
6960,0x1800,0,0,bulk,accepted,64,64,421504,421632,0,0
6961,0x1800,0,0,bulk,accepted,64,64,421632,421760,0,0
6962,0x1800,0,0,bulk,accepted,64,64,421760,421888,0,0
6963,0x1800,0,0,bulk,accepted,64,64,421888,422016,0,0
6964,0x1800,0,0,bulk,accepted,64,64,422016,422144,0,0
6965,0x1800,0,0,bulk,accepted,64,64,422144,422272,0,0
6966,0x1800,0,0,bulk,accepted,64,64,422272,422400,0,0
6967,0x1800,0,0,bulk,accepted,64,64,422400,422528,0,0
6968,0x1800,0,0,bulk,accepted,64,64,422528,422656,0,0
6969,0x1800,0,0,bulk,accepted,64,64,422656,422784,0,0
6970,0x1800,0,0,bulk,accepted,64,64,422784,422912,0,0
6971,0x1800,0,0,bulk,accepted,64,64,422912,423040,0,0
6972,0x1800,0,0,bulk,accepted,64,64,423040,423168,0,0
6973,0x1800,0,0,bulk,accepted,64,64,423168,423296,0,0
6974,0x1800,0,0,bulk,accepted,64,64,423296,423424,0,0
6975,0x1800,0,0,bulk,accepted,64,64,423424,423552,0,0
6976,0x1800,0,0,bulk,accepted,64,64,423552,423680,0,0
6977,0x1800,0,0,bulk,accepted,64,64,423680,423808,0,0
6978,0x1800,0,0,bulk,accepted,64,64,423808,423936,0,0
6979,0x1800,0,0,bulk,accepted,64,64,423936,424064,0,0
6980,0x1800,0,0,bulk,accepted,64,64,424064,424192,0,0
6981,0x1800,0,0,bulk,accepted,64,64,424192,424320,0,0
6982,0x1800,0,0,bulk,accepted,64,64,424320,424448,0,0
6983,0x1800,0,0,bulk,accepted,64,64,424448,424576,0,0
6984,0x1800,0,0,bulk,accepted,64,64,424576,424704,0,0
6985,0x1800,0,0,bulk,accepted,64,64,424704,424832,0,0
6986,0x1800,0,0,bulk,accepted,64,64,424832,424960,0,0
6987,0x1800,0,0,bulk,accepted,64,64,424960,425088,0,0
6988,0x1800,0,0,bulk,accepted,64,64,425088,425216,0,0
6989,0x1800,0,0,bulk,accepted,64,64,425216,425344,0,0
6990,0x1800,0,0,bulk,accepted,64,64,425344,425472,0,0
6991,0x1800,0,0,bulk,accepted,64,64,425472,425600,0,0
6992,0x1800,0,0,bulk,accepted,64,64,425600,425728,0,0
6993,0x1800,0,0,bulk,accepted,64,64,425728,425856,0,0
6994,0x1800,0,0,bulk,accepted,64,64,425856,425984,0,0
6995,0x1800,0,0,bulk,accepted,64,64,425984,426112,0,0
6996,0x1800,0,0,bulk,accepted,64,64,426112,426240,0,0
6997,0x1800,0,0,bulk,accepted,64,64,426240,426368,0,0
6998,0x1800,0,0,bulk,accepted,64,64,426368,426496,0,0
6999,0x1800,0,0,bulk,accepted,64,64,426496,426624,0,0
7000,0x1800,0,0,bulk,accepted,64,64,426624,426752,0,0
7001,0x1800,0,0,bulk,accepted,64,64,426752,426880,0,0
7002,0x1800,0,0,bulk,accepted,64,64,426880,427008,0,0
7003,0x1800,0,0,bulk,accepted,64,64,427008,427136,0,0
7004,0x1800,0,0,bulk,accepted,64,64,427136,427264,0,0
7005,0x1800,0,0,bulk,accepted,64,64,427264,427392,0,0
7006,0x1800,0,0,bulk,accepted,64,64,427392,427520,0,0
7007,0x1800,0,0,bulk,accepted,64,64,427520,427648,0,0
7008,0x1800,0,0,bulk,accepted,64,64,427648,427776,0,0
7009,0x1800,0,0,bulk,accepted,64,64,427776,427904,0,0
7010,0x1800,0,0,bulk,accepted,64,64,427904,428032,0,0
7011,0x1800,0,0,bulk,accepted,64,64,428032,428160,0,0
7012,0x1800,0,0,bulk,accepted,64,64,428160,428288,0,0
7013,0x1800,0,0,bulk,accepted,64,64,428288,428416,0,0
7014,0x1800,0,0,bulk,accepted,64,64,428416,428544,0,0
7015,0x1800,0,0,bulk,accepted,64,64,428544,428672,0,0
7016,0x1800,0,0,bulk,accepted,64,64,428672,428800,0,0
7017,0x1800,0,0,bulk,accepted,64,64,428800,428928,0,0
7018,0x1800,0,0,bulk,accepted,64,64,428928,429056,0,0
7019,0x1800,0,0,bulk,accepted,64,64,429056,429184,0,0
7020,0x1800,0,0,bulk,accepted,64,64,429184,429312,0,0
7021,0x1800,0,0,bulk,accepted,64,64,429312,429440,0,0
7022,0x1800,0,0,bulk,accepted,64,64,429440,429568,0,0
7023,0x1800,0,0,bulk,accepted,64,64,429568,429696,0,0
7024,0x1800,0,0,bulk,accepted,64,64,429696,429824,0,0
7025,0x1800,0,0,bulk,accepted,64,64,429824,429952,0,0
7026,0x1800,0,0,bulk,accepted,64,64,429952,430080,0,0
7027,0x1800,0,0,bulk,accepted,64,64,430080,430208,0,0
7028,0x1800,0,0,bulk,accepted,64,64,430208,430336,0,0
7029,0x1800,0,0,bulk,accepted,64,64,430336,430464,0,0
7030,0x1800,0,0,bulk,accepted,64,64,430464,430592,0,0
7031,0x1800,0,0,bulk,accepted,64,64,430592,430720,0,0
7032,0x1800,0,0,bulk,accepted,64,64,430720,430848,0,0
7033,0x1800,0,0,bulk,accepted,64,64,430848,430976,0,0
7034,0x1800,0,0,bulk,accepted,64,64,430976,431104,0,0
7035,0x1800,0,0,bulk,accepted,64,64,431104,431232,0,0
7036,0x1800,0,0,bulk,accepted,64,64,431232,431360,0,0
7037,0x1800,0,0,bulk,accepted,64,64,431360,431488,0,0
7038,0x1800,0,0,bulk,accepted,64,64,431488,431616,0,0
7039,0x1800,0,0,bulk,accepted,64,64,431616,431744,0,0
7040,0x1800,0,0,bulk,accepted,64,64,431744,431872,0,0
7041,0x1800,0,0,bulk,accepted,64,64,431872,432000,0,0
7042,0x1800,0,0,bulk,accepted,64,64,432000,432128,0,0
7043,0x1800,0,0,bulk,accepted,64,64,432128,432256,0,0
7044,0x1800,0,0,bulk,accepted,64,64,432256,432384,0,0
7045,0x1800,0,0,bulk,accepted,64,64,432384,432512,0,0
7046,0x1800,0,0,bulk,accepted,64,64,432512,432640,0,0
7047,0x1800,0,0,bulk,accepted,64,64,432640,432768,0,0
7048,0x1800,0,0,bulk,accepted,64,64,432768,432896,0,0
7049,0x1800,0,0,bulk,accepted,64,64,432896,433024,0,0
7050,0x1800,0,0,bulk,accepted,64,64,433024,433152,0,0
7051,0x1800,0,0,bulk,accepted,64,64,433152,433280,0,0
7052,0x1800,0,0,bulk,accepted,64,64,433280,433408,0,0
7053,0x1800,0,0,bulk,accepted,64,64,433408,433536,0,0
7054,0x1800,0,0,bulk,accepted,64,64,433536,433664,0,0
7055,0x1800,0,0,bulk,accepted,64,64,433664,433792,0,0
7056,0x1800,0,0,bulk,accepted,64,64,433792,433920,0,0
7057,0x1800,0,0,bulk,accepted,64,64,433920,434048,0,0
7058,0x1800,0,0,bulk,accepted,64,64,434048,434176,0,0
7059,0x1800,0,0,bulk,accepted,64,64,434176,434304,0,0
7060,0x1800,0,0,bulk,accepted,64,64,434304,434432,0,0
7061,0x1800,0,0,bulk,accepted,64,64,434432,434560,0,0
7062,0x1800,0,0,bulk,accepted,64,64,434560,434688,0,0
7063,0x1800,0,0,bulk,accepted,64,64,434688,434816,0,0
7064,0x1800,0,0,bulk,accepted,64,64,434816,434944,0,0
7065,0x1800,0,0,bulk,accepted,64,64,434944,435072,0,0
7066,0x1800,0,0,bulk,accepted,64,64,435072,435200,0,0
7067,0x1800,0,0,bulk,accepted,64,64,435200,435328,0,0
7068,0x1800,0,0,bulk,accepted,64,64,435328,435456,0,0
7069,0x1800,0,0,bulk,accepted,64,64,435456,435584,0,0
7070,0x1800,0,0,bulk,accepted,64,64,435584,435712,0,0
7071,0x1800,0,0,bulk,accepted,64,64,435712,435840,0,0
7072,0x1800,0,0,bulk,accepted,64,64,435840,435968,0,0
7073,0x1800,0,0,bulk,accepted,64,64,435968,436096,0,0
7074,0x1800,0,0,bulk,accepted,64,64,436096,436224,0,0
7075,0x1800,0,0,bulk,accepted,64,64,436224,436352,0,0
7076,0x1800,0,0,bulk,accepted,64,64,436352,436480,0,0
7077,0x1800,0,0,bulk,accepted,64,64,436480,436608,0,0
7078,0x1800,0,0,bulk,accepted,64,64,436608,436736,0,0
7079,0x1800,0,0,bulk,accepted,64,64,436736,436864,0,0
7080,0x1800,0,0,bulk,accepted,64,64,436864,436992,0,0
7081,0x1800,0,0,bulk,accepted,64,64,436992,437120,0,0
7082,0x1800,0,0,bulk,accepted,64,64,437120,437248,0,0
7083,0x1800,0,0,bulk,accepted,64,64,437248,437376,0,0
7084,0x1800,0,0,bulk,accepted,64,64,437376,437504,0,0
7085,0x1800,0,0,bulk,accepted,64,64,437504,437632,0,0
7086,0x1800,0,0,bulk,accepted,64,64,437632,437760,0,0
7087,0x1800,0,0,bulk,accepted,64,64,437760,437888,0,0
7088,0x1800,0,0,bulk,accepted,64,64,437888,438016,0,0
7089,0x1800,0,0,bulk,accepted,64,64,438016,438144,0,0
7090,0x1800,0,0,bulk,accepted,64,64,438144,438272,0,0
7091,0x1800,0,0,bulk,accepted,64,64,438272,438400,0,0
7092,0x1800,0,0,bulk,accepted,64,64,438400,438528,0,0
7093,0x1800,0,0,bulk,accepted,64,64,438528,438656,0,0
7094,0x1800,0,0,bulk,accepted,64,64,438656,438784,0,0
7095,0x1800,0,0,bulk,accepted,64,64,438784,438912,0,0
7096,0x1800,0,0,bulk,accepted,64,64,438912,439040,0,0
7097,0x1800,0,0,bulk,accepted,64,64,439040,439168,0,0
7098,0x1800,0,0,bulk,accepted,64,64,439168,439296,0,0
7099,0x1800,0,0,bulk,accepted,64,64,439296,439424,0,0
7100,0x1800,0,0,bulk,accepted,64,64,439424,439552,0,0
7101,0x1800,0,0,bulk,accepted,64,64,439552,439680,0,0
7102,0x1800,0,0,bulk,accepted,64,64,439680,439808,0,0
7103,0x1800,0,0,bulk,accepted,64,64,439808,439936,0,0
7104,0x1800,0,0,bulk,accepted,64,64,439936,440064,0,0
7105,0x1800,0,0,bulk,accepted,64,64,440064,440192,0,0
7106,0x1800,0,0,bulk,accepted,64,64,440192,440320,0,0
7107,0x1800,0,0,bulk,accepted,64,64,440320,440448,0,0
7108,0x1800,0,0,bulk,accepted,64,64,440448,440576,0,0
7109,0x1800,0,0,bulk,accepted,64,64,440576,440704,0,0
7110,0x1800,0,0,bulk,accepted,64,64,440704,440832,0,0
7111,0x1800,0,0,bulk,accepted,64,64,440832,440960,0,0
7112,0x1800,0,0,bulk,accepted,64,64,440960,441088,0,0
7113,0x1800,0,0,bulk,accepted,64,64,441088,441216,0,0
7114,0x1800,0,0,bulk,accepted,64,64,441216,441344,0,0
7115,0x1800,0,0,bulk,accepted,64,64,441344,441472,0,0
7116,0x1800,0,0,bulk,accepted,64,64,441472,441600,0,0
7117,0x1800,0,0,bulk,accepted,64,64,441600,441728,0,0
7118,0x1800,0,0,bulk,accepted,64,64,441728,441856,0,0
7119,0x1800,0,0,bulk,accepted,64,64,441856,441984,0,0
7120,0x1800,0,0,bulk,accepted,64,64,441984,442112,0,0
7121,0x1800,0,0,bulk,accepted,64,64,442112,442240,0,0
7122,0x1800,0,0,bulk,accepted,64,64,442240,442368,0,0
7123,0x1800,0,0,bulk,accepted,64,64,442368,442496,0,0
7124,0x1800,0,0,bulk,accepted,64,64,442496,442624,0,0
7125,0x1800,0,0,bulk,accepted,64,64,442624,442752,0,0
7126,0x1800,0,0,bulk,accepted,64,64,442752,442880,0,0
7127,0x1800,0,0,bulk,accepted,64,64,442880,443008,0,0
7128,0x1800,0,0,bulk,accepted,64,64,443008,443136,0,0
7129,0x1800,0,0,bulk,accepted,64,64,443136,443264,0,0
7130,0x1800,0,0,bulk,accepted,64,64,443264,443392,0,0
7131,0x1800,0,0,bulk,accepted,64,64,443392,443520,0,0
7132,0x1800,0,0,bulk,accepted,64,64,443520,443648,0,0
7133,0x1800,0,0,bulk,accepted,64,64,443648,443776,0,0
7134,0x1800,0,0,bulk,accepted,64,64,443776,443904,0,0
7135,0x1800,0,0,bulk,accepted,64,64,443904,444032,0,0
7136,0x1800,0,0,bulk,accepted,64,64,444032,444160,0,0
7137,0x1800,0,0,bulk,accepted,64,64,444160,444288,0,0
7138,0x1800,0,0,bulk,accepted,64,64,444288,444416,0,0
7139,0x1800,0,0,bulk,accepted,64,64,444416,444544,0,0
7140,0x1800,0,0,bulk,accepted,64,64,444544,444672,0,0
7141,0x1800,0,0,bulk,accepted,64,64,444672,444800,0,0
7142,0x1800,0,0,bulk,accepted,64,64,444800,444928,0,0
7143,0x1800,0,0,bulk,accepted,64,64,444928,445056,0,0
7144,0x1800,0,0,bulk,accepted,64,64,445056,445184,0,0
7145,0x1800,0,0,bulk,accepted,64,64,445184,445312,0,0
7146,0x1800,0,0,bulk,accepted,64,64,445312,445440,0,0
7147,0x1800,0,0,bulk,accepted,64,64,445440,445568,0,0
7148,0x1800,0,0,bulk,accepted,64,64,445568,445696,0,0
7149,0x1800,0,0,bulk,accepted,64,64,445696,445824,0,0
7150,0x1800,0,0,bulk,accepted,64,64,445824,445952,0,0
7151,0x1800,0,0,bulk,accepted,64,64,445952,446080,0,0
7152,0x1800,0,0,bulk,accepted,64,64,446080,446208,0,0
7153,0x1800,0,0,bulk,accepted,64,64,446208,446336,0,0
7154,0x1800,0,0,bulk,accepted,64,64,446336,446464,0,0
7155,0x1800,0,0,bulk,accepted,64,64,446464,446592,0,0
7156,0x1800,0,0,bulk,accepted,64,64,446592,446720,0,0
7157,0x1800,0,0,bulk,accepted,64,64,446720,446848,0,0
7158,0x1800,0,0,bulk,accepted,64,64,446848,446976,0,0
7159,0x1800,0,0,bulk,accepted,64,64,446976,447104,0,0
7160,0x1800,0,0,bulk,accepted,64,64,447104,447232,0,0
7161,0x1800,0,0,bulk,accepted,64,64,447232,447360,0,0
7162,0x1800,0,0,bulk,accepted,64,64,447360,447488,0,0
7163,0x1800,0,0,bulk,accepted,64,64,447488,447616,0,0
7164,0x1800,0,0,bulk,accepted,64,64,447616,447744,0,0
7165,0x1800,0,0,bulk,accepted,64,64,447744,447872,0,0
7166,0x1800,0,0,bulk,accepted,64,64,447872,448000,0,0
7167,0x1800,0,0,bulk,accepted,64,64,448000,448128,0,0
7168,0x1800,0,0,bulk,accepted,64,64,448128,448256,0,0
7169,0x1800,0,0,bulk,accepted,64,64,448256,448384,0,0
7170,0x1800,0,0,bulk,accepted,64,64,448384,448512,0,0
7171,0x1800,0,0,bulk,accepted,64,64,448512,448640,0,0
7172,0x1800,0,0,bulk,accepted,64,64,448640,448768,0,0
7173,0x1800,0,0,bulk,accepted,64,64,448768,448896,0,0
7174,0x1800,0,0,bulk,accepted,64,64,448896,449024,0,0
7175,0x1800,0,0,bulk,accepted,64,64,449024,449152,0,0
7176,0x1800,0,0,bulk,accepted,64,64,449152,449280,0,0
7177,0x1800,0,0,bulk,accepted,64,64,449280,449408,0,0
7178,0x1800,0,0,bulk,accepted,64,64,449408,449536,0,0
7179,0x1800,0,0,bulk,accepted,64,64,449536,449664,0,0
7180,0x1800,0,0,bulk,accepted,64,64,449664,449792,0,0
7181,0x1800,0,0,bulk,accepted,64,64,449792,449920,0,0
7182,0x1800,0,0,bulk,accepted,64,64,449920,450048,0,0
7183,0x1800,0,0,bulk,accepted,64,64,450048,450176,0,0
7184,0x1800,0,0,bulk,accepted,64,64,450176,450304,0,0
7185,0x1800,0,0,bulk,accepted,64,64,450304,450432,0,0
7186,0x1800,0,0,bulk,accepted,64,64,450432,450560,0,0
7187,0x1800,0,0,bulk,accepted,64,64,450560,450688,0,0
7188,0x1800,0,0,bulk,accepted,64,64,450688,450816,0,0
7189,0x1800,0,0,bulk,accepted,64,64,450816,450944,0,0
7190,0x1800,0,0,bulk,accepted,64,64,450944,451072,0,0
7191,0x1800,0,0,bulk,accepted,64,64,451072,451200,0,0
7192,0x1800,0,0,bulk,accepted,64,64,451200,451328,0,0
7193,0x1800,0,0,bulk,accepted,64,64,451328,451456,0,0
7194,0x1800,0,0,bulk,accepted,64,64,451456,451584,0,0
7195,0x1800,0,0,bulk,accepted,64,64,451584,451712,0,0
7196,0x1800,0,0,bulk,accepted,64,64,451712,451840,0,0
7197,0x1800,0,0,bulk,accepted,64,64,451840,451968,0,0
7198,0x1800,0,0,bulk,accepted,64,64,451968,452096,0,0
7199,0x1800,0,0,bulk,accepted,64,64,452096,452224,0,0
7200,0x1800,0,0,bulk,accepted,64,64,452224,452352,0,0
7201,0x1800,0,0,bulk,accepted,64,64,452352,452480,0,0
7202,0x1800,0,0,bulk,accepted,64,64,452480,452608,0,0
7203,0x1800,0,0,bulk,accepted,64,64,452608,452736,0,0
7204,0x1800,0,0,bulk,accepted,64,64,452736,452864,0,0
7205,0x1800,0,0,bulk,accepted,64,64,452864,452992,0,0
7206,0x1800,0,0,bulk,accepted,64,64,452992,453120,0,0
7207,0x1800,0,0,bulk,accepted,64,64,453120,453248,0,0
7208,0x1800,0,0,bulk,accepted,64,64,453248,453376,0,0
7209,0x1800,0,0,bulk,accepted,64,64,453376,453504,0,0
7210,0x1800,0,0,bulk,accepted,64,64,453504,453632,0,0
7211,0x1800,0,0,bulk,accepted,64,64,453632,453760,0,0
7212,0x1800,0,0,bulk,accepted,64,64,453760,453888,0,0
7213,0x1800,0,0,bulk,accepted,64,64,453888,454016,0,0
7214,0x1800,0,0,bulk,accepted,64,64,454016,454144,0,0
7215,0x1800,0,0,bulk,accepted,64,64,454144,454272,0,0
7216,0x1800,0,0,bulk,accepted,64,64,454272,454400,0,0
7217,0x1800,0,0,bulk,accepted,64,64,454400,454528,0,0
7218,0x1800,0,0,bulk,accepted,64,64,454528,454656,0,0
7219,0x1800,0,0,bulk,accepted,64,64,454656,454784,0,0
7220,0x1800,0,0,bulk,accepted,64,64,454784,454912,0,0
7221,0x1800,0,0,bulk,accepted,64,64,454912,455040,0,0
7222,0x1800,0,0,bulk,accepted,64,64,455040,455168,0,0
7223,0x1800,0,0,bulk,accepted,64,64,455168,455296,0,0
7224,0x1800,0,0,bulk,accepted,64,64,455296,455424,0,0
7225,0x1800,0,0,bulk,accepted,64,64,455424,455552,0,0
7226,0x1800,0,0,bulk,accepted,64,64,455552,455680,0,0
7227,0x1800,0,0,bulk,accepted,64,64,455680,455808,0,0
7228,0x1800,0,0,bulk,accepted,64,64,455808,455936,0,0
7229,0x1800,0,0,bulk,accepted,64,64,455936,456064,0,0
7230,0x1800,0,0,bulk,accepted,64,64,456064,456192,0,0
7231,0x1800,0,0,bulk,accepted,64,64,456192,456320,0,0
7232,0x1800,0,0,bulk,accepted,64,64,456320,456448,0,0
7233,0x1800,0,0,bulk,accepted,64,64,456448,456576,0,0
7234,0x1800,0,0,bulk,accepted,64,64,456576,456704,0,0
7235,0x1800,0,0,bulk,accepted,64,64,456704,456832,0,0
7236,0x1800,0,0,bulk,accepted,64,64,456832,456960,0,0
7237,0x1800,0,0,bulk,accepted,64,64,456960,457088,0,0
7238,0x1800,0,0,bulk,accepted,64,64,457088,457216,0,0
7239,0x1800,0,0,bulk,accepted,64,64,457216,457344,0,0
7240,0x1800,0,0,bulk,accepted,64,64,457344,457472,0,0
7241,0x1800,0,0,bulk,accepted,64,64,457472,457600,0,0
7242,0x1800,0,0,bulk,accepted,64,64,457600,457728,0,0
7243,0x1800,0,0,bulk,accepted,64,64,457728,457856,0,0
7244,0x1800,0,0,bulk,accepted,64,64,457856,457984,0,0
7245,0x1800,0,0,bulk,accepted,64,64,457984,458112,0,0
7246,0x1800,0,0,bulk,accepted,64,64,458112,458240,0,0
7247,0x1800,0,0,bulk,accepted,64,64,458240,458368,0,0
7248,0x1800,0,0,bulk,accepted,64,64,458368,458496,0,0
7249,0x1800,0,0,bulk,accepted,64,64,458496,458624,0,0
7250,0x1800,0,0,bulk,accepted,64,64,458624,458752,0,0
7251,0x1800,0,0,bulk,accepted,64,64,458752,458880,0,0
7252,0x1800,0,0,bulk,accepted,64,64,458880,459008,0,0
7253,0x1800,0,0,bulk,accepted,64,64,459008,459136,0,0
7254,0x1800,0,0,bulk,accepted,64,64,459136,459264,0,0
7255,0x1800,0,0,bulk,accepted,64,64,459264,459392,0,0
7256,0x1800,0,0,bulk,accepted,64,64,459392,459520,0,0
7257,0x1800,0,0,bulk,accepted,64,64,459520,459648,0,0
7258,0x1800,0,0,bulk,accepted,64,64,459648,459776,0,0
7259,0x1800,0,0,bulk,accepted,64,64,459776,459904,0,0
7260,0x1800,0,0,bulk,accepted,64,64,459904,460032,0,0
7261,0x1800,0,0,bulk,accepted,64,64,460032,460160,0,0
7262,0x1800,0,0,bulk,accepted,64,64,460160,460288,0,0
7263,0x1800,0,0,bulk,accepted,64,64,460288,460416,0,0
7264,0x1800,0,0,bulk,accepted,64,64,460416,460544,0,0
7265,0x1800,0,0,bulk,accepted,64,64,460544,460672,0,0
7266,0x1800,0,0,bulk,accepted,64,64,460672,460800,0,0
7267,0x1800,0,0,bulk,accepted,64,64,460800,460928,0,0
7268,0x1800,0,0,bulk,accepted,64,64,460928,461056,0,0
7269,0x1800,0,0,bulk,accepted,64,64,461056,461184,0,0
7270,0x1800,0,0,bulk,accepted,64,64,461184,461312,0,0
7271,0x1800,0,0,bulk,accepted,64,64,461312,461440,0,0
7272,0x1800,0,0,bulk,accepted,64,64,461440,461568,0,0
7273,0x1800,0,0,bulk,accepted,64,64,461568,461696,0,0
7274,0x1800,0,0,bulk,accepted,64,64,461696,461824,0,0
7275,0x1800,0,0,bulk,accepted,64,64,461824,461952,0,0
7276,0x1800,0,0,bulk,accepted,64,64,461952,462080,0,0
7277,0x1800,0,0,bulk,accepted,64,64,462080,462208,0,0
7278,0x1800,0,0,bulk,accepted,64,64,462208,462336,0,0
7279,0x1800,0,0,bulk,accepted,64,64,462336,462464,0,0
7280,0x1800,0,0,bulk,accepted,64,64,462464,462592,0,0
7281,0x1800,0,0,bulk,accepted,64,64,462592,462720,0,0
7282,0x1800,0,0,bulk,accepted,64,64,462720,462848,0,0
7283,0x1800,0,0,bulk,accepted,64,64,462848,462976,0,0
7284,0x1800,0,0,bulk,accepted,64,64,462976,463104,0,0
7285,0x1800,0,0,bulk,accepted,64,64,463104,463232,0,0
7286,0x1800,0,0,bulk,accepted,64,64,463232,463360,0,0
7287,0x1800,0,0,bulk,accepted,64,64,463360,463488,0,0
7288,0x1800,0,0,bulk,accepted,64,64,463488,463616,0,0
7289,0x1800,0,0,bulk,accepted,64,64,463616,463744,0,0
7290,0x1800,0,0,bulk,accepted,64,64,463744,463872,0,0
7291,0x1800,0,0,bulk,accepted,64,64,463872,464000,0,0
7292,0x1800,0,0,bulk,accepted,64,64,464000,464128,0,0
7293,0x1800,0,0,bulk,accepted,64,64,464128,464256,0,0
7294,0x1800,0,0,bulk,accepted,64,64,464256,464384,0,0
7295,0x1800,0,0,bulk,accepted,64,64,464384,464512,0,0
7296,0x1800,0,0,bulk,accepted,64,64,464512,464640,0,0
7297,0x1800,0,0,bulk,accepted,64,64,464640,464768,0,0
7298,0x1800,0,0,bulk,accepted,64,64,464768,464896,0,0
7299,0x1800,0,0,bulk,accepted,64,64,464896,465024,0,0
7300,0x1800,0,0,bulk,accepted,64,64,465024,465152,0,0
7301,0x1800,0,0,bulk,accepted,64,64,465152,465280,0,0
7302,0x1800,0,0,bulk,accepted,64,64,465280,465408,0,0
7303,0x1800,0,0,bulk,accepted,64,64,465408,465536,0,0
7304,0x1800,0,0,bulk,accepted,64,64,465536,465664,0,0
7305,0x1800,0,0,bulk,accepted,64,64,465664,465792,0,0
7306,0x1800,0,0,bulk,accepted,64,64,465792,465920,0,0
7307,0x1800,0,0,bulk,accepted,64,64,465920,466048,0,0
7308,0x1800,0,0,bulk,accepted,64,64,466048,466176,0,0
7309,0x1800,0,0,bulk,accepted,64,64,466176,466304,0,0
7310,0x1800,0,0,bulk,accepted,64,64,466304,466432,0,0
7311,0x1800,0,0,bulk,accepted,64,64,466432,466560,0,0
7312,0x1800,0,0,bulk,accepted,64,64,466560,466688,0,0
7313,0x1800,0,0,bulk,accepted,64,64,466688,466816,0,0
7314,0x1800,0,0,bulk,accepted,64,64,466816,466944,0,0
7315,0x1800,0,0,bulk,accepted,64,64,466944,467072,0,0
7316,0x1800,0,0,bulk,accepted,64,64,467072,467200,0,0
7317,0x1800,0,0,bulk,accepted,64,64,467200,467328,0,0
7318,0x1800,0,0,bulk,accepted,64,64,467328,467456,0,0
7319,0x1800,0,0,bulk,accepted,64,64,467456,467584,0,0
7320,0x1800,0,0,bulk,accepted,64,64,467584,467712,0,0
7321,0x1800,0,0,bulk,accepted,64,64,467712,467840,0,0
7322,0x1800,0,0,bulk,accepted,64,64,467840,467968,0,0
7323,0x1800,0,0,bulk,accepted,64,64,467968,468096,0,0
7324,0x1800,0,0,bulk,accepted,64,64,468096,468224,0,0
7325,0x1800,0,0,bulk,accepted,64,64,468224,468352,0,0
7326,0x1800,0,0,bulk,accepted,64,64,468352,468480,0,0
7327,0x1800,0,0,bulk,accepted,64,64,468480,468608,0,0
7328,0x1800,0,0,bulk,accepted,64,64,468608,468736,0,0
7329,0x1800,0,0,bulk,accepted,64,64,468736,468864,0,0
7330,0x1800,0,0,bulk,accepted,64,64,468864,468992,0,0
7331,0x1800,0,0,bulk,accepted,64,64,468992,469120,0,0
7332,0x1800,0,0,bulk,accepted,64,64,469120,469248,0,0
7333,0x1800,0,0,bulk,accepted,64,64,469248,469376,0,0
7334,0x1800,0,0,bulk,accepted,64,64,469376,469504,0,0
7335,0x1800,0,0,bulk,accepted,64,64,469504,469632,0,0
7336,0x1800,0,0,bulk,accepted,64,64,469632,469760,0,0
7337,0x1800,0,0,bulk,accepted,64,64,469760,469888,0,0
7338,0x1800,0,0,bulk,accepted,64,64,469888,470016,0,0
7339,0x1800,0,0,bulk,accepted,64,64,470016,470144,0,0
7340,0x1800,0,0,bulk,accepted,64,64,470144,470272,0,0
7341,0x1800,0,0,bulk,accepted,64,64,470272,470400,0,0
7342,0x1800,0,0,bulk,accepted,64,64,470400,470528,0,0
7343,0x1800,0,0,bulk,accepted,64,64,470528,470656,0,0
7344,0x1800,0,0,bulk,accepted,64,64,470656,470784,0,0
7345,0x1800,0,0,bulk,accepted,64,64,470784,470912,0,0
7346,0x1800,0,0,bulk,accepted,64,64,470912,471040,0,0
7347,0x1800,0,0,bulk,accepted,64,64,471040,471168,0,0
7348,0x1800,0,0,bulk,accepted,64,64,471168,471296,0,0
7349,0x1800,0,0,bulk,accepted,64,64,471296,471424,0,0
7350,0x1800,0,0,bulk,accepted,64,64,471424,471552,0,0
7351,0x1800,0,0,bulk,accepted,64,64,471552,471680,0,0
7352,0x1800,0,0,bulk,accepted,64,64,471680,471808,0,0
7353,0x1800,0,0,bulk,accepted,64,64,471808,471936,0,0
7354,0x1800,0,0,bulk,accepted,64,64,471936,472064,0,0
7355,0x1800,0,0,bulk,accepted,64,64,472064,472192,0,0
7356,0x1800,0,0,bulk,accepted,64,64,472192,472320,0,0
7357,0x1800,0,0,bulk,accepted,64,64,472320,472448,0,0
7358,0x1800,0,0,bulk,accepted,64,64,472448,472576,0,0
7359,0x1800,0,0,bulk,accepted,64,64,472576,472704,0,0
7360,0x1800,0,0,bulk,accepted,64,64,472704,472832,0,0
7361,0x1800,0,0,bulk,accepted,64,64,472832,472960,0,0
7362,0x1800,0,0,bulk,accepted,64,64,472960,473088,0,0
7363,0x1800,0,0,bulk,accepted,64,64,473088,473216,0,0
7364,0x1800,0,0,bulk,accepted,64,64,473216,473344,0,0
7365,0x1800,0,0,bulk,accepted,64,64,473344,473472,0,0
7366,0x1800,0,0,bulk,accepted,64,64,473472,473600,0,0
7367,0x1800,0,0,bulk,accepted,64,64,473600,473728,0,0
7368,0x1800,0,0,bulk,accepted,64,64,473728,473856,0,0
7369,0x1800,0,0,bulk,accepted,64,64,473856,473984,0,0
7370,0x1800,0,0,bulk,accepted,64,64,473984,474112,0,0
7371,0x1800,0,0,bulk,accepted,64,64,474112,474240,0,0
7372,0x1800,0,0,bulk,accepted,64,64,474240,474368,0,0
7373,0x1800,0,0,bulk,accepted,64,64,474368,474496,0,0
7374,0x1800,0,0,bulk,accepted,64,64,474496,474624,0,0
7375,0x1800,0,0,bulk,accepted,64,64,474624,474752,0,0
7376,0x1800,0,0,bulk,accepted,64,64,474752,474880,0,0
7377,0x1800,0,0,bulk,accepted,64,64,474880,475008,0,0
7378,0x1800,0,0,bulk,accepted,64,64,475008,475136,0,0
7379,0x1800,0,0,bulk,accepted,64,64,475136,475264,0,0
7380,0x1800,0,0,bulk,accepted,64,64,475264,475392,0,0
7381,0x1800,0,0,bulk,accepted,64,64,475392,475520,0,0
7382,0x1800,0,0,bulk,accepted,64,64,475520,475648,0,0
7383,0x1800,0,0,bulk,accepted,64,64,475648,475776,0,0
7384,0x1800,0,0,bulk,accepted,64,64,475776,475904,0,0
7385,0x1800,0,0,bulk,accepted,64,64,475904,476032,0,0
7386,0x1800,0,0,bulk,accepted,64,64,476032,476160,0,0
7387,0x1800,0,0,bulk,accepted,64,64,476160,476288,0,0
7388,0x1800,0,0,bulk,accepted,64,64,476288,476416,0,0
7389,0x1800,0,0,bulk,accepted,64,64,476416,476544,0,0
7390,0x1800,0,0,bulk,accepted,64,64,476544,476672,0,0
7391,0x1800,0,0,bulk,accepted,64,64,476672,476800,0,0
7392,0x1800,0,0,bulk,accepted,64,64,476800,476928,0,0
7393,0x1800,0,0,bulk,accepted,64,64,476928,477056,0,0
7394,0x1800,0,0,bulk,accepted,64,64,477056,477184,0,0
7395,0x1800,0,0,bulk,accepted,64,64,477184,477312,0,0
7396,0x1800,0,0,bulk,accepted,64,64,477312,477440,0,0
7397,0x1800,0,0,bulk,accepted,64,64,477440,477568,0,0
7398,0x1800,0,0,bulk,accepted,64,64,477568,477696,0,0
7399,0x1800,0,0,bulk,accepted,64,64,477696,477824,0,0
7400,0x1800,0,0,bulk,accepted,64,64,477824,477952,0,0
7401,0x1800,0,0,bulk,accepted,64,64,477952,478080,0,0
7402,0x1800,0,0,bulk,accepted,64,64,478080,478208,0,0
7403,0x1800,0,0,bulk,accepted,64,64,478208,478336,0,0
7404,0x1800,0,0,bulk,accepted,64,64,478336,478464,0,0
7405,0x1800,0,0,bulk,accepted,64,64,478464,478592,0,0
7406,0x1800,0,0,bulk,accepted,64,64,478592,478720,0,0
7407,0x1800,0,0,bulk,accepted,64,64,478720,478848,0,0
7408,0x1800,0,0,bulk,accepted,64,64,478848,478976,0,0
7409,0x1800,0,0,bulk,accepted,64,64,478976,479104,0,0
7410,0x1800,0,0,bulk,accepted,64,64,479104,479232,0,0
7411,0x1800,0,0,bulk,accepted,64,64,479232,479360,0,0
7412,0x1800,0,0,bulk,accepted,64,64,479360,479488,0,0
7413,0x1800,0,0,bulk,accepted,64,64,479488,479616,0,0
7414,0x1800,0,0,bulk,accepted,64,64,479616,479744,0,0
7415,0x1800,0,0,bulk,accepted,64,64,479744,479872,0,0
7416,0x1800,0,0,bulk,accepted,64,64,479872,480000,0,0
7417,0x1800,0,0,bulk,accepted,64,64,480000,480128,0,0
7418,0x1800,0,0,bulk,accepted,64,64,480128,480256,0,0
7419,0x1800,0,0,bulk,accepted,64,64,480256,480384,0,0
7420,0x1800,0,0,bulk,accepted,64,64,480384,480512,0,0
7421,0x1800,0,0,bulk,accepted,64,64,480512,480640,0,0
7422,0x1800,0,0,bulk,accepted,64,64,480640,480768,0,0
7423,0x1800,0,0,bulk,accepted,64,64,480768,480896,0,0
7424,0x1800,0,0,bulk,accepted,64,64,480896,481024,0,0
7425,0x1800,0,0,bulk,accepted,64,64,481024,481152,0,0
7426,0x1800,0,0,bulk,accepted,64,64,481152,481280,0,0
7427,0x1800,0,0,bulk,accepted,64,64,481280,481408,0,0
7428,0x1800,0,0,bulk,accepted,64,64,481408,481536,0,0
7429,0x1800,0,0,bulk,accepted,64,64,481536,481664,0,0
7430,0x1800,0,0,bulk,accepted,64,64,481664,481792,0,0
7431,0x1800,0,0,bulk,accepted,64,64,481792,481920,0,0
7432,0x1800,0,0,bulk,accepted,64,64,481920,482048,0,0
7433,0x1800,0,0,bulk,accepted,64,64,482048,482176,0,0
7434,0x1800,0,0,bulk,accepted,64,64,482176,482304,0,0
7435,0x1800,0,0,bulk,accepted,64,64,482304,482432,0,0
7436,0x1800,0,0,bulk,accepted,64,64,482432,482560,0,0
7437,0x1800,0,0,bulk,accepted,64,64,482560,482688,0,0
7438,0x1800,0,0,bulk,accepted,64,64,482688,482816,0,0
7439,0x1800,0,0,bulk,accepted,64,64,482816,482944,0,0
7440,0x1800,0,0,bulk,accepted,64,64,482944,483072,0,0
7441,0x1800,0,0,bulk,accepted,64,64,483072,483200,0,0
7442,0x1800,0,0,bulk,accepted,64,64,483200,483328,0,0
7443,0x1800,0,0,bulk,accepted,64,64,483328,483456,0,0
7444,0x1800,0,0,bulk,accepted,64,64,483456,483584,0,0
7445,0x1800,0,0,bulk,accepted,64,64,483584,483712,0,0
7446,0x1800,0,0,bulk,accepted,64,64,483712,483840,0,0
7447,0x1800,0,0,bulk,accepted,64,64,483840,483968,0,0
7448,0x1800,0,0,bulk,accepted,64,64,483968,484096,0,0
7449,0x1800,0,0,bulk,accepted,64,64,484096,484224,0,0
7450,0x1800,0,0,bulk,accepted,64,64,484224,484352,0,0
7451,0x1800,0,0,bulk,accepted,64,64,484352,484480,0,0
7452,0x1800,0,0,bulk,accepted,64,64,484480,484608,0,0
7453,0x1800,0,0,bulk,accepted,64,64,484608,484736,0,0
7454,0x1800,0,0,bulk,accepted,64,64,484736,484864,0,0
7455,0x1800,0,0,bulk,accepted,64,64,484864,484992,0,0
7456,0x1800,0,0,bulk,accepted,64,64,484992,485120,0,0
7457,0x1800,0,0,bulk,accepted,64,64,485120,485248,0,0
7458,0x1800,0,0,bulk,accepted,64,64,485248,485376,0,0
7459,0x1800,0,0,bulk,accepted,64,64,485376,485504,0,0
7460,0x1800,0,0,bulk,accepted,64,64,485504,485632,0,0
7461,0x1800,0,0,bulk,accepted,64,64,485632,485760,0,0
7462,0x1800,0,0,bulk,accepted,64,64,485760,485888,0,0
7463,0x1800,0,0,bulk,accepted,64,64,485888,486016,0,0
7464,0x1800,0,0,bulk,accepted,64,64,486016,486144,0,0
7465,0x1800,0,0,bulk,accepted,64,64,486144,486272,0,0
7466,0x1800,0,0,bulk,accepted,64,64,486272,486400,0,0
7467,0x1800,0,0,bulk,accepted,64,64,486400,486528,0,0
7468,0x1800,0,0,bulk,accepted,64,64,486528,486656,0,0
7469,0x1800,0,0,bulk,accepted,64,64,486656,486784,0,0
7470,0x1800,0,0,bulk,accepted,64,64,486784,486912,0,0
7471,0x1800,0,0,bulk,accepted,64,64,486912,487040,0,0
7472,0x1800,0,0,bulk,accepted,64,64,487040,487168,0,0
7473,0x1800,0,0,bulk,accepted,64,64,487168,487296,0,0
7474,0x1800,0,0,bulk,accepted,64,64,487296,487424,0,0
7475,0x1800,0,0,bulk,accepted,64,64,487424,487552,0,0
7476,0x1800,0,0,bulk,accepted,64,64,487552,487680,0,0
7477,0x1800,0,0,bulk,accepted,64,64,487680,487808,0,0
7478,0x1800,0,0,bulk,accepted,64,64,487808,487936,0,0
7479,0x1800,0,0,bulk,accepted,64,64,487936,488064,0,0
7480,0x1800,0,0,bulk,accepted,64,64,488064,488192,0,0
7481,0x1800,0,0,bulk,accepted,64,64,488192,488320,0,0
7482,0x1800,0,0,bulk,accepted,64,64,488320,488448,0,0
7483,0x1800,0,0,bulk,accepted,64,64,488448,488576,0,0
7484,0x1800,0,0,bulk,accepted,64,64,488576,488704,0,0
7485,0x1800,0,0,bulk,accepted,64,64,488704,488832,0,0
7486,0x1800,0,0,bulk,accepted,64,64,488832,488960,0,0
7487,0x1800,0,0,bulk,accepted,64,64,488960,489088,0,0
7488,0x1800,0,0,bulk,accepted,64,64,489088,489216,0,0
7489,0x1800,0,0,bulk,accepted,64,64,489216,489344,0,0
7490,0x1800,0,0,bulk,accepted,64,64,489344,489472,0,0
7491,0x1800,0,0,bulk,accepted,64,64,489472,489600,0,0
7492,0x1800,0,0,bulk,accepted,64,64,489600,489728,0,0
7493,0x1800,0,0,bulk,accepted,64,64,489728,489856,0,0
7494,0x1800,0,0,bulk,accepted,64,64,489856,489984,0,0
7495,0x1800,0,0,bulk,accepted,64,64,489984,490112,0,0
7496,0x1800,0,0,bulk,accepted,64,64,490112,490240,0,0
7497,0x1800,0,0,bulk,accepted,64,64,490240,490368,0,0
7498,0x1800,0,0,bulk,accepted,64,64,490368,490496,0,0
7499,0x1800,0,0,bulk,accepted,64,64,490496,490624,0,0
7500,0x1800,0,0,bulk,accepted,64,64,490624,490752,0,0
7501,0x1800,0,0,bulk,accepted,64,64,490752,490880,0,0
7502,0x1800,0,0,bulk,accepted,64,64,490880,491008,0,0
7503,0x1800,0,0,bulk,accepted,64,64,491008,491136,0,0
7504,0x1800,0,0,bulk,accepted,64,64,491136,491264,0,0
7505,0x1800,0,0,bulk,accepted,64,64,491264,491392,0,0
7506,0x1800,0,0,bulk,accepted,64,64,491392,491520,0,0
7507,0x1800,0,0,bulk,accepted,64,64,491520,491648,0,0
7508,0x1800,0,0,bulk,accepted,64,64,491648,491776,0,0
7509,0x1800,0,0,bulk,accepted,64,64,491776,491904,0,0
7510,0x1800,0,0,bulk,accepted,64,64,491904,492032,0,0
7511,0x1800,0,0,bulk,accepted,64,64,492032,492160,0,0
7512,0x1800,0,0,bulk,accepted,64,64,492160,492288,0,0
7513,0x1800,0,0,bulk,accepted,64,64,492288,492416,0,0
7514,0x1800,0,0,bulk,accepted,64,64,492416,492544,0,0
7515,0x1800,0,0,bulk,accepted,64,64,492544,492672,0,0
7516,0x1800,0,0,bulk,accepted,64,64,492672,492800,0,0
7517,0x1800,0,0,bulk,accepted,64,64,492800,492928,0,0
7518,0x1800,0,0,bulk,accepted,64,64,492928,493056,0,0
7519,0x1800,0,0,bulk,accepted,64,64,493056,493184,0,0
7520,0x1800,0,0,bulk,accepted,64,64,493184,493312,0,0
7521,0x1800,0,0,bulk,accepted,64,64,493312,493440,0,0
7522,0x1800,0,0,bulk,accepted,64,64,493440,493568,0,0
7523,0x1800,0,0,bulk,accepted,64,64,493568,493696,0,0
7524,0x1800,0,0,bulk,accepted,64,64,493696,493824,0,0
7525,0x1800,0,0,bulk,accepted,64,64,493824,493952,0,0
7526,0x1800,0,0,bulk,accepted,64,64,493952,494080,0,0
7527,0x1800,0,0,bulk,accepted,64,64,494080,494208,0,0
7528,0x1800,0,0,bulk,accepted,64,64,494208,494336,0,0
7529,0x1800,0,0,bulk,accepted,64,64,494336,494464,0,0
7530,0x1800,0,0,bulk,accepted,64,64,494464,494592,0,0
7531,0x1800,0,0,bulk,accepted,64,64,494592,494720,0,0
7532,0x1800,0,0,bulk,accepted,64,64,494720,494848,0,0
7533,0x1800,0,0,bulk,accepted,64,64,494848,494976,0,0
7534,0x1800,0,0,bulk,accepted,64,64,494976,495104,0,0
7535,0x1800,0,0,bulk,accepted,64,64,495104,495232,0,0
7536,0x1800,0,0,bulk,accepted,64,64,495232,495360,0,0
7537,0x1800,0,0,bulk,accepted,64,64,495360,495488,0,0
7538,0x1800,0,0,bulk,accepted,64,64,495488,495616,0,0
7539,0x1800,0,0,bulk,accepted,64,64,495616,495744,0,0
7540,0x1800,0,0,bulk,accepted,64,64,495744,495872,0,0
7541,0x1800,0,0,bulk,accepted,64,64,495872,496000,0,0
7542,0x1800,0,0,bulk,accepted,64,64,496000,496128,0,0
7543,0x1800,0,0,bulk,accepted,64,64,496128,496256,0,0
7544,0x1800,0,0,bulk,accepted,64,64,496256,496384,0,0
7545,0x1800,0,0,bulk,accepted,64,64,496384,496512,0,0
7546,0x1800,0,0,bulk,accepted,64,64,496512,496640,0,0
7547,0x1800,0,0,bulk,accepted,64,64,496640,496768,0,0
7548,0x1800,0,0,bulk,accepted,64,64,496768,496896,0,0
7549,0x1800,0,0,bulk,accepted,64,64,496896,497024,0,0
7550,0x1800,0,0,bulk,accepted,64,64,497024,497152,0,0
7551,0x1800,0,0,bulk,accepted,64,64,497152,497280,0,0
7552,0x1800,0,0,bulk,accepted,64,64,497280,497408,0,0
7553,0x1800,0,0,bulk,accepted,64,64,497408,497536,0,0
7554,0x1800,0,0,bulk,accepted,64,64,497536,497664,0,0
7555,0x1800,0,0,bulk,accepted,64,64,497664,497792,0,0
7556,0x1800,0,0,bulk,accepted,64,64,497792,497920,0,0
7557,0x1800,0,0,bulk,accepted,64,64,497920,498048,0,0
7558,0x1800,0,0,bulk,accepted,64,64,498048,498176,0,0
7559,0x1800,0,0,bulk,accepted,64,64,498176,498304,0,0
7560,0x1800,0,0,bulk,accepted,64,64,498304,498432,0,0
7561,0x1800,0,0,bulk,accepted,64,64,498432,498560,0,0
7562,0x1800,0,0,bulk,accepted,64,64,498560,498688,0,0
7563,0x1800,0,0,bulk,accepted,64,64,498688,498816,0,0
7564,0x1800,0,0,bulk,accepted,64,64,498816,498944,0,0
7565,0x1800,0,0,bulk,accepted,64,64,498944,499072,0,0
7566,0x1800,0,0,bulk,accepted,64,64,499072,499200,0,0
7567,0x1800,0,0,bulk,accepted,64,64,499200,499328,0,0
7568,0x1800,0,0,bulk,accepted,64,64,499328,499456,0,0
7569,0x1800,0,0,bulk,accepted,64,64,499456,499584,0,0
7570,0x1800,0,0,bulk,accepted,64,64,499584,499712,0,0
7571,0x1800,0,0,bulk,accepted,64,64,499712,499840,0,0
7572,0x1800,0,0,bulk,accepted,64,64,499840,499968,0,0
7573,0x1800,0,0,bulk,accepted,64,64,499968,500096,0,0
7574,0x1800,0,0,bulk,accepted,64,64,500096,500224,0,0
7575,0x1800,0,0,bulk,accepted,64,64,500224,500352,0,0
7576,0x1800,0,0,bulk,accepted,64,64,500352,500480,0,0
7577,0x1800,0,0,bulk,accepted,64,64,500480,500608,0,0
7578,0x1800,0,0,bulk,accepted,64,64,500608,500736,0,0
7579,0x1800,0,0,bulk,accepted,64,64,500736,500864,0,0
7580,0x1800,0,0,bulk,accepted,64,64,500864,500992,0,0
7581,0x1800,0,0,bulk,accepted,64,64,500992,501120,0,0
7582,0x1800,0,0,bulk,accepted,64,64,501120,501248,0,0
7583,0x1800,0,0,bulk,accepted,64,64,501248,501376,0,0
7584,0x1800,0,0,bulk,accepted,64,64,501376,501504,0,0
7585,0x1800,0,0,bulk,accepted,64,64,501504,501632,0,0
7586,0x1800,0,0,bulk,accepted,64,64,501632,501760,0,0
7587,0x1800,0,0,bulk,accepted,64,64,501760,501888,0,0
7588,0x1800,0,0,bulk,accepted,64,64,501888,502016,0,0
7589,0x1800,0,0,bulk,accepted,64,64,502016,502144,0,0
7590,0x1800,0,0,bulk,accepted,64,64,502144,502272,0,0
7591,0x1800,0,0,bulk,accepted,64,64,502272,502400,0,0
7592,0x1800,0,0,bulk,accepted,64,64,502400,502528,0,0
7593,0x1800,0,0,bulk,accepted,64,64,502528,502656,0,0
7594,0x1800,0,0,bulk,accepted,64,64,502656,502784,0,0
7595,0x1800,0,0,bulk,accepted,64,64,502784,502912,0,0
7596,0x1800,0,0,bulk,accepted,64,64,502912,503040,0,0
7597,0x1800,0,0,bulk,accepted,64,64,503040,503168,0,0
7598,0x1800,0,0,bulk,accepted,64,64,503168,503296,0,0
7599,0x1800,0,0,bulk,accepted,64,64,503296,503424,0,0
7600,0x1800,0,0,bulk,accepted,64,64,503424,503552,0,0
7601,0x1800,0,0,bulk,accepted,64,64,503552,503680,0,0
7602,0x1800,0,0,bulk,accepted,64,64,503680,503808,0,0
7603,0x1800,0,0,bulk,accepted,64,64,503808,503936,0,0
7604,0x1800,0,0,bulk,accepted,64,64,503936,504064,0,0
7605,0x1800,0,0,bulk,accepted,64,64,504064,504192,0,0
7606,0x1800,0,0,bulk,accepted,64,64,504192,504320,0,0
7607,0x1800,0,0,bulk,accepted,64,64,504320,504448,0,0
7608,0x1800,0,0,bulk,accepted,64,64,504448,504576,0,0
7609,0x1800,0,0,bulk,accepted,64,64,504576,504704,0,0
7610,0x1800,0,0,bulk,accepted,64,64,504704,504832,0,0
7611,0x1800,0,0,bulk,accepted,64,64,504832,504960,0,0
7612,0x1800,0,0,bulk,accepted,64,64,504960,505088,0,0
7613,0x1800,0,0,bulk,accepted,64,64,505088,505216,0,0
7614,0x1800,0,0,bulk,accepted,64,64,505216,505344,0,0
7615,0x1800,0,0,bulk,accepted,64,64,505344,505472,0,0
7616,0x1800,0,0,bulk,accepted,64,64,505472,505600,0,0
7617,0x1800,0,0,bulk,accepted,64,64,505600,505728,0,0
7618,0x1800,0,0,bulk,accepted,64,64,505728,505856,0,0
7619,0x1800,0,0,bulk,accepted,64,64,505856,505984,0,0
7620,0x1800,0,0,bulk,accepted,64,64,505984,506112,0,0
7621,0x1800,0,0,bulk,accepted,64,64,506112,506240,0,0
7622,0x1800,0,0,bulk,accepted,64,64,506240,506368,0,0
7623,0x1800,0,0,bulk,accepted,64,64,506368,506496,0,0
7624,0x1800,0,0,bulk,accepted,64,64,506496,506624,0,0
7625,0x1800,0,0,bulk,accepted,64,64,506624,506752,0,0
7626,0x1800,0,0,bulk,accepted,64,64,506752,506880,0,0
7627,0x1800,0,0,bulk,accepted,64,64,506880,507008,0,0
7628,0x1800,0,0,bulk,accepted,64,64,507008,507136,0,0
7629,0x1800,0,0,bulk,accepted,64,64,507136,507264,0,0
7630,0x1800,0,0,bulk,accepted,64,64,507264,507392,0,0
7631,0x1800,0,0,bulk,accepted,64,64,507392,507520,0,0
7632,0x1800,0,0,bulk,accepted,64,64,507520,507648,0,0
7633,0x1800,0,0,bulk,accepted,64,64,507648,507776,0,0
7634,0x1800,0,0,bulk,accepted,64,64,507776,507904,0,0
7635,0x1800,0,0,bulk,accepted,64,64,507904,508032,0,0
7636,0x1800,0,0,bulk,accepted,64,64,508032,508160,0,0
7637,0x1800,0,0,bulk,accepted,64,64,508160,508288,0,0
7638,0x1800,0,0,bulk,accepted,64,64,508288,508416,0,0
7639,0x1800,0,0,bulk,accepted,64,64,508416,508544,0,0
7640,0x1800,0,0,bulk,accepted,64,64,508544,508672,0,0
7641,0x1800,0,0,bulk,accepted,64,64,508672,508800,0,0
7642,0x1800,0,0,bulk,accepted,64,64,508800,508928,0,0
7643,0x1800,0,0,bulk,accepted,64,64,508928,509056,0,0
7644,0x1800,0,0,bulk,accepted,64,64,509056,509184,0,0
7645,0x1800,0,0,bulk,accepted,64,64,509184,509312,0,0
7646,0x1800,0,0,bulk,accepted,64,64,509312,509440,0,0
7647,0x1800,0,0,bulk,accepted,64,64,509440,509568,0,0
7648,0x1800,0,0,bulk,accepted,64,64,509568,509696,0,0
7649,0x1800,0,0,bulk,accepted,64,64,509696,509824,0,0
7650,0x1800,0,0,bulk,accepted,64,64,509824,509952,0,0
7651,0x1800,0,0,bulk,accepted,64,64,509952,510080,0,0
7652,0x1800,0,0,bulk,accepted,64,64,510080,510208,0,0
7653,0x1800,0,0,bulk,accepted,64,64,510208,510336,0,0
7654,0x1800,0,0,bulk,accepted,64,64,510336,510464,0,0
7655,0x1800,0,0,bulk,accepted,64,64,510464,510592,0,0
7656,0x1800,0,0,bulk,accepted,64,64,510592,510720,0,0
7657,0x1800,0,0,bulk,accepted,64,64,510720,510848,0,0
7658,0x1800,0,0,bulk,accepted,64,64,510848,510976,0,0
7659,0x1800,0,0,bulk,accepted,64,64,510976,511104,0,0
7660,0x1800,0,0,bulk,accepted,64,64,511104,511232,0,0
7661,0x1800,0,0,bulk,accepted,64,64,511232,511360,0,0
7662,0x1800,0,0,bulk,accepted,64,64,511360,511488,0,0
7663,0x1800,0,0,bulk,accepted,64,64,511488,511616,0,0
7664,0x1800,0,0,bulk,accepted,64,64,511616,511744,0,0
7665,0x1800,0,0,bulk,accepted,64,64,511744,511872,0,0
7666,0x1800,0,0,bulk,accepted,64,64,511872,512000,0,0
7667,0x1800,0,0,bulk,accepted,64,64,512000,512128,0,0
7668,0x1800,0,0,bulk,accepted,64,64,512128,512256,0,0
7669,0x1800,0,0,bulk,accepted,64,64,512256,512384,0,0
7670,0x1800,0,0,bulk,accepted,64,64,512384,512512,0,0
7671,0x1800,0,0,bulk,accepted,64,64,512512,512640,0,0
7672,0x1800,0,0,bulk,accepted,64,64,512640,512768,0,0
7673,0x1800,0,0,bulk,accepted,64,64,512768,512896,0,0
7674,0x1800,0,0,bulk,accepted,64,64,512896,513024,0,0
7675,0x1800,0,0,bulk,accepted,64,64,513024,513152,0,0
7676,0x1800,0,0,bulk,accepted,64,64,513152,513280,0,0
7677,0x1800,0,0,bulk,accepted,64,64,513280,513408,0,0
7678,0x1800,0,0,bulk,accepted,64,64,513408,513536,0,0
7679,0x1800,0,0,bulk,accepted,64,64,513536,513664,0,0
7680,0x1800,0,0,bulk,accepted,64,64,513664,513792,0,0
7681,0x1800,0,0,bulk,accepted,64,64,513792,513920,0,0
7682,0x1800,0,0,bulk,accepted,64,64,513920,514048,0,0
7683,0x1800,0,0,bulk,accepted,64,64,514048,514176,0,0
7684,0x1800,0,0,bulk,accepted,64,64,514176,514304,0,0
7685,0x1800,0,0,bulk,accepted,64,64,514304,514432,0,0
7686,0x1800,0,0,bulk,accepted,64,64,514432,514560,0,0
7687,0x1800,0,0,bulk,accepted,64,64,514560,514688,0,0
7688,0x1800,0,0,bulk,accepted,64,64,514688,514816,0,0
7689,0x1800,0,0,bulk,accepted,64,64,514816,514944,0,0
7690,0x1800,0,0,bulk,accepted,64,64,514944,515072,0,0
7691,0x1800,0,0,bulk,accepted,64,64,515072,515200,0,0
7692,0x1800,0,0,bulk,accepted,64,64,515200,515328,0,0
7693,0x1800,0,0,bulk,accepted,64,64,515328,515456,0,0
7694,0x1800,0,0,bulk,accepted,64,64,515456,515584,0,0
7695,0x1800,0,0,bulk,accepted,64,64,515584,515712,0,0
7696,0x1800,0,0,bulk,accepted,64,64,515712,515840,0,0
7697,0x1800,0,0,bulk,accepted,64,64,515840,515968,0,0
7698,0x1800,0,0,bulk,accepted,64,64,515968,516096,0,0
7699,0x1800,0,0,bulk,accepted,64,64,516096,516224,0,0
7700,0x1800,0,0,bulk,accepted,64,64,516224,516352,0,0
7701,0x1800,0,0,bulk,accepted,64,64,516352,516480,0,0
7702,0x1800,0,0,bulk,accepted,64,64,516480,516608,0,0
7703,0x1800,0,0,bulk,accepted,64,64,516608,516736,0,0
7704,0x1800,0,0,bulk,accepted,64,64,516736,516864,0,0
7705,0x1800,0,0,bulk,accepted,64,64,516864,516992,0,0
7706,0x1800,0,0,bulk,accepted,64,64,516992,517120,0,0
7707,0x1800,0,0,bulk,accepted,64,64,517120,517248,0,0
7708,0x1800,0,0,bulk,accepted,64,64,517248,517376,0,0
7709,0x1800,0,0,bulk,accepted,64,64,517376,517504,0,0
7710,0x1800,0,0,bulk,accepted,64,64,517504,517632,0,0
7711,0x1800,0,0,bulk,accepted,64,64,517632,517760,0,0
7712,0x1800,0,0,bulk,accepted,64,64,517760,517888,0,0
7713,0x1800,0,0,bulk,accepted,64,64,517888,518016,0,0
7714,0x1800,0,0,bulk,accepted,64,64,518016,518144,0,0
7715,0x1800,0,0,bulk,accepted,64,64,518144,518272,0,0
7716,0x1800,0,0,bulk,accepted,64,64,518272,518400,0,0
7717,0x1800,0,0,bulk,accepted,64,64,518400,518528,0,0
7718,0x1800,0,0,bulk,accepted,64,64,518528,518656,0,0
7719,0x1800,0,0,bulk,accepted,64,64,518656,518784,0,0
7720,0x1800,0,0,bulk,accepted,64,64,518784,518912,0,0
7721,0x1800,0,0,bulk,accepted,64,64,518912,519040,0,0
7722,0x1800,0,0,bulk,accepted,64,64,519040,519168,0,0
7723,0x1800,0,0,bulk,accepted,64,64,519168,519296,0,0
7724,0x1800,0,0,bulk,accepted,64,64,519296,519424,0,0
7725,0x1800,0,0,bulk,accepted,64,64,519424,519552,0,0
7726,0x1800,0,0,bulk,accepted,64,64,519552,519680,0,0
7727,0x1800,0,0,bulk,accepted,64,64,519680,519808,0,0
7728,0x1800,0,0,bulk,accepted,64,64,519808,519936,0,0
7729,0x1800,0,0,bulk,accepted,64,64,519936,520064,0,0
7730,0x1800,0,0,bulk,accepted,64,64,520064,520192,0,0
7731,0x1800,0,0,bulk,accepted,64,64,520192,520320,0,0
7732,0x1800,0,0,bulk,accepted,64,64,520320,520448,0,0
7733,0x1800,0,0,bulk,accepted,64,64,520448,520576,0,0
7734,0x1800,0,0,bulk,accepted,64,64,520576,520704,0,0
7735,0x1800,0,0,bulk,accepted,64,64,520704,520832,0,0
7736,0x1800,0,0,bulk,accepted,64,64,520832,520960,0,0
7737,0x1800,0,0,bulk,accepted,64,64,520960,521088,0,0
7738,0x1800,0,0,bulk,accepted,64,64,521088,521216,0,0
7739,0x1800,0,0,bulk,accepted,64,64,521216,521344,0,0
7740,0x1800,0,0,bulk,accepted,64,64,521344,521472,0,0
7741,0x1800,0,0,bulk,accepted,64,64,521472,521600,0,0
7742,0x1800,0,0,bulk,accepted,64,64,521600,521728,0,0
7743,0x1800,0,0,bulk,accepted,64,64,521728,521856,0,0
7744,0x1800,0,0,bulk,accepted,64,64,521856,521984,0,0
7745,0x1800,0,0,bulk,accepted,64,64,521984,522112,0,0
7746,0x1800,0,0,bulk,accepted,64,64,522112,522240,0,0
7747,0x1800,0,0,bulk,accepted,64,64,522240,522368,0,0
7748,0x1800,0,0,bulk,accepted,64,64,522368,522496,0,0
7749,0x1800,0,0,bulk,accepted,64,64,522496,522624,0,0
7750,0x1800,0,0,bulk,accepted,64,64,522624,522752,0,0
7751,0x1800,0,0,bulk,accepted,64,64,522752,522880,0,0
7752,0x1800,0,0,bulk,accepted,64,64,522880,523008,0,0
7753,0x1800,0,0,bulk,accepted,64,64,523008,523136,0,0
7754,0x1800,0,0,bulk,accepted,64,64,523136,523264,0,0
7755,0x1800,0,0,bulk,accepted,64,64,523264,523392,0,0
7756,0x1800,0,0,bulk,accepted,64,64,523392,523520,0,0
7757,0x1800,0,0,bulk,accepted,64,64,523520,523648,0,0
7758,0x1800,0,0,bulk,accepted,64,64,523648,523776,0,0
7759,0x1800,0,0,bulk,accepted,64,64,523776,523904,0,0
7760,0x1800,0,0,bulk,accepted,64,64,523904,524032,0,0
7761,0x1800,0,0,bulk,accepted,64,64,524032,524160,0,0
7762,0x1800,0,0,bulk,accepted,63,63,524160,524286,0,0
7763,0x1800,0,0,bulk,rejected,1,1,524286,524286,0,0
7764,0x1808,0,0,bulk,accepted,1,1,524286,524287,0,0
7765,0x1808,0,0,bulk,rejected,1,1,524287,524287,0,0
