sequence,method,inc,tracing,mode,action,available_words,consumed_words,length_before,length_after,draw_arrays_before,draw_arrays_after
1,0x1818,0,0,bulk,accepted,12,12,0,12,0,0
2,0x1800,0,0,bulk,accepted,27,27,0,54,0,0
3,0x1800,0,0,bulk,accepted,27,27,0,54,0,0
4,0x1800,0,0,bulk,accepted,27,27,0,54,0,0
5,0x1800,0,0,bulk,accepted,27,27,0,54,0,0
6,0x1800,0,0,bulk,accepted,27,27,0,54,0,0
7,0x1800,0,0,bulk,accepted,27,27,0,54,0,0
8,0x1800,0,0,bulk,accepted,27,27,0,54,0,0
9,0x1800,0,0,bulk,accepted,27,27,0,54,0,0
10,0x1800,0,0,bulk,accepted,27,27,0,54,0,0
11,0x1800,0,0,bulk,accepted,27,27,0,54,0,0
12,0x1800,0,0,bulk,accepted,27,27,0,54,0,0
13,0x1800,0,0,bulk,accepted,27,27,0,54,0,0
14,0x1800,0,0,bulk,accepted,27,27,0,54,0,0
15,0x1800,0,0,bulk,accepted,27,27,0,54,0,0
16,0x1800,0,0,bulk,accepted,27,27,0,54,0,0
17,0x1800,0,0,bulk,accepted,27,27,0,54,0,0
18,0x1800,0,0,bulk,accepted,27,27,0,54,0,0
19,0x1800,0,0,bulk,accepted,27,27,0,54,0,0
20,0x1800,0,0,bulk,accepted,3,3,0,6,0,0
21,0x1800,0,0,bulk,accepted,47,47,6,100,0,0
22,0x1800,0,0,bulk,accepted,15,15,100,130,0,0
23,0x1800,0,0,bulk,accepted,1,1,0,2,0,0
24,0x1800,0,0,bulk,accepted,63,63,2,128,0,0
25,0x1800,0,0,bulk,accepted,1,1,128,130,0,0
26,0x1800,0,0,bulk,accepted,63,63,0,126,0,0
27,0x1800,0,0,bulk,accepted,2,2,126,130,0,0
28,0x1800,0,0,bulk,accepted,6,6,0,12,0,0
29,0x1800,0,0,bulk,accepted,47,47,12,106,0,0
30,0x1800,0,0,bulk,accepted,12,12,106,130,0,0
31,0x1800,0,0,bulk,accepted,4,4,0,8,0,0
32,0x1800,0,0,bulk,accepted,47,47,8,102,0,0
33,0x1800,0,0,bulk,accepted,14,14,102,130,0,0
34,0x1800,0,0,bulk,accepted,2,2,0,4,0,0
35,0x1800,0,0,bulk,accepted,63,63,4,130,0,0
36,0x1800,0,0,bulk,accepted,63,63,0,126,0,0
37,0x1800,0,0,bulk,accepted,2,2,126,130,0,0
38,0x1800,0,0,bulk,accepted,6,6,0,12,0,0
39,0x1800,0,0,bulk,accepted,47,47,12,106,0,0
40,0x1800,0,0,bulk,accepted,12,12,106,130,0,0
41,0x1800,0,0,bulk,accepted,4,4,0,8,0,0
42,0x1800,0,0,bulk,accepted,47,47,8,102,0,0
43,0x1800,0,0,bulk,accepted,14,14,102,130,0,0
44,0x1800,0,0,bulk,accepted,2,2,0,4,0,0
45,0x1800,0,0,bulk,accepted,63,63,4,130,0,0
46,0x1800,0,0,bulk,accepted,4,4,0,8,0,0
47,0x1800,0,0,bulk,accepted,4,4,0,8,0,0
48,0x1800,0,0,bulk,accepted,18,18,0,36,0,0
49,0x1800,0,0,bulk,accepted,4,4,0,8,0,0
50,0x1800,0,0,bulk,accepted,4,4,0,8,0,0
51,0x1800,0,0,bulk,accepted,18,18,0,36,0,0
52,0x1800,0,0,bulk,accepted,4,4,0,8,0,0
53,0x1800,0,0,bulk,accepted,4,4,0,8,0,0
54,0x1800,0,0,bulk,accepted,47,47,0,94,0,0
55,0x1800,0,0,bulk,accepted,11,11,94,116,0,0
56,0x1800,0,0,bulk,accepted,4,4,0,8,0,0
57,0x1800,0,0,bulk,accepted,4,4,0,8,0,0
58,0x1800,0,0,bulk,accepted,18,18,0,36,0,0
59,0x1800,0,0,bulk,accepted,4,4,0,8,0,0
60,0x1800,0,0,bulk,accepted,4,4,0,8,0,0
61,0x1800,0,0,bulk,accepted,47,47,0,94,0,0
62,0x1800,0,0,bulk,accepted,11,11,94,116,0,0
63,0x1800,0,0,bulk,accepted,4,4,0,8,0,0
64,0x1800,0,0,bulk,accepted,4,4,0,8,0,0
65,0x1800,0,0,bulk,accepted,3,3,0,6,0,0
66,0x1800,0,0,bulk,accepted,47,47,6,100,0,0
67,0x1800,0,0,bulk,accepted,8,8,100,116,0,0
68,0x1800,0,0,bulk,accepted,4,4,0,8,0,0
69,0x1800,0,0,bulk,accepted,4,4,0,8,0,0
70,0x1800,0,0,bulk,accepted,18,18,0,36,0,0
71,0x1800,0,0,bulk,accepted,4,4,0,8,0,0
72,0x1800,0,0,bulk,accepted,4,4,0,8,0,0
73,0x1800,0,0,bulk,accepted,18,18,0,36,0,0
74,0x1800,0,0,bulk,accepted,2,2,0,4,0,0
75,0x1808,1,0,scalar_incrementing,accepted,1,1,4,5,0,0
76,0x1800,0,0,bulk,accepted,2,2,0,4,0,0
77,0x1808,1,0,scalar_incrementing,accepted,1,1,4,5,0,0
78,0x1800,0,0,bulk,accepted,31,31,0,62,0,0
79,0x1800,0,0,bulk,accepted,9,9,62,80,0,0
80,0x1800,0,0,bulk,accepted,2,2,0,4,0,0
81,0x1808,1,0,scalar_incrementing,accepted,1,1,4,5,0,0
82,0x1800,0,0,bulk,accepted,2,2,0,4,0,0
83,0x1808,1,0,scalar_incrementing,accepted,1,1,4,5,0,0
84,0x1800,0,0,bulk,accepted,5,5,0,10,0,0
85,0x1800,0,0,bulk,accepted,31,31,10,72,0,0
86,0x1800,0,0,bulk,accepted,4,4,72,80,0,0
87,0x1800,0,0,bulk,accepted,4,4,0,8,0,0
88,0x1800,0,0,bulk,accepted,4,4,0,8,0,0
89,0x1800,0,0,bulk,accepted,2,2,0,4,0,0
90,0x1800,0,0,bulk,accepted,47,47,4,98,0,0
91,0x1800,0,0,bulk,accepted,9,9,98,116,0,0
92,0x1800,0,0,bulk,accepted,2,2,0,4,0,0
93,0x1808,1,0,scalar_incrementing,accepted,1,1,4,5,0,0
94,0x1800,0,0,bulk,accepted,2,2,0,4,0,0
95,0x1808,1,0,scalar_incrementing,accepted,1,1,4,5,0,0
96,0x1800,0,0,bulk,accepted,5,5,0,10,0,0
97,0x1800,0,0,bulk,accepted,31,31,10,72,0,0
98,0x1800,0,0,bulk,accepted,4,4,72,80,0,0
99,0x1800,0,0,bulk,accepted,2,2,0,4,0,0
100,0x1808,1,0,scalar_incrementing,accepted,1,1,4,5,0,0
101,0x1800,0,0,bulk,accepted,2,2,0,4,0,0
102,0x1808,1,0,scalar_incrementing,accepted,1,1,4,5,0,0
103,0x1800,0,0,bulk,accepted,2,2,0,4,0,0
104,0x1800,0,0,bulk,accepted,31,31,4,66,0,0
105,0x1800,0,0,bulk,accepted,7,7,66,80,0,0
106,0x1800,0,0,bulk,accepted,2,2,0,4,0,0
107,0x1808,1,0,scalar_incrementing,accepted,1,1,4,5,0,0
108,0x1800,0,0,bulk,accepted,2,2,0,4,0,0
109,0x1808,1,0,scalar_incrementing,accepted,1,1,4,5,0,0
110,0x1800,0,0,bulk,accepted,31,31,0,62,0,0
111,0x1800,0,0,bulk,accepted,9,9,62,80,0,0
112,0x1800,0,0,bulk,accepted,4,4,0,8,0,0
113,0x1800,0,0,bulk,accepted,4,4,0,8,0,0
114,0x1800,0,0,bulk,accepted,18,18,0,36,0,0
115,0x1800,0,0,bulk,accepted,4,4,0,8,0,0
116,0x1800,0,0,bulk,accepted,4,4,0,8,0,0
117,0x1800,0,0,bulk,accepted,2,2,0,4,0,0
118,0x1800,0,0,bulk,accepted,47,47,4,98,0,0
119,0x1800,0,0,bulk,accepted,9,9,98,116,0,0
120,0x1800,0,0,bulk,accepted,4,4,0,8,0,0
121,0x1800,0,0,bulk,accepted,4,4,0,8,0,0
122,0x1800,0,0,bulk,accepted,5,5,0,10,0,0
123,0x1800,0,0,bulk,accepted,47,47,10,104,0,0
124,0x1800,0,0,bulk,accepted,6,6,104,116,0,0
125,0x1800,0,0,bulk,accepted,4,4,0,8,0,0
126,0x1800,0,0,bulk,accepted,4,4,0,8,0,0
127,0x1800,0,0,bulk,accepted,18,18,0,36,0,0
128,0x1800,0,0,bulk,accepted,4,4,0,8,0,0
129,0x1800,0,0,bulk,accepted,4,4,0,8,0,0
130,0x1800,0,0,bulk,accepted,18,18,0,36,0,0
131,0x1800,0,0,bulk,accepted,4,4,0,8,0,0
132,0x1800,0,0,bulk,accepted,4,4,0,8,0,0
133,0x1800,0,0,bulk,accepted,18,18,0,36,0,0
134,0x1800,0,0,bulk,accepted,4,4,0,8,0,0
135,0x1800,0,0,bulk,accepted,4,4,0,8,0,0
136,0x1800,0,0,bulk,accepted,18,18,0,36,0,0
137,0x1800,0,0,bulk,accepted,3,3,0,6,0,0
138,0x1800,0,0,bulk,accepted,3,3,0,6,0,0
139,0x1800,0,0,bulk,accepted,14,14,0,28,0,0
140,0x1800,0,0,bulk,accepted,3,3,0,6,0,0
141,0x1800,0,0,bulk,accepted,3,3,0,6,0,0
142,0x1800,0,0,bulk,accepted,14,14,0,28,0,0
143,0x1800,0,0,bulk,accepted,1,1,0,2,0,0
144,0x1808,1,0,scalar_incrementing,accepted,1,1,2,3,0,0
145,0x1800,0,0,bulk,accepted,1,1,0,2,0,0
146,0x1808,1,0,scalar_incrementing,accepted,1,1,2,3,0,0
147,0x1800,0,0,bulk,accepted,8,8,0,16,0,0
148,0x1800,0,0,bulk,accepted,1,1,0,2,0,0
149,0x1808,1,0,scalar_incrementing,accepted,1,1,2,3,0,0
150,0x1800,0,0,bulk,accepted,1,1,0,2,0,0
151,0x1808,1,0,scalar_incrementing,accepted,1,1,2,3,0,0
152,0x1800,0,0,bulk,accepted,8,8,0,16,0,0
153,0x1800,0,0,bulk,accepted,1,1,0,2,0,0
154,0x1808,1,0,scalar_incrementing,accepted,1,1,2,3,0,0
155,0x1800,0,0,bulk,accepted,1,1,0,2,0,0
156,0x1808,1,0,scalar_incrementing,accepted,1,1,2,3,0,0
157,0x1800,0,0,bulk,accepted,8,8,0,16,0,0
158,0x1800,0,0,bulk,accepted,1,1,0,2,0,0
159,0x1808,1,0,scalar_incrementing,accepted,1,1,2,3,0,0
160,0x1800,0,0,bulk,accepted,1,1,0,2,0,0
161,0x1808,1,0,scalar_incrementing,accepted,1,1,2,3,0,0
162,0x1800,0,0,bulk,accepted,8,8,0,16,0,0
163,0x1800,0,0,bulk,accepted,1,1,0,2,0,0
164,0x1808,1,0,scalar_incrementing,accepted,1,1,2,3,0,0
165,0x1800,0,0,bulk,accepted,1,1,0,2,0,0
166,0x1808,1,0,scalar_incrementing,accepted,1,1,2,3,0,0
167,0x1800,0,0,bulk,accepted,8,8,0,16,0,0
168,0x1800,0,0,bulk,accepted,1,1,0,2,0,0
169,0x1808,1,0,scalar_incrementing,accepted,1,1,2,3,0,0
170,0x1800,0,0,bulk,accepted,1,1,0,2,0,0
171,0x1808,1,0,scalar_incrementing,accepted,1,1,2,3,0,0
172,0x1800,0,0,bulk,accepted,8,8,0,16,0,0
173,0x1800,0,0,bulk,accepted,1,1,0,2,0,0
174,0x1808,1,0,scalar_incrementing,accepted,1,1,2,3,0,0
175,0x1800,0,0,bulk,accepted,1,1,0,2,0,0
176,0x1808,1,0,scalar_incrementing,accepted,1,1,2,3,0,0
177,0x1800,0,0,bulk,accepted,8,8,0,16,0,0
178,0x1800,0,0,bulk,accepted,1,1,0,2,0,0
179,0x1808,1,0,scalar_incrementing,accepted,1,1,2,3,0,0
180,0x1800,0,0,bulk,accepted,1,1,0,2,0,0
181,0x1808,1,0,scalar_incrementing,accepted,1,1,2,3,0,0
182,0x1800,0,0,bulk,accepted,8,8,0,16,0,0
183,0x1800,0,0,bulk,accepted,5,5,0,10,0,0
184,0x1800,0,0,bulk,accepted,5,5,0,10,0,0
185,0x1800,0,0,bulk,accepted,22,22,0,44,0,0
186,0x1800,0,0,bulk,accepted,5,5,0,10,0,0
187,0x1800,0,0,bulk,accepted,5,5,0,10,0,0
188,0x1800,0,0,bulk,accepted,22,22,0,44,0,0
189,0x1800,0,0,bulk,accepted,5,5,0,10,0,0
190,0x1800,0,0,bulk,accepted,5,5,0,10,0,0
191,0x1800,0,0,bulk,accepted,22,22,0,44,0,0
192,0x1800,0,0,bulk,accepted,5,5,0,10,0,0
193,0x1800,0,0,bulk,accepted,5,5,0,10,0,0
194,0x1800,0,0,bulk,accepted,22,22,0,44,0,0
195,0x1800,0,0,bulk,accepted,5,5,0,10,0,0
196,0x1800,0,0,bulk,accepted,5,5,0,10,0,0
197,0x1800,0,0,bulk,accepted,22,22,0,44,0,0
198,0x1800,0,0,bulk,accepted,5,5,0,10,0,0
199,0x1800,0,0,bulk,accepted,5,5,0,10,0,0
200,0x1800,0,0,bulk,accepted,22,22,0,44,0,0
201,0x1800,0,0,bulk,accepted,5,5,0,10,0,0
202,0x1800,0,0,bulk,accepted,5,5,0,10,0,0
203,0x1800,0,0,bulk,accepted,22,22,0,44,0,0
204,0x1800,0,0,bulk,accepted,5,5,0,10,0,0
205,0x1800,0,0,bulk,accepted,5,5,0,10,0,0
206,0x1800,0,0,bulk,accepted,22,22,0,44,0,0
207,0x1800,0,0,bulk,accepted,1,1,0,2,0,0
208,0x1808,1,0,scalar_incrementing,accepted,1,1,2,3,0,0
209,0x1800,0,0,bulk,accepted,1,1,0,2,0,0
210,0x1808,1,0,scalar_incrementing,accepted,1,1,2,3,0,0
211,0x1800,0,0,bulk,accepted,8,8,0,16,0,0
212,0x1800,0,0,bulk,accepted,1,1,0,2,0,0
213,0x1808,1,0,scalar_incrementing,accepted,1,1,2,3,0,0
214,0x1800,0,0,bulk,accepted,1,1,0,2,0,0
215,0x1808,1,0,scalar_incrementing,accepted,1,1,2,3,0,0
216,0x1800,0,0,bulk,accepted,8,8,0,16,0,0
217,0x1800,0,0,bulk,accepted,1,1,0,2,0,0
218,0x1808,1,0,scalar_incrementing,accepted,1,1,2,3,0,0
219,0x1800,0,0,bulk,accepted,1,1,0,2,0,0
220,0x1808,1,0,scalar_incrementing,accepted,1,1,2,3,0,0
221,0x1800,0,0,bulk,accepted,8,8,0,16,0,0
222,0x1800,0,0,bulk,accepted,1,1,0,2,0,0
223,0x1808,1,0,scalar_incrementing,accepted,1,1,2,3,0,0
224,0x1800,0,0,bulk,accepted,1,1,0,2,0,0
225,0x1808,1,0,scalar_incrementing,accepted,1,1,2,3,0,0
226,0x1800,0,0,bulk,accepted,8,8,0,16,0,0
227,0x1800,0,0,bulk,accepted,1,1,0,2,0,0
228,0x1808,1,0,scalar_incrementing,accepted,1,1,2,3,0,0
229,0x1800,0,0,bulk,accepted,1,1,0,2,0,0
230,0x1808,1,0,scalar_incrementing,accepted,1,1,2,3,0,0
231,0x1800,0,0,bulk,accepted,8,8,0,16,0,0
232,0x1800,0,0,bulk,accepted,1,1,0,2,0,0
233,0x1808,1,0,scalar_incrementing,accepted,1,1,2,3,0,0
234,0x1800,0,0,bulk,accepted,1,1,0,2,0,0
235,0x1808,1,0,scalar_incrementing,accepted,1,1,2,3,0,0
236,0x1800,0,0,bulk,accepted,8,8,0,16,0,0
237,0x1800,0,0,bulk,accepted,1,1,0,2,0,0
238,0x1808,1,0,scalar_incrementing,accepted,1,1,2,3,0,0
239,0x1800,0,0,bulk,accepted,1,1,0,2,0,0
240,0x1808,1,0,scalar_incrementing,accepted,1,1,2,3,0,0
241,0x1800,0,0,bulk,accepted,8,8,0,16,0,0
242,0x1800,0,0,bulk,accepted,1,1,0,2,0,0
243,0x1808,1,0,scalar_incrementing,accepted,1,1,2,3,0,0
244,0x1800,0,0,bulk,accepted,1,1,0,2,0,0
245,0x1808,1,0,scalar_incrementing,accepted,1,1,2,3,0,0
246,0x1800,0,0,bulk,accepted,8,8,0,16,0,0
247,0x1800,0,0,bulk,accepted,18,18,0,36,0,0
248,0x1800,0,0,bulk,accepted,18,18,0,36,0,0
249,0x1800,0,0,bulk,accepted,18,18,0,36,0,0
250,0x1800,0,0,bulk,accepted,18,18,0,36,0,0
251,0x1800,0,0,bulk,accepted,18,18,0,36,0,0
252,0x1800,0,0,bulk,accepted,18,18,0,36,0,0
253,0x1800,0,0,bulk,accepted,18,18,0,36,0,0
254,0x1800,0,0,bulk,accepted,18,18,0,36,0,0
255,0x1800,0,0,bulk,accepted,18,18,0,36,0,0
256,0x1800,0,0,bulk,accepted,18,18,0,36,0,0
257,0x1800,0,0,bulk,accepted,18,18,0,36,0,0
258,0x1800,0,0,bulk,accepted,18,18,0,36,0,0
259,0x1800,0,0,bulk,accepted,18,18,0,36,0,0
260,0x1800,0,0,bulk,accepted,18,18,0,36,0,0
261,0x1800,0,0,bulk,accepted,18,18,0,36,0,0
262,0x1800,0,0,bulk,accepted,18,18,0,36,0,0
263,0x1800,0,0,bulk,accepted,18,18,0,36,0,0
264,0x1800,0,0,bulk,accepted,18,18,0,36,0,0
265,0x1800,0,0,bulk,accepted,18,18,0,36,0,0
266,0x1800,0,0,bulk,accepted,18,18,0,36,0,0
267,0x1800,0,0,bulk,accepted,18,18,0,36,0,0
268,0x1800,0,0,bulk,accepted,18,18,0,36,0,0
269,0x1800,0,0,bulk,accepted,18,18,0,36,0,0
270,0x1800,0,0,bulk,accepted,18,18,0,36,0,0
271,0x1800,0,0,bulk,accepted,18,18,0,36,0,0
272,0x1800,0,0,bulk,accepted,18,18,0,36,0,0
273,0x1800,0,0,bulk,accepted,18,18,0,36,0,0
274,0x1800,0,0,bulk,accepted,18,18,0,36,0,0
275,0x1800,0,0,bulk,accepted,18,18,0,36,0,0
276,0x1800,0,0,bulk,accepted,18,18,0,36,0,0
277,0x1800,0,0,bulk,accepted,18,18,0,36,0,0
278,0x1800,0,0,bulk,accepted,18,18,0,36,0,0
279,0x1800,0,0,bulk,accepted,18,18,0,36,0,0
280,0x1800,0,0,bulk,accepted,18,18,0,36,0,0
281,0x1800,0,0,bulk,accepted,18,18,0,36,0,0
282,0x1800,0,0,bulk,accepted,18,18,0,36,0,0
283,0x1800,0,0,bulk,accepted,18,18,0,36,0,0
284,0x1800,0,0,bulk,accepted,18,18,0,36,0,0
285,0x1800,0,0,bulk,accepted,18,18,0,36,0,0
286,0x1800,0,0,bulk,accepted,18,18,0,36,0,0
287,0x1800,0,0,bulk,accepted,18,18,0,36,0,0
288,0x1800,0,0,bulk,accepted,18,18,0,36,0,0
289,0x1800,0,0,bulk,accepted,18,18,0,36,0,0
290,0x1800,0,0,bulk,accepted,18,18,0,36,0,0
291,0x1800,0,0,bulk,accepted,18,18,0,36,0,0
292,0x1800,0,0,bulk,accepted,18,18,0,36,0,0
293,0x1800,0,0,bulk,accepted,18,18,0,36,0,0
294,0x1800,0,0,bulk,accepted,18,18,0,36,0,0
295,0x1800,0,0,bulk,accepted,18,18,0,36,0,0
296,0x1800,0,0,bulk,accepted,18,18,0,36,0,0
297,0x1800,0,0,bulk,accepted,18,18,0,36,0,0
298,0x1800,0,0,bulk,accepted,18,18,0,36,0,0
299,0x1800,0,0,bulk,accepted,18,18,0,36,0,0
300,0x1800,0,0,bulk,accepted,18,18,0,36,0,0
301,0x1800,0,0,bulk,accepted,18,18,0,36,0,0
302,0x1800,0,0,bulk,accepted,18,18,0,36,0,0
303,0x1800,0,0,bulk,accepted,18,18,0,36,0,0
304,0x1800,0,0,bulk,accepted,18,18,0,36,0,0
305,0x1800,0,0,bulk,accepted,18,18,0,36,0,0
306,0x1800,0,0,bulk,accepted,18,18,0,36,0,0
307,0x1800,0,0,bulk,accepted,18,18,0,36,0,0
308,0x1800,0,0,bulk,accepted,18,18,0,36,0,0
309,0x1800,0,0,bulk,accepted,18,18,0,36,0,0
310,0x1800,0,0,bulk,accepted,18,18,0,36,0,0
311,0x1800,0,0,bulk,accepted,18,18,0,36,0,0
312,0x1800,0,0,bulk,accepted,18,18,0,36,0,0
313,0x1800,0,0,bulk,accepted,18,18,0,36,0,0
314,0x1800,0,0,bulk,accepted,18,18,0,36,0,0
315,0x1800,0,0,bulk,accepted,18,18,0,36,0,0
316,0x1800,0,0,bulk,accepted,18,18,0,36,0,0
317,0x1800,0,0,bulk,accepted,18,18,0,36,0,0
318,0x1800,0,0,bulk,accepted,18,18,0,36,0,0
319,0x1800,0,0,bulk,accepted,4,4,0,8,0,0
320,0x1800,0,0,bulk,accepted,95,95,8,198,0,0
321,0x1800,0,0,bulk,accepted,3,3,198,204,0,0
322,0x1800,0,0,bulk,accepted,5,5,0,10,0,0
323,0x1800,0,0,bulk,accepted,95,95,10,200,0,0
324,0x1800,0,0,bulk,accepted,2,2,200,204,0,0
325,0x1800,0,0,bulk,accepted,6,6,0,12,0,0
326,0x1800,0,0,bulk,accepted,79,79,12,170,0,0
327,0x1800,0,0,bulk,accepted,79,79,0,158,0,0
328,0x1800,0,0,bulk,accepted,6,6,158,170,0,0
329,0x1800,0,0,bulk,accepted,2,2,0,4,0,0
330,0x1800,0,0,bulk,accepted,79,79,4,162,0,0
331,0x1800,0,0,bulk,accepted,4,4,162,170,0,0
332,0x1800,0,0,bulk,accepted,4,4,0,8,0,0
333,0x1800,0,0,bulk,accepted,79,79,8,166,0,0
334,0x1800,0,0,bulk,accepted,2,2,166,170,0,0
335,0x1800,0,0,bulk,accepted,6,6,0,12,0,0
336,0x1800,0,0,bulk,accepted,47,47,12,106,0,0
337,0x1800,0,0,bulk,accepted,12,12,106,130,0,0
338,0x1800,0,0,bulk,accepted,4,4,0,8,0,0
339,0x1800,0,0,bulk,accepted,47,47,8,102,0,0
340,0x1800,0,0,bulk,accepted,14,14,102,130,0,0
341,0x1800,0,0,bulk,accepted,2,2,0,4,0,0
342,0x1800,0,0,bulk,accepted,63,63,4,130,0,0
343,0x1800,0,0,bulk,accepted,3,3,130,136,0,0
344,0x1800,0,0,bulk,accepted,5,5,0,10,0,0
345,0x1800,0,0,bulk,accepted,63,63,10,136,0,0
346,0x1800,0,0,bulk,accepted,63,63,0,126,0,0
347,0x1800,0,0,bulk,accepted,5,5,126,136,0,0
348,0x1800,0,0,bulk,accepted,3,3,0,6,0,0
349,0x1800,0,0,bulk,accepted,63,63,6,132,0,0
350,0x1800,0,0,bulk,accepted,2,2,132,136,0,0
351,0x1800,0,0,bulk,accepted,6,6,0,12,0,0
352,0x1800,0,0,bulk,accepted,47,47,12,106,0,0
353,0x1800,0,0,bulk,accepted,15,15,106,136,0,0
354,0x1800,0,0,bulk,accepted,1,1,0,2,0,0
355,0x1800,0,0,bulk,accepted,63,63,2,128,0,0
356,0x1800,0,0,bulk,accepted,4,4,128,136,0,0
357,0x1800,0,0,bulk,accepted,4,4,0,8,0,0
358,0x1800,0,0,bulk,accepted,63,63,8,134,0,0
359,0x1800,0,0,bulk,accepted,1,1,134,136,0,0
360,0x1800,0,0,bulk,accepted,63,63,0,126,0,0
361,0x1800,0,0,bulk,accepted,5,5,126,136,0,0
362,0x1800,0,0,bulk,accepted,3,3,0,6,0,0
363,0x1800,0,0,bulk,accepted,63,63,6,132,0,0
364,0x1800,0,0,bulk,accepted,2,2,132,136,0,0
365,0x1800,0,0,bulk,accepted,6,6,0,12,0,0
366,0x1800,0,0,bulk,accepted,47,47,12,106,0,0
367,0x1800,0,0,bulk,accepted,15,15,106,136,0,0
368,0x1800,0,0,bulk,accepted,1,1,0,2,0,0
369,0x1800,0,0,bulk,accepted,63,63,2,128,0,0
370,0x1800,0,0,bulk,accepted,4,4,128,136,0,0
371,0x1800,0,0,bulk,accepted,4,4,0,8,0,0
372,0x1800,0,0,bulk,accepted,63,63,8,134,0,0
373,0x1800,0,0,bulk,accepted,1,1,134,136,0,0
374,0x1800,0,0,bulk,accepted,63,63,0,126,0,0
375,0x1800,0,0,bulk,accepted,5,5,126,136,0,0
376,0x1800,0,0,bulk,accepted,3,3,0,6,0,0
377,0x1800,0,0,bulk,accepted,63,63,6,132,0,0
378,0x1800,0,0,bulk,accepted,2,2,132,136,0,0
379,0x1800,0,0,bulk,accepted,6,6,0,12,0,0
380,0x1800,0,0,bulk,accepted,47,47,12,106,0,0
381,0x1800,0,0,bulk,accepted,15,15,106,136,0,0
382,0x1800,0,0,bulk,accepted,1,1,0,2,0,0
383,0x1800,0,0,bulk,accepted,63,63,2,128,0,0
384,0x1800,0,0,bulk,accepted,4,4,128,136,0,0
385,0x1800,0,0,bulk,accepted,21,21,0,42,0,0
386,0x1800,0,0,bulk,accepted,21,21,0,42,0,0
387,0x1800,0,0,bulk,accepted,21,21,0,42,0,0
388,0x1800,0,0,bulk,accepted,21,21,0,42,0,0
389,0x1800,0,0,bulk,accepted,21,21,0,42,0,0
390,0x1800,0,0,bulk,accepted,21,21,0,42,0,0
391,0x1800,0,0,bulk,accepted,21,21,0,42,0,0
392,0x1800,0,0,bulk,accepted,21,21,0,42,0,0
393,0x1800,0,0,bulk,accepted,21,21,0,42,0,0
394,0x1800,0,0,bulk,accepted,21,21,0,42,0,0
395,0x1800,0,0,bulk,accepted,21,21,0,42,0,0
396,0x1800,0,0,bulk,accepted,21,21,0,42,0,0
397,0x1800,0,0,bulk,accepted,21,21,0,42,0,0
398,0x1800,0,0,bulk,accepted,21,21,0,42,0,0
399,0x1800,0,0,bulk,accepted,21,21,0,42,0,0
400,0x1800,0,0,bulk,accepted,21,21,0,42,0,0
401,0x1800,0,0,bulk,accepted,21,21,0,42,0,0
402,0x1800,0,0,bulk,accepted,21,21,0,42,0,0
403,0x1800,0,0,bulk,accepted,21,21,0,42,0,0
404,0x1800,0,0,bulk,accepted,21,21,0,42,0,0
405,0x1800,0,0,bulk,accepted,21,21,0,42,0,0
406,0x1800,0,0,bulk,accepted,21,21,0,42,0,0
407,0x1800,0,0,bulk,accepted,21,21,0,42,0,0
408,0x1800,0,0,bulk,accepted,21,21,0,42,0,0
409,0x1800,0,0,bulk,accepted,21,21,0,42,0,0
410,0x1800,0,0,bulk,accepted,21,21,0,42,0,0
411,0x1800,0,0,bulk,accepted,21,21,0,42,0,0
412,0x1800,0,0,bulk,accepted,21,21,0,42,0,0
413,0x1800,0,0,bulk,accepted,21,21,0,42,0,0
414,0x1800,0,0,bulk,accepted,21,21,0,42,0,0
415,0x1800,0,0,bulk,accepted,21,21,0,42,0,0
416,0x1800,0,0,bulk,accepted,21,21,0,42,0,0
417,0x1800,0,0,bulk,accepted,21,21,0,42,0,0
418,0x1800,0,0,bulk,accepted,21,21,0,42,0,0
419,0x1800,0,0,bulk,accepted,21,21,0,42,0,0
420,0x1800,0,0,bulk,accepted,21,21,0,42,0,0
421,0x1800,0,0,bulk,accepted,21,21,0,42,0,0
422,0x1800,0,0,bulk,accepted,21,21,0,42,0,0
423,0x1800,0,0,bulk,accepted,21,21,0,42,0,0
424,0x1800,0,0,bulk,accepted,21,21,0,42,0,0
425,0x1800,0,0,bulk,accepted,21,21,0,42,0,0
426,0x1800,0,0,bulk,accepted,21,21,0,42,0,0
427,0x1800,0,0,bulk,accepted,21,21,0,42,0,0
428,0x1800,0,0,bulk,accepted,21,21,0,42,0,0
429,0x1800,0,0,bulk,accepted,21,21,0,42,0,0
430,0x1800,0,0,bulk,accepted,21,21,0,42,0,0
431,0x1800,0,0,bulk,accepted,21,21,0,42,0,0
432,0x1800,0,0,bulk,accepted,21,21,0,42,0,0
433,0x1800,0,0,bulk,accepted,4,4,0,8,0,0
434,0x1800,0,0,bulk,accepted,79,79,8,166,0,0
435,0x1800,0,0,bulk,accepted,2,2,166,170,0,0
436,0x1800,0,0,bulk,accepted,6,6,0,12,0,0
437,0x1800,0,0,bulk,accepted,79,79,12,170,0,0
438,0x1800,0,0,bulk,accepted,79,79,0,158,0,0
439,0x1800,0,0,bulk,accepted,6,6,158,170,0,0
440,0x1800,0,0,bulk,accepted,2,2,0,4,0,0
441,0x1800,0,0,bulk,accepted,79,79,4,162,0,0
442,0x1800,0,0,bulk,accepted,4,4,162,170,0,0
443,0x1800,0,0,bulk,accepted,4,4,0,8,0,0
444,0x1800,0,0,bulk,accepted,79,79,8,166,0,0
445,0x1800,0,0,bulk,accepted,2,2,166,170,0,0
446,0x1800,0,0,bulk,accepted,6,6,0,12,0,0
447,0x1800,0,0,bulk,accepted,79,79,12,170,0,0
448,0x1800,0,0,bulk,accepted,79,79,0,158,0,0
449,0x1800,0,0,bulk,accepted,6,6,158,170,0,0
450,0x1800,0,0,bulk,accepted,2,2,0,4,0,0
451,0x1800,0,0,bulk,accepted,79,79,4,162,0,0
452,0x1800,0,0,bulk,accepted,4,4,162,170,0,0
453,0x1800,0,0,bulk,accepted,4,4,0,8,0,0
454,0x1800,0,0,bulk,accepted,79,79,8,166,0,0
455,0x1800,0,0,bulk,accepted,2,2,166,170,0,0
456,0x1800,0,0,bulk,accepted,6,6,0,12,0,0
457,0x1800,0,0,bulk,accepted,79,79,12,170,0,0
458,0x1800,0,0,bulk,accepted,79,79,0,158,0,0
459,0x1800,0,0,bulk,accepted,6,6,158,170,0,0
460,0x1800,0,0,bulk,accepted,2,2,0,4,0,0
461,0x1800,0,0,bulk,accepted,79,79,4,162,0,0
462,0x1800,0,0,bulk,accepted,4,4,162,170,0,0
463,0x1800,0,0,bulk,accepted,2,2,0,4,0,0
464,0x1808,1,0,scalar_incrementing,accepted,1,1,4,5,0,0
465,0x1800,0,0,bulk,accepted,2,2,0,4,0,0
466,0x1808,1,0,scalar_incrementing,accepted,1,1,4,5,0,0
467,0x1800,0,0,bulk,accepted,19,19,0,38,0,0
468,0x1800,0,0,bulk,accepted,2,2,0,4,0,0
469,0x1808,1,0,scalar_incrementing,accepted,1,1,4,5,0,0
470,0x1800,0,0,bulk,accepted,2,2,0,4,0,0
471,0x1808,1,0,scalar_incrementing,accepted,1,1,4,5,0,0
472,0x1800,0,0,bulk,accepted,19,19,0,38,0,0
473,0x1800,0,0,bulk,accepted,2,2,0,4,0,0
474,0x1808,1,0,scalar_incrementing,accepted,1,1,4,5,0,0
475,0x1800,0,0,bulk,accepted,2,2,0,4,0,0
476,0x1808,1,0,scalar_incrementing,accepted,1,1,4,5,0,0
477,0x1800,0,0,bulk,accepted,19,19,0,38,0,0
478,0x1800,0,0,bulk,accepted,2,2,0,4,0,0
479,0x1808,1,0,scalar_incrementing,accepted,1,1,4,5,0,0
480,0x1800,0,0,bulk,accepted,2,2,0,4,0,0
481,0x1808,1,0,scalar_incrementing,accepted,1,1,4,5,0,0
482,0x1800,0,0,bulk,accepted,19,19,0,38,0,0
483,0x1800,0,0,bulk,accepted,2,2,0,4,0,0
484,0x1808,1,0,scalar_incrementing,accepted,1,1,4,5,0,0
485,0x1800,0,0,bulk,accepted,2,2,0,4,0,0
486,0x1808,1,0,scalar_incrementing,accepted,1,1,4,5,0,0
487,0x1800,0,0,bulk,accepted,19,19,0,38,0,0
488,0x1800,0,0,bulk,accepted,2,2,0,4,0,0
489,0x1808,1,0,scalar_incrementing,accepted,1,1,4,5,0,0
490,0x1800,0,0,bulk,accepted,2,2,0,4,0,0
491,0x1808,1,0,scalar_incrementing,accepted,1,1,4,5,0,0
492,0x1800,0,0,bulk,accepted,19,19,0,38,0,0
493,0x1800,0,0,bulk,accepted,2,2,0,4,0,0
494,0x1808,1,0,scalar_incrementing,accepted,1,1,4,5,0,0
495,0x1800,0,0,bulk,accepted,2,2,0,4,0,0
496,0x1808,1,0,scalar_incrementing,accepted,1,1,4,5,0,0
497,0x1800,0,0,bulk,accepted,19,19,0,38,0,0
498,0x1800,0,0,bulk,accepted,2,2,0,4,0,0
499,0x1808,1,0,scalar_incrementing,accepted,1,1,4,5,0,0
500,0x1800,0,0,bulk,accepted,2,2,0,4,0,0
501,0x1808,1,0,scalar_incrementing,accepted,1,1,4,5,0,0
502,0x1800,0,0,bulk,accepted,19,19,0,38,0,0
503,0x1800,0,0,bulk,accepted,2,2,0,4,0,0
504,0x1808,1,0,scalar_incrementing,accepted,1,1,4,5,0,0
505,0x1800,0,0,bulk,accepted,2,2,0,4,0,0
506,0x1808,1,0,scalar_incrementing,accepted,1,1,4,5,0,0
507,0x1800,0,0,bulk,accepted,19,19,0,38,0,0
508,0x1800,0,0,bulk,accepted,2,2,0,4,0,0
509,0x1808,1,0,scalar_incrementing,accepted,1,1,4,5,0,0
510,0x1800,0,0,bulk,accepted,2,2,0,4,0,0
511,0x1808,1,0,scalar_incrementing,accepted,1,1,4,5,0,0
512,0x1800,0,0,bulk,accepted,19,19,0,38,0,0
513,0x1800,0,0,bulk,accepted,4,4,0,8,0,0
514,0x1800,0,0,bulk,accepted,4,4,0,8,0,0
515,0x1800,0,0,bulk,accepted,18,18,0,36,0,0
516,0x1800,0,0,bulk,accepted,4,4,0,8,0,0
517,0x1800,0,0,bulk,accepted,4,4,0,8,0,0
518,0x1800,0,0,bulk,accepted,18,18,0,36,0,0
519,0x1800,0,0,bulk,accepted,4,4,0,8,0,0
520,0x1800,0,0,bulk,accepted,4,4,0,8,0,0
521,0x1800,0,0,bulk,accepted,18,18,0,36,0,0
522,0x1800,0,0,bulk,accepted,4,4,0,8,0,0
523,0x1800,0,0,bulk,accepted,4,4,0,8,0,0
524,0x1800,0,0,bulk,accepted,18,18,0,36,0,0
525,0x1800,0,0,bulk,accepted,4,4,0,8,0,0
526,0x1800,0,0,bulk,accepted,4,4,0,8,0,0
527,0x1800,0,0,bulk,accepted,18,18,0,36,0,0
528,0x1800,0,0,bulk,accepted,4,4,0,8,0,0
529,0x1800,0,0,bulk,accepted,4,4,0,8,0,0
530,0x1800,0,0,bulk,accepted,18,18,0,36,0,0
531,0x1800,0,0,bulk,accepted,4,4,0,8,0,0
532,0x1800,0,0,bulk,accepted,4,4,0,8,0,0
533,0x1800,0,0,bulk,accepted,18,18,0,36,0,0
534,0x1800,0,0,bulk,accepted,4,4,0,8,0,0
535,0x1800,0,0,bulk,accepted,4,4,0,8,0,0
536,0x1800,0,0,bulk,accepted,18,18,0,36,0,0
537,0x1800,0,0,bulk,accepted,2,2,0,4,0,0
538,0x1800,0,0,bulk,accepted,2,2,0,4,0,0
539,0x1800,0,0,bulk,accepted,10,10,0,20,0,0
540,0x1800,0,0,bulk,accepted,2,2,0,4,0,0
541,0x1800,0,0,bulk,accepted,2,2,0,4,0,0
542,0x1800,0,0,bulk,accepted,10,10,0,20,0,0
543,0x1800,0,0,bulk,accepted,2,2,0,4,0,0
544,0x1800,0,0,bulk,accepted,2,2,0,4,0,0
545,0x1800,0,0,bulk,accepted,10,10,0,20,0,0
546,0x1800,0,0,bulk,accepted,2,2,0,4,0,0
547,0x1800,0,0,bulk,accepted,2,2,0,4,0,0
548,0x1800,0,0,bulk,accepted,10,10,0,20,0,0
549,0x1800,0,0,bulk,accepted,2,2,0,4,0,0
550,0x1800,0,0,bulk,accepted,2,2,0,4,0,0
551,0x1800,0,0,bulk,accepted,10,10,0,20,0,0
552,0x1800,0,0,bulk,accepted,2,2,0,4,0,0
553,0x1800,0,0,bulk,accepted,2,2,0,4,0,0
554,0x1800,0,0,bulk,accepted,10,10,0,20,0,0
555,0x1800,0,0,bulk,accepted,2,2,0,4,0,0
556,0x1800,0,0,bulk,accepted,2,2,0,4,0,0
557,0x1800,0,0,bulk,accepted,10,10,0,20,0,0
558,0x1800,0,0,bulk,accepted,2,2,0,4,0,0
559,0x1800,0,0,bulk,accepted,2,2,0,4,0,0
560,0x1800,0,0,bulk,accepted,10,10,0,20,0,0
561,0x1800,0,0,bulk,accepted,2,2,0,4,0,0
562,0x1800,0,0,bulk,accepted,2,2,0,4,0,0
563,0x1800,0,0,bulk,accepted,10,10,0,20,0,0
564,0x1800,0,0,bulk,accepted,2,2,0,4,0,0
565,0x1800,0,0,bulk,accepted,2,2,0,4,0,0
566,0x1800,0,0,bulk,accepted,10,10,0,20,0,0
567,0x1800,0,0,bulk,accepted,2,2,0,4,0,0
568,0x1800,0,0,bulk,accepted,2,2,0,4,0,0
569,0x1800,0,0,bulk,accepted,10,10,0,20,0,0
570,0x1800,0,0,bulk,accepted,2,2,0,4,0,0
571,0x1800,0,0,bulk,accepted,2,2,0,4,0,0
572,0x1800,0,0,bulk,accepted,10,10,0,20,0,0
573,0x1800,0,0,bulk,accepted,2,2,0,4,0,0
574,0x1800,0,0,bulk,accepted,2,2,0,4,0,0
575,0x1800,0,0,bulk,accepted,10,10,0,20,0,0
576,0x1800,0,0,bulk,accepted,2,2,0,4,0,0
577,0x1800,0,0,bulk,accepted,2,2,0,4,0,0
578,0x1800,0,0,bulk,accepted,10,10,0,20,0,0
579,0x1800,0,0,bulk,accepted,2,2,0,4,0,0
580,0x1800,0,0,bulk,accepted,2,2,0,4,0,0
581,0x1800,0,0,bulk,accepted,10,10,0,20,0,0
582,0x1800,0,0,bulk,accepted,2,2,0,4,0,0
583,0x1800,0,0,bulk,accepted,2,2,0,4,0,0
584,0x1800,0,0,bulk,accepted,10,10,0,20,0,0
585,0x1800,0,0,bulk,accepted,1,1,0,2,0,0
586,0x1800,0,0,bulk,accepted,319,319,2,640,0,0
587,0x1800,0,0,bulk,accepted,4,4,640,648,0,0
588,0x1800,0,0,bulk,accepted,4,4,0,8,0,0
589,0x1800,0,0,bulk,accepted,319,319,8,646,0,0
590,0x1800,0,0,bulk,accepted,1,1,646,648,0,0
591,0x1800,0,0,bulk,accepted,1,1,0,2,0,0
592,0x1800,0,0,bulk,accepted,143,143,2,288,0,0
593,0x1800,0,0,bulk,accepted,12,12,288,312,0,0
594,0x1800,0,0,bulk,accepted,4,4,0,8,0,0
595,0x1800,0,0,bulk,accepted,239,239,8,486,0,0
596,0x1800,0,0,bulk,accepted,9,9,486,504,0,0
597,0x1800,0,0,bulk,accepted,143,143,0,286,0,0
598,0x1800,0,0,bulk,accepted,13,13,286,312,0,0
599,0x1800,0,0,bulk,accepted,3,3,0,6,0,0
600,0x1800,0,0,bulk,accepted,143,143,6,292,0,0
601,0x1800,0,0,bulk,accepted,10,10,292,312,0,0
602,0x1800,0,0,bulk,accepted,27,27,0,54,0,0
603,0x1800,0,0,bulk,accepted,27,27,0,54,0,0
604,0x1800,0,0,bulk,accepted,27,27,0,54,0,0
605,0x1800,0,0,bulk,accepted,27,27,0,54,0,0
606,0x1800,0,0,bulk,accepted,27,27,0,54,0,0
607,0x1800,0,0,bulk,accepted,27,27,0,54,0,0
608,0x1800,0,0,bulk,accepted,27,27,0,54,0,0
609,0x1800,0,0,bulk,accepted,27,27,0,54,0,0
610,0x1800,0,0,bulk,accepted,27,27,0,54,0,0
611,0x1800,0,0,bulk,accepted,27,27,0,54,0,0
612,0x1800,0,0,bulk,accepted,27,27,0,54,0,0
613,0x1800,0,0,bulk,accepted,27,27,0,54,0,0
614,0x1800,0,0,bulk,accepted,27,27,0,54,0,0
615,0x1800,0,0,bulk,accepted,27,27,0,54,0,0
616,0x1800,0,0,bulk,accepted,27,27,0,54,0,0
617,0x1800,0,0,bulk,accepted,27,27,0,54,0,0
618,0x1800,0,0,bulk,accepted,27,27,0,54,0,0
619,0x1800,0,0,bulk,accepted,27,27,0,54,0,0
620,0x1800,0,0,bulk,accepted,5,5,0,10,0,0
621,0x1800,0,0,bulk,accepted,47,47,10,104,0,0
622,0x1800,0,0,bulk,accepted,13,13,104,130,0,0
623,0x1800,0,0,bulk,accepted,3,3,0,6,0,0
624,0x1800,0,0,bulk,accepted,47,47,6,100,0,0
625,0x1800,0,0,bulk,accepted,15,15,100,130,0,0
626,0x1800,0,0,bulk,accepted,1,1,0,2,0,0
627,0x1800,0,0,bulk,accepted,63,63,2,128,0,0
628,0x1800,0,0,bulk,accepted,1,1,128,130,0,0
629,0x1800,0,0,bulk,accepted,63,63,0,126,0,0
630,0x1800,0,0,bulk,accepted,2,2,126,130,0,0
631,0x1800,0,0,bulk,accepted,6,6,0,12,0,0
632,0x1800,0,0,bulk,accepted,47,47,12,106,0,0
633,0x1800,0,0,bulk,accepted,12,12,106,130,0,0
634,0x1800,0,0,bulk,accepted,4,4,0,8,0,0
635,0x1800,0,0,bulk,accepted,47,47,8,102,0,0
636,0x1800,0,0,bulk,accepted,14,14,102,130,0,0
637,0x1800,0,0,bulk,accepted,2,2,0,4,0,0
638,0x1800,0,0,bulk,accepted,63,63,4,130,0,0
639,0x1800,0,0,bulk,accepted,63,63,0,126,0,0
640,0x1800,0,0,bulk,accepted,2,2,126,130,0,0
641,0x1800,0,0,bulk,accepted,6,6,0,12,0,0
642,0x1800,0,0,bulk,accepted,47,47,12,106,0,0
643,0x1800,0,0,bulk,accepted,12,12,106,130,0,0
644,0x1800,0,0,bulk,accepted,4,4,0,8,0,0
645,0x1800,0,0,bulk,accepted,47,47,8,102,0,0
646,0x1800,0,0,bulk,accepted,14,14,102,130,0,0
647,0x1800,0,0,bulk,accepted,4,4,0,8,0,0
648,0x1800,0,0,bulk,accepted,4,4,0,8,0,0
649,0x1800,0,0,bulk,accepted,18,18,0,36,0,0
650,0x1800,0,0,bulk,accepted,4,4,0,8,0,0
651,0x1800,0,0,bulk,accepted,4,4,0,8,0,0
652,0x1800,0,0,bulk,accepted,18,18,0,36,0,0
653,0x1800,0,0,bulk,accepted,4,4,0,8,0,0
654,0x1800,0,0,bulk,accepted,4,4,0,8,0,0
655,0x1800,0,0,bulk,accepted,1,1,0,2,0,0
656,0x1800,0,0,bulk,accepted,47,47,2,96,0,0
657,0x1800,0,0,bulk,accepted,10,10,96,116,0,0
658,0x1800,0,0,bulk,accepted,4,4,0,8,0,0
659,0x1800,0,0,bulk,accepted,4,4,0,8,0,0
660,0x1800,0,0,bulk,accepted,18,18,0,36,0,0
661,0x1800,0,0,bulk,accepted,4,4,0,8,0,0
662,0x1800,0,0,bulk,accepted,4,4,0,8,0,0
663,0x1800,0,0,bulk,accepted,1,1,0,2,0,0
664,0x1800,0,0,bulk,accepted,47,47,2,96,0,0
665,0x1800,0,0,bulk,accepted,10,10,96,116,0,0
666,0x1800,0,0,bulk,accepted,4,4,0,8,0,0
667,0x1800,0,0,bulk,accepted,4,4,0,8,0,0
668,0x1800,0,0,bulk,accepted,4,4,0,8,0,0
669,0x1800,0,0,bulk,accepted,47,47,8,102,0,0
670,0x1800,0,0,bulk,accepted,7,7,102,116,0,0
671,0x1800,0,0,bulk,accepted,4,4,0,8,0,0
672,0x1800,0,0,bulk,accepted,4,4,0,8,0,0
673,0x1800,0,0,bulk,accepted,18,18,0,36,0,0
674,0x1800,0,0,bulk,accepted,4,4,0,8,0,0
675,0x1800,0,0,bulk,accepted,4,4,0,8,0,0
676,0x1800,0,0,bulk,accepted,18,18,0,36,0,0
677,0x1800,0,0,bulk,accepted,2,2,0,4,0,0
678,0x1808,1,0,scalar_incrementing,accepted,1,1,4,5,0,0
679,0x1800,0,0,bulk,accepted,2,2,0,4,0,0
680,0x1808,1,0,scalar_incrementing,accepted,1,1,4,5,0,0
681,0x1800,0,0,bulk,accepted,1,1,0,2,0,0
682,0x1800,0,0,bulk,accepted,31,31,2,64,0,0
683,0x1800,0,0,bulk,accepted,8,8,64,80,0,0
684,0x1800,0,0,bulk,accepted,2,2,0,4,0,0
685,0x1808,1,0,scalar_incrementing,accepted,1,1,4,5,0,0
686,0x1800,0,0,bulk,accepted,2,2,0,4,0,0
687,0x1808,1,0,scalar_incrementing,accepted,1,1,4,5,0,0
688,0x1800,0,0,bulk,accepted,6,6,0,12,0,0
689,0x1800,0,0,bulk,accepted,31,31,12,74,0,0
690,0x1800,0,0,bulk,accepted,3,3,74,80,0,0
691,0x1800,0,0,bulk,accepted,4,4,0,8,0,0
692,0x1800,0,0,bulk,accepted,4,4,0,8,0,0
693,0x1800,0,0,bulk,accepted,3,3,0,6,0,0
694,0x1800,0,0,bulk,accepted,47,47,6,100,0,0
695,0x1800,0,0,bulk,accepted,8,8,100,116,0,0
696,0x1800,0,0,bulk,accepted,2,2,0,4,0,0
697,0x1808,1,0,scalar_incrementing,accepted,1,1,4,5,0,0
698,0x1800,0,0,bulk,accepted,2,2,0,4,0,0
699,0x1808,1,0,scalar_incrementing,accepted,1,1,4,5,0,0
700,0x1800,0,0,bulk,accepted,6,6,0,12,0,0
701,0x1800,0,0,bulk,accepted,31,31,12,74,0,0
702,0x1800,0,0,bulk,accepted,3,3,74,80,0,0
703,0x1800,0,0,bulk,accepted,2,2,0,4,0,0
704,0x1808,1,0,scalar_incrementing,accepted,1,1,4,5,0,0
705,0x1800,0,0,bulk,accepted,2,2,0,4,0,0
706,0x1808,1,0,scalar_incrementing,accepted,1,1,4,5,0,0
707,0x1800,0,0,bulk,accepted,3,3,0,6,0,0
708,0x1800,0,0,bulk,accepted,31,31,6,68,0,0
709,0x1800,0,0,bulk,accepted,6,6,68,80,0,0
710,0x1800,0,0,bulk,accepted,2,2,0,4,0,0
711,0x1808,1,0,scalar_incrementing,accepted,1,1,4,5,0,0
712,0x1800,0,0,bulk,accepted,2,2,0,4,0,0
713,0x1808,1,0,scalar_incrementing,accepted,1,1,4,5,0,0
714,0x1800,0,0,bulk,accepted,31,31,0,62,0,0
715,0x1800,0,0,bulk,accepted,9,9,62,80,0,0
716,0x1800,0,0,bulk,accepted,4,4,0,8,0,0
717,0x1800,0,0,bulk,accepted,4,4,0,8,0,0
718,0x1800,0,0,bulk,accepted,18,18,0,36,0,0
719,0x1800,0,0,bulk,accepted,4,4,0,8,0,0
720,0x1800,0,0,bulk,accepted,4,4,0,8,0,0
721,0x1800,0,0,bulk,accepted,2,2,0,4,0,0
722,0x1800,0,0,bulk,accepted,47,47,4,98,0,0
723,0x1800,0,0,bulk,accepted,9,9,98,116,0,0
724,0x1800,0,0,bulk,accepted,4,4,0,8,0,0
725,0x1800,0,0,bulk,accepted,4,4,0,8,0,0
726,0x1800,0,0,bulk,accepted,5,5,0,10,0,0
727,0x1800,0,0,bulk,accepted,47,47,10,104,0,0
728,0x1800,0,0,bulk,accepted,6,6,104,116,0,0
729,0x1800,0,0,bulk,accepted,4,4,0,8,0,0
730,0x1800,0,0,bulk,accepted,4,4,0,8,0,0
731,0x1800,0,0,bulk,accepted,18,18,0,36,0,0
732,0x1800,0,0,bulk,accepted,4,4,0,8,0,0
733,0x1800,0,0,bulk,accepted,4,4,0,8,0,0
734,0x1800,0,0,bulk,accepted,18,18,0,36,0,0
735,0x1800,0,0,bulk,accepted,4,4,0,8,0,0
736,0x1800,0,0,bulk,accepted,4,4,0,8,0,0
737,0x1800,0,0,bulk,accepted,18,18,0,36,0,0
738,0x1800,0,0,bulk,accepted,4,4,0,8,0,0
739,0x1800,0,0,bulk,accepted,4,4,0,8,0,0
740,0x1800,0,0,bulk,accepted,18,18,0,36,0,0
741,0x1800,0,0,bulk,accepted,3,3,0,6,0,0
742,0x1800,0,0,bulk,accepted,3,3,0,6,0,0
743,0x1800,0,0,bulk,accepted,14,14,0,28,0,0
744,0x1800,0,0,bulk,accepted,3,3,0,6,0,0
745,0x1800,0,0,bulk,accepted,3,3,0,6,0,0
746,0x1800,0,0,bulk,accepted,14,14,0,28,0,0
747,0x1800,0,0,bulk,accepted,1,1,0,2,0,0
748,0x1808,1,0,scalar_incrementing,accepted,1,1,2,3,0,0
749,0x1800,0,0,bulk,accepted,1,1,0,2,0,0
750,0x1808,1,0,scalar_incrementing,accepted,1,1,2,3,0,0
751,0x1800,0,0,bulk,accepted,8,8,0,16,0,0
752,0x1800,0,0,bulk,accepted,1,1,0,2,0,0
753,0x1808,1,0,scalar_incrementing,accepted,1,1,2,3,0,0
754,0x1800,0,0,bulk,accepted,1,1,0,2,0,0
755,0x1808,1,0,scalar_incrementing,accepted,1,1,2,3,0,0
756,0x1800,0,0,bulk,accepted,8,8,0,16,0,0
757,0x1800,0,0,bulk,accepted,1,1,0,2,0,0
758,0x1808,1,0,scalar_incrementing,accepted,1,1,2,3,0,0
759,0x1800,0,0,bulk,accepted,1,1,0,2,0,0
760,0x1808,1,0,scalar_incrementing,accepted,1,1,2,3,0,0
761,0x1800,0,0,bulk,accepted,8,8,0,16,0,0
762,0x1800,0,0,bulk,accepted,1,1,0,2,0,0
763,0x1808,1,0,scalar_incrementing,accepted,1,1,2,3,0,0
764,0x1800,0,0,bulk,accepted,1,1,0,2,0,0
765,0x1808,1,0,scalar_incrementing,accepted,1,1,2,3,0,0
766,0x1800,0,0,bulk,accepted,8,8,0,16,0,0
767,0x1800,0,0,bulk,accepted,1,1,0,2,0,0
768,0x1808,1,0,scalar_incrementing,accepted,1,1,2,3,0,0
769,0x1800,0,0,bulk,accepted,1,1,0,2,0,0
770,0x1808,1,0,scalar_incrementing,accepted,1,1,2,3,0,0
771,0x1800,0,0,bulk,accepted,8,8,0,16,0,0
772,0x1800,0,0,bulk,accepted,1,1,0,2,0,0
773,0x1808,1,0,scalar_incrementing,accepted,1,1,2,3,0,0
774,0x1800,0,0,bulk,accepted,1,1,0,2,0,0
775,0x1808,1,0,scalar_incrementing,accepted,1,1,2,3,0,0
776,0x1800,0,0,bulk,accepted,8,8,0,16,0,0
777,0x1800,0,0,bulk,accepted,1,1,0,2,0,0
778,0x1808,1,0,scalar_incrementing,accepted,1,1,2,3,0,0
779,0x1800,0,0,bulk,accepted,1,1,0,2,0,0
780,0x1808,1,0,scalar_incrementing,accepted,1,1,2,3,0,0
781,0x1800,0,0,bulk,accepted,8,8,0,16,0,0
782,0x1800,0,0,bulk,accepted,1,1,0,2,0,0
783,0x1808,1,0,scalar_incrementing,accepted,1,1,2,3,0,0
784,0x1800,0,0,bulk,accepted,1,1,0,2,0,0
785,0x1808,1,0,scalar_incrementing,accepted,1,1,2,3,0,0
786,0x1800,0,0,bulk,accepted,8,8,0,16,0,0
787,0x1800,0,0,bulk,accepted,5,5,0,10,0,0
788,0x1800,0,0,bulk,accepted,5,5,0,10,0,0
789,0x1800,0,0,bulk,accepted,22,22,0,44,0,0
790,0x1800,0,0,bulk,accepted,5,5,0,10,0,0
791,0x1800,0,0,bulk,accepted,5,5,0,10,0,0
792,0x1800,0,0,bulk,accepted,22,22,0,44,0,0
793,0x1800,0,0,bulk,accepted,5,5,0,10,0,0
794,0x1800,0,0,bulk,accepted,5,5,0,10,0,0
795,0x1800,0,0,bulk,accepted,22,22,0,44,0,0
796,0x1800,0,0,bulk,accepted,5,5,0,10,0,0
797,0x1800,0,0,bulk,accepted,5,5,0,10,0,0
798,0x1800,0,0,bulk,accepted,22,22,0,44,0,0
799,0x1800,0,0,bulk,accepted,5,5,0,10,0,0
800,0x1800,0,0,bulk,accepted,5,5,0,10,0,0
801,0x1800,0,0,bulk,accepted,22,22,0,44,0,0
802,0x1800,0,0,bulk,accepted,5,5,0,10,0,0
803,0x1800,0,0,bulk,accepted,5,5,0,10,0,0
804,0x1800,0,0,bulk,accepted,22,22,0,44,0,0
805,0x1800,0,0,bulk,accepted,5,5,0,10,0,0
806,0x1800,0,0,bulk,accepted,5,5,0,10,0,0
807,0x1800,0,0,bulk,accepted,22,22,0,44,0,0
808,0x1800,0,0,bulk,accepted,5,5,0,10,0,0
809,0x1800,0,0,bulk,accepted,5,5,0,10,0,0
810,0x1800,0,0,bulk,accepted,22,22,0,44,0,0
811,0x1800,0,0,bulk,accepted,1,1,0,2,0,0
812,0x1808,1,0,scalar_incrementing,accepted,1,1,2,3,0,0
813,0x1800,0,0,bulk,accepted,1,1,0,2,0,0
814,0x1808,1,0,scalar_incrementing,accepted,1,1,2,3,0,0
815,0x1800,0,0,bulk,accepted,8,8,0,16,0,0
816,0x1800,0,0,bulk,accepted,1,1,0,2,0,0
817,0x1808,1,0,scalar_incrementing,accepted,1,1,2,3,0,0
818,0x1800,0,0,bulk,accepted,1,1,0,2,0,0
819,0x1808,1,0,scalar_incrementing,accepted,1,1,2,3,0,0
820,0x1800,0,0,bulk,accepted,8,8,0,16,0,0
821,0x1800,0,0,bulk,accepted,1,1,0,2,0,0
822,0x1808,1,0,scalar_incrementing,accepted,1,1,2,3,0,0
823,0x1800,0,0,bulk,accepted,1,1,0,2,0,0
824,0x1808,1,0,scalar_incrementing,accepted,1,1,2,3,0,0
825,0x1800,0,0,bulk,accepted,8,8,0,16,0,0
826,0x1800,0,0,bulk,accepted,1,1,0,2,0,0
827,0x1808,1,0,scalar_incrementing,accepted,1,1,2,3,0,0
828,0x1800,0,0,bulk,accepted,1,1,0,2,0,0
829,0x1808,1,0,scalar_incrementing,accepted,1,1,2,3,0,0
830,0x1800,0,0,bulk,accepted,8,8,0,16,0,0
831,0x1800,0,0,bulk,accepted,1,1,0,2,0,0
832,0x1808,1,0,scalar_incrementing,accepted,1,1,2,3,0,0
833,0x1800,0,0,bulk,accepted,1,1,0,2,0,0
834,0x1808,1,0,scalar_incrementing,accepted,1,1,2,3,0,0
835,0x1800,0,0,bulk,accepted,8,8,0,16,0,0
836,0x1800,0,0,bulk,accepted,1,1,0,2,0,0
837,0x1808,1,0,scalar_incrementing,accepted,1,1,2,3,0,0
838,0x1800,0,0,bulk,accepted,1,1,0,2,0,0
839,0x1808,1,0,scalar_incrementing,accepted,1,1,2,3,0,0
840,0x1800,0,0,bulk,accepted,8,8,0,16,0,0
841,0x1800,0,0,bulk,accepted,1,1,0,2,0,0
842,0x1808,1,0,scalar_incrementing,accepted,1,1,2,3,0,0
843,0x1800,0,0,bulk,accepted,1,1,0,2,0,0
844,0x1808,1,0,scalar_incrementing,accepted,1,1,2,3,0,0
845,0x1800,0,0,bulk,accepted,8,8,0,16,0,0
846,0x1800,0,0,bulk,accepted,1,1,0,2,0,0
847,0x1808,1,0,scalar_incrementing,accepted,1,1,2,3,0,0
848,0x1800,0,0,bulk,accepted,1,1,0,2,0,0
849,0x1808,1,0,scalar_incrementing,accepted,1,1,2,3,0,0
850,0x1800,0,0,bulk,accepted,8,8,0,16,0,0
851,0x1800,0,0,bulk,accepted,18,18,0,36,0,0
852,0x1800,0,0,bulk,accepted,18,18,0,36,0,0
853,0x1800,0,0,bulk,accepted,18,18,0,36,0,0
854,0x1800,0,0,bulk,accepted,18,18,0,36,0,0
855,0x1800,0,0,bulk,accepted,18,18,0,36,0,0
856,0x1800,0,0,bulk,accepted,18,18,0,36,0,0
857,0x1800,0,0,bulk,accepted,18,18,0,36,0,0
858,0x1800,0,0,bulk,accepted,18,18,0,36,0,0
859,0x1800,0,0,bulk,accepted,18,18,0,36,0,0
860,0x1800,0,0,bulk,accepted,18,18,0,36,0,0
861,0x1800,0,0,bulk,accepted,18,18,0,36,0,0
862,0x1800,0,0,bulk,accepted,18,18,0,36,0,0
863,0x1800,0,0,bulk,accepted,18,18,0,36,0,0
864,0x1800,0,0,bulk,accepted,18,18,0,36,0,0
865,0x1800,0,0,bulk,accepted,18,18,0,36,0,0
866,0x1800,0,0,bulk,accepted,18,18,0,36,0,0
867,0x1800,0,0,bulk,accepted,18,18,0,36,0,0
868,0x1800,0,0,bulk,accepted,18,18,0,36,0,0
869,0x1800,0,0,bulk,accepted,18,18,0,36,0,0
870,0x1800,0,0,bulk,accepted,18,18,0,36,0,0
871,0x1800,0,0,bulk,accepted,18,18,0,36,0,0
872,0x1800,0,0,bulk,accepted,18,18,0,36,0,0
873,0x1800,0,0,bulk,accepted,18,18,0,36,0,0
874,0x1800,0,0,bulk,accepted,18,18,0,36,0,0
875,0x1800,0,0,bulk,accepted,18,18,0,36,0,0
876,0x1800,0,0,bulk,accepted,18,18,0,36,0,0
877,0x1800,0,0,bulk,accepted,18,18,0,36,0,0
878,0x1800,0,0,bulk,accepted,18,18,0,36,0,0
879,0x1800,0,0,bulk,accepted,18,18,0,36,0,0
880,0x1800,0,0,bulk,accepted,18,18,0,36,0,0
881,0x1800,0,0,bulk,accepted,18,18,0,36,0,0
882,0x1800,0,0,bulk,accepted,18,18,0,36,0,0
883,0x1800,0,0,bulk,accepted,18,18,0,36,0,0
884,0x1800,0,0,bulk,accepted,18,18,0,36,0,0
885,0x1800,0,0,bulk,accepted,18,18,0,36,0,0
886,0x1800,0,0,bulk,accepted,18,18,0,36,0,0
887,0x1800,0,0,bulk,accepted,18,18,0,36,0,0
888,0x1800,0,0,bulk,accepted,18,18,0,36,0,0
889,0x1800,0,0,bulk,accepted,18,18,0,36,0,0
890,0x1800,0,0,bulk,accepted,18,18,0,36,0,0
891,0x1800,0,0,bulk,accepted,18,18,0,36,0,0
892,0x1800,0,0,bulk,accepted,18,18,0,36,0,0
893,0x1800,0,0,bulk,accepted,18,18,0,36,0,0
894,0x1800,0,0,bulk,accepted,18,18,0,36,0,0
895,0x1800,0,0,bulk,accepted,18,18,0,36,0,0
896,0x1800,0,0,bulk,accepted,18,18,0,36,0,0
897,0x1800,0,0,bulk,accepted,18,18,0,36,0,0
898,0x1800,0,0,bulk,accepted,18,18,0,36,0,0
899,0x1800,0,0,bulk,accepted,18,18,0,36,0,0
900,0x1800,0,0,bulk,accepted,18,18,0,36,0,0
901,0x1800,0,0,bulk,accepted,18,18,0,36,0,0
902,0x1800,0,0,bulk,accepted,18,18,0,36,0,0
903,0x1800,0,0,bulk,accepted,18,18,0,36,0,0
904,0x1800,0,0,bulk,accepted,18,18,0,36,0,0
905,0x1800,0,0,bulk,accepted,18,18,0,36,0,0
906,0x1800,0,0,bulk,accepted,18,18,0,36,0,0
907,0x1800,0,0,bulk,accepted,18,18,0,36,0,0
908,0x1800,0,0,bulk,accepted,18,18,0,36,0,0
909,0x1800,0,0,bulk,accepted,18,18,0,36,0,0
910,0x1800,0,0,bulk,accepted,18,18,0,36,0,0
911,0x1800,0,0,bulk,accepted,18,18,0,36,0,0
912,0x1800,0,0,bulk,accepted,18,18,0,36,0,0
913,0x1800,0,0,bulk,accepted,18,18,0,36,0,0
914,0x1800,0,0,bulk,accepted,18,18,0,36,0,0
915,0x1800,0,0,bulk,accepted,18,18,0,36,0,0
916,0x1800,0,0,bulk,accepted,18,18,0,36,0,0
917,0x1800,0,0,bulk,accepted,18,18,0,36,0,0
918,0x1800,0,0,bulk,accepted,18,18,0,36,0,0
919,0x1800,0,0,bulk,accepted,18,18,0,36,0,0
920,0x1800,0,0,bulk,accepted,18,18,0,36,0,0
921,0x1800,0,0,bulk,accepted,18,18,0,36,0,0
922,0x1800,0,0,bulk,accepted,18,18,0,36,0,0
923,0x1800,0,0,bulk,accepted,4,4,0,8,0,0
924,0x1800,0,0,bulk,accepted,95,95,8,198,0,0
925,0x1800,0,0,bulk,accepted,3,3,198,204,0,0
926,0x1800,0,0,bulk,accepted,5,5,0,10,0,0
927,0x1800,0,0,bulk,accepted,95,95,10,200,0,0
928,0x1800,0,0,bulk,accepted,2,2,200,204,0,0
929,0x1800,0,0,bulk,accepted,6,6,0,12,0,0
930,0x1800,0,0,bulk,accepted,79,79,12,170,0,0
931,0x1800,0,0,bulk,accepted,79,79,0,158,0,0
932,0x1800,0,0,bulk,accepted,6,6,158,170,0,0
933,0x1800,0,0,bulk,accepted,2,2,0,4,0,0
934,0x1800,0,0,bulk,accepted,79,79,4,162,0,0
935,0x1800,0,0,bulk,accepted,4,4,162,170,0,0
936,0x1800,0,0,bulk,accepted,4,4,0,8,0,0
937,0x1800,0,0,bulk,accepted,79,79,8,166,0,0
938,0x1800,0,0,bulk,accepted,2,2,166,170,0,0
939,0x1800,0,0,bulk,accepted,6,6,0,12,0,0
940,0x1800,0,0,bulk,accepted,47,47,12,106,0,0
941,0x1800,0,0,bulk,accepted,12,12,106,130,0,0
942,0x1800,0,0,bulk,accepted,4,4,0,8,0,0
943,0x1800,0,0,bulk,accepted,47,47,8,102,0,0
944,0x1800,0,0,bulk,accepted,14,14,102,130,0,0
945,0x1800,0,0,bulk,accepted,2,2,0,4,0,0
946,0x1800,0,0,bulk,accepted,63,63,4,130,0,0
947,0x1800,0,0,bulk,accepted,3,3,130,136,0,0
948,0x1800,0,0,bulk,accepted,5,5,0,10,0,0
949,0x1800,0,0,bulk,accepted,63,63,10,136,0,0
950,0x1800,0,0,bulk,accepted,63,63,0,126,0,0
951,0x1800,0,0,bulk,accepted,5,5,126,136,0,0
952,0x1800,0,0,bulk,accepted,3,3,0,6,0,0
953,0x1800,0,0,bulk,accepted,63,63,6,132,0,0
954,0x1800,0,0,bulk,accepted,2,2,132,136,0,0
955,0x1800,0,0,bulk,accepted,6,6,0,12,0,0
956,0x1800,0,0,bulk,accepted,47,47,12,106,0,0
957,0x1800,0,0,bulk,accepted,15,15,106,136,0,0
958,0x1800,0,0,bulk,accepted,1,1,0,2,0,0
959,0x1800,0,0,bulk,accepted,63,63,2,128,0,0
960,0x1800,0,0,bulk,accepted,4,4,128,136,0,0
961,0x1800,0,0,bulk,accepted,4,4,0,8,0,0
962,0x1800,0,0,bulk,accepted,63,63,8,134,0,0
963,0x1800,0,0,bulk,accepted,1,1,134,136,0,0
964,0x1800,0,0,bulk,accepted,63,63,0,126,0,0
965,0x1800,0,0,bulk,accepted,5,5,126,136,0,0
966,0x1800,0,0,bulk,accepted,3,3,0,6,0,0
967,0x1800,0,0,bulk,accepted,63,63,6,132,0,0
968,0x1800,0,0,bulk,accepted,2,2,132,136,0,0
969,0x1800,0,0,bulk,accepted,6,6,0,12,0,0
970,0x1800,0,0,bulk,accepted,47,47,12,106,0,0
971,0x1800,0,0,bulk,accepted,15,15,106,136,0,0
972,0x1800,0,0,bulk,accepted,1,1,0,2,0,0
973,0x1800,0,0,bulk,accepted,63,63,2,128,0,0
974,0x1800,0,0,bulk,accepted,4,4,128,136,0,0
975,0x1800,0,0,bulk,accepted,4,4,0,8,0,0
976,0x1800,0,0,bulk,accepted,63,63,8,134,0,0
977,0x1800,0,0,bulk,accepted,1,1,134,136,0,0
978,0x1800,0,0,bulk,accepted,63,63,0,126,0,0
979,0x1800,0,0,bulk,accepted,5,5,126,136,0,0
980,0x1800,0,0,bulk,accepted,3,3,0,6,0,0
981,0x1800,0,0,bulk,accepted,63,63,6,132,0,0
982,0x1800,0,0,bulk,accepted,2,2,132,136,0,0
983,0x1800,0,0,bulk,accepted,6,6,0,12,0,0
984,0x1800,0,0,bulk,accepted,47,47,12,106,0,0
985,0x1800,0,0,bulk,accepted,15,15,106,136,0,0
986,0x1800,0,0,bulk,accepted,1,1,0,2,0,0
987,0x1800,0,0,bulk,accepted,63,63,2,128,0,0
988,0x1800,0,0,bulk,accepted,4,4,128,136,0,0
989,0x1800,0,0,bulk,accepted,21,21,0,42,0,0
990,0x1800,0,0,bulk,accepted,21,21,0,42,0,0
991,0x1800,0,0,bulk,accepted,21,21,0,42,0,0
992,0x1800,0,0,bulk,accepted,21,21,0,42,0,0
993,0x1800,0,0,bulk,accepted,21,21,0,42,0,0
994,0x1800,0,0,bulk,accepted,21,21,0,42,0,0
995,0x1800,0,0,bulk,accepted,21,21,0,42,0,0
996,0x1800,0,0,bulk,accepted,21,21,0,42,0,0
997,0x1800,0,0,bulk,accepted,21,21,0,42,0,0
998,0x1800,0,0,bulk,accepted,21,21,0,42,0,0
999,0x1800,0,0,bulk,accepted,21,21,0,42,0,0
1000,0x1800,0,0,bulk,accepted,21,21,0,42,0,0
1001,0x1800,0,0,bulk,accepted,21,21,0,42,0,0
1002,0x1800,0,0,bulk,accepted,21,21,0,42,0,0
1003,0x1800,0,0,bulk,accepted,21,21,0,42,0,0
1004,0x1800,0,0,bulk,accepted,21,21,0,42,0,0
1005,0x1800,0,0,bulk,accepted,21,21,0,42,0,0
1006,0x1800,0,0,bulk,accepted,21,21,0,42,0,0
1007,0x1800,0,0,bulk,accepted,21,21,0,42,0,0
1008,0x1800,0,0,bulk,accepted,21,21,0,42,0,0
1009,0x1800,0,0,bulk,accepted,21,21,0,42,0,0
1010,0x1800,0,0,bulk,accepted,21,21,0,42,0,0
1011,0x1800,0,0,bulk,accepted,21,21,0,42,0,0
1012,0x1800,0,0,bulk,accepted,21,21,0,42,0,0
1013,0x1800,0,0,bulk,accepted,21,21,0,42,0,0
1014,0x1800,0,0,bulk,accepted,21,21,0,42,0,0
1015,0x1800,0,0,bulk,accepted,21,21,0,42,0,0
1016,0x1800,0,0,bulk,accepted,21,21,0,42,0,0
1017,0x1800,0,0,bulk,accepted,21,21,0,42,0,0
1018,0x1800,0,0,bulk,accepted,21,21,0,42,0,0
1019,0x1800,0,0,bulk,accepted,21,21,0,42,0,0
1020,0x1800,0,0,bulk,accepted,21,21,0,42,0,0
1021,0x1800,0,0,bulk,accepted,21,21,0,42,0,0
1022,0x1800,0,0,bulk,accepted,21,21,0,42,0,0
1023,0x1800,0,0,bulk,accepted,21,21,0,42,0,0
1024,0x1800,0,0,bulk,accepted,21,21,0,42,0,0
1025,0x1800,0,0,bulk,accepted,21,21,0,42,0,0
1026,0x1800,0,0,bulk,accepted,21,21,0,42,0,0
1027,0x1800,0,0,bulk,accepted,21,21,0,42,0,0
1028,0x1800,0,0,bulk,accepted,21,21,0,42,0,0
1029,0x1800,0,0,bulk,accepted,21,21,0,42,0,0
1030,0x1800,0,0,bulk,accepted,21,21,0,42,0,0
1031,0x1800,0,0,bulk,accepted,21,21,0,42,0,0
1032,0x1800,0,0,bulk,accepted,21,21,0,42,0,0
1033,0x1800,0,0,bulk,accepted,21,21,0,42,0,0
1034,0x1800,0,0,bulk,accepted,21,21,0,42,0,0
1035,0x1800,0,0,bulk,accepted,21,21,0,42,0,0
1036,0x1800,0,0,bulk,accepted,21,21,0,42,0,0
1037,0x1800,0,0,bulk,accepted,4,4,0,8,0,0
1038,0x1800,0,0,bulk,accepted,79,79,8,166,0,0
1039,0x1800,0,0,bulk,accepted,2,2,166,170,0,0
1040,0x1800,0,0,bulk,accepted,6,6,0,12,0,0
1041,0x1800,0,0,bulk,accepted,79,79,12,170,0,0
1042,0x1800,0,0,bulk,accepted,79,79,0,158,0,0
1043,0x1800,0,0,bulk,accepted,6,6,158,170,0,0
1044,0x1800,0,0,bulk,accepted,2,2,0,4,0,0
1045,0x1800,0,0,bulk,accepted,79,79,4,162,0,0
1046,0x1800,0,0,bulk,accepted,4,4,162,170,0,0
1047,0x1800,0,0,bulk,accepted,4,4,0,8,0,0
1048,0x1800,0,0,bulk,accepted,79,79,8,166,0,0
1049,0x1800,0,0,bulk,accepted,2,2,166,170,0,0
1050,0x1800,0,0,bulk,accepted,6,6,0,12,0,0
1051,0x1800,0,0,bulk,accepted,79,79,12,170,0,0
1052,0x1800,0,0,bulk,accepted,79,79,0,158,0,0
1053,0x1800,0,0,bulk,accepted,6,6,158,170,0,0
1054,0x1800,0,0,bulk,accepted,2,2,0,4,0,0
1055,0x1800,0,0,bulk,accepted,79,79,4,162,0,0
1056,0x1800,0,0,bulk,accepted,4,4,162,170,0,0
1057,0x1800,0,0,bulk,accepted,4,4,0,8,0,0
1058,0x1800,0,0,bulk,accepted,79,79,8,166,0,0
1059,0x1800,0,0,bulk,accepted,2,2,166,170,0,0
1060,0x1800,0,0,bulk,accepted,6,6,0,12,0,0
1061,0x1800,0,0,bulk,accepted,79,79,12,170,0,0
1062,0x1800,0,0,bulk,accepted,79,79,0,158,0,0
1063,0x1800,0,0,bulk,accepted,6,6,158,170,0,0
1064,0x1800,0,0,bulk,accepted,2,2,0,4,0,0
1065,0x1800,0,0,bulk,accepted,79,79,4,162,0,0
1066,0x1800,0,0,bulk,accepted,4,4,162,170,0,0
1067,0x1800,0,0,bulk,accepted,2,2,0,4,0,0
1068,0x1808,1,0,scalar_incrementing,accepted,1,1,4,5,0,0
1069,0x1800,0,0,bulk,accepted,2,2,0,4,0,0
1070,0x1808,1,0,scalar_incrementing,accepted,1,1,4,5,0,0
1071,0x1800,0,0,bulk,accepted,19,19,0,38,0,0
1072,0x1800,0,0,bulk,accepted,2,2,0,4,0,0
1073,0x1808,1,0,scalar_incrementing,accepted,1,1,4,5,0,0
1074,0x1800,0,0,bulk,accepted,2,2,0,4,0,0
1075,0x1808,1,0,scalar_incrementing,accepted,1,1,4,5,0,0
1076,0x1800,0,0,bulk,accepted,19,19,0,38,0,0
1077,0x1800,0,0,bulk,accepted,2,2,0,4,0,0
1078,0x1808,1,0,scalar_incrementing,accepted,1,1,4,5,0,0
1079,0x1800,0,0,bulk,accepted,2,2,0,4,0,0
1080,0x1808,1,0,scalar_incrementing,accepted,1,1,4,5,0,0
1081,0x1800,0,0,bulk,accepted,19,19,0,38,0,0
1082,0x1800,0,0,bulk,accepted,2,2,0,4,0,0
1083,0x1808,1,0,scalar_incrementing,accepted,1,1,4,5,0,0
1084,0x1800,0,0,bulk,accepted,2,2,0,4,0,0
1085,0x1808,1,0,scalar_incrementing,accepted,1,1,4,5,0,0
1086,0x1800,0,0,bulk,accepted,19,19,0,38,0,0
1087,0x1800,0,0,bulk,accepted,2,2,0,4,0,0
1088,0x1808,1,0,scalar_incrementing,accepted,1,1,4,5,0,0
1089,0x1800,0,0,bulk,accepted,2,2,0,4,0,0
1090,0x1808,1,0,scalar_incrementing,accepted,1,1,4,5,0,0
1091,0x1800,0,0,bulk,accepted,19,19,0,38,0,0
1092,0x1800,0,0,bulk,accepted,2,2,0,4,0,0
1093,0x1808,1,0,scalar_incrementing,accepted,1,1,4,5,0,0
1094,0x1800,0,0,bulk,accepted,2,2,0,4,0,0
1095,0x1808,1,0,scalar_incrementing,accepted,1,1,4,5,0,0
1096,0x1800,0,0,bulk,accepted,19,19,0,38,0,0
1097,0x1800,0,0,bulk,accepted,2,2,0,4,0,0
1098,0x1808,1,0,scalar_incrementing,accepted,1,1,4,5,0,0
1099,0x1800,0,0,bulk,accepted,2,2,0,4,0,0
1100,0x1808,1,0,scalar_incrementing,accepted,1,1,4,5,0,0
1101,0x1800,0,0,bulk,accepted,19,19,0,38,0,0
1102,0x1800,0,0,bulk,accepted,2,2,0,4,0,0
1103,0x1808,1,0,scalar_incrementing,accepted,1,1,4,5,0,0
1104,0x1800,0,0,bulk,accepted,2,2,0,4,0,0
1105,0x1808,1,0,scalar_incrementing,accepted,1,1,4,5,0,0
1106,0x1800,0,0,bulk,accepted,19,19,0,38,0,0
1107,0x1800,0,0,bulk,accepted,2,2,0,4,0,0
1108,0x1808,1,0,scalar_incrementing,accepted,1,1,4,5,0,0
1109,0x1800,0,0,bulk,accepted,2,2,0,4,0,0
1110,0x1808,1,0,scalar_incrementing,accepted,1,1,4,5,0,0
1111,0x1800,0,0,bulk,accepted,19,19,0,38,0,0
1112,0x1800,0,0,bulk,accepted,2,2,0,4,0,0
1113,0x1808,1,0,scalar_incrementing,accepted,1,1,4,5,0,0
1114,0x1800,0,0,bulk,accepted,2,2,0,4,0,0
1115,0x1808,1,0,scalar_incrementing,accepted,1,1,4,5,0,0
1116,0x1800,0,0,bulk,accepted,19,19,0,38,0,0
1117,0x1800,0,0,bulk,accepted,4,4,0,8,0,0
1118,0x1800,0,0,bulk,accepted,4,4,0,8,0,0
1119,0x1800,0,0,bulk,accepted,18,18,0,36,0,0
1120,0x1800,0,0,bulk,accepted,4,4,0,8,0,0
1121,0x1800,0,0,bulk,accepted,4,4,0,8,0,0
1122,0x1800,0,0,bulk,accepted,18,18,0,36,0,0
1123,0x1800,0,0,bulk,accepted,4,4,0,8,0,0
1124,0x1800,0,0,bulk,accepted,4,4,0,8,0,0
1125,0x1800,0,0,bulk,accepted,18,18,0,36,0,0
1126,0x1800,0,0,bulk,accepted,4,4,0,8,0,0
1127,0x1800,0,0,bulk,accepted,4,4,0,8,0,0
1128,0x1800,0,0,bulk,accepted,18,18,0,36,0,0
1129,0x1800,0,0,bulk,accepted,4,4,0,8,0,0
1130,0x1800,0,0,bulk,accepted,4,4,0,8,0,0
1131,0x1800,0,0,bulk,accepted,18,18,0,36,0,0
1132,0x1800,0,0,bulk,accepted,4,4,0,8,0,0
1133,0x1800,0,0,bulk,accepted,4,4,0,8,0,0
1134,0x1800,0,0,bulk,accepted,18,18,0,36,0,0
1135,0x1800,0,0,bulk,accepted,4,4,0,8,0,0
1136,0x1800,0,0,bulk,accepted,4,4,0,8,0,0
1137,0x1800,0,0,bulk,accepted,18,18,0,36,0,0
1138,0x1800,0,0,bulk,accepted,4,4,0,8,0,0
1139,0x1800,0,0,bulk,accepted,4,4,0,8,0,0
1140,0x1800,0,0,bulk,accepted,18,18,0,36,0,0
1141,0x1800,0,0,bulk,accepted,2,2,0,4,0,0
1142,0x1800,0,0,bulk,accepted,2,2,0,4,0,0
1143,0x1800,0,0,bulk,accepted,10,10,0,20,0,0
1144,0x1800,0,0,bulk,accepted,2,2,0,4,0,0
1145,0x1800,0,0,bulk,accepted,2,2,0,4,0,0
1146,0x1800,0,0,bulk,accepted,10,10,0,20,0,0
1147,0x1800,0,0,bulk,accepted,2,2,0,4,0,0
1148,0x1800,0,0,bulk,accepted,2,2,0,4,0,0
1149,0x1800,0,0,bulk,accepted,10,10,0,20,0,0
1150,0x1800,0,0,bulk,accepted,2,2,0,4,0,0
1151,0x1800,0,0,bulk,accepted,2,2,0,4,0,0
1152,0x1800,0,0,bulk,accepted,10,10,0,20,0,0
1153,0x1800,0,0,bulk,accepted,2,2,0,4,0,0
1154,0x1800,0,0,bulk,accepted,2,2,0,4,0,0
1155,0x1800,0,0,bulk,accepted,10,10,0,20,0,0
1156,0x1800,0,0,bulk,accepted,2,2,0,4,0,0
1157,0x1800,0,0,bulk,accepted,2,2,0,4,0,0
1158,0x1800,0,0,bulk,accepted,10,10,0,20,0,0
1159,0x1800,0,0,bulk,accepted,2,2,0,4,0,0
1160,0x1800,0,0,bulk,accepted,2,2,0,4,0,0
1161,0x1800,0,0,bulk,accepted,10,10,0,20,0,0
1162,0x1800,0,0,bulk,accepted,2,2,0,4,0,0
1163,0x1800,0,0,bulk,accepted,2,2,0,4,0,0
1164,0x1800,0,0,bulk,accepted,10,10,0,20,0,0
1165,0x1800,0,0,bulk,accepted,2,2,0,4,0,0
1166,0x1800,0,0,bulk,accepted,2,2,0,4,0,0
1167,0x1800,0,0,bulk,accepted,10,10,0,20,0,0
1168,0x1800,0,0,bulk,accepted,2,2,0,4,0,0
1169,0x1800,0,0,bulk,accepted,2,2,0,4,0,0
1170,0x1800,0,0,bulk,accepted,10,10,0,20,0,0
1171,0x1800,0,0,bulk,accepted,2,2,0,4,0,0
1172,0x1800,0,0,bulk,accepted,2,2,0,4,0,0
1173,0x1800,0,0,bulk,accepted,10,10,0,20,0,0
1174,0x1800,0,0,bulk,accepted,2,2,0,4,0,0
1175,0x1800,0,0,bulk,accepted,2,2,0,4,0,0
1176,0x1800,0,0,bulk,accepted,10,10,0,20,0,0
1177,0x1800,0,0,bulk,accepted,2,2,0,4,0,0
1178,0x1800,0,0,bulk,accepted,2,2,0,4,0,0
1179,0x1800,0,0,bulk,accepted,10,10,0,20,0,0
1180,0x1800,0,0,bulk,accepted,2,2,0,4,0,0
1181,0x1800,0,0,bulk,accepted,2,2,0,4,0,0
1182,0x1800,0,0,bulk,accepted,10,10,0,20,0,0
1183,0x1800,0,0,bulk,accepted,2,2,0,4,0,0
1184,0x1800,0,0,bulk,accepted,2,2,0,4,0,0
1185,0x1800,0,0,bulk,accepted,10,10,0,20,0,0
1186,0x1800,0,0,bulk,accepted,2,2,0,4,0,0
1187,0x1800,0,0,bulk,accepted,2,2,0,4,0,0
1188,0x1800,0,0,bulk,accepted,10,10,0,20,0,0
1189,0x1800,0,0,bulk,accepted,1,1,0,2,0,0
1190,0x1800,0,0,bulk,accepted,319,319,2,640,0,0
1191,0x1800,0,0,bulk,accepted,4,4,640,648,0,0
1192,0x1800,0,0,bulk,accepted,4,4,0,8,0,0
1193,0x1800,0,0,bulk,accepted,319,319,8,646,0,0
1194,0x1800,0,0,bulk,accepted,1,1,646,648,0,0
1195,0x1800,0,0,bulk,accepted,143,143,0,286,0,0
1196,0x1800,0,0,bulk,accepted,13,13,286,312,0,0
1197,0x1800,0,0,bulk,accepted,5,5,0,10,0,0
1198,0x1800,0,0,bulk,accepted,239,239,10,488,0,0
1199,0x1800,0,0,bulk,accepted,8,8,488,504,0,0
1200,0x1800,0,0,bulk,accepted,143,143,0,286,0,0
1201,0x1800,0,0,bulk,accepted,13,13,286,312,0,0
1202,0x1800,0,0,bulk,accepted,3,3,0,6,0,0
1203,0x1800,0,0,bulk,accepted,143,143,6,292,0,0
1204,0x1800,0,0,bulk,accepted,10,10,292,312,0,0
1205,0x1800,0,0,bulk,accepted,27,27,0,54,0,0
1206,0x1800,0,0,bulk,accepted,27,27,0,54,0,0
1207,0x1800,0,0,bulk,accepted,27,27,0,54,0,0
1208,0x1800,0,0,bulk,accepted,27,27,0,54,0,0
1209,0x1800,0,0,bulk,accepted,27,27,0,54,0,0
1210,0x1800,0,0,bulk,accepted,27,27,0,54,0,0
1211,0x1800,0,0,bulk,accepted,27,27,0,54,0,0
1212,0x1800,0,0,bulk,accepted,27,27,0,54,0,0
1213,0x1800,0,0,bulk,accepted,27,27,0,54,0,0
1214,0x1800,0,0,bulk,accepted,27,27,0,54,0,0
1215,0x1800,0,0,bulk,accepted,27,27,0,54,0,0
1216,0x1800,0,0,bulk,accepted,27,27,0,54,0,0
1217,0x1800,0,0,bulk,accepted,27,27,0,54,0,0
1218,0x1800,0,0,bulk,accepted,27,27,0,54,0,0
1219,0x1800,0,0,bulk,accepted,27,27,0,54,0,0
1220,0x1800,0,0,bulk,accepted,27,27,0,54,0,0
1221,0x1800,0,0,bulk,accepted,27,27,0,54,0,0
1222,0x1800,0,0,bulk,accepted,27,27,0,54,0,0
1223,0x1800,0,0,bulk,accepted,5,5,0,10,0,0
1224,0x1800,0,0,bulk,accepted,47,47,10,104,0,0
1225,0x1800,0,0,bulk,accepted,13,13,104,130,0,0
1226,0x1800,0,0,bulk,accepted,3,3,0,6,0,0
1227,0x1800,0,0,bulk,accepted,47,47,6,100,0,0
1228,0x1800,0,0,bulk,accepted,15,15,100,130,0,0
1229,0x1800,0,0,bulk,accepted,1,1,0,2,0,0
1230,0x1800,0,0,bulk,accepted,63,63,2,128,0,0
1231,0x1800,0,0,bulk,accepted,1,1,128,130,0,0
1232,0x1800,0,0,bulk,accepted,63,63,0,126,0,0
1233,0x1800,0,0,bulk,accepted,2,2,126,130,0,0
1234,0x1800,0,0,bulk,accepted,6,6,0,12,0,0
1235,0x1800,0,0,bulk,accepted,47,47,12,106,0,0
1236,0x1800,0,0,bulk,accepted,12,12,106,130,0,0
1237,0x1800,0,0,bulk,accepted,4,4,0,8,0,0
1238,0x1800,0,0,bulk,accepted,47,47,8,102,0,0
1239,0x1800,0,0,bulk,accepted,14,14,102,130,0,0
1240,0x1800,0,0,bulk,accepted,2,2,0,4,0,0
1241,0x1800,0,0,bulk,accepted,63,63,4,130,0,0
1242,0x1800,0,0,bulk,accepted,63,63,0,126,0,0
1243,0x1800,0,0,bulk,accepted,2,2,126,130,0,0
1244,0x1800,0,0,bulk,accepted,6,6,0,12,0,0
1245,0x1800,0,0,bulk,accepted,47,47,12,106,0,0
1246,0x1800,0,0,bulk,accepted,12,12,106,130,0,0
1247,0x1800,0,0,bulk,accepted,4,4,0,8,0,0
1248,0x1800,0,0,bulk,accepted,47,47,8,102,0,0
1249,0x1800,0,0,bulk,accepted,14,14,102,130,0,0
1250,0x1800,0,0,bulk,accepted,4,4,0,8,0,0
1251,0x1800,0,0,bulk,accepted,4,4,0,8,0,0
1252,0x1800,0,0,bulk,accepted,18,18,0,36,0,0
1253,0x1800,0,0,bulk,accepted,4,4,0,8,0,0
1254,0x1800,0,0,bulk,accepted,4,4,0,8,0,0
1255,0x1800,0,0,bulk,accepted,18,18,0,36,0,0
1256,0x1800,0,0,bulk,accepted,4,4,0,8,0,0
1257,0x1800,0,0,bulk,accepted,4,4,0,8,0,0
1258,0x1800,0,0,bulk,accepted,1,1,0,2,0,0
1259,0x1800,0,0,bulk,accepted,47,47,2,96,0,0
1260,0x1800,0,0,bulk,accepted,10,10,96,116,0,0
1261,0x1800,0,0,bulk,accepted,4,4,0,8,0,0
1262,0x1800,0,0,bulk,accepted,4,4,0,8,0,0
1263,0x1800,0,0,bulk,accepted,18,18,0,36,0,0
1264,0x1800,0,0,bulk,accepted,4,4,0,8,0,0
1265,0x1800,0,0,bulk,accepted,4,4,0,8,0,0
1266,0x1800,0,0,bulk,accepted,1,1,0,2,0,0
1267,0x1800,0,0,bulk,accepted,47,47,2,96,0,0
1268,0x1800,0,0,bulk,accepted,10,10,96,116,0,0
1269,0x1800,0,0,bulk,accepted,4,4,0,8,0,0
1270,0x1800,0,0,bulk,accepted,4,4,0,8,0,0
1271,0x1800,0,0,bulk,accepted,4,4,0,8,0,0
1272,0x1800,0,0,bulk,accepted,47,47,8,102,0,0
1273,0x1800,0,0,bulk,accepted,7,7,102,116,0,0
1274,0x1800,0,0,bulk,accepted,4,4,0,8,0,0
1275,0x1800,0,0,bulk,accepted,4,4,0,8,0,0
1276,0x1800,0,0,bulk,accepted,18,18,0,36,0,0
1277,0x1800,0,0,bulk,accepted,4,4,0,8,0,0
1278,0x1800,0,0,bulk,accepted,4,4,0,8,0,0
1279,0x1800,0,0,bulk,accepted,18,18,0,36,0,0
1280,0x1800,0,0,bulk,accepted,2,2,0,4,0,0
1281,0x1808,1,0,scalar_incrementing,accepted,1,1,4,5,0,0
1282,0x1800,0,0,bulk,accepted,2,2,0,4,0,0
1283,0x1808,1,0,scalar_incrementing,accepted,1,1,4,5,0,0
1284,0x1800,0,0,bulk,accepted,1,1,0,2,0,0
1285,0x1800,0,0,bulk,accepted,31,31,2,64,0,0
1286,0x1800,0,0,bulk,accepted,8,8,64,80,0,0
1287,0x1800,0,0,bulk,accepted,2,2,0,4,0,0
1288,0x1808,1,0,scalar_incrementing,accepted,1,1,4,5,0,0
1289,0x1800,0,0,bulk,accepted,2,2,0,4,0,0
1290,0x1808,1,0,scalar_incrementing,accepted,1,1,4,5,0,0
1291,0x1800,0,0,bulk,accepted,6,6,0,12,0,0
1292,0x1800,0,0,bulk,accepted,31,31,12,74,0,0
1293,0x1800,0,0,bulk,accepted,3,3,74,80,0,0
1294,0x1800,0,0,bulk,accepted,4,4,0,8,0,0
1295,0x1800,0,0,bulk,accepted,4,4,0,8,0,0
1296,0x1800,0,0,bulk,accepted,3,3,0,6,0,0
1297,0x1800,0,0,bulk,accepted,47,47,6,100,0,0
1298,0x1800,0,0,bulk,accepted,8,8,100,116,0,0
1299,0x1800,0,0,bulk,accepted,2,2,0,4,0,0
1300,0x1808,1,0,scalar_incrementing,accepted,1,1,4,5,0,0
1301,0x1800,0,0,bulk,accepted,2,2,0,4,0,0
1302,0x1808,1,0,scalar_incrementing,accepted,1,1,4,5,0,0
1303,0x1800,0,0,bulk,accepted,6,6,0,12,0,0
1304,0x1800,0,0,bulk,accepted,31,31,12,74,0,0
1305,0x1800,0,0,bulk,accepted,3,3,74,80,0,0
1306,0x1800,0,0,bulk,accepted,2,2,0,4,0,0
1307,0x1808,1,0,scalar_incrementing,accepted,1,1,4,5,0,0
1308,0x1800,0,0,bulk,accepted,2,2,0,4,0,0
1309,0x1808,1,0,scalar_incrementing,accepted,1,1,4,5,0,0
1310,0x1800,0,0,bulk,accepted,3,3,0,6,0,0
1311,0x1800,0,0,bulk,accepted,31,31,6,68,0,0
1312,0x1800,0,0,bulk,accepted,6,6,68,80,0,0
1313,0x1800,0,0,bulk,accepted,2,2,0,4,0,0
1314,0x1808,1,0,scalar_incrementing,accepted,1,1,4,5,0,0
1315,0x1800,0,0,bulk,accepted,2,2,0,4,0,0
1316,0x1808,1,0,scalar_incrementing,accepted,1,1,4,5,0,0
1317,0x1800,0,0,bulk,accepted,31,31,0,62,0,0
1318,0x1800,0,0,bulk,accepted,9,9,62,80,0,0
1319,0x1800,0,0,bulk,accepted,4,4,0,8,0,0
1320,0x1800,0,0,bulk,accepted,4,4,0,8,0,0
1321,0x1800,0,0,bulk,accepted,18,18,0,36,0,0
1322,0x1800,0,0,bulk,accepted,4,4,0,8,0,0
1323,0x1800,0,0,bulk,accepted,4,4,0,8,0,0
1324,0x1800,0,0,bulk,accepted,2,2,0,4,0,0
1325,0x1800,0,0,bulk,accepted,47,47,4,98,0,0
1326,0x1800,0,0,bulk,accepted,9,9,98,116,0,0
1327,0x1800,0,0,bulk,accepted,4,4,0,8,0,0
1328,0x1800,0,0,bulk,accepted,4,4,0,8,0,0
1329,0x1800,0,0,bulk,accepted,5,5,0,10,0,0
1330,0x1800,0,0,bulk,accepted,47,47,10,104,0,0
1331,0x1800,0,0,bulk,accepted,6,6,104,116,0,0
1332,0x1800,0,0,bulk,accepted,4,4,0,8,0,0
1333,0x1800,0,0,bulk,accepted,4,4,0,8,0,0
1334,0x1800,0,0,bulk,accepted,18,18,0,36,0,0
1335,0x1800,0,0,bulk,accepted,4,4,0,8,0,0
1336,0x1800,0,0,bulk,accepted,4,4,0,8,0,0
1337,0x1800,0,0,bulk,accepted,18,18,0,36,0,0
1338,0x1800,0,0,bulk,accepted,4,4,0,8,0,0
1339,0x1800,0,0,bulk,accepted,4,4,0,8,0,0
1340,0x1800,0,0,bulk,accepted,18,18,0,36,0,0
1341,0x1800,0,0,bulk,accepted,4,4,0,8,0,0
1342,0x1800,0,0,bulk,accepted,4,4,0,8,0,0
1343,0x1800,0,0,bulk,accepted,18,18,0,36,0,0
1344,0x1800,0,0,bulk,accepted,3,3,0,6,0,0
1345,0x1800,0,0,bulk,accepted,3,3,0,6,0,0
1346,0x1800,0,0,bulk,accepted,14,14,0,28,0,0
1347,0x1800,0,0,bulk,accepted,3,3,0,6,0,0
1348,0x1800,0,0,bulk,accepted,3,3,0,6,0,0
1349,0x1800,0,0,bulk,accepted,14,14,0,28,0,0
1350,0x1800,0,0,bulk,accepted,1,1,0,2,0,0
1351,0x1808,1,0,scalar_incrementing,accepted,1,1,2,3,0,0
1352,0x1800,0,0,bulk,accepted,1,1,0,2,0,0
1353,0x1808,1,0,scalar_incrementing,accepted,1,1,2,3,0,0
1354,0x1800,0,0,bulk,accepted,8,8,0,16,0,0
1355,0x1800,0,0,bulk,accepted,1,1,0,2,0,0
1356,0x1808,1,0,scalar_incrementing,accepted,1,1,2,3,0,0
1357,0x1800,0,0,bulk,accepted,1,1,0,2,0,0
1358,0x1808,1,0,scalar_incrementing,accepted,1,1,2,3,0,0
1359,0x1800,0,0,bulk,accepted,8,8,0,16,0,0
1360,0x1800,0,0,bulk,accepted,1,1,0,2,0,0
1361,0x1808,1,0,scalar_incrementing,accepted,1,1,2,3,0,0
1362,0x1800,0,0,bulk,accepted,1,1,0,2,0,0
1363,0x1808,1,0,scalar_incrementing,accepted,1,1,2,3,0,0
1364,0x1800,0,0,bulk,accepted,8,8,0,16,0,0
1365,0x1800,0,0,bulk,accepted,1,1,0,2,0,0
1366,0x1808,1,0,scalar_incrementing,accepted,1,1,2,3,0,0
1367,0x1800,0,0,bulk,accepted,1,1,0,2,0,0
1368,0x1808,1,0,scalar_incrementing,accepted,1,1,2,3,0,0
1369,0x1800,0,0,bulk,accepted,8,8,0,16,0,0
1370,0x1800,0,0,bulk,accepted,1,1,0,2,0,0
1371,0x1808,1,0,scalar_incrementing,accepted,1,1,2,3,0,0
1372,0x1800,0,0,bulk,accepted,1,1,0,2,0,0
1373,0x1808,1,0,scalar_incrementing,accepted,1,1,2,3,0,0
1374,0x1800,0,0,bulk,accepted,8,8,0,16,0,0
1375,0x1800,0,0,bulk,accepted,1,1,0,2,0,0
1376,0x1808,1,0,scalar_incrementing,accepted,1,1,2,3,0,0
1377,0x1800,0,0,bulk,accepted,1,1,0,2,0,0
1378,0x1808,1,0,scalar_incrementing,accepted,1,1,2,3,0,0
1379,0x1800,0,0,bulk,accepted,8,8,0,16,0,0
1380,0x1800,0,0,bulk,accepted,1,1,0,2,0,0
1381,0x1808,1,0,scalar_incrementing,accepted,1,1,2,3,0,0
1382,0x1800,0,0,bulk,accepted,1,1,0,2,0,0
1383,0x1808,1,0,scalar_incrementing,accepted,1,1,2,3,0,0
1384,0x1800,0,0,bulk,accepted,8,8,0,16,0,0
1385,0x1800,0,0,bulk,accepted,1,1,0,2,0,0
1386,0x1808,1,0,scalar_incrementing,accepted,1,1,2,3,0,0
1387,0x1800,0,0,bulk,accepted,1,1,0,2,0,0
1388,0x1808,1,0,scalar_incrementing,accepted,1,1,2,3,0,0
1389,0x1800,0,0,bulk,accepted,8,8,0,16,0,0
1390,0x1800,0,0,bulk,accepted,5,5,0,10,0,0
1391,0x1800,0,0,bulk,accepted,5,5,0,10,0,0
1392,0x1800,0,0,bulk,accepted,22,22,0,44,0,0
1393,0x1800,0,0,bulk,accepted,5,5,0,10,0,0
1394,0x1800,0,0,bulk,accepted,5,5,0,10,0,0
1395,0x1800,0,0,bulk,accepted,22,22,0,44,0,0
1396,0x1800,0,0,bulk,accepted,5,5,0,10,0,0
1397,0x1800,0,0,bulk,accepted,5,5,0,10,0,0
1398,0x1800,0,0,bulk,accepted,22,22,0,44,0,0
1399,0x1800,0,0,bulk,accepted,5,5,0,10,0,0
1400,0x1800,0,0,bulk,accepted,5,5,0,10,0,0
1401,0x1800,0,0,bulk,accepted,22,22,0,44,0,0
1402,0x1800,0,0,bulk,accepted,5,5,0,10,0,0
1403,0x1800,0,0,bulk,accepted,5,5,0,10,0,0
1404,0x1800,0,0,bulk,accepted,22,22,0,44,0,0
1405,0x1800,0,0,bulk,accepted,5,5,0,10,0,0
1406,0x1800,0,0,bulk,accepted,5,5,0,10,0,0
1407,0x1800,0,0,bulk,accepted,22,22,0,44,0,0
1408,0x1800,0,0,bulk,accepted,5,5,0,10,0,0
1409,0x1800,0,0,bulk,accepted,5,5,0,10,0,0
1410,0x1800,0,0,bulk,accepted,22,22,0,44,0,0
1411,0x1800,0,0,bulk,accepted,5,5,0,10,0,0
1412,0x1800,0,0,bulk,accepted,5,5,0,10,0,0
1413,0x1800,0,0,bulk,accepted,22,22,0,44,0,0
1414,0x1800,0,0,bulk,accepted,1,1,0,2,0,0
1415,0x1808,1,0,scalar_incrementing,accepted,1,1,2,3,0,0
1416,0x1800,0,0,bulk,accepted,1,1,0,2,0,0
1417,0x1808,1,0,scalar_incrementing,accepted,1,1,2,3,0,0
1418,0x1800,0,0,bulk,accepted,8,8,0,16,0,0
1419,0x1800,0,0,bulk,accepted,1,1,0,2,0,0
1420,0x1808,1,0,scalar_incrementing,accepted,1,1,2,3,0,0
1421,0x1800,0,0,bulk,accepted,1,1,0,2,0,0
1422,0x1808,1,0,scalar_incrementing,accepted,1,1,2,3,0,0
1423,0x1800,0,0,bulk,accepted,8,8,0,16,0,0
1424,0x1800,0,0,bulk,accepted,1,1,0,2,0,0
1425,0x1808,1,0,scalar_incrementing,accepted,1,1,2,3,0,0
1426,0x1800,0,0,bulk,accepted,1,1,0,2,0,0
1427,0x1808,1,0,scalar_incrementing,accepted,1,1,2,3,0,0
1428,0x1800,0,0,bulk,accepted,8,8,0,16,0,0
1429,0x1800,0,0,bulk,accepted,1,1,0,2,0,0
1430,0x1808,1,0,scalar_incrementing,accepted,1,1,2,3,0,0
1431,0x1800,0,0,bulk,accepted,1,1,0,2,0,0
1432,0x1808,1,0,scalar_incrementing,accepted,1,1,2,3,0,0
1433,0x1800,0,0,bulk,accepted,8,8,0,16,0,0
1434,0x1800,0,0,bulk,accepted,1,1,0,2,0,0
1435,0x1808,1,0,scalar_incrementing,accepted,1,1,2,3,0,0
1436,0x1800,0,0,bulk,accepted,1,1,0,2,0,0
1437,0x1808,1,0,scalar_incrementing,accepted,1,1,2,3,0,0
1438,0x1800,0,0,bulk,accepted,8,8,0,16,0,0
1439,0x1800,0,0,bulk,accepted,1,1,0,2,0,0
1440,0x1808,1,0,scalar_incrementing,accepted,1,1,2,3,0,0
1441,0x1800,0,0,bulk,accepted,1,1,0,2,0,0
1442,0x1808,1,0,scalar_incrementing,accepted,1,1,2,3,0,0
1443,0x1800,0,0,bulk,accepted,8,8,0,16,0,0
1444,0x1800,0,0,bulk,accepted,1,1,0,2,0,0
1445,0x1808,1,0,scalar_incrementing,accepted,1,1,2,3,0,0
1446,0x1800,0,0,bulk,accepted,1,1,0,2,0,0
1447,0x1808,1,0,scalar_incrementing,accepted,1,1,2,3,0,0
1448,0x1800,0,0,bulk,accepted,8,8,0,16,0,0
1449,0x1800,0,0,bulk,accepted,1,1,0,2,0,0
1450,0x1808,1,0,scalar_incrementing,accepted,1,1,2,3,0,0
1451,0x1800,0,0,bulk,accepted,1,1,0,2,0,0
1452,0x1808,1,0,scalar_incrementing,accepted,1,1,2,3,0,0
1453,0x1800,0,0,bulk,accepted,8,8,0,16,0,0
1454,0x1800,0,0,bulk,accepted,18,18,0,36,0,0
1455,0x1800,0,0,bulk,accepted,18,18,0,36,0,0
1456,0x1800,0,0,bulk,accepted,18,18,0,36,0,0
1457,0x1800,0,0,bulk,accepted,18,18,0,36,0,0
1458,0x1800,0,0,bulk,accepted,18,18,0,36,0,0
1459,0x1800,0,0,bulk,accepted,18,18,0,36,0,0
1460,0x1800,0,0,bulk,accepted,18,18,0,36,0,0
1461,0x1800,0,0,bulk,accepted,18,18,0,36,0,0
1462,0x1800,0,0,bulk,accepted,18,18,0,36,0,0
1463,0x1800,0,0,bulk,accepted,18,18,0,36,0,0
1464,0x1800,0,0,bulk,accepted,18,18,0,36,0,0
1465,0x1800,0,0,bulk,accepted,18,18,0,36,0,0
1466,0x1800,0,0,bulk,accepted,18,18,0,36,0,0
1467,0x1800,0,0,bulk,accepted,18,18,0,36,0,0
1468,0x1800,0,0,bulk,accepted,18,18,0,36,0,0
1469,0x1800,0,0,bulk,accepted,18,18,0,36,0,0
1470,0x1800,0,0,bulk,accepted,18,18,0,36,0,0
1471,0x1800,0,0,bulk,accepted,18,18,0,36,0,0
1472,0x1800,0,0,bulk,accepted,18,18,0,36,0,0
1473,0x1800,0,0,bulk,accepted,18,18,0,36,0,0
1474,0x1800,0,0,bulk,accepted,18,18,0,36,0,0
1475,0x1800,0,0,bulk,accepted,18,18,0,36,0,0
1476,0x1800,0,0,bulk,accepted,18,18,0,36,0,0
1477,0x1800,0,0,bulk,accepted,18,18,0,36,0,0
1478,0x1800,0,0,bulk,accepted,18,18,0,36,0,0
1479,0x1800,0,0,bulk,accepted,18,18,0,36,0,0
1480,0x1800,0,0,bulk,accepted,18,18,0,36,0,0
1481,0x1800,0,0,bulk,accepted,18,18,0,36,0,0
1482,0x1800,0,0,bulk,accepted,18,18,0,36,0,0
1483,0x1800,0,0,bulk,accepted,18,18,0,36,0,0
1484,0x1800,0,0,bulk,accepted,18,18,0,36,0,0
1485,0x1800,0,0,bulk,accepted,18,18,0,36,0,0
1486,0x1800,0,0,bulk,accepted,18,18,0,36,0,0
1487,0x1800,0,0,bulk,accepted,18,18,0,36,0,0
1488,0x1800,0,0,bulk,accepted,18,18,0,36,0,0
1489,0x1800,0,0,bulk,accepted,18,18,0,36,0,0
1490,0x1800,0,0,bulk,accepted,18,18,0,36,0,0
1491,0x1800,0,0,bulk,accepted,18,18,0,36,0,0
1492,0x1800,0,0,bulk,accepted,18,18,0,36,0,0
1493,0x1800,0,0,bulk,accepted,18,18,0,36,0,0
1494,0x1800,0,0,bulk,accepted,18,18,0,36,0,0
1495,0x1800,0,0,bulk,accepted,18,18,0,36,0,0
1496,0x1800,0,0,bulk,accepted,18,18,0,36,0,0
1497,0x1800,0,0,bulk,accepted,18,18,0,36,0,0
1498,0x1800,0,0,bulk,accepted,18,18,0,36,0,0
1499,0x1800,0,0,bulk,accepted,18,18,0,36,0,0
1500,0x1800,0,0,bulk,accepted,18,18,0,36,0,0
1501,0x1800,0,0,bulk,accepted,18,18,0,36,0,0
1502,0x1800,0,0,bulk,accepted,18,18,0,36,0,0
1503,0x1800,0,0,bulk,accepted,18,18,0,36,0,0
1504,0x1800,0,0,bulk,accepted,18,18,0,36,0,0
1505,0x1800,0,0,bulk,accepted,18,18,0,36,0,0
1506,0x1800,0,0,bulk,accepted,18,18,0,36,0,0
1507,0x1800,0,0,bulk,accepted,18,18,0,36,0,0
1508,0x1800,0,0,bulk,accepted,18,18,0,36,0,0
1509,0x1800,0,0,bulk,accepted,18,18,0,36,0,0
1510,0x1800,0,0,bulk,accepted,18,18,0,36,0,0
1511,0x1800,0,0,bulk,accepted,18,18,0,36,0,0
1512,0x1800,0,0,bulk,accepted,18,18,0,36,0,0
1513,0x1800,0,0,bulk,accepted,18,18,0,36,0,0
1514,0x1800,0,0,bulk,accepted,18,18,0,36,0,0
1515,0x1800,0,0,bulk,accepted,18,18,0,36,0,0
1516,0x1800,0,0,bulk,accepted,18,18,0,36,0,0
1517,0x1800,0,0,bulk,accepted,18,18,0,36,0,0
1518,0x1800,0,0,bulk,accepted,18,18,0,36,0,0
1519,0x1800,0,0,bulk,accepted,18,18,0,36,0,0
1520,0x1800,0,0,bulk,accepted,18,18,0,36,0,0
1521,0x1800,0,0,bulk,accepted,18,18,0,36,0,0
1522,0x1800,0,0,bulk,accepted,18,18,0,36,0,0
1523,0x1800,0,0,bulk,accepted,18,18,0,36,0,0
1524,0x1800,0,0,bulk,accepted,18,18,0,36,0,0
1525,0x1800,0,0,bulk,accepted,18,18,0,36,0,0
1526,0x1800,0,0,bulk,accepted,4,4,0,8,0,0
1527,0x1800,0,0,bulk,accepted,95,95,8,198,0,0
1528,0x1800,0,0,bulk,accepted,3,3,198,204,0,0
1529,0x1800,0,0,bulk,accepted,5,5,0,10,0,0
1530,0x1800,0,0,bulk,accepted,95,95,10,200,0,0
1531,0x1800,0,0,bulk,accepted,2,2,200,204,0,0
1532,0x1800,0,0,bulk,accepted,6,6,0,12,0,0
1533,0x1800,0,0,bulk,accepted,79,79,12,170,0,0
1534,0x1800,0,0,bulk,accepted,79,79,0,158,0,0
1535,0x1800,0,0,bulk,accepted,6,6,158,170,0,0
1536,0x1800,0,0,bulk,accepted,2,2,0,4,0,0
1537,0x1800,0,0,bulk,accepted,79,79,4,162,0,0
1538,0x1800,0,0,bulk,accepted,4,4,162,170,0,0
1539,0x1800,0,0,bulk,accepted,4,4,0,8,0,0
1540,0x1800,0,0,bulk,accepted,79,79,8,166,0,0
1541,0x1800,0,0,bulk,accepted,2,2,166,170,0,0
1542,0x1800,0,0,bulk,accepted,6,6,0,12,0,0
1543,0x1800,0,0,bulk,accepted,47,47,12,106,0,0
1544,0x1800,0,0,bulk,accepted,12,12,106,130,0,0
1545,0x1800,0,0,bulk,accepted,4,4,0,8,0,0
1546,0x1800,0,0,bulk,accepted,47,47,8,102,0,0
1547,0x1800,0,0,bulk,accepted,14,14,102,130,0,0
1548,0x1800,0,0,bulk,accepted,2,2,0,4,0,0
1549,0x1800,0,0,bulk,accepted,63,63,4,130,0,0
1550,0x1800,0,0,bulk,accepted,3,3,130,136,0,0
1551,0x1800,0,0,bulk,accepted,5,5,0,10,0,0
1552,0x1800,0,0,bulk,accepted,63,63,10,136,0,0
1553,0x1800,0,0,bulk,accepted,63,63,0,126,0,0
1554,0x1800,0,0,bulk,accepted,5,5,126,136,0,0
1555,0x1800,0,0,bulk,accepted,3,3,0,6,0,0
1556,0x1800,0,0,bulk,accepted,63,63,6,132,0,0
1557,0x1800,0,0,bulk,accepted,2,2,132,136,0,0
1558,0x1800,0,0,bulk,accepted,6,6,0,12,0,0
1559,0x1800,0,0,bulk,accepted,47,47,12,106,0,0
1560,0x1800,0,0,bulk,accepted,15,15,106,136,0,0
1561,0x1800,0,0,bulk,accepted,1,1,0,2,0,0
1562,0x1800,0,0,bulk,accepted,63,63,2,128,0,0
1563,0x1800,0,0,bulk,accepted,4,4,128,136,0,0
1564,0x1800,0,0,bulk,accepted,4,4,0,8,0,0
1565,0x1800,0,0,bulk,accepted,63,63,8,134,0,0
1566,0x1800,0,0,bulk,accepted,1,1,134,136,0,0
1567,0x1800,0,0,bulk,accepted,63,63,0,126,0,0
1568,0x1800,0,0,bulk,accepted,5,5,126,136,0,0
1569,0x1800,0,0,bulk,accepted,3,3,0,6,0,0
1570,0x1800,0,0,bulk,accepted,63,63,6,132,0,0
1571,0x1800,0,0,bulk,accepted,2,2,132,136,0,0
1572,0x1800,0,0,bulk,accepted,6,6,0,12,0,0
1573,0x1800,0,0,bulk,accepted,47,47,12,106,0,0
1574,0x1800,0,0,bulk,accepted,15,15,106,136,0,0
1575,0x1800,0,0,bulk,accepted,1,1,0,2,0,0
1576,0x1800,0,0,bulk,accepted,63,63,2,128,0,0
1577,0x1800,0,0,bulk,accepted,4,4,128,136,0,0
1578,0x1800,0,0,bulk,accepted,4,4,0,8,0,0
1579,0x1800,0,0,bulk,accepted,63,63,8,134,0,0
1580,0x1800,0,0,bulk,accepted,1,1,134,136,0,0
1581,0x1800,0,0,bulk,accepted,63,63,0,126,0,0
1582,0x1800,0,0,bulk,accepted,5,5,126,136,0,0
1583,0x1800,0,0,bulk,accepted,3,3,0,6,0,0
1584,0x1800,0,0,bulk,accepted,63,63,6,132,0,0
1585,0x1800,0,0,bulk,accepted,2,2,132,136,0,0
1586,0x1800,0,0,bulk,accepted,6,6,0,12,0,0
1587,0x1800,0,0,bulk,accepted,47,47,12,106,0,0
1588,0x1800,0,0,bulk,accepted,15,15,106,136,0,0
1589,0x1800,0,0,bulk,accepted,1,1,0,2,0,0
1590,0x1800,0,0,bulk,accepted,63,63,2,128,0,0
1591,0x1800,0,0,bulk,accepted,4,4,128,136,0,0
1592,0x1800,0,0,bulk,accepted,21,21,0,42,0,0
1593,0x1800,0,0,bulk,accepted,21,21,0,42,0,0
1594,0x1800,0,0,bulk,accepted,21,21,0,42,0,0
1595,0x1800,0,0,bulk,accepted,21,21,0,42,0,0
1596,0x1800,0,0,bulk,accepted,21,21,0,42,0,0
1597,0x1800,0,0,bulk,accepted,21,21,0,42,0,0
1598,0x1800,0,0,bulk,accepted,21,21,0,42,0,0
1599,0x1800,0,0,bulk,accepted,21,21,0,42,0,0
1600,0x1800,0,0,bulk,accepted,21,21,0,42,0,0
1601,0x1800,0,0,bulk,accepted,21,21,0,42,0,0
1602,0x1800,0,0,bulk,accepted,21,21,0,42,0,0
1603,0x1800,0,0,bulk,accepted,21,21,0,42,0,0
1604,0x1800,0,0,bulk,accepted,21,21,0,42,0,0
1605,0x1800,0,0,bulk,accepted,21,21,0,42,0,0
1606,0x1800,0,0,bulk,accepted,21,21,0,42,0,0
1607,0x1800,0,0,bulk,accepted,21,21,0,42,0,0
1608,0x1800,0,0,bulk,accepted,21,21,0,42,0,0
1609,0x1800,0,0,bulk,accepted,21,21,0,42,0,0
1610,0x1800,0,0,bulk,accepted,21,21,0,42,0,0
1611,0x1800,0,0,bulk,accepted,21,21,0,42,0,0
1612,0x1800,0,0,bulk,accepted,21,21,0,42,0,0
1613,0x1800,0,0,bulk,accepted,21,21,0,42,0,0
1614,0x1800,0,0,bulk,accepted,21,21,0,42,0,0
1615,0x1800,0,0,bulk,accepted,21,21,0,42,0,0
1616,0x1800,0,0,bulk,accepted,21,21,0,42,0,0
1617,0x1800,0,0,bulk,accepted,21,21,0,42,0,0
1618,0x1800,0,0,bulk,accepted,21,21,0,42,0,0
1619,0x1800,0,0,bulk,accepted,21,21,0,42,0,0
1620,0x1800,0,0,bulk,accepted,21,21,0,42,0,0
1621,0x1800,0,0,bulk,accepted,21,21,0,42,0,0
1622,0x1800,0,0,bulk,accepted,21,21,0,42,0,0
1623,0x1800,0,0,bulk,accepted,21,21,0,42,0,0
1624,0x1800,0,0,bulk,accepted,21,21,0,42,0,0
1625,0x1800,0,0,bulk,accepted,21,21,0,42,0,0
1626,0x1800,0,0,bulk,accepted,21,21,0,42,0,0
1627,0x1800,0,0,bulk,accepted,21,21,0,42,0,0
1628,0x1800,0,0,bulk,accepted,21,21,0,42,0,0
1629,0x1800,0,0,bulk,accepted,21,21,0,42,0,0
1630,0x1800,0,0,bulk,accepted,21,21,0,42,0,0
1631,0x1800,0,0,bulk,accepted,21,21,0,42,0,0
1632,0x1800,0,0,bulk,accepted,21,21,0,42,0,0
1633,0x1800,0,0,bulk,accepted,21,21,0,42,0,0
1634,0x1800,0,0,bulk,accepted,21,21,0,42,0,0
1635,0x1800,0,0,bulk,accepted,21,21,0,42,0,0
1636,0x1800,0,0,bulk,accepted,21,21,0,42,0,0
1637,0x1800,0,0,bulk,accepted,21,21,0,42,0,0
1638,0x1800,0,0,bulk,accepted,21,21,0,42,0,0
1639,0x1800,0,0,bulk,accepted,21,21,0,42,0,0
1640,0x1800,0,0,bulk,accepted,4,4,0,8,0,0
1641,0x1800,0,0,bulk,accepted,79,79,8,166,0,0
1642,0x1800,0,0,bulk,accepted,2,2,166,170,0,0
1643,0x1800,0,0,bulk,accepted,6,6,0,12,0,0
1644,0x1800,0,0,bulk,accepted,79,79,12,170,0,0
1645,0x1800,0,0,bulk,accepted,79,79,0,158,0,0
1646,0x1800,0,0,bulk,accepted,6,6,158,170,0,0
1647,0x1800,0,0,bulk,accepted,2,2,0,4,0,0
1648,0x1800,0,0,bulk,accepted,79,79,4,162,0,0
1649,0x1800,0,0,bulk,accepted,4,4,162,170,0,0
1650,0x1800,0,0,bulk,accepted,4,4,0,8,0,0
1651,0x1800,0,0,bulk,accepted,79,79,8,166,0,0
1652,0x1800,0,0,bulk,accepted,2,2,166,170,0,0
1653,0x1800,0,0,bulk,accepted,6,6,0,12,0,0
1654,0x1800,0,0,bulk,accepted,79,79,12,170,0,0
1655,0x1800,0,0,bulk,accepted,79,79,0,158,0,0
1656,0x1800,0,0,bulk,accepted,6,6,158,170,0,0
1657,0x1800,0,0,bulk,accepted,2,2,0,4,0,0
1658,0x1800,0,0,bulk,accepted,79,79,4,162,0,0
1659,0x1800,0,0,bulk,accepted,4,4,162,170,0,0
1660,0x1800,0,0,bulk,accepted,4,4,0,8,0,0
1661,0x1800,0,0,bulk,accepted,79,79,8,166,0,0
1662,0x1800,0,0,bulk,accepted,2,2,166,170,0,0
1663,0x1800,0,0,bulk,accepted,6,6,0,12,0,0
1664,0x1800,0,0,bulk,accepted,79,79,12,170,0,0
1665,0x1800,0,0,bulk,accepted,79,79,0,158,0,0
1666,0x1800,0,0,bulk,accepted,6,6,158,170,0,0
1667,0x1800,0,0,bulk,accepted,2,2,0,4,0,0
1668,0x1800,0,0,bulk,accepted,79,79,4,162,0,0
1669,0x1800,0,0,bulk,accepted,4,4,162,170,0,0
1670,0x1800,0,0,bulk,accepted,2,2,0,4,0,0
1671,0x1808,1,0,scalar_incrementing,accepted,1,1,4,5,0,0
1672,0x1800,0,0,bulk,accepted,2,2,0,4,0,0
1673,0x1808,1,0,scalar_incrementing,accepted,1,1,4,5,0,0
1674,0x1800,0,0,bulk,accepted,19,19,0,38,0,0
1675,0x1800,0,0,bulk,accepted,2,2,0,4,0,0
1676,0x1808,1,0,scalar_incrementing,accepted,1,1,4,5,0,0
1677,0x1800,0,0,bulk,accepted,2,2,0,4,0,0
1678,0x1808,1,0,scalar_incrementing,accepted,1,1,4,5,0,0
1679,0x1800,0,0,bulk,accepted,19,19,0,38,0,0
1680,0x1800,0,0,bulk,accepted,2,2,0,4,0,0
1681,0x1808,1,0,scalar_incrementing,accepted,1,1,4,5,0,0
1682,0x1800,0,0,bulk,accepted,2,2,0,4,0,0
1683,0x1808,1,0,scalar_incrementing,accepted,1,1,4,5,0,0
1684,0x1800,0,0,bulk,accepted,19,19,0,38,0,0
1685,0x1800,0,0,bulk,accepted,2,2,0,4,0,0
1686,0x1808,1,0,scalar_incrementing,accepted,1,1,4,5,0,0
1687,0x1800,0,0,bulk,accepted,2,2,0,4,0,0
1688,0x1808,1,0,scalar_incrementing,accepted,1,1,4,5,0,0
1689,0x1800,0,0,bulk,accepted,19,19,0,38,0,0
1690,0x1800,0,0,bulk,accepted,2,2,0,4,0,0
1691,0x1808,1,0,scalar_incrementing,accepted,1,1,4,5,0,0
1692,0x1800,0,0,bulk,accepted,2,2,0,4,0,0
1693,0x1808,1,0,scalar_incrementing,accepted,1,1,4,5,0,0
1694,0x1800,0,0,bulk,accepted,19,19,0,38,0,0
1695,0x1800,0,0,bulk,accepted,2,2,0,4,0,0
1696,0x1808,1,0,scalar_incrementing,accepted,1,1,4,5,0,0
1697,0x1800,0,0,bulk,accepted,2,2,0,4,0,0
1698,0x1808,1,0,scalar_incrementing,accepted,1,1,4,5,0,0
1699,0x1800,0,0,bulk,accepted,19,19,0,38,0,0
1700,0x1800,0,0,bulk,accepted,2,2,0,4,0,0
1701,0x1808,1,0,scalar_incrementing,accepted,1,1,4,5,0,0
1702,0x1800,0,0,bulk,accepted,2,2,0,4,0,0
1703,0x1808,1,0,scalar_incrementing,accepted,1,1,4,5,0,0
1704,0x1800,0,0,bulk,accepted,19,19,0,38,0,0
1705,0x1800,0,0,bulk,accepted,2,2,0,4,0,0
1706,0x1808,1,0,scalar_incrementing,accepted,1,1,4,5,0,0
1707,0x1800,0,0,bulk,accepted,2,2,0,4,0,0
1708,0x1808,1,0,scalar_incrementing,accepted,1,1,4,5,0,0
1709,0x1800,0,0,bulk,accepted,19,19,0,38,0,0
1710,0x1800,0,0,bulk,accepted,2,2,0,4,0,0
1711,0x1808,1,0,scalar_incrementing,accepted,1,1,4,5,0,0
1712,0x1800,0,0,bulk,accepted,2,2,0,4,0,0
1713,0x1808,1,0,scalar_incrementing,accepted,1,1,4,5,0,0
1714,0x1800,0,0,bulk,accepted,19,19,0,38,0,0
1715,0x1800,0,0,bulk,accepted,2,2,0,4,0,0
1716,0x1808,1,0,scalar_incrementing,accepted,1,1,4,5,0,0
1717,0x1800,0,0,bulk,accepted,2,2,0,4,0,0
1718,0x1808,1,0,scalar_incrementing,accepted,1,1,4,5,0,0
1719,0x1800,0,0,bulk,accepted,19,19,0,38,0,0
1720,0x1800,0,0,bulk,accepted,4,4,0,8,0,0
1721,0x1800,0,0,bulk,accepted,4,4,0,8,0,0
1722,0x1800,0,0,bulk,accepted,18,18,0,36,0,0
1723,0x1800,0,0,bulk,accepted,4,4,0,8,0,0
1724,0x1800,0,0,bulk,accepted,4,4,0,8,0,0
1725,0x1800,0,0,bulk,accepted,18,18,0,36,0,0
1726,0x1800,0,0,bulk,accepted,4,4,0,8,0,0
1727,0x1800,0,0,bulk,accepted,4,4,0,8,0,0
1728,0x1800,0,0,bulk,accepted,18,18,0,36,0,0
1729,0x1800,0,0,bulk,accepted,4,4,0,8,0,0
1730,0x1800,0,0,bulk,accepted,4,4,0,8,0,0
1731,0x1800,0,0,bulk,accepted,18,18,0,36,0,0
1732,0x1800,0,0,bulk,accepted,4,4,0,8,0,0
1733,0x1800,0,0,bulk,accepted,4,4,0,8,0,0
1734,0x1800,0,0,bulk,accepted,18,18,0,36,0,0
1735,0x1800,0,0,bulk,accepted,4,4,0,8,0,0
1736,0x1800,0,0,bulk,accepted,4,4,0,8,0,0
1737,0x1800,0,0,bulk,accepted,18,18,0,36,0,0
1738,0x1800,0,0,bulk,accepted,4,4,0,8,0,0
1739,0x1800,0,0,bulk,accepted,4,4,0,8,0,0
1740,0x1800,0,0,bulk,accepted,18,18,0,36,0,0
1741,0x1800,0,0,bulk,accepted,4,4,0,8,0,0
1742,0x1800,0,0,bulk,accepted,4,4,0,8,0,0
1743,0x1800,0,0,bulk,accepted,18,18,0,36,0,0
1744,0x1800,0,0,bulk,accepted,2,2,0,4,0,0
1745,0x1800,0,0,bulk,accepted,2,2,0,4,0,0
1746,0x1800,0,0,bulk,accepted,10,10,0,20,0,0
1747,0x1800,0,0,bulk,accepted,2,2,0,4,0,0
1748,0x1800,0,0,bulk,accepted,2,2,0,4,0,0
1749,0x1800,0,0,bulk,accepted,10,10,0,20,0,0
1750,0x1800,0,0,bulk,accepted,2,2,0,4,0,0
1751,0x1800,0,0,bulk,accepted,2,2,0,4,0,0
1752,0x1800,0,0,bulk,accepted,10,10,0,20,0,0
1753,0x1800,0,0,bulk,accepted,2,2,0,4,0,0
1754,0x1800,0,0,bulk,accepted,2,2,0,4,0,0
1755,0x1800,0,0,bulk,accepted,10,10,0,20,0,0
1756,0x1800,0,0,bulk,accepted,2,2,0,4,0,0
1757,0x1800,0,0,bulk,accepted,2,2,0,4,0,0
1758,0x1800,0,0,bulk,accepted,10,10,0,20,0,0
1759,0x1800,0,0,bulk,accepted,2,2,0,4,0,0
1760,0x1800,0,0,bulk,accepted,2,2,0,4,0,0
1761,0x1800,0,0,bulk,accepted,10,10,0,20,0,0
1762,0x1800,0,0,bulk,accepted,2,2,0,4,0,0
1763,0x1800,0,0,bulk,accepted,2,2,0,4,0,0
1764,0x1800,0,0,bulk,accepted,10,10,0,20,0,0
1765,0x1800,0,0,bulk,accepted,2,2,0,4,0,0
1766,0x1800,0,0,bulk,accepted,2,2,0,4,0,0
1767,0x1800,0,0,bulk,accepted,10,10,0,20,0,0
1768,0x1800,0,0,bulk,accepted,2,2,0,4,0,0
1769,0x1800,0,0,bulk,accepted,2,2,0,4,0,0
1770,0x1800,0,0,bulk,accepted,10,10,0,20,0,0
1771,0x1800,0,0,bulk,accepted,2,2,0,4,0,0
1772,0x1800,0,0,bulk,accepted,2,2,0,4,0,0
1773,0x1800,0,0,bulk,accepted,10,10,0,20,0,0
1774,0x1800,0,0,bulk,accepted,2,2,0,4,0,0
1775,0x1800,0,0,bulk,accepted,2,2,0,4,0,0
1776,0x1800,0,0,bulk,accepted,10,10,0,20,0,0
1777,0x1800,0,0,bulk,accepted,2,2,0,4,0,0
1778,0x1800,0,0,bulk,accepted,2,2,0,4,0,0
1779,0x1800,0,0,bulk,accepted,10,10,0,20,0,0
1780,0x1800,0,0,bulk,accepted,2,2,0,4,0,0
1781,0x1800,0,0,bulk,accepted,2,2,0,4,0,0
1782,0x1800,0,0,bulk,accepted,10,10,0,20,0,0
1783,0x1800,0,0,bulk,accepted,2,2,0,4,0,0
1784,0x1800,0,0,bulk,accepted,2,2,0,4,0,0
1785,0x1800,0,0,bulk,accepted,10,10,0,20,0,0
1786,0x1800,0,0,bulk,accepted,2,2,0,4,0,0
1787,0x1800,0,0,bulk,accepted,2,2,0,4,0,0
1788,0x1800,0,0,bulk,accepted,10,10,0,20,0,0
1789,0x1800,0,0,bulk,accepted,2,2,0,4,0,0
1790,0x1800,0,0,bulk,accepted,2,2,0,4,0,0
1791,0x1800,0,0,bulk,accepted,10,10,0,20,0,0
1792,0x1800,0,0,bulk,accepted,1,1,0,2,0,0
1793,0x1800,0,0,bulk,accepted,319,319,2,640,0,0
1794,0x1800,0,0,bulk,accepted,4,4,640,648,0,0
1795,0x1800,0,0,bulk,accepted,4,4,0,8,0,0
1796,0x1800,0,0,bulk,accepted,319,319,8,646,0,0
1797,0x1800,0,0,bulk,accepted,1,1,646,648,0,0
1798,0x1800,0,0,bulk,accepted,143,143,0,286,0,0
1799,0x1800,0,0,bulk,accepted,13,13,286,312,0,0
1800,0x1800,0,0,bulk,accepted,3,3,0,6,0,0
1801,0x1800,0,0,bulk,accepted,239,239,6,484,0,0
1802,0x1800,0,0,bulk,accepted,10,10,484,504,0,0
1803,0x1800,0,0,bulk,accepted,143,143,0,286,0,0
1804,0x1800,0,0,bulk,accepted,13,13,286,312,0,0
1805,0x1800,0,0,bulk,accepted,3,3,0,6,0,0
1806,0x1800,0,0,bulk,accepted,143,143,6,292,0,0
1807,0x1800,0,0,bulk,accepted,10,10,292,312,0,0
1808,0x1800,0,0,bulk,accepted,27,27,0,54,0,0
1809,0x1800,0,0,bulk,accepted,27,27,0,54,0,0
1810,0x1800,0,0,bulk,accepted,27,27,0,54,0,0
1811,0x1800,0,0,bulk,accepted,27,27,0,54,0,0
1812,0x1800,0,0,bulk,accepted,27,27,0,54,0,0
1813,0x1800,0,0,bulk,accepted,27,27,0,54,0,0
1814,0x1800,0,0,bulk,accepted,27,27,0,54,0,0
1815,0x1800,0,0,bulk,accepted,27,27,0,54,0,0
1816,0x1800,0,0,bulk,accepted,27,27,0,54,0,0
1817,0x1800,0,0,bulk,accepted,27,27,0,54,0,0
1818,0x1800,0,0,bulk,accepted,27,27,0,54,0,0
1819,0x1800,0,0,bulk,accepted,27,27,0,54,0,0
1820,0x1800,0,0,bulk,accepted,27,27,0,54,0,0
1821,0x1800,0,0,bulk,accepted,27,27,0,54,0,0
1822,0x1800,0,0,bulk,accepted,27,27,0,54,0,0
1823,0x1800,0,0,bulk,accepted,27,27,0,54,0,0
1824,0x1800,0,0,bulk,accepted,27,27,0,54,0,0
1825,0x1800,0,0,bulk,accepted,27,27,0,54,0,0
1826,0x1800,0,0,bulk,accepted,5,5,0,10,0,0
1827,0x1800,0,0,bulk,accepted,47,47,10,104,0,0
1828,0x1800,0,0,bulk,accepted,13,13,104,130,0,0
1829,0x1800,0,0,bulk,accepted,3,3,0,6,0,0
1830,0x1800,0,0,bulk,accepted,47,47,6,100,0,0
1831,0x1800,0,0,bulk,accepted,15,15,100,130,0,0
1832,0x1800,0,0,bulk,accepted,1,1,0,2,0,0
1833,0x1800,0,0,bulk,accepted,63,63,2,128,0,0
1834,0x1800,0,0,bulk,accepted,1,1,128,130,0,0
1835,0x1800,0,0,bulk,accepted,63,63,0,126,0,0
1836,0x1800,0,0,bulk,accepted,2,2,126,130,0,0
1837,0x1800,0,0,bulk,accepted,6,6,0,12,0,0
1838,0x1800,0,0,bulk,accepted,47,47,12,106,0,0
1839,0x1800,0,0,bulk,accepted,12,12,106,130,0,0
1840,0x1800,0,0,bulk,accepted,4,4,0,8,0,0
1841,0x1800,0,0,bulk,accepted,47,47,8,102,0,0
1842,0x1800,0,0,bulk,accepted,14,14,102,130,0,0
1843,0x1800,0,0,bulk,accepted,2,2,0,4,0,0
1844,0x1800,0,0,bulk,accepted,63,63,4,130,0,0
1845,0x1800,0,0,bulk,accepted,63,63,0,126,0,0
1846,0x1800,0,0,bulk,accepted,2,2,126,130,0,0
1847,0x1800,0,0,bulk,accepted,6,6,0,12,0,0
1848,0x1800,0,0,bulk,accepted,47,47,12,106,0,0
1849,0x1800,0,0,bulk,accepted,12,12,106,130,0,0
1850,0x1800,0,0,bulk,accepted,4,4,0,8,0,0
1851,0x1800,0,0,bulk,accepted,47,47,8,102,0,0
1852,0x1800,0,0,bulk,accepted,14,14,102,130,0,0
1853,0x1800,0,0,bulk,accepted,4,4,0,8,0,0
1854,0x1800,0,0,bulk,accepted,4,4,0,8,0,0
1855,0x1800,0,0,bulk,accepted,18,18,0,36,0,0
1856,0x1800,0,0,bulk,accepted,4,4,0,8,0,0
1857,0x1800,0,0,bulk,accepted,4,4,0,8,0,0
1858,0x1800,0,0,bulk,accepted,18,18,0,36,0,0
1859,0x1800,0,0,bulk,accepted,4,4,0,8,0,0
1860,0x1800,0,0,bulk,accepted,4,4,0,8,0,0
1861,0x1800,0,0,bulk,accepted,1,1,0,2,0,0
1862,0x1800,0,0,bulk,accepted,47,47,2,96,0,0
1863,0x1800,0,0,bulk,accepted,10,10,96,116,0,0
1864,0x1800,0,0,bulk,accepted,4,4,0,8,0,0
1865,0x1800,0,0,bulk,accepted,4,4,0,8,0,0
1866,0x1800,0,0,bulk,accepted,18,18,0,36,0,0
1867,0x1800,0,0,bulk,accepted,4,4,0,8,0,0
1868,0x1800,0,0,bulk,accepted,4,4,0,8,0,0
1869,0x1800,0,0,bulk,accepted,1,1,0,2,0,0
1870,0x1800,0,0,bulk,accepted,47,47,2,96,0,0
1871,0x1800,0,0,bulk,accepted,10,10,96,116,0,0
1872,0x1800,0,0,bulk,accepted,4,4,0,8,0,0
1873,0x1800,0,0,bulk,accepted,4,4,0,8,0,0
1874,0x1800,0,0,bulk,accepted,4,4,0,8,0,0
1875,0x1800,0,0,bulk,accepted,47,47,8,102,0,0
1876,0x1800,0,0,bulk,accepted,7,7,102,116,0,0
1877,0x1800,0,0,bulk,accepted,4,4,0,8,0,0
1878,0x1800,0,0,bulk,accepted,4,4,0,8,0,0
1879,0x1800,0,0,bulk,accepted,18,18,0,36,0,0
1880,0x1800,0,0,bulk,accepted,4,4,0,8,0,0
1881,0x1800,0,0,bulk,accepted,4,4,0,8,0,0
1882,0x1800,0,0,bulk,accepted,18,18,0,36,0,0
1883,0x1800,0,0,bulk,accepted,2,2,0,4,0,0
1884,0x1808,1,0,scalar_incrementing,accepted,1,1,4,5,0,0
1885,0x1800,0,0,bulk,accepted,2,2,0,4,0,0
1886,0x1808,1,0,scalar_incrementing,accepted,1,1,4,5,0,0
1887,0x1800,0,0,bulk,accepted,1,1,0,2,0,0
1888,0x1800,0,0,bulk,accepted,31,31,2,64,0,0
1889,0x1800,0,0,bulk,accepted,8,8,64,80,0,0
1890,0x1800,0,0,bulk,accepted,2,2,0,4,0,0
1891,0x1808,1,0,scalar_incrementing,accepted,1,1,4,5,0,0
1892,0x1800,0,0,bulk,accepted,2,2,0,4,0,0
1893,0x1808,1,0,scalar_incrementing,accepted,1,1,4,5,0,0
1894,0x1800,0,0,bulk,accepted,6,6,0,12,0,0
1895,0x1800,0,0,bulk,accepted,31,31,12,74,0,0
1896,0x1800,0,0,bulk,accepted,3,3,74,80,0,0
1897,0x1800,0,0,bulk,accepted,4,4,0,8,0,0
1898,0x1800,0,0,bulk,accepted,4,4,0,8,0,0
1899,0x1800,0,0,bulk,accepted,3,3,0,6,0,0
1900,0x1800,0,0,bulk,accepted,47,47,6,100,0,0
1901,0x1800,0,0,bulk,accepted,8,8,100,116,0,0
1902,0x1800,0,0,bulk,accepted,2,2,0,4,0,0
1903,0x1808,1,0,scalar_incrementing,accepted,1,1,4,5,0,0
1904,0x1800,0,0,bulk,accepted,2,2,0,4,0,0
1905,0x1808,1,0,scalar_incrementing,accepted,1,1,4,5,0,0
1906,0x1800,0,0,bulk,accepted,6,6,0,12,0,0
1907,0x1800,0,0,bulk,accepted,31,31,12,74,0,0
1908,0x1800,0,0,bulk,accepted,3,3,74,80,0,0
1909,0x1800,0,0,bulk,accepted,2,2,0,4,0,0
1910,0x1808,1,0,scalar_incrementing,accepted,1,1,4,5,0,0
1911,0x1800,0,0,bulk,accepted,2,2,0,4,0,0
1912,0x1808,1,0,scalar_incrementing,accepted,1,1,4,5,0,0
1913,0x1800,0,0,bulk,accepted,3,3,0,6,0,0
1914,0x1800,0,0,bulk,accepted,31,31,6,68,0,0
1915,0x1800,0,0,bulk,accepted,6,6,68,80,0,0
1916,0x1800,0,0,bulk,accepted,2,2,0,4,0,0
1917,0x1808,1,0,scalar_incrementing,accepted,1,1,4,5,0,0
1918,0x1800,0,0,bulk,accepted,2,2,0,4,0,0
1919,0x1808,1,0,scalar_incrementing,accepted,1,1,4,5,0,0
1920,0x1800,0,0,bulk,accepted,31,31,0,62,0,0
1921,0x1800,0,0,bulk,accepted,9,9,62,80,0,0
1922,0x1800,0,0,bulk,accepted,4,4,0,8,0,0
1923,0x1800,0,0,bulk,accepted,4,4,0,8,0,0
1924,0x1800,0,0,bulk,accepted,18,18,0,36,0,0
1925,0x1800,0,0,bulk,accepted,4,4,0,8,0,0
1926,0x1800,0,0,bulk,accepted,4,4,0,8,0,0
1927,0x1800,0,0,bulk,accepted,2,2,0,4,0,0
1928,0x1800,0,0,bulk,accepted,47,47,4,98,0,0
1929,0x1800,0,0,bulk,accepted,9,9,98,116,0,0
1930,0x1800,0,0,bulk,accepted,4,4,0,8,0,0
1931,0x1800,0,0,bulk,accepted,4,4,0,8,0,0
1932,0x1800,0,0,bulk,accepted,5,5,0,10,0,0
1933,0x1800,0,0,bulk,accepted,47,47,10,104,0,0
1934,0x1800,0,0,bulk,accepted,6,6,104,116,0,0
1935,0x1800,0,0,bulk,accepted,4,4,0,8,0,0
1936,0x1800,0,0,bulk,accepted,4,4,0,8,0,0
1937,0x1800,0,0,bulk,accepted,18,18,0,36,0,0
1938,0x1800,0,0,bulk,accepted,4,4,0,8,0,0
1939,0x1800,0,0,bulk,accepted,4,4,0,8,0,0
1940,0x1800,0,0,bulk,accepted,18,18,0,36,0,0
1941,0x1800,0,0,bulk,accepted,4,4,0,8,0,0
1942,0x1800,0,0,bulk,accepted,4,4,0,8,0,0
1943,0x1800,0,0,bulk,accepted,18,18,0,36,0,0
1944,0x1800,0,0,bulk,accepted,4,4,0,8,0,0
1945,0x1800,0,0,bulk,accepted,4,4,0,8,0,0
1946,0x1800,0,0,bulk,accepted,18,18,0,36,0,0
1947,0x1800,0,0,bulk,accepted,3,3,0,6,0,0
1948,0x1800,0,0,bulk,accepted,3,3,0,6,0,0
1949,0x1800,0,0,bulk,accepted,14,14,0,28,0,0
1950,0x1800,0,0,bulk,accepted,3,3,0,6,0,0
1951,0x1800,0,0,bulk,accepted,3,3,0,6,0,0
1952,0x1800,0,0,bulk,accepted,14,14,0,28,0,0
1953,0x1800,0,0,bulk,accepted,1,1,0,2,0,0
1954,0x1808,1,0,scalar_incrementing,accepted,1,1,2,3,0,0
1955,0x1800,0,0,bulk,accepted,1,1,0,2,0,0
1956,0x1808,1,0,scalar_incrementing,accepted,1,1,2,3,0,0
1957,0x1800,0,0,bulk,accepted,8,8,0,16,0,0
1958,0x1800,0,0,bulk,accepted,1,1,0,2,0,0
1959,0x1808,1,0,scalar_incrementing,accepted,1,1,2,3,0,0
1960,0x1800,0,0,bulk,accepted,1,1,0,2,0,0
1961,0x1808,1,0,scalar_incrementing,accepted,1,1,2,3,0,0
1962,0x1800,0,0,bulk,accepted,8,8,0,16,0,0
1963,0x1800,0,0,bulk,accepted,1,1,0,2,0,0
1964,0x1808,1,0,scalar_incrementing,accepted,1,1,2,3,0,0
1965,0x1800,0,0,bulk,accepted,1,1,0,2,0,0
1966,0x1808,1,0,scalar_incrementing,accepted,1,1,2,3,0,0
1967,0x1800,0,0,bulk,accepted,8,8,0,16,0,0
1968,0x1800,0,0,bulk,accepted,1,1,0,2,0,0
1969,0x1808,1,0,scalar_incrementing,accepted,1,1,2,3,0,0
1970,0x1800,0,0,bulk,accepted,1,1,0,2,0,0
1971,0x1808,1,0,scalar_incrementing,accepted,1,1,2,3,0,0
1972,0x1800,0,0,bulk,accepted,8,8,0,16,0,0
1973,0x1800,0,0,bulk,accepted,1,1,0,2,0,0
1974,0x1808,1,0,scalar_incrementing,accepted,1,1,2,3,0,0
1975,0x1800,0,0,bulk,accepted,1,1,0,2,0,0
1976,0x1808,1,0,scalar_incrementing,accepted,1,1,2,3,0,0
1977,0x1800,0,0,bulk,accepted,8,8,0,16,0,0
1978,0x1800,0,0,bulk,accepted,1,1,0,2,0,0
1979,0x1808,1,0,scalar_incrementing,accepted,1,1,2,3,0,0
1980,0x1800,0,0,bulk,accepted,1,1,0,2,0,0
1981,0x1808,1,0,scalar_incrementing,accepted,1,1,2,3,0,0
1982,0x1800,0,0,bulk,accepted,8,8,0,16,0,0
1983,0x1800,0,0,bulk,accepted,1,1,0,2,0,0
1984,0x1808,1,0,scalar_incrementing,accepted,1,1,2,3,0,0
1985,0x1800,0,0,bulk,accepted,1,1,0,2,0,0
1986,0x1808,1,0,scalar_incrementing,accepted,1,1,2,3,0,0
1987,0x1800,0,0,bulk,accepted,8,8,0,16,0,0
1988,0x1800,0,0,bulk,accepted,1,1,0,2,0,0
1989,0x1808,1,0,scalar_incrementing,accepted,1,1,2,3,0,0
1990,0x1800,0,0,bulk,accepted,1,1,0,2,0,0
1991,0x1808,1,0,scalar_incrementing,accepted,1,1,2,3,0,0
1992,0x1800,0,0,bulk,accepted,8,8,0,16,0,0
1993,0x1800,0,0,bulk,accepted,5,5,0,10,0,0
1994,0x1800,0,0,bulk,accepted,5,5,0,10,0,0
1995,0x1800,0,0,bulk,accepted,22,22,0,44,0,0
1996,0x1800,0,0,bulk,accepted,5,5,0,10,0,0
1997,0x1800,0,0,bulk,accepted,5,5,0,10,0,0
1998,0x1800,0,0,bulk,accepted,22,22,0,44,0,0
1999,0x1800,0,0,bulk,accepted,5,5,0,10,0,0
2000,0x1800,0,0,bulk,accepted,5,5,0,10,0,0
2001,0x1800,0,0,bulk,accepted,22,22,0,44,0,0
2002,0x1800,0,0,bulk,accepted,5,5,0,10,0,0
2003,0x1800,0,0,bulk,accepted,5,5,0,10,0,0
2004,0x1800,0,0,bulk,accepted,22,22,0,44,0,0
2005,0x1800,0,0,bulk,accepted,5,5,0,10,0,0
2006,0x1800,0,0,bulk,accepted,5,5,0,10,0,0
2007,0x1800,0,0,bulk,accepted,22,22,0,44,0,0
2008,0x1800,0,0,bulk,accepted,5,5,0,10,0,0
2009,0x1800,0,0,bulk,accepted,5,5,0,10,0,0
2010,0x1800,0,0,bulk,accepted,22,22,0,44,0,0
2011,0x1800,0,0,bulk,accepted,5,5,0,10,0,0
2012,0x1800,0,0,bulk,accepted,5,5,0,10,0,0
2013,0x1800,0,0,bulk,accepted,22,22,0,44,0,0
2014,0x1800,0,0,bulk,accepted,5,5,0,10,0,0
2015,0x1800,0,0,bulk,accepted,5,5,0,10,0,0
2016,0x1800,0,0,bulk,accepted,22,22,0,44,0,0
2017,0x1800,0,0,bulk,accepted,1,1,0,2,0,0
2018,0x1808,1,0,scalar_incrementing,accepted,1,1,2,3,0,0
2019,0x1800,0,0,bulk,accepted,1,1,0,2,0,0
2020,0x1808,1,0,scalar_incrementing,accepted,1,1,2,3,0,0
2021,0x1800,0,0,bulk,accepted,8,8,0,16,0,0
2022,0x1800,0,0,bulk,accepted,1,1,0,2,0,0
2023,0x1808,1,0,scalar_incrementing,accepted,1,1,2,3,0,0
2024,0x1800,0,0,bulk,accepted,1,1,0,2,0,0
2025,0x1808,1,0,scalar_incrementing,accepted,1,1,2,3,0,0
2026,0x1800,0,0,bulk,accepted,8,8,0,16,0,0
2027,0x1800,0,0,bulk,accepted,1,1,0,2,0,0
2028,0x1808,1,0,scalar_incrementing,accepted,1,1,2,3,0,0
2029,0x1800,0,0,bulk,accepted,1,1,0,2,0,0
2030,0x1808,1,0,scalar_incrementing,accepted,1,1,2,3,0,0
2031,0x1800,0,0,bulk,accepted,8,8,0,16,0,0
2032,0x1800,0,0,bulk,accepted,1,1,0,2,0,0
2033,0x1808,1,0,scalar_incrementing,accepted,1,1,2,3,0,0
2034,0x1800,0,0,bulk,accepted,1,1,0,2,0,0
2035,0x1808,1,0,scalar_incrementing,accepted,1,1,2,3,0,0
2036,0x1800,0,0,bulk,accepted,8,8,0,16,0,0
2037,0x1800,0,0,bulk,accepted,1,1,0,2,0,0
2038,0x1808,1,0,scalar_incrementing,accepted,1,1,2,3,0,0
2039,0x1800,0,0,bulk,accepted,1,1,0,2,0,0
2040,0x1808,1,0,scalar_incrementing,accepted,1,1,2,3,0,0
2041,0x1800,0,0,bulk,accepted,8,8,0,16,0,0
2042,0x1800,0,0,bulk,accepted,1,1,0,2,0,0
2043,0x1808,1,0,scalar_incrementing,accepted,1,1,2,3,0,0
2044,0x1800,0,0,bulk,accepted,1,1,0,2,0,0
2045,0x1808,1,0,scalar_incrementing,accepted,1,1,2,3,0,0
2046,0x1800,0,0,bulk,accepted,8,8,0,16,0,0
2047,0x1800,0,0,bulk,accepted,1,1,0,2,0,0
2048,0x1808,1,0,scalar_incrementing,accepted,1,1,2,3,0,0
2049,0x1800,0,0,bulk,accepted,1,1,0,2,0,0
2050,0x1808,1,0,scalar_incrementing,accepted,1,1,2,3,0,0
2051,0x1800,0,0,bulk,accepted,8,8,0,16,0,0
2052,0x1800,0,0,bulk,accepted,1,1,0,2,0,0
2053,0x1808,1,0,scalar_incrementing,accepted,1,1,2,3,0,0
2054,0x1800,0,0,bulk,accepted,1,1,0,2,0,0
2055,0x1808,1,0,scalar_incrementing,accepted,1,1,2,3,0,0
2056,0x1800,0,0,bulk,accepted,8,8,0,16,0,0
2057,0x1800,0,0,bulk,accepted,18,18,0,36,0,0
2058,0x1800,0,0,bulk,accepted,18,18,0,36,0,0
2059,0x1800,0,0,bulk,accepted,18,18,0,36,0,0
2060,0x1800,0,0,bulk,accepted,18,18,0,36,0,0
2061,0x1800,0,0,bulk,accepted,18,18,0,36,0,0
2062,0x1800,0,0,bulk,accepted,18,18,0,36,0,0
2063,0x1800,0,0,bulk,accepted,18,18,0,36,0,0
2064,0x1800,0,0,bulk,accepted,18,18,0,36,0,0
2065,0x1800,0,0,bulk,accepted,18,18,0,36,0,0
2066,0x1800,0,0,bulk,accepted,18,18,0,36,0,0
2067,0x1800,0,0,bulk,accepted,18,18,0,36,0,0
2068,0x1800,0,0,bulk,accepted,18,18,0,36,0,0
2069,0x1800,0,0,bulk,accepted,18,18,0,36,0,0
2070,0x1800,0,0,bulk,accepted,18,18,0,36,0,0
2071,0x1800,0,0,bulk,accepted,18,18,0,36,0,0
2072,0x1800,0,0,bulk,accepted,18,18,0,36,0,0
2073,0x1800,0,0,bulk,accepted,18,18,0,36,0,0
2074,0x1800,0,0,bulk,accepted,18,18,0,36,0,0
2075,0x1800,0,0,bulk,accepted,18,18,0,36,0,0
2076,0x1800,0,0,bulk,accepted,18,18,0,36,0,0
2077,0x1800,0,0,bulk,accepted,18,18,0,36,0,0
2078,0x1800,0,0,bulk,accepted,18,18,0,36,0,0
2079,0x1800,0,0,bulk,accepted,18,18,0,36,0,0
2080,0x1800,0,0,bulk,accepted,18,18,0,36,0,0
2081,0x1800,0,0,bulk,accepted,18,18,0,36,0,0
2082,0x1800,0,0,bulk,accepted,18,18,0,36,0,0
2083,0x1800,0,0,bulk,accepted,18,18,0,36,0,0
2084,0x1800,0,0,bulk,accepted,18,18,0,36,0,0
2085,0x1800,0,0,bulk,accepted,18,18,0,36,0,0
2086,0x1800,0,0,bulk,accepted,18,18,0,36,0,0
2087,0x1800,0,0,bulk,accepted,18,18,0,36,0,0
2088,0x1800,0,0,bulk,accepted,18,18,0,36,0,0
2089,0x1800,0,0,bulk,accepted,18,18,0,36,0,0
2090,0x1800,0,0,bulk,accepted,18,18,0,36,0,0
2091,0x1800,0,0,bulk,accepted,18,18,0,36,0,0
2092,0x1800,0,0,bulk,accepted,18,18,0,36,0,0
2093,0x1800,0,0,bulk,accepted,18,18,0,36,0,0
2094,0x1800,0,0,bulk,accepted,18,18,0,36,0,0
2095,0x1800,0,0,bulk,accepted,18,18,0,36,0,0
2096,0x1800,0,0,bulk,accepted,18,18,0,36,0,0
2097,0x1800,0,0,bulk,accepted,18,18,0,36,0,0
2098,0x1800,0,0,bulk,accepted,18,18,0,36,0,0
2099,0x1800,0,0,bulk,accepted,18,18,0,36,0,0
2100,0x1800,0,0,bulk,accepted,18,18,0,36,0,0
2101,0x1800,0,0,bulk,accepted,18,18,0,36,0,0
2102,0x1800,0,0,bulk,accepted,18,18,0,36,0,0
2103,0x1800,0,0,bulk,accepted,18,18,0,36,0,0
2104,0x1800,0,0,bulk,accepted,18,18,0,36,0,0
2105,0x1800,0,0,bulk,accepted,18,18,0,36,0,0
2106,0x1800,0,0,bulk,accepted,18,18,0,36,0,0
2107,0x1800,0,0,bulk,accepted,18,18,0,36,0,0
2108,0x1800,0,0,bulk,accepted,18,18,0,36,0,0
2109,0x1800,0,0,bulk,accepted,18,18,0,36,0,0
2110,0x1800,0,0,bulk,accepted,18,18,0,36,0,0
2111,0x1800,0,0,bulk,accepted,18,18,0,36,0,0
2112,0x1800,0,0,bulk,accepted,18,18,0,36,0,0
2113,0x1800,0,0,bulk,accepted,18,18,0,36,0,0
2114,0x1800,0,0,bulk,accepted,18,18,0,36,0,0
2115,0x1800,0,0,bulk,accepted,18,18,0,36,0,0
2116,0x1800,0,0,bulk,accepted,18,18,0,36,0,0
2117,0x1800,0,0,bulk,accepted,18,18,0,36,0,0
2118,0x1800,0,0,bulk,accepted,18,18,0,36,0,0
2119,0x1800,0,0,bulk,accepted,18,18,0,36,0,0
2120,0x1800,0,0,bulk,accepted,18,18,0,36,0,0
2121,0x1800,0,0,bulk,accepted,18,18,0,36,0,0
2122,0x1800,0,0,bulk,accepted,18,18,0,36,0,0
2123,0x1800,0,0,bulk,accepted,18,18,0,36,0,0
2124,0x1800,0,0,bulk,accepted,18,18,0,36,0,0
2125,0x1800,0,0,bulk,accepted,18,18,0,36,0,0
2126,0x1800,0,0,bulk,accepted,18,18,0,36,0,0
2127,0x1800,0,0,bulk,accepted,18,18,0,36,0,0
2128,0x1800,0,0,bulk,accepted,18,18,0,36,0,0
2129,0x1800,0,0,bulk,accepted,4,4,0,8,0,0
2130,0x1800,0,0,bulk,accepted,95,95,8,198,0,0
2131,0x1800,0,0,bulk,accepted,3,3,198,204,0,0
2132,0x1800,0,0,bulk,accepted,5,5,0,10,0,0
2133,0x1800,0,0,bulk,accepted,95,95,10,200,0,0
2134,0x1800,0,0,bulk,accepted,2,2,200,204,0,0
2135,0x1800,0,0,bulk,accepted,6,6,0,12,0,0
2136,0x1800,0,0,bulk,accepted,79,79,12,170,0,0
2137,0x1800,0,0,bulk,accepted,79,79,0,158,0,0
2138,0x1800,0,0,bulk,accepted,6,6,158,170,0,0
2139,0x1800,0,0,bulk,accepted,2,2,0,4,0,0
2140,0x1800,0,0,bulk,accepted,79,79,4,162,0,0
2141,0x1800,0,0,bulk,accepted,4,4,162,170,0,0
2142,0x1800,0,0,bulk,accepted,4,4,0,8,0,0
2143,0x1800,0,0,bulk,accepted,79,79,8,166,0,0
2144,0x1800,0,0,bulk,accepted,2,2,166,170,0,0
2145,0x1800,0,0,bulk,accepted,6,6,0,12,0,0
2146,0x1800,0,0,bulk,accepted,47,47,12,106,0,0
2147,0x1800,0,0,bulk,accepted,12,12,106,130,0,0
2148,0x1800,0,0,bulk,accepted,4,4,0,8,0,0
2149,0x1800,0,0,bulk,accepted,47,47,8,102,0,0
2150,0x1800,0,0,bulk,accepted,14,14,102,130,0,0
2151,0x1800,0,0,bulk,accepted,2,2,0,4,0,0
2152,0x1800,0,0,bulk,accepted,63,63,4,130,0,0
2153,0x1800,0,0,bulk,accepted,3,3,130,136,0,0
2154,0x1800,0,0,bulk,accepted,5,5,0,10,0,0
2155,0x1800,0,0,bulk,accepted,63,63,10,136,0,0
2156,0x1800,0,0,bulk,accepted,63,63,0,126,0,0
2157,0x1800,0,0,bulk,accepted,5,5,126,136,0,0
2158,0x1800,0,0,bulk,accepted,3,3,0,6,0,0
2159,0x1800,0,0,bulk,accepted,63,63,6,132,0,0
2160,0x1800,0,0,bulk,accepted,2,2,132,136,0,0
2161,0x1800,0,0,bulk,accepted,6,6,0,12,0,0
2162,0x1800,0,0,bulk,accepted,47,47,12,106,0,0
2163,0x1800,0,0,bulk,accepted,15,15,106,136,0,0
2164,0x1800,0,0,bulk,accepted,1,1,0,2,0,0
2165,0x1800,0,0,bulk,accepted,63,63,2,128,0,0
2166,0x1800,0,0,bulk,accepted,4,4,128,136,0,0
2167,0x1800,0,0,bulk,accepted,4,4,0,8,0,0
2168,0x1800,0,0,bulk,accepted,63,63,8,134,0,0
2169,0x1800,0,0,bulk,accepted,1,1,134,136,0,0
2170,0x1800,0,0,bulk,accepted,63,63,0,126,0,0
2171,0x1800,0,0,bulk,accepted,5,5,126,136,0,0
2172,0x1800,0,0,bulk,accepted,3,3,0,6,0,0
2173,0x1800,0,0,bulk,accepted,63,63,6,132,0,0
2174,0x1800,0,0,bulk,accepted,2,2,132,136,0,0
2175,0x1800,0,0,bulk,accepted,6,6,0,12,0,0
2176,0x1800,0,0,bulk,accepted,47,47,12,106,0,0
2177,0x1800,0,0,bulk,accepted,15,15,106,136,0,0
2178,0x1800,0,0,bulk,accepted,1,1,0,2,0,0
2179,0x1800,0,0,bulk,accepted,63,63,2,128,0,0
2180,0x1800,0,0,bulk,accepted,4,4,128,136,0,0
2181,0x1800,0,0,bulk,accepted,4,4,0,8,0,0
2182,0x1800,0,0,bulk,accepted,63,63,8,134,0,0
2183,0x1800,0,0,bulk,accepted,1,1,134,136,0,0
2184,0x1800,0,0,bulk,accepted,63,63,0,126,0,0
2185,0x1800,0,0,bulk,accepted,5,5,126,136,0,0
2186,0x1800,0,0,bulk,accepted,3,3,0,6,0,0
2187,0x1800,0,0,bulk,accepted,63,63,6,132,0,0
2188,0x1800,0,0,bulk,accepted,2,2,132,136,0,0
2189,0x1800,0,0,bulk,accepted,6,6,0,12,0,0
2190,0x1800,0,0,bulk,accepted,47,47,12,106,0,0
2191,0x1800,0,0,bulk,accepted,15,15,106,136,0,0
2192,0x1800,0,0,bulk,accepted,1,1,0,2,0,0
2193,0x1800,0,0,bulk,accepted,63,63,2,128,0,0
2194,0x1800,0,0,bulk,accepted,4,4,128,136,0,0
2195,0x1800,0,0,bulk,accepted,21,21,0,42,0,0
2196,0x1800,0,0,bulk,accepted,21,21,0,42,0,0
2197,0x1800,0,0,bulk,accepted,21,21,0,42,0,0
2198,0x1800,0,0,bulk,accepted,21,21,0,42,0,0
2199,0x1800,0,0,bulk,accepted,21,21,0,42,0,0
2200,0x1800,0,0,bulk,accepted,21,21,0,42,0,0
2201,0x1800,0,0,bulk,accepted,21,21,0,42,0,0
2202,0x1800,0,0,bulk,accepted,21,21,0,42,0,0
2203,0x1800,0,0,bulk,accepted,21,21,0,42,0,0
2204,0x1800,0,0,bulk,accepted,21,21,0,42,0,0
2205,0x1800,0,0,bulk,accepted,21,21,0,42,0,0
2206,0x1800,0,0,bulk,accepted,21,21,0,42,0,0
2207,0x1800,0,0,bulk,accepted,21,21,0,42,0,0
2208,0x1800,0,0,bulk,accepted,21,21,0,42,0,0
2209,0x1800,0,0,bulk,accepted,21,21,0,42,0,0
2210,0x1800,0,0,bulk,accepted,21,21,0,42,0,0
2211,0x1800,0,0,bulk,accepted,21,21,0,42,0,0
2212,0x1800,0,0,bulk,accepted,21,21,0,42,0,0
2213,0x1800,0,0,bulk,accepted,21,21,0,42,0,0
2214,0x1800,0,0,bulk,accepted,21,21,0,42,0,0
2215,0x1800,0,0,bulk,accepted,21,21,0,42,0,0
2216,0x1800,0,0,bulk,accepted,21,21,0,42,0,0
2217,0x1800,0,0,bulk,accepted,21,21,0,42,0,0
2218,0x1800,0,0,bulk,accepted,21,21,0,42,0,0
2219,0x1800,0,0,bulk,accepted,21,21,0,42,0,0
2220,0x1800,0,0,bulk,accepted,21,21,0,42,0,0
2221,0x1800,0,0,bulk,accepted,21,21,0,42,0,0
2222,0x1800,0,0,bulk,accepted,21,21,0,42,0,0
2223,0x1800,0,0,bulk,accepted,21,21,0,42,0,0
2224,0x1800,0,0,bulk,accepted,21,21,0,42,0,0
2225,0x1800,0,0,bulk,accepted,21,21,0,42,0,0
2226,0x1800,0,0,bulk,accepted,21,21,0,42,0,0
2227,0x1800,0,0,bulk,accepted,21,21,0,42,0,0
2228,0x1800,0,0,bulk,accepted,21,21,0,42,0,0
2229,0x1800,0,0,bulk,accepted,21,21,0,42,0,0
2230,0x1800,0,0,bulk,accepted,21,21,0,42,0,0
2231,0x1800,0,0,bulk,accepted,21,21,0,42,0,0
2232,0x1800,0,0,bulk,accepted,21,21,0,42,0,0
2233,0x1800,0,0,bulk,accepted,21,21,0,42,0,0
2234,0x1800,0,0,bulk,accepted,21,21,0,42,0,0
2235,0x1800,0,0,bulk,accepted,21,21,0,42,0,0
2236,0x1800,0,0,bulk,accepted,21,21,0,42,0,0
2237,0x1800,0,0,bulk,accepted,21,21,0,42,0,0
2238,0x1800,0,0,bulk,accepted,21,21,0,42,0,0
2239,0x1800,0,0,bulk,accepted,21,21,0,42,0,0
2240,0x1800,0,0,bulk,accepted,21,21,0,42,0,0
2241,0x1800,0,0,bulk,accepted,21,21,0,42,0,0
2242,0x1800,0,0,bulk,accepted,21,21,0,42,0,0
2243,0x1800,0,0,bulk,accepted,4,4,0,8,0,0
2244,0x1800,0,0,bulk,accepted,79,79,8,166,0,0
2245,0x1800,0,0,bulk,accepted,2,2,166,170,0,0
2246,0x1800,0,0,bulk,accepted,6,6,0,12,0,0
2247,0x1800,0,0,bulk,accepted,79,79,12,170,0,0
2248,0x1800,0,0,bulk,accepted,79,79,0,158,0,0
2249,0x1800,0,0,bulk,accepted,6,6,158,170,0,0
2250,0x1800,0,0,bulk,accepted,2,2,0,4,0,0
2251,0x1800,0,0,bulk,accepted,79,79,4,162,0,0
2252,0x1800,0,0,bulk,accepted,4,4,162,170,0,0
2253,0x1800,0,0,bulk,accepted,4,4,0,8,0,0
2254,0x1800,0,0,bulk,accepted,79,79,8,166,0,0
2255,0x1800,0,0,bulk,accepted,2,2,166,170,0,0
2256,0x1800,0,0,bulk,accepted,6,6,0,12,0,0
2257,0x1800,0,0,bulk,accepted,79,79,12,170,0,0
2258,0x1800,0,0,bulk,accepted,79,79,0,158,0,0
2259,0x1800,0,0,bulk,accepted,6,6,158,170,0,0
2260,0x1800,0,0,bulk,accepted,2,2,0,4,0,0
2261,0x1800,0,0,bulk,accepted,79,79,4,162,0,0
2262,0x1800,0,0,bulk,accepted,4,4,162,170,0,0
2263,0x1800,0,0,bulk,accepted,4,4,0,8,0,0
2264,0x1800,0,0,bulk,accepted,79,79,8,166,0,0
2265,0x1800,0,0,bulk,accepted,2,2,166,170,0,0
2266,0x1800,0,0,bulk,accepted,6,6,0,12,0,0
2267,0x1800,0,0,bulk,accepted,79,79,12,170,0,0
2268,0x1800,0,0,bulk,accepted,79,79,0,158,0,0
2269,0x1800,0,0,bulk,accepted,6,6,158,170,0,0
2270,0x1800,0,0,bulk,accepted,2,2,0,4,0,0
2271,0x1800,0,0,bulk,accepted,79,79,4,162,0,0
2272,0x1800,0,0,bulk,accepted,4,4,162,170,0,0
2273,0x1800,0,0,bulk,accepted,2,2,0,4,0,0
2274,0x1808,1,0,scalar_incrementing,accepted,1,1,4,5,0,0
2275,0x1800,0,0,bulk,accepted,2,2,0,4,0,0
2276,0x1808,1,0,scalar_incrementing,accepted,1,1,4,5,0,0
2277,0x1800,0,0,bulk,accepted,19,19,0,38,0,0
2278,0x1800,0,0,bulk,accepted,2,2,0,4,0,0
2279,0x1808,1,0,scalar_incrementing,accepted,1,1,4,5,0,0
2280,0x1800,0,0,bulk,accepted,2,2,0,4,0,0
2281,0x1808,1,0,scalar_incrementing,accepted,1,1,4,5,0,0
2282,0x1800,0,0,bulk,accepted,19,19,0,38,0,0
2283,0x1800,0,0,bulk,accepted,2,2,0,4,0,0
2284,0x1808,1,0,scalar_incrementing,accepted,1,1,4,5,0,0
2285,0x1800,0,0,bulk,accepted,2,2,0,4,0,0
2286,0x1808,1,0,scalar_incrementing,accepted,1,1,4,5,0,0
2287,0x1800,0,0,bulk,accepted,19,19,0,38,0,0
2288,0x1800,0,0,bulk,accepted,2,2,0,4,0,0
2289,0x1808,1,0,scalar_incrementing,accepted,1,1,4,5,0,0
2290,0x1800,0,0,bulk,accepted,2,2,0,4,0,0
2291,0x1808,1,0,scalar_incrementing,accepted,1,1,4,5,0,0
2292,0x1800,0,0,bulk,accepted,19,19,0,38,0,0
2293,0x1800,0,0,bulk,accepted,2,2,0,4,0,0
2294,0x1808,1,0,scalar_incrementing,accepted,1,1,4,5,0,0
2295,0x1800,0,0,bulk,accepted,2,2,0,4,0,0
2296,0x1808,1,0,scalar_incrementing,accepted,1,1,4,5,0,0
2297,0x1800,0,0,bulk,accepted,19,19,0,38,0,0
2298,0x1800,0,0,bulk,accepted,2,2,0,4,0,0
2299,0x1808,1,0,scalar_incrementing,accepted,1,1,4,5,0,0
2300,0x1800,0,0,bulk,accepted,2,2,0,4,0,0
2301,0x1808,1,0,scalar_incrementing,accepted,1,1,4,5,0,0
2302,0x1800,0,0,bulk,accepted,19,19,0,38,0,0
2303,0x1800,0,0,bulk,accepted,2,2,0,4,0,0
2304,0x1808,1,0,scalar_incrementing,accepted,1,1,4,5,0,0
2305,0x1800,0,0,bulk,accepted,2,2,0,4,0,0
2306,0x1808,1,0,scalar_incrementing,accepted,1,1,4,5,0,0
2307,0x1800,0,0,bulk,accepted,19,19,0,38,0,0
2308,0x1800,0,0,bulk,accepted,2,2,0,4,0,0
2309,0x1808,1,0,scalar_incrementing,accepted,1,1,4,5,0,0
2310,0x1800,0,0,bulk,accepted,2,2,0,4,0,0
2311,0x1808,1,0,scalar_incrementing,accepted,1,1,4,5,0,0
2312,0x1800,0,0,bulk,accepted,19,19,0,38,0,0
2313,0x1800,0,0,bulk,accepted,2,2,0,4,0,0
2314,0x1808,1,0,scalar_incrementing,accepted,1,1,4,5,0,0
2315,0x1800,0,0,bulk,accepted,2,2,0,4,0,0
2316,0x1808,1,0,scalar_incrementing,accepted,1,1,4,5,0,0
2317,0x1800,0,0,bulk,accepted,19,19,0,38,0,0
2318,0x1800,0,0,bulk,accepted,2,2,0,4,0,0
2319,0x1808,1,0,scalar_incrementing,accepted,1,1,4,5,0,0
2320,0x1800,0,0,bulk,accepted,2,2,0,4,0,0
2321,0x1808,1,0,scalar_incrementing,accepted,1,1,4,5,0,0
2322,0x1800,0,0,bulk,accepted,19,19,0,38,0,0
2323,0x1800,0,0,bulk,accepted,4,4,0,8,0,0
2324,0x1800,0,0,bulk,accepted,4,4,0,8,0,0
2325,0x1800,0,0,bulk,accepted,18,18,0,36,0,0
2326,0x1800,0,0,bulk,accepted,4,4,0,8,0,0
2327,0x1800,0,0,bulk,accepted,4,4,0,8,0,0
2328,0x1800,0,0,bulk,accepted,18,18,0,36,0,0
2329,0x1800,0,0,bulk,accepted,4,4,0,8,0,0
2330,0x1800,0,0,bulk,accepted,4,4,0,8,0,0
2331,0x1800,0,0,bulk,accepted,18,18,0,36,0,0
2332,0x1800,0,0,bulk,accepted,4,4,0,8,0,0
2333,0x1800,0,0,bulk,accepted,4,4,0,8,0,0
2334,0x1800,0,0,bulk,accepted,18,18,0,36,0,0
2335,0x1800,0,0,bulk,accepted,4,4,0,8,0,0
2336,0x1800,0,0,bulk,accepted,4,4,0,8,0,0
2337,0x1800,0,0,bulk,accepted,18,18,0,36,0,0
2338,0x1800,0,0,bulk,accepted,4,4,0,8,0,0
2339,0x1800,0,0,bulk,accepted,4,4,0,8,0,0
2340,0x1800,0,0,bulk,accepted,18,18,0,36,0,0
2341,0x1800,0,0,bulk,accepted,4,4,0,8,0,0
2342,0x1800,0,0,bulk,accepted,4,4,0,8,0,0
2343,0x1800,0,0,bulk,accepted,18,18,0,36,0,0
2344,0x1800,0,0,bulk,accepted,4,4,0,8,0,0
2345,0x1800,0,0,bulk,accepted,4,4,0,8,0,0
2346,0x1800,0,0,bulk,accepted,18,18,0,36,0,0
2347,0x1800,0,0,bulk,accepted,2,2,0,4,0,0
2348,0x1800,0,0,bulk,accepted,2,2,0,4,0,0
2349,0x1800,0,0,bulk,accepted,10,10,0,20,0,0
2350,0x1800,0,0,bulk,accepted,2,2,0,4,0,0
2351,0x1800,0,0,bulk,accepted,2,2,0,4,0,0
2352,0x1800,0,0,bulk,accepted,10,10,0,20,0,0
2353,0x1800,0,0,bulk,accepted,2,2,0,4,0,0
2354,0x1800,0,0,bulk,accepted,2,2,0,4,0,0
2355,0x1800,0,0,bulk,accepted,10,10,0,20,0,0
2356,0x1800,0,0,bulk,accepted,2,2,0,4,0,0
2357,0x1800,0,0,bulk,accepted,2,2,0,4,0,0
2358,0x1800,0,0,bulk,accepted,10,10,0,20,0,0
2359,0x1800,0,0,bulk,accepted,2,2,0,4,0,0
2360,0x1800,0,0,bulk,accepted,2,2,0,4,0,0
2361,0x1800,0,0,bulk,accepted,10,10,0,20,0,0
2362,0x1800,0,0,bulk,accepted,2,2,0,4,0,0
2363,0x1800,0,0,bulk,accepted,2,2,0,4,0,0
2364,0x1800,0,0,bulk,accepted,10,10,0,20,0,0
2365,0x1800,0,0,bulk,accepted,2,2,0,4,0,0
2366,0x1800,0,0,bulk,accepted,2,2,0,4,0,0
2367,0x1800,0,0,bulk,accepted,10,10,0,20,0,0
2368,0x1800,0,0,bulk,accepted,2,2,0,4,0,0
2369,0x1800,0,0,bulk,accepted,2,2,0,4,0,0
2370,0x1800,0,0,bulk,accepted,10,10,0,20,0,0
2371,0x1800,0,0,bulk,accepted,2,2,0,4,0,0
2372,0x1800,0,0,bulk,accepted,2,2,0,4,0,0
2373,0x1800,0,0,bulk,accepted,10,10,0,20,0,0
2374,0x1800,0,0,bulk,accepted,2,2,0,4,0,0
2375,0x1800,0,0,bulk,accepted,2,2,0,4,0,0
2376,0x1800,0,0,bulk,accepted,10,10,0,20,0,0
2377,0x1800,0,0,bulk,accepted,2,2,0,4,0,0
2378,0x1800,0,0,bulk,accepted,2,2,0,4,0,0
2379,0x1800,0,0,bulk,accepted,10,10,0,20,0,0
2380,0x1800,0,0,bulk,accepted,2,2,0,4,0,0
2381,0x1800,0,0,bulk,accepted,2,2,0,4,0,0
2382,0x1800,0,0,bulk,accepted,10,10,0,20,0,0
2383,0x1800,0,0,bulk,accepted,2,2,0,4,0,0
2384,0x1800,0,0,bulk,accepted,2,2,0,4,0,0
2385,0x1800,0,0,bulk,accepted,10,10,0,20,0,0
2386,0x1800,0,0,bulk,accepted,2,2,0,4,0,0
2387,0x1800,0,0,bulk,accepted,2,2,0,4,0,0
2388,0x1800,0,0,bulk,accepted,10,10,0,20,0,0
2389,0x1800,0,0,bulk,accepted,2,2,0,4,0,0
2390,0x1800,0,0,bulk,accepted,2,2,0,4,0,0
2391,0x1800,0,0,bulk,accepted,10,10,0,20,0,0
2392,0x1800,0,0,bulk,accepted,2,2,0,4,0,0
2393,0x1800,0,0,bulk,accepted,2,2,0,4,0,0
2394,0x1800,0,0,bulk,accepted,10,10,0,20,0,0
2395,0x1800,0,0,bulk,accepted,1,1,0,2,0,0
2396,0x1800,0,0,bulk,accepted,319,319,2,640,0,0
2397,0x1800,0,0,bulk,accepted,4,4,640,648,0,0
2398,0x1800,0,0,bulk,accepted,4,4,0,8,0,0
2399,0x1800,0,0,bulk,accepted,319,319,8,646,0,0
2400,0x1800,0,0,bulk,accepted,1,1,646,648,0,0
2401,0x1800,0,0,bulk,accepted,143,143,0,286,0,0
2402,0x1800,0,0,bulk,accepted,13,13,286,312,0,0
2403,0x1800,0,0,bulk,accepted,3,3,0,6,0,0
2404,0x1800,0,0,bulk,accepted,239,239,6,484,0,0
2405,0x1800,0,0,bulk,accepted,10,10,484,504,0,0
2406,0x1800,0,0,bulk,accepted,6,6,0,12,0,0
2407,0x1800,0,0,bulk,accepted,143,143,12,298,0,0
2408,0x1800,0,0,bulk,accepted,7,7,298,312,0,0
2409,0x1800,0,0,bulk,accepted,3,3,0,6,0,0
2410,0x1800,0,0,bulk,accepted,143,143,6,292,0,0
2411,0x1800,0,0,bulk,accepted,10,10,292,312,0,0
2412,0x1800,0,0,bulk,accepted,27,27,0,54,0,0
2413,0x1800,0,0,bulk,accepted,27,27,0,54,0,0
2414,0x1800,0,0,bulk,accepted,27,27,0,54,0,0
2415,0x1800,0,0,bulk,accepted,27,27,0,54,0,0
2416,0x1800,0,0,bulk,accepted,27,27,0,54,0,0
2417,0x1800,0,0,bulk,accepted,27,27,0,54,0,0
2418,0x1800,0,0,bulk,accepted,27,27,0,54,0,0
2419,0x1800,0,0,bulk,accepted,27,27,0,54,0,0
2420,0x1800,0,0,bulk,accepted,27,27,0,54,0,0
2421,0x1800,0,0,bulk,accepted,27,27,0,54,0,0
2422,0x1800,0,0,bulk,accepted,27,27,0,54,0,0
2423,0x1800,0,0,bulk,accepted,27,27,0,54,0,0
2424,0x1800,0,0,bulk,accepted,27,27,0,54,0,0
2425,0x1800,0,0,bulk,accepted,27,27,0,54,0,0
2426,0x1800,0,0,bulk,accepted,27,27,0,54,0,0
2427,0x1800,0,0,bulk,accepted,27,27,0,54,0,0
2428,0x1800,0,0,bulk,accepted,27,27,0,54,0,0
2429,0x1800,0,0,bulk,accepted,27,27,0,54,0,0
2430,0x1800,0,0,bulk,accepted,5,5,0,10,0,0
2431,0x1800,0,0,bulk,accepted,47,47,10,104,0,0
2432,0x1800,0,0,bulk,accepted,13,13,104,130,0,0
2433,0x1800,0,0,bulk,accepted,3,3,0,6,0,0
2434,0x1800,0,0,bulk,accepted,47,47,6,100,0,0
2435,0x1800,0,0,bulk,accepted,15,15,100,130,0,0
2436,0x1800,0,0,bulk,accepted,1,1,0,2,0,0
2437,0x1800,0,0,bulk,accepted,63,63,2,128,0,0
2438,0x1800,0,0,bulk,accepted,1,1,128,130,0,0
2439,0x1800,0,0,bulk,accepted,63,63,0,126,0,0
2440,0x1800,0,0,bulk,accepted,2,2,126,130,0,0
2441,0x1800,0,0,bulk,accepted,6,6,0,12,0,0
2442,0x1800,0,0,bulk,accepted,47,47,12,106,0,0
2443,0x1800,0,0,bulk,accepted,12,12,106,130,0,0
2444,0x1800,0,0,bulk,accepted,4,4,0,8,0,0
2445,0x1800,0,0,bulk,accepted,47,47,8,102,0,0
2446,0x1800,0,0,bulk,accepted,14,14,102,130,0,0
2447,0x1800,0,0,bulk,accepted,2,2,0,4,0,0
2448,0x1800,0,0,bulk,accepted,63,63,4,130,0,0
2449,0x1800,0,0,bulk,accepted,63,63,0,126,0,0
2450,0x1800,0,0,bulk,accepted,2,2,126,130,0,0
2451,0x1800,0,0,bulk,accepted,6,6,0,12,0,0
2452,0x1800,0,0,bulk,accepted,47,47,12,106,0,0
2453,0x1800,0,0,bulk,accepted,12,12,106,130,0,0
2454,0x1800,0,0,bulk,accepted,4,4,0,8,0,0
2455,0x1800,0,0,bulk,accepted,47,47,8,102,0,0
2456,0x1800,0,0,bulk,accepted,14,14,102,130,0,0
2457,0x1800,0,0,bulk,accepted,4,4,0,8,0,0
2458,0x1800,0,0,bulk,accepted,4,4,0,8,0,0
2459,0x1800,0,0,bulk,accepted,18,18,0,36,0,0
2460,0x1800,0,0,bulk,accepted,4,4,0,8,0,0
2461,0x1800,0,0,bulk,accepted,4,4,0,8,0,0
2462,0x1800,0,0,bulk,accepted,18,18,0,36,0,0
2463,0x1800,0,0,bulk,accepted,4,4,0,8,0,0
2464,0x1800,0,0,bulk,accepted,4,4,0,8,0,0
2465,0x1800,0,0,bulk,accepted,1,1,0,2,0,0
2466,0x1800,0,0,bulk,accepted,47,47,2,96,0,0
2467,0x1800,0,0,bulk,accepted,10,10,96,116,0,0
2468,0x1800,0,0,bulk,accepted,4,4,0,8,0,0
2469,0x1800,0,0,bulk,accepted,4,4,0,8,0,0
2470,0x1800,0,0,bulk,accepted,18,18,0,36,0,0
2471,0x1800,0,0,bulk,accepted,4,4,0,8,0,0
2472,0x1800,0,0,bulk,accepted,4,4,0,8,0,0
2473,0x1800,0,0,bulk,accepted,1,1,0,2,0,0
2474,0x1800,0,0,bulk,accepted,47,47,2,96,0,0
2475,0x1800,0,0,bulk,accepted,10,10,96,116,0,0
2476,0x1800,0,0,bulk,accepted,4,4,0,8,0,0
2477,0x1800,0,0,bulk,accepted,4,4,0,8,0,0
2478,0x1800,0,0,bulk,accepted,4,4,0,8,0,0
2479,0x1800,0,0,bulk,accepted,47,47,8,102,0,0
2480,0x1800,0,0,bulk,accepted,7,7,102,116,0,0
2481,0x1800,0,0,bulk,accepted,4,4,0,8,0,0
2482,0x1800,0,0,bulk,accepted,4,4,0,8,0,0
2483,0x1800,0,0,bulk,accepted,18,18,0,36,0,0
2484,0x1800,0,0,bulk,accepted,4,4,0,8,0,0
2485,0x1800,0,0,bulk,accepted,4,4,0,8,0,0
2486,0x1800,0,0,bulk,accepted,18,18,0,36,0,0
2487,0x1800,0,0,bulk,accepted,2,2,0,4,0,0
2488,0x1808,1,0,scalar_incrementing,accepted,1,1,4,5,0,0
2489,0x1800,0,0,bulk,accepted,2,2,0,4,0,0
2490,0x1808,1,0,scalar_incrementing,accepted,1,1,4,5,0,0
2491,0x1800,0,0,bulk,accepted,1,1,0,2,0,0
2492,0x1800,0,0,bulk,accepted,31,31,2,64,0,0
2493,0x1800,0,0,bulk,accepted,8,8,64,80,0,0
2494,0x1800,0,0,bulk,accepted,2,2,0,4,0,0
2495,0x1808,1,0,scalar_incrementing,accepted,1,1,4,5,0,0
2496,0x1800,0,0,bulk,accepted,2,2,0,4,0,0
2497,0x1808,1,0,scalar_incrementing,accepted,1,1,4,5,0,0
2498,0x1800,0,0,bulk,accepted,6,6,0,12,0,0
2499,0x1800,0,0,bulk,accepted,31,31,12,74,0,0
2500,0x1800,0,0,bulk,accepted,3,3,74,80,0,0
2501,0x1800,0,0,bulk,accepted,4,4,0,8,0,0
2502,0x1800,0,0,bulk,accepted,4,4,0,8,0,0
2503,0x1800,0,0,bulk,accepted,3,3,0,6,0,0
2504,0x1800,0,0,bulk,accepted,47,47,6,100,0,0
2505,0x1800,0,0,bulk,accepted,8,8,100,116,0,0
2506,0x1800,0,0,bulk,accepted,2,2,0,4,0,0
2507,0x1808,1,0,scalar_incrementing,accepted,1,1,4,5,0,0
2508,0x1800,0,0,bulk,accepted,2,2,0,4,0,0
2509,0x1808,1,0,scalar_incrementing,accepted,1,1,4,5,0,0
2510,0x1800,0,0,bulk,accepted,6,6,0,12,0,0
2511,0x1800,0,0,bulk,accepted,31,31,12,74,0,0
2512,0x1800,0,0,bulk,accepted,3,3,74,80,0,0
2513,0x1800,0,0,bulk,accepted,2,2,0,4,0,0
2514,0x1808,1,0,scalar_incrementing,accepted,1,1,4,5,0,0
2515,0x1800,0,0,bulk,accepted,2,2,0,4,0,0
2516,0x1808,1,0,scalar_incrementing,accepted,1,1,4,5,0,0
2517,0x1800,0,0,bulk,accepted,3,3,0,6,0,0
2518,0x1800,0,0,bulk,accepted,31,31,6,68,0,0
2519,0x1800,0,0,bulk,accepted,6,6,68,80,0,0
2520,0x1800,0,0,bulk,accepted,2,2,0,4,0,0
2521,0x1808,1,0,scalar_incrementing,accepted,1,1,4,5,0,0
2522,0x1800,0,0,bulk,accepted,2,2,0,4,0,0
2523,0x1808,1,0,scalar_incrementing,accepted,1,1,4,5,0,0
2524,0x1800,0,0,bulk,accepted,31,31,0,62,0,0
2525,0x1800,0,0,bulk,accepted,9,9,62,80,0,0
2526,0x1800,0,0,bulk,accepted,4,4,0,8,0,0
2527,0x1800,0,0,bulk,accepted,4,4,0,8,0,0
2528,0x1800,0,0,bulk,accepted,18,18,0,36,0,0
2529,0x1800,0,0,bulk,accepted,4,4,0,8,0,0
2530,0x1800,0,0,bulk,accepted,4,4,0,8,0,0
2531,0x1800,0,0,bulk,accepted,2,2,0,4,0,0
2532,0x1800,0,0,bulk,accepted,47,47,4,98,0,0
2533,0x1800,0,0,bulk,accepted,9,9,98,116,0,0
2534,0x1800,0,0,bulk,accepted,4,4,0,8,0,0
2535,0x1800,0,0,bulk,accepted,4,4,0,8,0,0
2536,0x1800,0,0,bulk,accepted,5,5,0,10,0,0
2537,0x1800,0,0,bulk,accepted,47,47,10,104,0,0
2538,0x1800,0,0,bulk,accepted,6,6,104,116,0,0
2539,0x1800,0,0,bulk,accepted,4,4,0,8,0,0
2540,0x1800,0,0,bulk,accepted,4,4,0,8,0,0
2541,0x1800,0,0,bulk,accepted,18,18,0,36,0,0
2542,0x1800,0,0,bulk,accepted,4,4,0,8,0,0
2543,0x1800,0,0,bulk,accepted,4,4,0,8,0,0
2544,0x1800,0,0,bulk,accepted,18,18,0,36,0,0
2545,0x1800,0,0,bulk,accepted,4,4,0,8,0,0
2546,0x1800,0,0,bulk,accepted,4,4,0,8,0,0
2547,0x1800,0,0,bulk,accepted,18,18,0,36,0,0
2548,0x1800,0,0,bulk,accepted,4,4,0,8,0,0
2549,0x1800,0,0,bulk,accepted,4,4,0,8,0,0
2550,0x1800,0,0,bulk,accepted,18,18,0,36,0,0
2551,0x1800,0,0,bulk,accepted,3,3,0,6,0,0
2552,0x1800,0,0,bulk,accepted,3,3,0,6,0,0
2553,0x1800,0,0,bulk,accepted,14,14,0,28,0,0
2554,0x1800,0,0,bulk,accepted,3,3,0,6,0,0
2555,0x1800,0,0,bulk,accepted,3,3,0,6,0,0
2556,0x1800,0,0,bulk,accepted,14,14,0,28,0,0
2557,0x1800,0,0,bulk,accepted,1,1,0,2,0,0
2558,0x1808,1,0,scalar_incrementing,accepted,1,1,2,3,0,0
2559,0x1800,0,0,bulk,accepted,1,1,0,2,0,0
2560,0x1808,1,0,scalar_incrementing,accepted,1,1,2,3,0,0
2561,0x1800,0,0,bulk,accepted,8,8,0,16,0,0
2562,0x1800,0,0,bulk,accepted,1,1,0,2,0,0
2563,0x1808,1,0,scalar_incrementing,accepted,1,1,2,3,0,0
2564,0x1800,0,0,bulk,accepted,1,1,0,2,0,0
2565,0x1808,1,0,scalar_incrementing,accepted,1,1,2,3,0,0
2566,0x1800,0,0,bulk,accepted,8,8,0,16,0,0
2567,0x1800,0,0,bulk,accepted,1,1,0,2,0,0
2568,0x1808,1,0,scalar_incrementing,accepted,1,1,2,3,0,0
2569,0x1800,0,0,bulk,accepted,1,1,0,2,0,0
2570,0x1808,1,0,scalar_incrementing,accepted,1,1,2,3,0,0
2571,0x1800,0,0,bulk,accepted,8,8,0,16,0,0
2572,0x1800,0,0,bulk,accepted,1,1,0,2,0,0
2573,0x1808,1,0,scalar_incrementing,accepted,1,1,2,3,0,0
2574,0x1800,0,0,bulk,accepted,1,1,0,2,0,0
2575,0x1808,1,0,scalar_incrementing,accepted,1,1,2,3,0,0
2576,0x1800,0,0,bulk,accepted,8,8,0,16,0,0
2577,0x1800,0,0,bulk,accepted,1,1,0,2,0,0
2578,0x1808,1,0,scalar_incrementing,accepted,1,1,2,3,0,0
2579,0x1800,0,0,bulk,accepted,1,1,0,2,0,0
2580,0x1808,1,0,scalar_incrementing,accepted,1,1,2,3,0,0
2581,0x1800,0,0,bulk,accepted,8,8,0,16,0,0
2582,0x1800,0,0,bulk,accepted,1,1,0,2,0,0
2583,0x1808,1,0,scalar_incrementing,accepted,1,1,2,3,0,0
2584,0x1800,0,0,bulk,accepted,1,1,0,2,0,0
2585,0x1808,1,0,scalar_incrementing,accepted,1,1,2,3,0,0
2586,0x1800,0,0,bulk,accepted,8,8,0,16,0,0
2587,0x1800,0,0,bulk,accepted,1,1,0,2,0,0
2588,0x1808,1,0,scalar_incrementing,accepted,1,1,2,3,0,0
2589,0x1800,0,0,bulk,accepted,1,1,0,2,0,0
2590,0x1808,1,0,scalar_incrementing,accepted,1,1,2,3,0,0
2591,0x1800,0,0,bulk,accepted,8,8,0,16,0,0
2592,0x1800,0,0,bulk,accepted,1,1,0,2,0,0
2593,0x1808,1,0,scalar_incrementing,accepted,1,1,2,3,0,0
2594,0x1800,0,0,bulk,accepted,1,1,0,2,0,0
2595,0x1808,1,0,scalar_incrementing,accepted,1,1,2,3,0,0
2596,0x1800,0,0,bulk,accepted,8,8,0,16,0,0
2597,0x1800,0,0,bulk,accepted,5,5,0,10,0,0
2598,0x1800,0,0,bulk,accepted,5,5,0,10,0,0
2599,0x1800,0,0,bulk,accepted,22,22,0,44,0,0
2600,0x1800,0,0,bulk,accepted,5,5,0,10,0,0
2601,0x1800,0,0,bulk,accepted,5,5,0,10,0,0
2602,0x1800,0,0,bulk,accepted,22,22,0,44,0,0
2603,0x1800,0,0,bulk,accepted,5,5,0,10,0,0
2604,0x1800,0,0,bulk,accepted,5,5,0,10,0,0
2605,0x1800,0,0,bulk,accepted,22,22,0,44,0,0
2606,0x1800,0,0,bulk,accepted,5,5,0,10,0,0
2607,0x1800,0,0,bulk,accepted,5,5,0,10,0,0
2608,0x1800,0,0,bulk,accepted,22,22,0,44,0,0
2609,0x1800,0,0,bulk,accepted,5,5,0,10,0,0
2610,0x1800,0,0,bulk,accepted,5,5,0,10,0,0
2611,0x1800,0,0,bulk,accepted,22,22,0,44,0,0
2612,0x1800,0,0,bulk,accepted,5,5,0,10,0,0
2613,0x1800,0,0,bulk,accepted,5,5,0,10,0,0
2614,0x1800,0,0,bulk,accepted,22,22,0,44,0,0
2615,0x1800,0,0,bulk,accepted,5,5,0,10,0,0
2616,0x1800,0,0,bulk,accepted,5,5,0,10,0,0
2617,0x1800,0,0,bulk,accepted,22,22,0,44,0,0
2618,0x1800,0,0,bulk,accepted,5,5,0,10,0,0
2619,0x1800,0,0,bulk,accepted,5,5,0,10,0,0
2620,0x1800,0,0,bulk,accepted,22,22,0,44,0,0
2621,0x1800,0,0,bulk,accepted,1,1,0,2,0,0
2622,0x1808,1,0,scalar_incrementing,accepted,1,1,2,3,0,0
2623,0x1800,0,0,bulk,accepted,1,1,0,2,0,0
2624,0x1808,1,0,scalar_incrementing,accepted,1,1,2,3,0,0
2625,0x1800,0,0,bulk,accepted,8,8,0,16,0,0
2626,0x1800,0,0,bulk,accepted,1,1,0,2,0,0
2627,0x1808,1,0,scalar_incrementing,accepted,1,1,2,3,0,0
2628,0x1800,0,0,bulk,accepted,1,1,0,2,0,0
2629,0x1808,1,0,scalar_incrementing,accepted,1,1,2,3,0,0
2630,0x1800,0,0,bulk,accepted,8,8,0,16,0,0
2631,0x1800,0,0,bulk,accepted,1,1,0,2,0,0
2632,0x1808,1,0,scalar_incrementing,accepted,1,1,2,3,0,0
2633,0x1800,0,0,bulk,accepted,1,1,0,2,0,0
2634,0x1808,1,0,scalar_incrementing,accepted,1,1,2,3,0,0
2635,0x1800,0,0,bulk,accepted,8,8,0,16,0,0
2636,0x1800,0,0,bulk,accepted,1,1,0,2,0,0
2637,0x1808,1,0,scalar_incrementing,accepted,1,1,2,3,0,0
2638,0x1800,0,0,bulk,accepted,1,1,0,2,0,0
2639,0x1808,1,0,scalar_incrementing,accepted,1,1,2,3,0,0
2640,0x1800,0,0,bulk,accepted,8,8,0,16,0,0
2641,0x1800,0,0,bulk,accepted,1,1,0,2,0,0
2642,0x1808,1,0,scalar_incrementing,accepted,1,1,2,3,0,0
2643,0x1800,0,0,bulk,accepted,1,1,0,2,0,0
2644,0x1808,1,0,scalar_incrementing,accepted,1,1,2,3,0,0
2645,0x1800,0,0,bulk,accepted,8,8,0,16,0,0
2646,0x1800,0,0,bulk,accepted,1,1,0,2,0,0
2647,0x1808,1,0,scalar_incrementing,accepted,1,1,2,3,0,0
2648,0x1800,0,0,bulk,accepted,1,1,0,2,0,0
2649,0x1808,1,0,scalar_incrementing,accepted,1,1,2,3,0,0
2650,0x1800,0,0,bulk,accepted,8,8,0,16,0,0
2651,0x1800,0,0,bulk,accepted,1,1,0,2,0,0
2652,0x1808,1,0,scalar_incrementing,accepted,1,1,2,3,0,0
2653,0x1800,0,0,bulk,accepted,1,1,0,2,0,0
2654,0x1808,1,0,scalar_incrementing,accepted,1,1,2,3,0,0
2655,0x1800,0,0,bulk,accepted,8,8,0,16,0,0
2656,0x1800,0,0,bulk,accepted,1,1,0,2,0,0
2657,0x1808,1,0,scalar_incrementing,accepted,1,1,2,3,0,0
2658,0x1800,0,0,bulk,accepted,1,1,0,2,0,0
2659,0x1808,1,0,scalar_incrementing,accepted,1,1,2,3,0,0
2660,0x1800,0,0,bulk,accepted,8,8,0,16,0,0
2661,0x1800,0,0,bulk,accepted,18,18,0,36,0,0
2662,0x1800,0,0,bulk,accepted,18,18,0,36,0,0
2663,0x1800,0,0,bulk,accepted,18,18,0,36,0,0
2664,0x1800,0,0,bulk,accepted,18,18,0,36,0,0
2665,0x1800,0,0,bulk,accepted,18,18,0,36,0,0
2666,0x1800,0,0,bulk,accepted,18,18,0,36,0,0
2667,0x1800,0,0,bulk,accepted,18,18,0,36,0,0
2668,0x1800,0,0,bulk,accepted,18,18,0,36,0,0
2669,0x1800,0,0,bulk,accepted,18,18,0,36,0,0
2670,0x1800,0,0,bulk,accepted,18,18,0,36,0,0
2671,0x1800,0,0,bulk,accepted,18,18,0,36,0,0
2672,0x1800,0,0,bulk,accepted,18,18,0,36,0,0
2673,0x1800,0,0,bulk,accepted,18,18,0,36,0,0
2674,0x1800,0,0,bulk,accepted,18,18,0,36,0,0
2675,0x1800,0,0,bulk,accepted,18,18,0,36,0,0
2676,0x1800,0,0,bulk,accepted,18,18,0,36,0,0
2677,0x1800,0,0,bulk,accepted,18,18,0,36,0,0
2678,0x1800,0,0,bulk,accepted,18,18,0,36,0,0
2679,0x1800,0,0,bulk,accepted,18,18,0,36,0,0
2680,0x1800,0,0,bulk,accepted,18,18,0,36,0,0
2681,0x1800,0,0,bulk,accepted,18,18,0,36,0,0
2682,0x1800,0,0,bulk,accepted,18,18,0,36,0,0
2683,0x1800,0,0,bulk,accepted,18,18,0,36,0,0
2684,0x1800,0,0,bulk,accepted,18,18,0,36,0,0
2685,0x1800,0,0,bulk,accepted,18,18,0,36,0,0
2686,0x1800,0,0,bulk,accepted,18,18,0,36,0,0
2687,0x1800,0,0,bulk,accepted,18,18,0,36,0,0
2688,0x1800,0,0,bulk,accepted,18,18,0,36,0,0
2689,0x1800,0,0,bulk,accepted,18,18,0,36,0,0
2690,0x1800,0,0,bulk,accepted,18,18,0,36,0,0
2691,0x1800,0,0,bulk,accepted,18,18,0,36,0,0
2692,0x1800,0,0,bulk,accepted,18,18,0,36,0,0
2693,0x1800,0,0,bulk,accepted,18,18,0,36,0,0
2694,0x1800,0,0,bulk,accepted,18,18,0,36,0,0
2695,0x1800,0,0,bulk,accepted,18,18,0,36,0,0
2696,0x1800,0,0,bulk,accepted,18,18,0,36,0,0
2697,0x1800,0,0,bulk,accepted,18,18,0,36,0,0
2698,0x1800,0,0,bulk,accepted,18,18,0,36,0,0
2699,0x1800,0,0,bulk,accepted,18,18,0,36,0,0
2700,0x1800,0,0,bulk,accepted,18,18,0,36,0,0
2701,0x1800,0,0,bulk,accepted,18,18,0,36,0,0
2702,0x1800,0,0,bulk,accepted,18,18,0,36,0,0
2703,0x1800,0,0,bulk,accepted,18,18,0,36,0,0
2704,0x1800,0,0,bulk,accepted,18,18,0,36,0,0
2705,0x1800,0,0,bulk,accepted,18,18,0,36,0,0
2706,0x1800,0,0,bulk,accepted,18,18,0,36,0,0
2707,0x1800,0,0,bulk,accepted,18,18,0,36,0,0
2708,0x1800,0,0,bulk,accepted,18,18,0,36,0,0
2709,0x1800,0,0,bulk,accepted,18,18,0,36,0,0
2710,0x1800,0,0,bulk,accepted,18,18,0,36,0,0
2711,0x1800,0,0,bulk,accepted,18,18,0,36,0,0
2712,0x1800,0,0,bulk,accepted,18,18,0,36,0,0
2713,0x1800,0,0,bulk,accepted,18,18,0,36,0,0
2714,0x1800,0,0,bulk,accepted,18,18,0,36,0,0
2715,0x1800,0,0,bulk,accepted,18,18,0,36,0,0
2716,0x1800,0,0,bulk,accepted,18,18,0,36,0,0
2717,0x1800,0,0,bulk,accepted,18,18,0,36,0,0
2718,0x1800,0,0,bulk,accepted,18,18,0,36,0,0
2719,0x1800,0,0,bulk,accepted,18,18,0,36,0,0
2720,0x1800,0,0,bulk,accepted,18,18,0,36,0,0
2721,0x1800,0,0,bulk,accepted,18,18,0,36,0,0
2722,0x1800,0,0,bulk,accepted,18,18,0,36,0,0
2723,0x1800,0,0,bulk,accepted,18,18,0,36,0,0
2724,0x1800,0,0,bulk,accepted,18,18,0,36,0,0
2725,0x1800,0,0,bulk,accepted,18,18,0,36,0,0
2726,0x1800,0,0,bulk,accepted,18,18,0,36,0,0
2727,0x1800,0,0,bulk,accepted,18,18,0,36,0,0
2728,0x1800,0,0,bulk,accepted,18,18,0,36,0,0
2729,0x1800,0,0,bulk,accepted,18,18,0,36,0,0
2730,0x1800,0,0,bulk,accepted,18,18,0,36,0,0
2731,0x1800,0,0,bulk,accepted,18,18,0,36,0,0
2732,0x1800,0,0,bulk,accepted,18,18,0,36,0,0
2733,0x1800,0,0,bulk,accepted,4,4,0,8,0,0
2734,0x1800,0,0,bulk,accepted,95,95,8,198,0,0
2735,0x1800,0,0,bulk,accepted,3,3,198,204,0,0
2736,0x1800,0,0,bulk,accepted,5,5,0,10,0,0
2737,0x1800,0,0,bulk,accepted,95,95,10,200,0,0
2738,0x1800,0,0,bulk,accepted,2,2,200,204,0,0
2739,0x1800,0,0,bulk,accepted,6,6,0,12,0,0
2740,0x1800,0,0,bulk,accepted,79,79,12,170,0,0
2741,0x1800,0,0,bulk,accepted,79,79,0,158,0,0
2742,0x1800,0,0,bulk,accepted,6,6,158,170,0,0
2743,0x1800,0,0,bulk,accepted,2,2,0,4,0,0
2744,0x1800,0,0,bulk,accepted,79,79,4,162,0,0
2745,0x1800,0,0,bulk,accepted,4,4,162,170,0,0
2746,0x1800,0,0,bulk,accepted,4,4,0,8,0,0
2747,0x1800,0,0,bulk,accepted,79,79,8,166,0,0
2748,0x1800,0,0,bulk,accepted,2,2,166,170,0,0
2749,0x1800,0,0,bulk,accepted,6,6,0,12,0,0
2750,0x1800,0,0,bulk,accepted,47,47,12,106,0,0
2751,0x1800,0,0,bulk,accepted,12,12,106,130,0,0
2752,0x1800,0,0,bulk,accepted,4,4,0,8,0,0
2753,0x1800,0,0,bulk,accepted,47,47,8,102,0,0
2754,0x1800,0,0,bulk,accepted,14,14,102,130,0,0
2755,0x1800,0,0,bulk,accepted,2,2,0,4,0,0
2756,0x1800,0,0,bulk,accepted,63,63,4,130,0,0
2757,0x1800,0,0,bulk,accepted,3,3,130,136,0,0
2758,0x1800,0,0,bulk,accepted,5,5,0,10,0,0
2759,0x1800,0,0,bulk,accepted,63,63,10,136,0,0
2760,0x1800,0,0,bulk,accepted,63,63,0,126,0,0
2761,0x1800,0,0,bulk,accepted,5,5,126,136,0,0
2762,0x1800,0,0,bulk,accepted,3,3,0,6,0,0
2763,0x1800,0,0,bulk,accepted,63,63,6,132,0,0
2764,0x1800,0,0,bulk,accepted,2,2,132,136,0,0
2765,0x1800,0,0,bulk,accepted,6,6,0,12,0,0
2766,0x1800,0,0,bulk,accepted,47,47,12,106,0,0
2767,0x1800,0,0,bulk,accepted,15,15,106,136,0,0
2768,0x1800,0,0,bulk,accepted,1,1,0,2,0,0
2769,0x1800,0,0,bulk,accepted,63,63,2,128,0,0
2770,0x1800,0,0,bulk,accepted,4,4,128,136,0,0
2771,0x1800,0,0,bulk,accepted,4,4,0,8,0,0
2772,0x1800,0,0,bulk,accepted,63,63,8,134,0,0
2773,0x1800,0,0,bulk,accepted,1,1,134,136,0,0
2774,0x1800,0,0,bulk,accepted,63,63,0,126,0,0
2775,0x1800,0,0,bulk,accepted,5,5,126,136,0,0
2776,0x1800,0,0,bulk,accepted,3,3,0,6,0,0
2777,0x1800,0,0,bulk,accepted,63,63,6,132,0,0
2778,0x1800,0,0,bulk,accepted,2,2,132,136,0,0
2779,0x1800,0,0,bulk,accepted,6,6,0,12,0,0
2780,0x1800,0,0,bulk,accepted,47,47,12,106,0,0
2781,0x1800,0,0,bulk,accepted,15,15,106,136,0,0
2782,0x1800,0,0,bulk,accepted,1,1,0,2,0,0
2783,0x1800,0,0,bulk,accepted,63,63,2,128,0,0
2784,0x1800,0,0,bulk,accepted,4,4,128,136,0,0
2785,0x1800,0,0,bulk,accepted,4,4,0,8,0,0
2786,0x1800,0,0,bulk,accepted,63,63,8,134,0,0
2787,0x1800,0,0,bulk,accepted,1,1,134,136,0,0
2788,0x1800,0,0,bulk,accepted,63,63,0,126,0,0
2789,0x1800,0,0,bulk,accepted,5,5,126,136,0,0
2790,0x1800,0,0,bulk,accepted,3,3,0,6,0,0
2791,0x1800,0,0,bulk,accepted,63,63,6,132,0,0
2792,0x1800,0,0,bulk,accepted,2,2,132,136,0,0
2793,0x1800,0,0,bulk,accepted,6,6,0,12,0,0
2794,0x1800,0,0,bulk,accepted,47,47,12,106,0,0
2795,0x1800,0,0,bulk,accepted,15,15,106,136,0,0
2796,0x1800,0,0,bulk,accepted,1,1,0,2,0,0
2797,0x1800,0,0,bulk,accepted,63,63,2,128,0,0
2798,0x1800,0,0,bulk,accepted,4,4,128,136,0,0
2799,0x1800,0,0,bulk,accepted,21,21,0,42,0,0
2800,0x1800,0,0,bulk,accepted,21,21,0,42,0,0
2801,0x1800,0,0,bulk,accepted,21,21,0,42,0,0
2802,0x1800,0,0,bulk,accepted,21,21,0,42,0,0
2803,0x1800,0,0,bulk,accepted,21,21,0,42,0,0
2804,0x1800,0,0,bulk,accepted,21,21,0,42,0,0
2805,0x1800,0,0,bulk,accepted,21,21,0,42,0,0
2806,0x1800,0,0,bulk,accepted,21,21,0,42,0,0
2807,0x1800,0,0,bulk,accepted,21,21,0,42,0,0
2808,0x1800,0,0,bulk,accepted,21,21,0,42,0,0
2809,0x1800,0,0,bulk,accepted,21,21,0,42,0,0
2810,0x1800,0,0,bulk,accepted,21,21,0,42,0,0
2811,0x1800,0,0,bulk,accepted,21,21,0,42,0,0
2812,0x1800,0,0,bulk,accepted,21,21,0,42,0,0
2813,0x1800,0,0,bulk,accepted,21,21,0,42,0,0
2814,0x1800,0,0,bulk,accepted,21,21,0,42,0,0
2815,0x1800,0,0,bulk,accepted,21,21,0,42,0,0
2816,0x1800,0,0,bulk,accepted,21,21,0,42,0,0
2817,0x1800,0,0,bulk,accepted,21,21,0,42,0,0
2818,0x1800,0,0,bulk,accepted,21,21,0,42,0,0
2819,0x1800,0,0,bulk,accepted,21,21,0,42,0,0
2820,0x1800,0,0,bulk,accepted,21,21,0,42,0,0
2821,0x1800,0,0,bulk,accepted,21,21,0,42,0,0
2822,0x1800,0,0,bulk,accepted,21,21,0,42,0,0
2823,0x1800,0,0,bulk,accepted,21,21,0,42,0,0
2824,0x1800,0,0,bulk,accepted,21,21,0,42,0,0
2825,0x1800,0,0,bulk,accepted,21,21,0,42,0,0
2826,0x1800,0,0,bulk,accepted,21,21,0,42,0,0
2827,0x1800,0,0,bulk,accepted,21,21,0,42,0,0
2828,0x1800,0,0,bulk,accepted,21,21,0,42,0,0
2829,0x1800,0,0,bulk,accepted,21,21,0,42,0,0
2830,0x1800,0,0,bulk,accepted,21,21,0,42,0,0
2831,0x1800,0,0,bulk,accepted,21,21,0,42,0,0
2832,0x1800,0,0,bulk,accepted,21,21,0,42,0,0
2833,0x1800,0,0,bulk,accepted,21,21,0,42,0,0
2834,0x1800,0,0,bulk,accepted,21,21,0,42,0,0
2835,0x1800,0,0,bulk,accepted,21,21,0,42,0,0
2836,0x1800,0,0,bulk,accepted,21,21,0,42,0,0
2837,0x1800,0,0,bulk,accepted,21,21,0,42,0,0
2838,0x1800,0,0,bulk,accepted,21,21,0,42,0,0
2839,0x1800,0,0,bulk,accepted,21,21,0,42,0,0
2840,0x1800,0,0,bulk,accepted,21,21,0,42,0,0
2841,0x1800,0,0,bulk,accepted,21,21,0,42,0,0
2842,0x1800,0,0,bulk,accepted,21,21,0,42,0,0
2843,0x1800,0,0,bulk,accepted,21,21,0,42,0,0
2844,0x1800,0,0,bulk,accepted,21,21,0,42,0,0
2845,0x1800,0,0,bulk,accepted,21,21,0,42,0,0
2846,0x1800,0,0,bulk,accepted,21,21,0,42,0,0
2847,0x1800,0,0,bulk,accepted,4,4,0,8,0,0
2848,0x1800,0,0,bulk,accepted,79,79,8,166,0,0
2849,0x1800,0,0,bulk,accepted,2,2,166,170,0,0
2850,0x1800,0,0,bulk,accepted,6,6,0,12,0,0
2851,0x1800,0,0,bulk,accepted,79,79,12,170,0,0
2852,0x1800,0,0,bulk,accepted,79,79,0,158,0,0
2853,0x1800,0,0,bulk,accepted,6,6,158,170,0,0
2854,0x1800,0,0,bulk,accepted,2,2,0,4,0,0
2855,0x1800,0,0,bulk,accepted,79,79,4,162,0,0
2856,0x1800,0,0,bulk,accepted,4,4,162,170,0,0
2857,0x1800,0,0,bulk,accepted,4,4,0,8,0,0
2858,0x1800,0,0,bulk,accepted,79,79,8,166,0,0
2859,0x1800,0,0,bulk,accepted,2,2,166,170,0,0
2860,0x1800,0,0,bulk,accepted,6,6,0,12,0,0
2861,0x1800,0,0,bulk,accepted,79,79,12,170,0,0
2862,0x1800,0,0,bulk,accepted,79,79,0,158,0,0
2863,0x1800,0,0,bulk,accepted,6,6,158,170,0,0
2864,0x1800,0,0,bulk,accepted,2,2,0,4,0,0
2865,0x1800,0,0,bulk,accepted,79,79,4,162,0,0
2866,0x1800,0,0,bulk,accepted,4,4,162,170,0,0
2867,0x1800,0,0,bulk,accepted,4,4,0,8,0,0
2868,0x1800,0,0,bulk,accepted,79,79,8,166,0,0
2869,0x1800,0,0,bulk,accepted,2,2,166,170,0,0
2870,0x1800,0,0,bulk,accepted,6,6,0,12,0,0
2871,0x1800,0,0,bulk,accepted,79,79,12,170,0,0
2872,0x1800,0,0,bulk,accepted,79,79,0,158,0,0
2873,0x1800,0,0,bulk,accepted,6,6,158,170,0,0
2874,0x1800,0,0,bulk,accepted,2,2,0,4,0,0
2875,0x1800,0,0,bulk,accepted,79,79,4,162,0,0
2876,0x1800,0,0,bulk,accepted,4,4,162,170,0,0
2877,0x1800,0,0,bulk,accepted,2,2,0,4,0,0
2878,0x1808,1,0,scalar_incrementing,accepted,1,1,4,5,0,0
2879,0x1800,0,0,bulk,accepted,2,2,0,4,0,0
2880,0x1808,1,0,scalar_incrementing,accepted,1,1,4,5,0,0
2881,0x1800,0,0,bulk,accepted,19,19,0,38,0,0
2882,0x1800,0,0,bulk,accepted,2,2,0,4,0,0
2883,0x1808,1,0,scalar_incrementing,accepted,1,1,4,5,0,0
2884,0x1800,0,0,bulk,accepted,2,2,0,4,0,0
2885,0x1808,1,0,scalar_incrementing,accepted,1,1,4,5,0,0
2886,0x1800,0,0,bulk,accepted,19,19,0,38,0,0
2887,0x1800,0,0,bulk,accepted,2,2,0,4,0,0
2888,0x1808,1,0,scalar_incrementing,accepted,1,1,4,5,0,0
2889,0x1800,0,0,bulk,accepted,2,2,0,4,0,0
2890,0x1808,1,0,scalar_incrementing,accepted,1,1,4,5,0,0
2891,0x1800,0,0,bulk,accepted,19,19,0,38,0,0
2892,0x1800,0,0,bulk,accepted,2,2,0,4,0,0
2893,0x1808,1,0,scalar_incrementing,accepted,1,1,4,5,0,0
2894,0x1800,0,0,bulk,accepted,2,2,0,4,0,0
2895,0x1808,1,0,scalar_incrementing,accepted,1,1,4,5,0,0
2896,0x1800,0,0,bulk,accepted,19,19,0,38,0,0
2897,0x1800,0,0,bulk,accepted,2,2,0,4,0,0
2898,0x1808,1,0,scalar_incrementing,accepted,1,1,4,5,0,0
2899,0x1800,0,0,bulk,accepted,2,2,0,4,0,0
2900,0x1808,1,0,scalar_incrementing,accepted,1,1,4,5,0,0
2901,0x1800,0,0,bulk,accepted,19,19,0,38,0,0
2902,0x1800,0,0,bulk,accepted,2,2,0,4,0,0
2903,0x1808,1,0,scalar_incrementing,accepted,1,1,4,5,0,0
2904,0x1800,0,0,bulk,accepted,2,2,0,4,0,0
2905,0x1808,1,0,scalar_incrementing,accepted,1,1,4,5,0,0
2906,0x1800,0,0,bulk,accepted,19,19,0,38,0,0
2907,0x1800,0,0,bulk,accepted,2,2,0,4,0,0
2908,0x1808,1,0,scalar_incrementing,accepted,1,1,4,5,0,0
2909,0x1800,0,0,bulk,accepted,2,2,0,4,0,0
2910,0x1808,1,0,scalar_incrementing,accepted,1,1,4,5,0,0
2911,0x1800,0,0,bulk,accepted,19,19,0,38,0,0
2912,0x1800,0,0,bulk,accepted,2,2,0,4,0,0
2913,0x1808,1,0,scalar_incrementing,accepted,1,1,4,5,0,0
2914,0x1800,0,0,bulk,accepted,2,2,0,4,0,0
2915,0x1808,1,0,scalar_incrementing,accepted,1,1,4,5,0,0
2916,0x1800,0,0,bulk,accepted,19,19,0,38,0,0
2917,0x1800,0,0,bulk,accepted,2,2,0,4,0,0
2918,0x1808,1,0,scalar_incrementing,accepted,1,1,4,5,0,0
2919,0x1800,0,0,bulk,accepted,2,2,0,4,0,0
2920,0x1808,1,0,scalar_incrementing,accepted,1,1,4,5,0,0
2921,0x1800,0,0,bulk,accepted,19,19,0,38,0,0
2922,0x1800,0,0,bulk,accepted,2,2,0,4,0,0
2923,0x1808,1,0,scalar_incrementing,accepted,1,1,4,5,0,0
2924,0x1800,0,0,bulk,accepted,2,2,0,4,0,0
2925,0x1808,1,0,scalar_incrementing,accepted,1,1,4,5,0,0
2926,0x1800,0,0,bulk,accepted,19,19,0,38,0,0
2927,0x1800,0,0,bulk,accepted,4,4,0,8,0,0
2928,0x1800,0,0,bulk,accepted,4,4,0,8,0,0
2929,0x1800,0,0,bulk,accepted,18,18,0,36,0,0
2930,0x1800,0,0,bulk,accepted,4,4,0,8,0,0
2931,0x1800,0,0,bulk,accepted,4,4,0,8,0,0
2932,0x1800,0,0,bulk,accepted,18,18,0,36,0,0
2933,0x1800,0,0,bulk,accepted,4,4,0,8,0,0
2934,0x1800,0,0,bulk,accepted,4,4,0,8,0,0
2935,0x1800,0,0,bulk,accepted,18,18,0,36,0,0
2936,0x1800,0,0,bulk,accepted,4,4,0,8,0,0
2937,0x1800,0,0,bulk,accepted,4,4,0,8,0,0
2938,0x1800,0,0,bulk,accepted,18,18,0,36,0,0
2939,0x1800,0,0,bulk,accepted,4,4,0,8,0,0
2940,0x1800,0,0,bulk,accepted,4,4,0,8,0,0
2941,0x1800,0,0,bulk,accepted,18,18,0,36,0,0
2942,0x1800,0,0,bulk,accepted,4,4,0,8,0,0
2943,0x1800,0,0,bulk,accepted,4,4,0,8,0,0
2944,0x1800,0,0,bulk,accepted,18,18,0,36,0,0
2945,0x1800,0,0,bulk,accepted,4,4,0,8,0,0
2946,0x1800,0,0,bulk,accepted,4,4,0,8,0,0
2947,0x1800,0,0,bulk,accepted,18,18,0,36,0,0
2948,0x1800,0,0,bulk,accepted,4,4,0,8,0,0
2949,0x1800,0,0,bulk,accepted,4,4,0,8,0,0
2950,0x1800,0,0,bulk,accepted,18,18,0,36,0,0
2951,0x1800,0,0,bulk,accepted,2,2,0,4,0,0
2952,0x1800,0,0,bulk,accepted,2,2,0,4,0,0
2953,0x1800,0,0,bulk,accepted,10,10,0,20,0,0
2954,0x1800,0,0,bulk,accepted,2,2,0,4,0,0
2955,0x1800,0,0,bulk,accepted,2,2,0,4,0,0
2956,0x1800,0,0,bulk,accepted,10,10,0,20,0,0
2957,0x1800,0,0,bulk,accepted,2,2,0,4,0,0
2958,0x1800,0,0,bulk,accepted,2,2,0,4,0,0
2959,0x1800,0,0,bulk,accepted,10,10,0,20,0,0
2960,0x1800,0,0,bulk,accepted,2,2,0,4,0,0
2961,0x1800,0,0,bulk,accepted,2,2,0,4,0,0
2962,0x1800,0,0,bulk,accepted,10,10,0,20,0,0
2963,0x1800,0,0,bulk,accepted,2,2,0,4,0,0
2964,0x1800,0,0,bulk,accepted,2,2,0,4,0,0
2965,0x1800,0,0,bulk,accepted,10,10,0,20,0,0
2966,0x1800,0,0,bulk,accepted,2,2,0,4,0,0
2967,0x1800,0,0,bulk,accepted,2,2,0,4,0,0
2968,0x1800,0,0,bulk,accepted,10,10,0,20,0,0
2969,0x1800,0,0,bulk,accepted,2,2,0,4,0,0
2970,0x1800,0,0,bulk,accepted,2,2,0,4,0,0
2971,0x1800,0,0,bulk,accepted,10,10,0,20,0,0
2972,0x1800,0,0,bulk,accepted,2,2,0,4,0,0
2973,0x1800,0,0,bulk,accepted,2,2,0,4,0,0
2974,0x1800,0,0,bulk,accepted,10,10,0,20,0,0
2975,0x1800,0,0,bulk,accepted,2,2,0,4,0,0
2976,0x1800,0,0,bulk,accepted,2,2,0,4,0,0
2977,0x1800,0,0,bulk,accepted,10,10,0,20,0,0
2978,0x1800,0,0,bulk,accepted,2,2,0,4,0,0
2979,0x1800,0,0,bulk,accepted,2,2,0,4,0,0
2980,0x1800,0,0,bulk,accepted,10,10,0,20,0,0
2981,0x1800,0,0,bulk,accepted,2,2,0,4,0,0
2982,0x1800,0,0,bulk,accepted,2,2,0,4,0,0
2983,0x1800,0,0,bulk,accepted,10,10,0,20,0,0
2984,0x1800,0,0,bulk,accepted,2,2,0,4,0,0
2985,0x1800,0,0,bulk,accepted,2,2,0,4,0,0
2986,0x1800,0,0,bulk,accepted,10,10,0,20,0,0
2987,0x1800,0,0,bulk,accepted,2,2,0,4,0,0
2988,0x1800,0,0,bulk,accepted,2,2,0,4,0,0
2989,0x1800,0,0,bulk,accepted,10,10,0,20,0,0
2990,0x1800,0,0,bulk,accepted,2,2,0,4,0,0
2991,0x1800,0,0,bulk,accepted,2,2,0,4,0,0
2992,0x1800,0,0,bulk,accepted,10,10,0,20,0,0
2993,0x1800,0,0,bulk,accepted,2,2,0,4,0,0
2994,0x1800,0,0,bulk,accepted,2,2,0,4,0,0
2995,0x1800,0,0,bulk,accepted,10,10,0,20,0,0
2996,0x1800,0,0,bulk,accepted,2,2,0,4,0,0
2997,0x1800,0,0,bulk,accepted,2,2,0,4,0,0
2998,0x1800,0,0,bulk,accepted,10,10,0,20,0,0
2999,0x1800,0,0,bulk,accepted,1,1,0,2,0,0
3000,0x1800,0,0,bulk,accepted,319,319,2,640,0,0
3001,0x1800,0,0,bulk,accepted,4,4,640,648,0,0
3002,0x1800,0,0,bulk,accepted,4,4,0,8,0,0
3003,0x1800,0,0,bulk,accepted,319,319,8,646,0,0
3004,0x1800,0,0,bulk,accepted,1,1,646,648,0,0
3005,0x1800,0,0,bulk,accepted,143,143,0,286,0,0
3006,0x1800,0,0,bulk,accepted,13,13,286,312,0,0
3007,0x1800,0,0,bulk,accepted,3,3,0,6,0,0
3008,0x1800,0,0,bulk,accepted,239,239,6,484,0,0
3009,0x1800,0,0,bulk,accepted,10,10,484,504,0,0
3010,0x1800,0,0,bulk,accepted,6,6,0,12,0,0
3011,0x1800,0,0,bulk,accepted,143,143,12,298,0,0
3012,0x1800,0,0,bulk,accepted,7,7,298,312,0,0
3013,0x1800,0,0,bulk,accepted,1,1,0,2,0,0
3014,0x1800,0,0,bulk,accepted,143,143,2,288,0,0
3015,0x1800,0,0,bulk,accepted,12,12,288,312,0,0
3016,0x1800,0,0,bulk,accepted,27,27,0,54,0,0
3017,0x1800,0,0,bulk,accepted,27,27,0,54,0,0
3018,0x1800,0,0,bulk,accepted,27,27,0,54,0,0
3019,0x1800,0,0,bulk,accepted,27,27,0,54,0,0
3020,0x1800,0,0,bulk,accepted,27,27,0,54,0,0
3021,0x1800,0,0,bulk,accepted,27,27,0,54,0,0
3022,0x1800,0,0,bulk,accepted,27,27,0,54,0,0
3023,0x1800,0,0,bulk,accepted,27,27,0,54,0,0
3024,0x1800,0,0,bulk,accepted,27,27,0,54,0,0
3025,0x1800,0,0,bulk,accepted,27,27,0,54,0,0
3026,0x1800,0,0,bulk,accepted,27,27,0,54,0,0
3027,0x1800,0,0,bulk,accepted,27,27,0,54,0,0
3028,0x1800,0,0,bulk,accepted,27,27,0,54,0,0
3029,0x1800,0,0,bulk,accepted,27,27,0,54,0,0
3030,0x1800,0,0,bulk,accepted,27,27,0,54,0,0
3031,0x1800,0,0,bulk,accepted,27,27,0,54,0,0
3032,0x1800,0,0,bulk,accepted,27,27,0,54,0,0
3033,0x1800,0,0,bulk,accepted,27,27,0,54,0,0
3034,0x1800,0,0,bulk,accepted,5,5,0,10,0,0
3035,0x1800,0,0,bulk,accepted,47,47,10,104,0,0
3036,0x1800,0,0,bulk,accepted,13,13,104,130,0,0
3037,0x1800,0,0,bulk,accepted,3,3,0,6,0,0
3038,0x1800,0,0,bulk,accepted,47,47,6,100,0,0
3039,0x1800,0,0,bulk,accepted,15,15,100,130,0,0
3040,0x1800,0,0,bulk,accepted,1,1,0,2,0,0
3041,0x1800,0,0,bulk,accepted,63,63,2,128,0,0
3042,0x1800,0,0,bulk,accepted,1,1,128,130,0,0
3043,0x1800,0,0,bulk,accepted,63,63,0,126,0,0
3044,0x1800,0,0,bulk,accepted,2,2,126,130,0,0
3045,0x1800,0,0,bulk,accepted,6,6,0,12,0,0
3046,0x1800,0,0,bulk,accepted,47,47,12,106,0,0
3047,0x1800,0,0,bulk,accepted,12,12,106,130,0,0
3048,0x1800,0,0,bulk,accepted,4,4,0,8,0,0
3049,0x1800,0,0,bulk,accepted,47,47,8,102,0,0
3050,0x1800,0,0,bulk,accepted,14,14,102,130,0,0
3051,0x1800,0,0,bulk,accepted,2,2,0,4,0,0
3052,0x1800,0,0,bulk,accepted,63,63,4,130,0,0
3053,0x1800,0,0,bulk,accepted,63,63,0,126,0,0
3054,0x1800,0,0,bulk,accepted,2,2,126,130,0,0
3055,0x1800,0,0,bulk,accepted,6,6,0,12,0,0
3056,0x1800,0,0,bulk,accepted,47,47,12,106,0,0
3057,0x1800,0,0,bulk,accepted,12,12,106,130,0,0
3058,0x1800,0,0,bulk,accepted,4,4,0,8,0,0
3059,0x1800,0,0,bulk,accepted,47,47,8,102,0,0
3060,0x1800,0,0,bulk,accepted,14,14,102,130,0,0
3061,0x1800,0,0,bulk,accepted,4,4,0,8,0,0
3062,0x1800,0,0,bulk,accepted,4,4,0,8,0,0
3063,0x1800,0,0,bulk,accepted,18,18,0,36,0,0
3064,0x1800,0,0,bulk,accepted,4,4,0,8,0,0
3065,0x1800,0,0,bulk,accepted,4,4,0,8,0,0
3066,0x1800,0,0,bulk,accepted,18,18,0,36,0,0
3067,0x1800,0,0,bulk,accepted,4,4,0,8,0,0
3068,0x1800,0,0,bulk,accepted,4,4,0,8,0,0
3069,0x1800,0,0,bulk,accepted,1,1,0,2,0,0
3070,0x1800,0,0,bulk,accepted,47,47,2,96,0,0
3071,0x1800,0,0,bulk,accepted,10,10,96,116,0,0
3072,0x1800,0,0,bulk,accepted,4,4,0,8,0,0
3073,0x1800,0,0,bulk,accepted,4,4,0,8,0,0
3074,0x1800,0,0,bulk,accepted,18,18,0,36,0,0
3075,0x1800,0,0,bulk,accepted,4,4,0,8,0,0
3076,0x1800,0,0,bulk,accepted,4,4,0,8,0,0
3077,0x1800,0,0,bulk,accepted,1,1,0,2,0,0
3078,0x1800,0,0,bulk,accepted,47,47,2,96,0,0
3079,0x1800,0,0,bulk,accepted,10,10,96,116,0,0
3080,0x1800,0,0,bulk,accepted,4,4,0,8,0,0
3081,0x1800,0,0,bulk,accepted,4,4,0,8,0,0
3082,0x1800,0,0,bulk,accepted,4,4,0,8,0,0
3083,0x1800,0,0,bulk,accepted,47,47,8,102,0,0
3084,0x1800,0,0,bulk,accepted,7,7,102,116,0,0
3085,0x1800,0,0,bulk,accepted,4,4,0,8,0,0
3086,0x1800,0,0,bulk,accepted,4,4,0,8,0,0
3087,0x1800,0,0,bulk,accepted,18,18,0,36,0,0
3088,0x1800,0,0,bulk,accepted,4,4,0,8,0,0
3089,0x1800,0,0,bulk,accepted,4,4,0,8,0,0
3090,0x1800,0,0,bulk,accepted,18,18,0,36,0,0
3091,0x1800,0,0,bulk,accepted,2,2,0,4,0,0
3092,0x1808,1,0,scalar_incrementing,accepted,1,1,4,5,0,0
3093,0x1800,0,0,bulk,accepted,2,2,0,4,0,0
3094,0x1808,1,0,scalar_incrementing,accepted,1,1,4,5,0,0
3095,0x1800,0,0,bulk,accepted,1,1,0,2,0,0
3096,0x1800,0,0,bulk,accepted,31,31,2,64,0,0
3097,0x1800,0,0,bulk,accepted,8,8,64,80,0,0
3098,0x1800,0,0,bulk,accepted,2,2,0,4,0,0
3099,0x1808,1,0,scalar_incrementing,accepted,1,1,4,5,0,0
3100,0x1800,0,0,bulk,accepted,2,2,0,4,0,0
3101,0x1808,1,0,scalar_incrementing,accepted,1,1,4,5,0,0
3102,0x1800,0,0,bulk,accepted,6,6,0,12,0,0
3103,0x1800,0,0,bulk,accepted,31,31,12,74,0,0
3104,0x1800,0,0,bulk,accepted,3,3,74,80,0,0
3105,0x1800,0,0,bulk,accepted,4,4,0,8,0,0
3106,0x1800,0,0,bulk,accepted,4,4,0,8,0,0
3107,0x1800,0,0,bulk,accepted,3,3,0,6,0,0
3108,0x1800,0,0,bulk,accepted,47,47,6,100,0,0
3109,0x1800,0,0,bulk,accepted,8,8,100,116,0,0
3110,0x1800,0,0,bulk,accepted,2,2,0,4,0,0
3111,0x1808,1,0,scalar_incrementing,accepted,1,1,4,5,0,0
3112,0x1800,0,0,bulk,accepted,2,2,0,4,0,0
3113,0x1808,1,0,scalar_incrementing,accepted,1,1,4,5,0,0
3114,0x1800,0,0,bulk,accepted,6,6,0,12,0,0
3115,0x1800,0,0,bulk,accepted,31,31,12,74,0,0
3116,0x1800,0,0,bulk,accepted,3,3,74,80,0,0
3117,0x1800,0,0,bulk,accepted,2,2,0,4,0,0
3118,0x1808,1,0,scalar_incrementing,accepted,1,1,4,5,0,0
3119,0x1800,0,0,bulk,accepted,2,2,0,4,0,0
3120,0x1808,1,0,scalar_incrementing,accepted,1,1,4,5,0,0
3121,0x1800,0,0,bulk,accepted,3,3,0,6,0,0
3122,0x1800,0,0,bulk,accepted,31,31,6,68,0,0
3123,0x1800,0,0,bulk,accepted,6,6,68,80,0,0
3124,0x1800,0,0,bulk,accepted,2,2,0,4,0,0
3125,0x1808,1,0,scalar_incrementing,accepted,1,1,4,5,0,0
3126,0x1800,0,0,bulk,accepted,2,2,0,4,0,0
3127,0x1808,1,0,scalar_incrementing,accepted,1,1,4,5,0,0
3128,0x1800,0,0,bulk,accepted,31,31,0,62,0,0
3129,0x1800,0,0,bulk,accepted,9,9,62,80,0,0
3130,0x1800,0,0,bulk,accepted,4,4,0,8,0,0
3131,0x1800,0,0,bulk,accepted,4,4,0,8,0,0
3132,0x1800,0,0,bulk,accepted,18,18,0,36,0,0
3133,0x1800,0,0,bulk,accepted,4,4,0,8,0,0
3134,0x1800,0,0,bulk,accepted,4,4,0,8,0,0
3135,0x1800,0,0,bulk,accepted,2,2,0,4,0,0
3136,0x1800,0,0,bulk,accepted,47,47,4,98,0,0
3137,0x1800,0,0,bulk,accepted,9,9,98,116,0,0
3138,0x1800,0,0,bulk,accepted,4,4,0,8,0,0
3139,0x1800,0,0,bulk,accepted,4,4,0,8,0,0
3140,0x1800,0,0,bulk,accepted,5,5,0,10,0,0
3141,0x1800,0,0,bulk,accepted,47,47,10,104,0,0
3142,0x1800,0,0,bulk,accepted,6,6,104,116,0,0
3143,0x1800,0,0,bulk,accepted,4,4,0,8,0,0
3144,0x1800,0,0,bulk,accepted,4,4,0,8,0,0
3145,0x1800,0,0,bulk,accepted,18,18,0,36,0,0
3146,0x1800,0,0,bulk,accepted,4,4,0,8,0,0
3147,0x1800,0,0,bulk,accepted,4,4,0,8,0,0
3148,0x1800,0,0,bulk,accepted,18,18,0,36,0,0
3149,0x1800,0,0,bulk,accepted,4,4,0,8,0,0
3150,0x1800,0,0,bulk,accepted,4,4,0,8,0,0
3151,0x1800,0,0,bulk,accepted,18,18,0,36,0,0
3152,0x1800,0,0,bulk,accepted,4,4,0,8,0,0
3153,0x1800,0,0,bulk,accepted,4,4,0,8,0,0
3154,0x1800,0,0,bulk,accepted,18,18,0,36,0,0
3155,0x1800,0,0,bulk,accepted,3,3,0,6,0,0
3156,0x1800,0,0,bulk,accepted,3,3,0,6,0,0
3157,0x1800,0,0,bulk,accepted,14,14,0,28,0,0
3158,0x1800,0,0,bulk,accepted,3,3,0,6,0,0
3159,0x1800,0,0,bulk,accepted,3,3,0,6,0,0
3160,0x1800,0,0,bulk,accepted,14,14,0,28,0,0
3161,0x1800,0,0,bulk,accepted,1,1,0,2,0,0
3162,0x1808,1,0,scalar_incrementing,accepted,1,1,2,3,0,0
3163,0x1800,0,0,bulk,accepted,1,1,0,2,0,0
3164,0x1808,1,0,scalar_incrementing,accepted,1,1,2,3,0,0
3165,0x1800,0,0,bulk,accepted,8,8,0,16,0,0
3166,0x1800,0,0,bulk,accepted,1,1,0,2,0,0
3167,0x1808,1,0,scalar_incrementing,accepted,1,1,2,3,0,0
3168,0x1800,0,0,bulk,accepted,1,1,0,2,0,0
3169,0x1808,1,0,scalar_incrementing,accepted,1,1,2,3,0,0
3170,0x1800,0,0,bulk,accepted,8,8,0,16,0,0
3171,0x1800,0,0,bulk,accepted,1,1,0,2,0,0
3172,0x1808,1,0,scalar_incrementing,accepted,1,1,2,3,0,0
3173,0x1800,0,0,bulk,accepted,1,1,0,2,0,0
3174,0x1808,1,0,scalar_incrementing,accepted,1,1,2,3,0,0
3175,0x1800,0,0,bulk,accepted,8,8,0,16,0,0
3176,0x1800,0,0,bulk,accepted,1,1,0,2,0,0
3177,0x1808,1,0,scalar_incrementing,accepted,1,1,2,3,0,0
3178,0x1800,0,0,bulk,accepted,1,1,0,2,0,0
3179,0x1808,1,0,scalar_incrementing,accepted,1,1,2,3,0,0
3180,0x1800,0,0,bulk,accepted,8,8,0,16,0,0
3181,0x1800,0,0,bulk,accepted,1,1,0,2,0,0
3182,0x1808,1,0,scalar_incrementing,accepted,1,1,2,3,0,0
3183,0x1800,0,0,bulk,accepted,1,1,0,2,0,0
3184,0x1808,1,0,scalar_incrementing,accepted,1,1,2,3,0,0
3185,0x1800,0,0,bulk,accepted,8,8,0,16,0,0
3186,0x1800,0,0,bulk,accepted,1,1,0,2,0,0
3187,0x1808,1,0,scalar_incrementing,accepted,1,1,2,3,0,0
3188,0x1800,0,0,bulk,accepted,1,1,0,2,0,0
3189,0x1808,1,0,scalar_incrementing,accepted,1,1,2,3,0,0
3190,0x1800,0,0,bulk,accepted,8,8,0,16,0,0
3191,0x1800,0,0,bulk,accepted,1,1,0,2,0,0
3192,0x1808,1,0,scalar_incrementing,accepted,1,1,2,3,0,0
3193,0x1800,0,0,bulk,accepted,1,1,0,2,0,0
3194,0x1808,1,0,scalar_incrementing,accepted,1,1,2,3,0,0
3195,0x1800,0,0,bulk,accepted,8,8,0,16,0,0
3196,0x1800,0,0,bulk,accepted,1,1,0,2,0,0
3197,0x1808,1,0,scalar_incrementing,accepted,1,1,2,3,0,0
3198,0x1800,0,0,bulk,accepted,1,1,0,2,0,0
3199,0x1808,1,0,scalar_incrementing,accepted,1,1,2,3,0,0
3200,0x1800,0,0,bulk,accepted,8,8,0,16,0,0
3201,0x1800,0,0,bulk,accepted,5,5,0,10,0,0
3202,0x1800,0,0,bulk,accepted,5,5,0,10,0,0
3203,0x1800,0,0,bulk,accepted,22,22,0,44,0,0
3204,0x1800,0,0,bulk,accepted,5,5,0,10,0,0
3205,0x1800,0,0,bulk,accepted,5,5,0,10,0,0
3206,0x1800,0,0,bulk,accepted,22,22,0,44,0,0
3207,0x1800,0,0,bulk,accepted,5,5,0,10,0,0
3208,0x1800,0,0,bulk,accepted,5,5,0,10,0,0
3209,0x1800,0,0,bulk,accepted,22,22,0,44,0,0
3210,0x1800,0,0,bulk,accepted,5,5,0,10,0,0
3211,0x1800,0,0,bulk,accepted,5,5,0,10,0,0
3212,0x1800,0,0,bulk,accepted,22,22,0,44,0,0
3213,0x1800,0,0,bulk,accepted,5,5,0,10,0,0
3214,0x1800,0,0,bulk,accepted,5,5,0,10,0,0
3215,0x1800,0,0,bulk,accepted,22,22,0,44,0,0
3216,0x1800,0,0,bulk,accepted,5,5,0,10,0,0
3217,0x1800,0,0,bulk,accepted,5,5,0,10,0,0
3218,0x1800,0,0,bulk,accepted,22,22,0,44,0,0
3219,0x1800,0,0,bulk,accepted,5,5,0,10,0,0
3220,0x1800,0,0,bulk,accepted,5,5,0,10,0,0
3221,0x1800,0,0,bulk,accepted,22,22,0,44,0,0
3222,0x1800,0,0,bulk,accepted,5,5,0,10,0,0
3223,0x1800,0,0,bulk,accepted,5,5,0,10,0,0
3224,0x1800,0,0,bulk,accepted,22,22,0,44,0,0
3225,0x1800,0,0,bulk,accepted,1,1,0,2,0,0
3226,0x1808,1,0,scalar_incrementing,accepted,1,1,2,3,0,0
3227,0x1800,0,0,bulk,accepted,1,1,0,2,0,0
3228,0x1808,1,0,scalar_incrementing,accepted,1,1,2,3,0,0
3229,0x1800,0,0,bulk,accepted,8,8,0,16,0,0
3230,0x1800,0,0,bulk,accepted,1,1,0,2,0,0
3231,0x1808,1,0,scalar_incrementing,accepted,1,1,2,3,0,0
3232,0x1800,0,0,bulk,accepted,1,1,0,2,0,0
3233,0x1808,1,0,scalar_incrementing,accepted,1,1,2,3,0,0
3234,0x1800,0,0,bulk,accepted,8,8,0,16,0,0
3235,0x1800,0,0,bulk,accepted,1,1,0,2,0,0
3236,0x1808,1,0,scalar_incrementing,accepted,1,1,2,3,0,0
3237,0x1800,0,0,bulk,accepted,1,1,0,2,0,0
3238,0x1808,1,0,scalar_incrementing,accepted,1,1,2,3,0,0
3239,0x1800,0,0,bulk,accepted,8,8,0,16,0,0
3240,0x1800,0,0,bulk,accepted,1,1,0,2,0,0
3241,0x1808,1,0,scalar_incrementing,accepted,1,1,2,3,0,0
3242,0x1800,0,0,bulk,accepted,1,1,0,2,0,0
3243,0x1808,1,0,scalar_incrementing,accepted,1,1,2,3,0,0
3244,0x1800,0,0,bulk,accepted,8,8,0,16,0,0
3245,0x1800,0,0,bulk,accepted,1,1,0,2,0,0
3246,0x1808,1,0,scalar_incrementing,accepted,1,1,2,3,0,0
3247,0x1800,0,0,bulk,accepted,1,1,0,2,0,0
3248,0x1808,1,0,scalar_incrementing,accepted,1,1,2,3,0,0
3249,0x1800,0,0,bulk,accepted,8,8,0,16,0,0
3250,0x1800,0,0,bulk,accepted,1,1,0,2,0,0
3251,0x1808,1,0,scalar_incrementing,accepted,1,1,2,3,0,0
3252,0x1800,0,0,bulk,accepted,1,1,0,2,0,0
3253,0x1808,1,0,scalar_incrementing,accepted,1,1,2,3,0,0
3254,0x1800,0,0,bulk,accepted,8,8,0,16,0,0
3255,0x1800,0,0,bulk,accepted,1,1,0,2,0,0
3256,0x1808,1,0,scalar_incrementing,accepted,1,1,2,3,0,0
3257,0x1800,0,0,bulk,accepted,1,1,0,2,0,0
3258,0x1808,1,0,scalar_incrementing,accepted,1,1,2,3,0,0
3259,0x1800,0,0,bulk,accepted,8,8,0,16,0,0
3260,0x1800,0,0,bulk,accepted,1,1,0,2,0,0
3261,0x1808,1,0,scalar_incrementing,accepted,1,1,2,3,0,0
3262,0x1800,0,0,bulk,accepted,1,1,0,2,0,0
3263,0x1808,1,0,scalar_incrementing,accepted,1,1,2,3,0,0
3264,0x1800,0,0,bulk,accepted,8,8,0,16,0,0
3265,0x1800,0,0,bulk,accepted,18,18,0,36,0,0
3266,0x1800,0,0,bulk,accepted,18,18,0,36,0,0
3267,0x1800,0,0,bulk,accepted,18,18,0,36,0,0
3268,0x1800,0,0,bulk,accepted,18,18,0,36,0,0
3269,0x1800,0,0,bulk,accepted,18,18,0,36,0,0
3270,0x1800,0,0,bulk,accepted,18,18,0,36,0,0
3271,0x1800,0,0,bulk,accepted,18,18,0,36,0,0
3272,0x1800,0,0,bulk,accepted,18,18,0,36,0,0
3273,0x1800,0,0,bulk,accepted,18,18,0,36,0,0
3274,0x1800,0,0,bulk,accepted,18,18,0,36,0,0
3275,0x1800,0,0,bulk,accepted,18,18,0,36,0,0
3276,0x1800,0,0,bulk,accepted,18,18,0,36,0,0
3277,0x1800,0,0,bulk,accepted,18,18,0,36,0,0
3278,0x1800,0,0,bulk,accepted,18,18,0,36,0,0
3279,0x1800,0,0,bulk,accepted,18,18,0,36,0,0
3280,0x1800,0,0,bulk,accepted,18,18,0,36,0,0
3281,0x1800,0,0,bulk,accepted,18,18,0,36,0,0
3282,0x1800,0,0,bulk,accepted,18,18,0,36,0,0
3283,0x1800,0,0,bulk,accepted,18,18,0,36,0,0
3284,0x1800,0,0,bulk,accepted,18,18,0,36,0,0
3285,0x1800,0,0,bulk,accepted,18,18,0,36,0,0
3286,0x1800,0,0,bulk,accepted,18,18,0,36,0,0
3287,0x1800,0,0,bulk,accepted,18,18,0,36,0,0
3288,0x1800,0,0,bulk,accepted,18,18,0,36,0,0
3289,0x1800,0,0,bulk,accepted,18,18,0,36,0,0
3290,0x1800,0,0,bulk,accepted,18,18,0,36,0,0
3291,0x1800,0,0,bulk,accepted,18,18,0,36,0,0
3292,0x1800,0,0,bulk,accepted,18,18,0,36,0,0
3293,0x1800,0,0,bulk,accepted,18,18,0,36,0,0
3294,0x1800,0,0,bulk,accepted,18,18,0,36,0,0
3295,0x1800,0,0,bulk,accepted,18,18,0,36,0,0
3296,0x1800,0,0,bulk,accepted,18,18,0,36,0,0
3297,0x1800,0,0,bulk,accepted,18,18,0,36,0,0
3298,0x1800,0,0,bulk,accepted,18,18,0,36,0,0
3299,0x1800,0,0,bulk,accepted,18,18,0,36,0,0
3300,0x1800,0,0,bulk,accepted,18,18,0,36,0,0
3301,0x1800,0,0,bulk,accepted,18,18,0,36,0,0
3302,0x1800,0,0,bulk,accepted,18,18,0,36,0,0
3303,0x1800,0,0,bulk,accepted,18,18,0,36,0,0
3304,0x1800,0,0,bulk,accepted,18,18,0,36,0,0
3305,0x1800,0,0,bulk,accepted,18,18,0,36,0,0
3306,0x1800,0,0,bulk,accepted,18,18,0,36,0,0
3307,0x1800,0,0,bulk,accepted,18,18,0,36,0,0
3308,0x1800,0,0,bulk,accepted,18,18,0,36,0,0
3309,0x1800,0,0,bulk,accepted,18,18,0,36,0,0
3310,0x1800,0,0,bulk,accepted,18,18,0,36,0,0
3311,0x1800,0,0,bulk,accepted,18,18,0,36,0,0
3312,0x1800,0,0,bulk,accepted,18,18,0,36,0,0
3313,0x1800,0,0,bulk,accepted,18,18,0,36,0,0
3314,0x1800,0,0,bulk,accepted,18,18,0,36,0,0
3315,0x1800,0,0,bulk,accepted,18,18,0,36,0,0
3316,0x1800,0,0,bulk,accepted,18,18,0,36,0,0
3317,0x1800,0,0,bulk,accepted,18,18,0,36,0,0
3318,0x1800,0,0,bulk,accepted,18,18,0,36,0,0
3319,0x1800,0,0,bulk,accepted,18,18,0,36,0,0
3320,0x1800,0,0,bulk,accepted,18,18,0,36,0,0
3321,0x1800,0,0,bulk,accepted,18,18,0,36,0,0
3322,0x1800,0,0,bulk,accepted,18,18,0,36,0,0
3323,0x1800,0,0,bulk,accepted,18,18,0,36,0,0
3324,0x1800,0,0,bulk,accepted,18,18,0,36,0,0
3325,0x1800,0,0,bulk,accepted,18,18,0,36,0,0
3326,0x1800,0,0,bulk,accepted,18,18,0,36,0,0
3327,0x1800,0,0,bulk,accepted,18,18,0,36,0,0
3328,0x1800,0,0,bulk,accepted,18,18,0,36,0,0
3329,0x1800,0,0,bulk,accepted,18,18,0,36,0,0
3330,0x1800,0,0,bulk,accepted,18,18,0,36,0,0
3331,0x1800,0,0,bulk,accepted,18,18,0,36,0,0
3332,0x1800,0,0,bulk,accepted,18,18,0,36,0,0
3333,0x1800,0,0,bulk,accepted,18,18,0,36,0,0
3334,0x1800,0,0,bulk,accepted,18,18,0,36,0,0
3335,0x1800,0,0,bulk,accepted,18,18,0,36,0,0
3336,0x1800,0,0,bulk,accepted,18,18,0,36,0,0
3337,0x1800,0,0,bulk,accepted,2,2,0,4,0,0
3338,0x1800,0,0,bulk,accepted,95,95,4,194,0,0
3339,0x1800,0,0,bulk,accepted,5,5,194,204,0,0
3340,0x1800,0,0,bulk,accepted,5,5,0,10,0,0
3341,0x1800,0,0,bulk,accepted,95,95,10,200,0,0
3342,0x1800,0,0,bulk,accepted,2,2,200,204,0,0
3343,0x1800,0,0,bulk,accepted,6,6,0,12,0,0
3344,0x1800,0,0,bulk,accepted,79,79,12,170,0,0
3345,0x1800,0,0,bulk,accepted,79,79,0,158,0,0
3346,0x1800,0,0,bulk,accepted,6,6,158,170,0,0
3347,0x1800,0,0,bulk,accepted,2,2,0,4,0,0
3348,0x1800,0,0,bulk,accepted,79,79,4,162,0,0
3349,0x1800,0,0,bulk,accepted,4,4,162,170,0,0
3350,0x1800,0,0,bulk,accepted,4,4,0,8,0,0
3351,0x1800,0,0,bulk,accepted,79,79,8,166,0,0
3352,0x1800,0,0,bulk,accepted,2,2,166,170,0,0
3353,0x1800,0,0,bulk,accepted,6,6,0,12,0,0
3354,0x1800,0,0,bulk,accepted,47,47,12,106,0,0
3355,0x1800,0,0,bulk,accepted,12,12,106,130,0,0
3356,0x1800,0,0,bulk,accepted,4,4,0,8,0,0
3357,0x1800,0,0,bulk,accepted,47,47,8,102,0,0
3358,0x1800,0,0,bulk,accepted,14,14,102,130,0,0
3359,0x1800,0,0,bulk,accepted,2,2,0,4,0,0
3360,0x1800,0,0,bulk,accepted,63,63,4,130,0,0
3361,0x1800,0,0,bulk,accepted,3,3,130,136,0,0
3362,0x1800,0,0,bulk,accepted,5,5,0,10,0,0
3363,0x1800,0,0,bulk,accepted,63,63,10,136,0,0
3364,0x1800,0,0,bulk,accepted,63,63,0,126,0,0
3365,0x1800,0,0,bulk,accepted,5,5,126,136,0,0
3366,0x1800,0,0,bulk,accepted,3,3,0,6,0,0
3367,0x1800,0,0,bulk,accepted,63,63,6,132,0,0
3368,0x1800,0,0,bulk,accepted,2,2,132,136,0,0
3369,0x1800,0,0,bulk,accepted,6,6,0,12,0,0
3370,0x1800,0,0,bulk,accepted,47,47,12,106,0,0
3371,0x1800,0,0,bulk,accepted,15,15,106,136,0,0
3372,0x1800,0,0,bulk,accepted,1,1,0,2,0,0
3373,0x1800,0,0,bulk,accepted,63,63,2,128,0,0
3374,0x1800,0,0,bulk,accepted,4,4,128,136,0,0
3375,0x1800,0,0,bulk,accepted,4,4,0,8,0,0
3376,0x1800,0,0,bulk,accepted,63,63,8,134,0,0
3377,0x1800,0,0,bulk,accepted,1,1,134,136,0,0
3378,0x1800,0,0,bulk,accepted,63,63,0,126,0,0
3379,0x1800,0,0,bulk,accepted,5,5,126,136,0,0
3380,0x1800,0,0,bulk,accepted,3,3,0,6,0,0
3381,0x1800,0,0,bulk,accepted,63,63,6,132,0,0
3382,0x1800,0,0,bulk,accepted,2,2,132,136,0,0
3383,0x1800,0,0,bulk,accepted,6,6,0,12,0,0
3384,0x1800,0,0,bulk,accepted,47,47,12,106,0,0
3385,0x1800,0,0,bulk,accepted,15,15,106,136,0,0
3386,0x1800,0,0,bulk,accepted,1,1,0,2,0,0
3387,0x1800,0,0,bulk,accepted,63,63,2,128,0,0
3388,0x1800,0,0,bulk,accepted,4,4,128,136,0,0
3389,0x1800,0,0,bulk,accepted,4,4,0,8,0,0
3390,0x1800,0,0,bulk,accepted,63,63,8,134,0,0
3391,0x1800,0,0,bulk,accepted,1,1,134,136,0,0
3392,0x1800,0,0,bulk,accepted,63,63,0,126,0,0
3393,0x1800,0,0,bulk,accepted,5,5,126,136,0,0
3394,0x1800,0,0,bulk,accepted,3,3,0,6,0,0
3395,0x1800,0,0,bulk,accepted,63,63,6,132,0,0
3396,0x1800,0,0,bulk,accepted,2,2,132,136,0,0
3397,0x1800,0,0,bulk,accepted,6,6,0,12,0,0
3398,0x1800,0,0,bulk,accepted,47,47,12,106,0,0
3399,0x1800,0,0,bulk,accepted,15,15,106,136,0,0
3400,0x1800,0,0,bulk,accepted,1,1,0,2,0,0
3401,0x1800,0,0,bulk,accepted,63,63,2,128,0,0
3402,0x1800,0,0,bulk,accepted,4,4,128,136,0,0
3403,0x1800,0,0,bulk,accepted,21,21,0,42,0,0
3404,0x1800,0,0,bulk,accepted,21,21,0,42,0,0
3405,0x1800,0,0,bulk,accepted,21,21,0,42,0,0
3406,0x1800,0,0,bulk,accepted,21,21,0,42,0,0
3407,0x1800,0,0,bulk,accepted,21,21,0,42,0,0
3408,0x1800,0,0,bulk,accepted,21,21,0,42,0,0
3409,0x1800,0,0,bulk,accepted,21,21,0,42,0,0
3410,0x1800,0,0,bulk,accepted,21,21,0,42,0,0
3411,0x1800,0,0,bulk,accepted,21,21,0,42,0,0
3412,0x1800,0,0,bulk,accepted,21,21,0,42,0,0
3413,0x1800,0,0,bulk,accepted,21,21,0,42,0,0
3414,0x1800,0,0,bulk,accepted,21,21,0,42,0,0
3415,0x1800,0,0,bulk,accepted,21,21,0,42,0,0
3416,0x1800,0,0,bulk,accepted,21,21,0,42,0,0
3417,0x1800,0,0,bulk,accepted,21,21,0,42,0,0
3418,0x1800,0,0,bulk,accepted,21,21,0,42,0,0
3419,0x1800,0,0,bulk,accepted,21,21,0,42,0,0
3420,0x1800,0,0,bulk,accepted,21,21,0,42,0,0
3421,0x1800,0,0,bulk,accepted,21,21,0,42,0,0
3422,0x1800,0,0,bulk,accepted,21,21,0,42,0,0
3423,0x1800,0,0,bulk,accepted,21,21,0,42,0,0
3424,0x1800,0,0,bulk,accepted,21,21,0,42,0,0
3425,0x1800,0,0,bulk,accepted,21,21,0,42,0,0
3426,0x1800,0,0,bulk,accepted,21,21,0,42,0,0
3427,0x1800,0,0,bulk,accepted,21,21,0,42,0,0
3428,0x1800,0,0,bulk,accepted,21,21,0,42,0,0
3429,0x1800,0,0,bulk,accepted,21,21,0,42,0,0
3430,0x1800,0,0,bulk,accepted,21,21,0,42,0,0
3431,0x1800,0,0,bulk,accepted,21,21,0,42,0,0
3432,0x1800,0,0,bulk,accepted,21,21,0,42,0,0
3433,0x1800,0,0,bulk,accepted,21,21,0,42,0,0
3434,0x1800,0,0,bulk,accepted,21,21,0,42,0,0
3435,0x1800,0,0,bulk,accepted,21,21,0,42,0,0
3436,0x1800,0,0,bulk,accepted,21,21,0,42,0,0
3437,0x1800,0,0,bulk,accepted,21,21,0,42,0,0
3438,0x1800,0,0,bulk,accepted,21,21,0,42,0,0
3439,0x1800,0,0,bulk,accepted,21,21,0,42,0,0
3440,0x1800,0,0,bulk,accepted,21,21,0,42,0,0
3441,0x1800,0,0,bulk,accepted,21,21,0,42,0,0
3442,0x1800,0,0,bulk,accepted,21,21,0,42,0,0
3443,0x1800,0,0,bulk,accepted,21,21,0,42,0,0
3444,0x1800,0,0,bulk,accepted,21,21,0,42,0,0
3445,0x1800,0,0,bulk,accepted,21,21,0,42,0,0
3446,0x1800,0,0,bulk,accepted,21,21,0,42,0,0
3447,0x1800,0,0,bulk,accepted,21,21,0,42,0,0
3448,0x1800,0,0,bulk,accepted,21,21,0,42,0,0
3449,0x1800,0,0,bulk,accepted,21,21,0,42,0,0
3450,0x1800,0,0,bulk,accepted,21,21,0,42,0,0
3451,0x1800,0,0,bulk,accepted,4,4,0,8,0,0
3452,0x1800,0,0,bulk,accepted,79,79,8,166,0,0
3453,0x1800,0,0,bulk,accepted,2,2,166,170,0,0
3454,0x1800,0,0,bulk,accepted,6,6,0,12,0,0
3455,0x1800,0,0,bulk,accepted,79,79,12,170,0,0
3456,0x1800,0,0,bulk,accepted,79,79,0,158,0,0
3457,0x1800,0,0,bulk,accepted,6,6,158,170,0,0
3458,0x1800,0,0,bulk,accepted,2,2,0,4,0,0
3459,0x1800,0,0,bulk,accepted,79,79,4,162,0,0
3460,0x1800,0,0,bulk,accepted,4,4,162,170,0,0
3461,0x1800,0,0,bulk,accepted,4,4,0,8,0,0
3462,0x1800,0,0,bulk,accepted,79,79,8,166,0,0
3463,0x1800,0,0,bulk,accepted,2,2,166,170,0,0
3464,0x1800,0,0,bulk,accepted,6,6,0,12,0,0
3465,0x1800,0,0,bulk,accepted,79,79,12,170,0,0
3466,0x1800,0,0,bulk,accepted,79,79,0,158,0,0
3467,0x1800,0,0,bulk,accepted,6,6,158,170,0,0
3468,0x1800,0,0,bulk,accepted,2,2,0,4,0,0
3469,0x1800,0,0,bulk,accepted,79,79,4,162,0,0
3470,0x1800,0,0,bulk,accepted,4,4,162,170,0,0
3471,0x1800,0,0,bulk,accepted,4,4,0,8,0,0
3472,0x1800,0,0,bulk,accepted,79,79,8,166,0,0
3473,0x1800,0,0,bulk,accepted,2,2,166,170,0,0
3474,0x1800,0,0,bulk,accepted,6,6,0,12,0,0
3475,0x1800,0,0,bulk,accepted,79,79,12,170,0,0
3476,0x1800,0,0,bulk,accepted,79,79,0,158,0,0
3477,0x1800,0,0,bulk,accepted,6,6,158,170,0,0
3478,0x1800,0,0,bulk,accepted,2,2,0,4,0,0
3479,0x1800,0,0,bulk,accepted,79,79,4,162,0,0
3480,0x1800,0,0,bulk,accepted,4,4,162,170,0,0
3481,0x1800,0,0,bulk,accepted,2,2,0,4,0,0
3482,0x1808,1,0,scalar_incrementing,accepted,1,1,4,5,0,0
3483,0x1800,0,0,bulk,accepted,2,2,0,4,0,0
3484,0x1808,1,0,scalar_incrementing,accepted,1,1,4,5,0,0
3485,0x1800,0,0,bulk,accepted,19,19,0,38,0,0
3486,0x1800,0,0,bulk,accepted,2,2,0,4,0,0
3487,0x1808,1,0,scalar_incrementing,accepted,1,1,4,5,0,0
3488,0x1800,0,0,bulk,accepted,2,2,0,4,0,0
3489,0x1808,1,0,scalar_incrementing,accepted,1,1,4,5,0,0
3490,0x1800,0,0,bulk,accepted,19,19,0,38,0,0
3491,0x1800,0,0,bulk,accepted,2,2,0,4,0,0
3492,0x1808,1,0,scalar_incrementing,accepted,1,1,4,5,0,0
3493,0x1800,0,0,bulk,accepted,2,2,0,4,0,0
3494,0x1808,1,0,scalar_incrementing,accepted,1,1,4,5,0,0
3495,0x1800,0,0,bulk,accepted,19,19,0,38,0,0
3496,0x1800,0,0,bulk,accepted,2,2,0,4,0,0
3497,0x1808,1,0,scalar_incrementing,accepted,1,1,4,5,0,0
3498,0x1800,0,0,bulk,accepted,2,2,0,4,0,0
3499,0x1808,1,0,scalar_incrementing,accepted,1,1,4,5,0,0
3500,0x1800,0,0,bulk,accepted,19,19,0,38,0,0
3501,0x1800,0,0,bulk,accepted,2,2,0,4,0,0
3502,0x1808,1,0,scalar_incrementing,accepted,1,1,4,5,0,0
3503,0x1800,0,0,bulk,accepted,2,2,0,4,0,0
3504,0x1808,1,0,scalar_incrementing,accepted,1,1,4,5,0,0
3505,0x1800,0,0,bulk,accepted,19,19,0,38,0,0
3506,0x1800,0,0,bulk,accepted,2,2,0,4,0,0
3507,0x1808,1,0,scalar_incrementing,accepted,1,1,4,5,0,0
3508,0x1800,0,0,bulk,accepted,2,2,0,4,0,0
3509,0x1808,1,0,scalar_incrementing,accepted,1,1,4,5,0,0
3510,0x1800,0,0,bulk,accepted,19,19,0,38,0,0
3511,0x1800,0,0,bulk,accepted,2,2,0,4,0,0
3512,0x1808,1,0,scalar_incrementing,accepted,1,1,4,5,0,0
3513,0x1800,0,0,bulk,accepted,2,2,0,4,0,0
3514,0x1808,1,0,scalar_incrementing,accepted,1,1,4,5,0,0
3515,0x1800,0,0,bulk,accepted,19,19,0,38,0,0
3516,0x1800,0,0,bulk,accepted,2,2,0,4,0,0
3517,0x1808,1,0,scalar_incrementing,accepted,1,1,4,5,0,0
3518,0x1800,0,0,bulk,accepted,2,2,0,4,0,0
3519,0x1808,1,0,scalar_incrementing,accepted,1,1,4,5,0,0
3520,0x1800,0,0,bulk,accepted,19,19,0,38,0,0
3521,0x1800,0,0,bulk,accepted,2,2,0,4,0,0
3522,0x1808,1,0,scalar_incrementing,accepted,1,1,4,5,0,0
3523,0x1800,0,0,bulk,accepted,2,2,0,4,0,0
3524,0x1808,1,0,scalar_incrementing,accepted,1,1,4,5,0,0
3525,0x1800,0,0,bulk,accepted,19,19,0,38,0,0
3526,0x1800,0,0,bulk,accepted,2,2,0,4,0,0
3527,0x1808,1,0,scalar_incrementing,accepted,1,1,4,5,0,0
3528,0x1800,0,0,bulk,accepted,2,2,0,4,0,0
3529,0x1808,1,0,scalar_incrementing,accepted,1,1,4,5,0,0
3530,0x1800,0,0,bulk,accepted,19,19,0,38,0,0
3531,0x1800,0,0,bulk,accepted,4,4,0,8,0,0
3532,0x1800,0,0,bulk,accepted,4,4,0,8,0,0
3533,0x1800,0,0,bulk,accepted,18,18,0,36,0,0
3534,0x1800,0,0,bulk,accepted,4,4,0,8,0,0
3535,0x1800,0,0,bulk,accepted,4,4,0,8,0,0
3536,0x1800,0,0,bulk,accepted,18,18,0,36,0,0
3537,0x1800,0,0,bulk,accepted,4,4,0,8,0,0
3538,0x1800,0,0,bulk,accepted,4,4,0,8,0,0
3539,0x1800,0,0,bulk,accepted,18,18,0,36,0,0
3540,0x1800,0,0,bulk,accepted,4,4,0,8,0,0
3541,0x1800,0,0,bulk,accepted,4,4,0,8,0,0
3542,0x1800,0,0,bulk,accepted,18,18,0,36,0,0
3543,0x1800,0,0,bulk,accepted,4,4,0,8,0,0
3544,0x1800,0,0,bulk,accepted,4,4,0,8,0,0
3545,0x1800,0,0,bulk,accepted,18,18,0,36,0,0
3546,0x1800,0,0,bulk,accepted,4,4,0,8,0,0
3547,0x1800,0,0,bulk,accepted,4,4,0,8,0,0
3548,0x1800,0,0,bulk,accepted,18,18,0,36,0,0
3549,0x1800,0,0,bulk,accepted,4,4,0,8,0,0
3550,0x1800,0,0,bulk,accepted,4,4,0,8,0,0
3551,0x1800,0,0,bulk,accepted,18,18,0,36,0,0
3552,0x1800,0,0,bulk,accepted,4,4,0,8,0,0
3553,0x1800,0,0,bulk,accepted,4,4,0,8,0,0
3554,0x1800,0,0,bulk,accepted,18,18,0,36,0,0
3555,0x1800,0,0,bulk,accepted,2,2,0,4,0,0
3556,0x1800,0,0,bulk,accepted,2,2,0,4,0,0
3557,0x1800,0,0,bulk,accepted,10,10,0,20,0,0
3558,0x1800,0,0,bulk,accepted,2,2,0,4,0,0
3559,0x1800,0,0,bulk,accepted,2,2,0,4,0,0
3560,0x1800,0,0,bulk,accepted,10,10,0,20,0,0
3561,0x1800,0,0,bulk,accepted,2,2,0,4,0,0
3562,0x1800,0,0,bulk,accepted,2,2,0,4,0,0
3563,0x1800,0,0,bulk,accepted,10,10,0,20,0,0
3564,0x1800,0,0,bulk,accepted,2,2,0,4,0,0
3565,0x1800,0,0,bulk,accepted,2,2,0,4,0,0
3566,0x1800,0,0,bulk,accepted,10,10,0,20,0,0
3567,0x1800,0,0,bulk,accepted,2,2,0,4,0,0
3568,0x1800,0,0,bulk,accepted,2,2,0,4,0,0
3569,0x1800,0,0,bulk,accepted,10,10,0,20,0,0
3570,0x1800,0,0,bulk,accepted,2,2,0,4,0,0
3571,0x1800,0,0,bulk,accepted,2,2,0,4,0,0
3572,0x1800,0,0,bulk,accepted,10,10,0,20,0,0
3573,0x1800,0,0,bulk,accepted,2,2,0,4,0,0
3574,0x1800,0,0,bulk,accepted,2,2,0,4,0,0
3575,0x1800,0,0,bulk,accepted,10,10,0,20,0,0
3576,0x1800,0,0,bulk,accepted,2,2,0,4,0,0
3577,0x1800,0,0,bulk,accepted,2,2,0,4,0,0
3578,0x1800,0,0,bulk,accepted,10,10,0,20,0,0
3579,0x1800,0,0,bulk,accepted,2,2,0,4,0,0
3580,0x1800,0,0,bulk,accepted,2,2,0,4,0,0
3581,0x1800,0,0,bulk,accepted,10,10,0,20,0,0
3582,0x1800,0,0,bulk,accepted,2,2,0,4,0,0
3583,0x1800,0,0,bulk,accepted,2,2,0,4,0,0
3584,0x1800,0,0,bulk,accepted,10,10,0,20,0,0
3585,0x1800,0,0,bulk,accepted,2,2,0,4,0,0
3586,0x1800,0,0,bulk,accepted,2,2,0,4,0,0
3587,0x1800,0,0,bulk,accepted,10,10,0,20,0,0
3588,0x1800,0,0,bulk,accepted,2,2,0,4,0,0
3589,0x1800,0,0,bulk,accepted,2,2,0,4,0,0
3590,0x1800,0,0,bulk,accepted,10,10,0,20,0,0
3591,0x1800,0,0,bulk,accepted,2,2,0,4,0,0
3592,0x1800,0,0,bulk,accepted,2,2,0,4,0,0
3593,0x1800,0,0,bulk,accepted,10,10,0,20,0,0
3594,0x1800,0,0,bulk,accepted,2,2,0,4,0,0
3595,0x1800,0,0,bulk,accepted,2,2,0,4,0,0
3596,0x1800,0,0,bulk,accepted,10,10,0,20,0,0
3597,0x1800,0,0,bulk,accepted,2,2,0,4,0,0
3598,0x1800,0,0,bulk,accepted,2,2,0,4,0,0
3599,0x1800,0,0,bulk,accepted,10,10,0,20,0,0
3600,0x1800,0,0,bulk,accepted,2,2,0,4,0,0
3601,0x1800,0,0,bulk,accepted,2,2,0,4,0,0
3602,0x1800,0,0,bulk,accepted,10,10,0,20,0,0
3603,0x1800,0,0,bulk,accepted,1,1,0,2,0,0
3604,0x1800,0,0,bulk,accepted,319,319,2,640,0,0
3605,0x1800,0,0,bulk,accepted,4,4,640,648,0,0
3606,0x1800,0,0,bulk,accepted,4,4,0,8,0,0
3607,0x1800,0,0,bulk,accepted,319,319,8,646,0,0
3608,0x1800,0,0,bulk,accepted,1,1,646,648,0,0
3609,0x1800,0,0,bulk,accepted,143,143,0,286,0,0
3610,0x1800,0,0,bulk,accepted,13,13,286,312,0,0
3611,0x1800,0,0,bulk,accepted,3,3,0,6,0,0
3612,0x1800,0,0,bulk,accepted,239,239,6,484,0,0
3613,0x1800,0,0,bulk,accepted,10,10,484,504,0,0
3614,0x1800,0,0,bulk,accepted,6,6,0,12,0,0
3615,0x1800,0,0,bulk,accepted,143,143,12,298,0,0
3616,0x1800,0,0,bulk,accepted,7,7,298,312,0,0
3617,0x1800,0,0,bulk,accepted,1,1,0,2,0,0
3618,0x1800,0,0,bulk,accepted,143,143,2,288,0,0
3619,0x1800,0,0,bulk,accepted,12,12,288,312,0,0
3620,0x1800,0,0,bulk,accepted,159,159,0,318,0,0
3621,0x1800,0,0,bulk,accepted,9,9,318,336,0,0
3622,0x1800,0,0,bulk,accepted,4,4,0,8,0,0
3623,0x1800,0,0,bulk,accepted,95,95,8,198,0,0
3624,0x1800,0,0,bulk,accepted,13,13,198,224,0,0
3625,0x1808,1,0,scalar_incrementing,accepted,1,1,224,225,0,0
3626,0x1800,0,0,bulk,accepted,4,4,0,8,0,0
3627,0x1800,0,0,bulk,accepted,47,47,8,102,0,0
3628,0x1800,0,0,bulk,accepted,1,1,102,104,0,0
3629,0x1808,1,0,scalar_incrementing,accepted,1,1,104,105,0,0
3630,0x1800,0,0,bulk,accepted,3,3,0,6,0,0
3631,0x1800,0,0,bulk,accepted,495,495,6,996,0,0
3632,0x1800,0,0,bulk,accepted,6,6,996,1008,0,0
3633,0x1800,0,0,bulk,accepted,3,3,0,6,0,0
3634,0x1800,0,0,bulk,accepted,3,3,0,6,0,0
3635,0x1800,0,0,bulk,accepted,1,1,0,2,0,0
3636,0x1800,0,0,bulk,accepted,223,223,2,448,0,0
3637,0x1800,0,0,bulk,accepted,7,7,448,462,0,0
3638,0x1818,0,0,bulk,accepted,12,12,0,12,0,0
3639,0x1818,0,0,bulk,accepted,12,12,0,12,0,0
3640,0x1818,0,0,bulk,accepted,12,12,0,12,0,0
3641,0x1818,0,0,bulk,accepted,12,12,0,12,0,0
3642,0x1818,0,0,bulk,accepted,12,12,0,12,0,0
3643,0x1818,0,0,bulk,accepted,12,12,0,12,0,0
3644,0x1818,0,0,bulk,accepted,12,12,0,12,0,0
3645,0x1818,0,0,bulk,accepted,12,12,0,12,0,0
3646,0x1818,0,0,bulk,accepted,12,12,0,12,0,0
3647,0x1818,0,0,bulk,accepted,12,12,0,12,0,0
3648,0x1818,0,0,bulk,accepted,12,12,0,12,0,0
3649,0x1818,0,0,bulk,accepted,12,12,0,12,0,0
3650,0x1818,0,0,bulk,accepted,12,12,0,12,0,0
3651,0x1818,0,0,bulk,accepted,12,12,0,12,0,0
3652,0x1818,0,0,bulk,accepted,12,12,0,12,0,0
3653,0x1818,0,0,bulk,accepted,12,12,0,12,0,0
3654,0x1818,0,0,bulk,accepted,12,12,0,12,0,0
3655,0x1818,0,0,bulk,accepted,12,12,0,12,0,0
3656,0x1818,0,0,bulk,accepted,12,12,0,12,0,0
3657,0x1818,0,0,bulk,accepted,12,12,0,12,0,0
3658,0x1818,0,0,bulk,accepted,12,12,0,12,0,0
3659,0x1818,0,0,bulk,accepted,12,12,0,12,0,0
3660,0x1818,0,0,bulk,accepted,12,12,0,12,0,0
3661,0x1818,0,0,bulk,accepted,12,12,0,12,0,0
3662,0x1818,0,0,bulk,accepted,12,12,0,12,0,0
3663,0x1818,0,0,bulk,accepted,12,12,0,12,0,0
3664,0x1818,0,0,bulk,accepted,12,12,0,12,0,0
3665,0x1818,0,0,bulk,accepted,12,12,0,12,0,0
3666,0x1818,0,0,bulk,accepted,12,12,0,12,0,0
3667,0x1818,1,0,scalar_incrementing,accepted,2,1,0,1,0,0
