sequence,event,submit_count,index,required_size,buffer_offset,buffer_size,paired_offset,paired_size,buffer_mapped,paired_mapped,buffer_present,paired_present,in_command_buffer,in_aux_command_buffer
1,initial,0,8,8388608,0,8388608,0,8388608,1,0,1,1,0,0
2,request,2,8,48,0,8388608,0,8388608,1,0,1,1,0,0
3,request,3,5,216,0,209714800,0,209714800,1,0,1,1,1,0
4,request,3,5,432,216,209714800,0,209714800,1,0,1,1,1,0
5,request,3,5,648,432,209714800,0,209714800,1,0,1,1,1,0
6,request,3,5,864,648,209714800,0,209714800,1,0,1,1,1,0
7,request,3,5,1080,864,209714800,0,209714800,1,0,1,1,1,0
8,request,3,5,1296,1080,209714800,0,209714800,1,0,1,1,1,0
9,request,3,5,1512,1296,209714800,0,209714800,1,0,1,1,1,0
10,request,3,5,1728,1512,209714800,0,209714800,1,0,1,1,1,0
11,request,3,5,1944,1728,209714800,0,209714800,1,0,1,1,1,0
12,request,3,5,2160,1944,209714800,0,209714800,1,0,1,1,1,0
13,request,3,5,2376,2160,209714800,0,209714800,1,0,1,1,1,0
14,request,3,5,2592,2376,209714800,0,209714800,1,0,1,1,1,0
15,request,3,5,2808,2592,209714800,0,209714800,1,0,1,1,1,0
16,request,3,5,3024,2808,209714800,0,209714800,1,0,1,1,1,0
17,request,3,5,3240,3024,209714800,0,209714800,1,0,1,1,1,0
18,request,3,5,3456,3240,209714800,0,209714800,1,0,1,1,1,0
19,request,3,5,3672,3456,209714800,0,209714800,1,0,1,1,1,0
20,request,3,5,3888,3672,209714800,0,209714800,1,0,1,1,1,0
21,request,3,5,4408,3888,209714800,0,209714800,1,0,1,1,1,0
22,request,4,5,1040,520,209714800,0,209714800,1,0,1,1,1,0
23,request,4,5,1560,1040,209714800,0,209714800,1,0,1,1,1,0
24,request,4,5,2080,1560,209714800,0,209714800,1,0,1,1,1,0
25,request,4,5,2600,2080,209714800,0,209714800,1,0,1,1,1,0
26,request,4,5,3120,2600,209714800,0,209714800,1,0,1,1,1,0
27,request,4,5,3640,3120,209714800,0,209714800,1,0,1,1,1,0
28,request,4,5,4160,3640,209714800,0,209714800,1,0,1,1,1,0
29,request,4,5,4680,4160,209714800,0,209714800,1,0,1,1,1,0
30,request,4,5,5200,4680,209714800,0,209714800,1,0,1,1,1,0
31,request,4,5,5232,5200,209714800,0,209714800,1,0,1,1,1,0
32,request,4,5,5264,5232,209714800,0,209714800,1,0,1,1,1,0
33,request,4,5,5408,5264,209714800,0,209714800,1,0,1,1,1,0
34,request,4,5,5440,5408,209714800,0,209714800,1,0,1,1,1,0
35,request,4,5,5472,5440,209714800,0,209714800,1,0,1,1,1,0
36,request,4,5,5616,5472,209714800,0,209714800,1,0,1,1,1,0
37,request,4,5,5648,5616,209714800,0,209714800,1,0,1,1,1,0
38,request,4,5,5680,5648,209714800,0,209714800,1,0,1,1,1,0
39,request,4,5,6144,5680,209714800,0,209714800,1,0,1,1,1,0
40,request,4,5,6176,6144,209714800,0,209714800,1,0,1,1,1,0
41,request,4,5,6208,6176,209714800,0,209714800,1,0,1,1,1,0
42,request,4,5,6352,6208,209714800,0,209714800,1,0,1,1,1,0
43,request,4,5,6384,6352,209714800,0,209714800,1,0,1,1,1,0
44,request,4,5,6416,6384,209714800,0,209714800,1,0,1,1,1,0
45,request,4,5,6880,6416,209714800,0,209714800,1,0,1,1,1,0
46,request,4,5,6912,6880,209714800,0,209714800,1,0,1,1,1,0
47,request,4,5,6944,6912,209714800,0,209714800,1,0,1,1,1,0
48,request,4,5,7408,6944,209714800,0,209714800,1,0,1,1,1,0
49,request,4,5,7440,7408,209714800,0,209714800,1,0,1,1,1,0
50,request,4,5,7472,7440,209714800,0,209714800,1,0,1,1,1,0
51,request,4,5,7616,7472,209714800,0,209714800,1,0,1,1,1,0
52,request,4,5,7648,7616,209714800,0,209714800,1,0,1,1,1,0
53,request,4,5,7680,7648,209714800,0,209714800,1,0,1,1,1,0
54,request,4,5,7824,7680,209714800,0,209714800,1,0,1,1,1,0
55,request,4,5,7844,7824,209714800,0,209714800,1,0,1,1,1,0
56,request,4,5,7864,7844,209714800,0,209714800,1,0,1,1,1,0
57,request,5,5,340,20,209714800,0,209714800,1,0,1,1,1,0
58,request,5,5,360,340,209714800,0,209714800,1,0,1,1,1,0
59,request,5,5,380,360,209714800,0,209714800,1,0,1,1,1,0
60,request,5,5,700,380,209714800,0,209714800,1,0,1,1,1,0
61,request,5,5,732,700,209714800,0,209714800,1,0,1,1,1,0
62,request,5,5,764,732,209714800,0,209714800,1,0,1,1,1,0
63,request,5,5,1228,764,209714800,0,209714800,1,0,1,1,1,0
64,request,5,5,1248,1228,209714800,0,209714800,1,0,1,1,1,0
65,request,5,5,1268,1248,209714800,0,209714800,1,0,1,1,1,0
66,request,5,5,1588,1268,209714800,0,209714800,1,0,1,1,1,0
67,request,5,5,1608,1588,209714800,0,209714800,1,0,1,1,1,0
68,request,5,5,1628,1608,209714800,0,209714800,1,0,1,1,1,0
69,request,5,5,1948,1628,209714800,0,209714800,1,0,1,1,1,0
70,request,5,5,1968,1948,209714800,0,209714800,1,0,1,1,1,0
71,request,5,5,1988,1968,209714800,0,209714800,1,0,1,1,1,0
72,request,5,5,2308,1988,209714800,0,209714800,1,0,1,1,1,0
73,request,5,5,2340,2308,209714800,0,209714800,1,0,1,1,1,0
74,request,5,5,2372,2340,209714800,0,209714800,1,0,1,1,1,0
75,request,5,5,2516,2372,209714800,0,209714800,1,0,1,1,1,0
76,request,5,5,2548,2516,209714800,0,209714800,1,0,1,1,1,0
77,request,5,5,2580,2548,209714800,0,209714800,1,0,1,1,1,0
78,request,5,5,3044,2580,209714800,0,209714800,1,0,1,1,1,0
79,request,5,5,3076,3044,209714800,0,209714800,1,0,1,1,1,0
80,request,5,5,3108,3076,209714800,0,209714800,1,0,1,1,1,0
81,request,5,5,3572,3108,209714800,0,209714800,1,0,1,1,1,0
82,request,5,5,3604,3572,209714800,0,209714800,1,0,1,1,1,0
83,request,5,5,3636,3604,209714800,0,209714800,1,0,1,1,1,0
84,request,5,5,3780,3636,209714800,0,209714800,1,0,1,1,1,0
85,request,5,5,3812,3780,209714800,0,209714800,1,0,1,1,1,0
86,request,5,5,3844,3812,209714800,0,209714800,1,0,1,1,1,0
87,request,5,5,3988,3844,209714800,0,209714800,1,0,1,1,1,0
88,request,5,5,4020,3988,209714800,0,209714800,1,0,1,1,1,0
89,request,5,5,4052,4020,209714800,0,209714800,1,0,1,1,1,0
90,request,5,5,4196,4052,209714800,0,209714800,1,0,1,1,1,0
91,request,5,5,4228,4196,209714800,0,209714800,1,0,1,1,1,0
92,request,5,5,4260,4228,209714800,0,209714800,1,0,1,1,1,0
93,request,5,5,4404,4260,209714800,0,209714800,1,0,1,1,1,0
94,request,5,5,4428,4404,209714800,0,209714800,1,0,1,1,1,0
95,request,5,5,4452,4428,209714800,0,209714800,1,0,1,1,1,0
96,request,5,5,4564,4452,209714800,0,209714800,1,0,1,1,1,0
97,request,5,5,4588,4564,209714800,0,209714800,1,0,1,1,1,0
98,request,5,5,4612,4588,209714800,0,209714800,1,0,1,1,1,0
99,request,5,5,4724,4612,209714800,0,209714800,1,0,1,1,1,0
100,request,5,5,4736,4724,209714800,0,209714800,1,0,1,1,1,0
101,request,5,5,4748,4736,209714800,0,209714800,1,0,1,1,1,0
102,request,5,5,4812,4748,209714800,0,209714800,1,0,1,1,1,0
103,request,5,5,4824,4812,209714800,0,209714800,1,0,1,1,1,0
104,request,5,5,4836,4824,209714800,0,209714800,1,0,1,1,1,0
105,request,5,5,4900,4836,209714800,0,209714800,1,0,1,1,1,0
106,request,5,5,4912,4900,209714800,0,209714800,1,0,1,1,1,0
107,request,5,5,4924,4912,209714800,0,209714800,1,0,1,1,1,0
108,request,5,5,4988,4924,209714800,0,209714800,1,0,1,1,1,0
109,request,5,5,5000,4988,209714800,0,209714800,1,0,1,1,1,0
110,request,5,5,5012,5000,209714800,0,209714800,1,0,1,1,1,0
111,request,5,5,5076,5012,209714800,0,209714800,1,0,1,1,1,0
112,request,5,5,5088,5076,209714800,0,209714800,1,0,1,1,1,0
113,request,5,5,5100,5088,209714800,0,209714800,1,0,1,1,1,0
114,request,5,5,5164,5100,209714800,0,209714800,1,0,1,1,1,0
115,request,5,5,5176,5164,209714800,0,209714800,1,0,1,1,1,0
116,request,5,5,5188,5176,209714800,0,209714800,1,0,1,1,1,0
117,request,5,5,5252,5188,209714800,0,209714800,1,0,1,1,1,0
118,request,5,5,5264,5252,209714800,0,209714800,1,0,1,1,1,0
119,request,5,5,5276,5264,209714800,0,209714800,1,0,1,1,1,0
120,request,5,5,5340,5276,209714800,0,209714800,1,0,1,1,1,0
121,request,5,5,5352,5340,209714800,0,209714800,1,0,1,1,1,0
122,request,5,5,5364,5352,209714800,0,209714800,1,0,1,1,1,0
123,request,5,5,5428,5364,209714800,0,209714800,1,0,1,1,1,0
124,request,5,5,5468,5428,209714800,0,209714800,1,0,1,1,1,0
125,request,5,5,5508,5468,209714800,0,209714800,1,0,1,1,1,0
126,request,5,5,5684,5508,209714800,0,209714800,1,0,1,1,1,0
127,request,6,5,216,176,209714800,0,209714800,1,0,1,1,1,0
128,request,6,5,256,216,209714800,0,209714800,1,0,1,1,1,0
129,request,6,5,432,256,209714800,0,209714800,1,0,1,1,1,0
130,request,6,5,472,432,209714800,0,209714800,1,0,1,1,1,0
131,request,6,5,512,472,209714800,0,209714800,1,0,1,1,1,0
132,request,6,5,688,512,209714800,0,209714800,1,0,1,1,1,0
133,request,6,5,728,688,209714800,0,209714800,1,0,1,1,1,0
134,request,6,5,768,728,209714800,0,209714800,1,0,1,1,1,0
135,request,6,5,944,768,209714800,0,209714800,1,0,1,1,1,0
136,request,6,5,984,944,209714800,0,209714800,1,0,1,1,1,0
137,request,6,5,1024,984,209714800,0,209714800,1,0,1,1,1,0
138,request,6,5,1200,1024,209714800,0,209714800,1,0,1,1,1,0
139,request,6,5,1240,1200,209714800,0,209714800,1,0,1,1,1,0
140,request,6,5,1280,1240,209714800,0,209714800,1,0,1,1,1,0
141,request,6,5,1456,1280,209714800,0,209714800,1,0,1,1,1,0
142,request,6,5,1496,1456,209714800,0,209714800,1,0,1,1,1,0
143,request,6,5,1536,1496,209714800,0,209714800,1,0,1,1,1,0
144,request,6,5,1712,1536,209714800,0,209714800,1,0,1,1,1,0
145,request,6,5,1752,1712,209714800,0,209714800,1,0,1,1,1,0
146,request,6,5,1792,1752,209714800,0,209714800,1,0,1,1,1,0
147,request,6,5,1968,1792,209714800,0,209714800,1,0,1,1,1,0
148,request,6,5,1980,1968,209714800,0,209714800,1,0,1,1,1,0
149,request,6,5,1992,1980,209714800,0,209714800,1,0,1,1,1,0
150,request,6,5,2056,1992,209714800,0,209714800,1,0,1,1,1,0
151,request,6,5,2068,2056,209714800,0,209714800,1,0,1,1,1,0
152,request,6,5,2080,2068,209714800,0,209714800,1,0,1,1,1,0
153,request,6,5,2144,2080,209714800,0,209714800,1,0,1,1,1,0
154,request,6,5,2156,2144,209714800,0,209714800,1,0,1,1,1,0
155,request,6,5,2168,2156,209714800,0,209714800,1,0,1,1,1,0
156,request,6,5,2232,2168,209714800,0,209714800,1,0,1,1,1,0
157,request,6,5,2244,2232,209714800,0,209714800,1,0,1,1,1,0
158,request,6,5,2256,2244,209714800,0,209714800,1,0,1,1,1,0
159,request,6,5,2320,2256,209714800,0,209714800,1,0,1,1,1,0
160,request,6,5,2332,2320,209714800,0,209714800,1,0,1,1,1,0
161,request,6,5,2344,2332,209714800,0,209714800,1,0,1,1,1,0
162,request,6,5,2408,2344,209714800,0,209714800,1,0,1,1,1,0
163,request,6,5,2420,2408,209714800,0,209714800,1,0,1,1,1,0
164,request,6,5,2432,2420,209714800,0,209714800,1,0,1,1,1,0
165,request,6,5,2496,2432,209714800,0,209714800,1,0,1,1,1,0
166,request,6,5,2508,2496,209714800,0,209714800,1,0,1,1,1,0
167,request,6,5,2520,2508,209714800,0,209714800,1,0,1,1,1,0
168,request,6,5,2584,2520,209714800,0,209714800,1,0,1,1,1,0
169,request,6,5,2596,2584,209714800,0,209714800,1,0,1,1,1,0
170,request,6,5,2608,2596,209714800,0,209714800,1,0,1,1,1,0
171,request,6,5,2672,2608,209714800,0,209714800,1,0,1,1,1,0
172,request,6,5,2816,2672,209714800,0,209714800,1,0,1,1,1,0
173,request,6,5,2960,2816,209714800,0,209714800,1,0,1,1,1,0
174,request,6,5,3104,2960,209714800,0,209714800,1,0,1,1,1,0
175,request,6,5,3248,3104,209714800,0,209714800,1,0,1,1,1,0
176,request,6,5,3392,3248,209714800,0,209714800,1,0,1,1,1,0
177,request,6,5,3536,3392,209714800,0,209714800,1,0,1,1,1,0
178,request,6,5,3680,3536,209714800,0,209714800,1,0,1,1,1,0
179,request,6,5,3824,3680,209714800,0,209714800,1,0,1,1,1,0
180,request,6,5,3968,3824,209714800,0,209714800,1,0,1,1,1,0
181,request,6,5,4112,3968,209714800,0,209714800,1,0,1,1,1,0
182,request,6,5,4256,4112,209714800,0,209714800,1,0,1,1,1,0
183,request,6,5,4400,4256,209714800,0,209714800,1,0,1,1,1,0
184,request,6,5,4544,4400,209714800,0,209714800,1,0,1,1,1,0
185,request,6,5,4688,4544,209714800,0,209714800,1,0,1,1,1,0
186,request,6,5,4832,4688,209714800,0,209714800,1,0,1,1,1,0
187,request,6,5,4976,4832,209714800,0,209714800,1,0,1,1,1,0
188,request,6,5,5120,4976,209714800,0,209714800,1,0,1,1,1,0
189,request,6,5,5264,5120,209714800,0,209714800,1,0,1,1,1,0
190,request,6,5,5408,5264,209714800,0,209714800,1,0,1,1,1,0
191,request,6,5,5552,5408,209714800,0,209714800,1,0,1,1,1,0
192,request,6,5,5696,5552,209714800,0,209714800,1,0,1,1,1,0
193,request,6,5,5840,5696,209714800,0,209714800,1,0,1,1,1,0
194,request,6,5,5984,5840,209714800,0,209714800,1,0,1,1,1,0
195,request,6,5,6128,5984,209714800,0,209714800,1,0,1,1,1,0
196,request,6,5,6272,6128,209714800,0,209714800,1,0,1,1,1,0
197,request,6,5,6416,6272,209714800,0,209714800,1,0,1,1,1,0
198,request,6,5,6560,6416,209714800,0,209714800,1,0,1,1,1,0
199,request,6,5,6704,6560,209714800,0,209714800,1,0,1,1,1,0
200,request,6,5,6848,6704,209714800,0,209714800,1,0,1,1,1,0
201,request,6,5,6992,6848,209714800,0,209714800,1,0,1,1,1,0
202,request,6,5,7136,6992,209714800,0,209714800,1,0,1,1,1,0
203,request,6,5,7280,7136,209714800,0,209714800,1,0,1,1,1,0
204,request,6,5,7424,7280,209714800,0,209714800,1,0,1,1,1,0
205,request,6,5,7568,7424,209714800,0,209714800,1,0,1,1,1,0
206,request,6,5,7712,7568,209714800,0,209714800,1,0,1,1,1,0
207,request,6,5,7856,7712,209714800,0,209714800,1,0,1,1,1,0
208,request,6,5,8000,7856,209714800,0,209714800,1,0,1,1,1,0
209,request,6,5,8144,8000,209714800,0,209714800,1,0,1,1,1,0
210,request,6,5,8288,8144,209714800,0,209714800,1,0,1,1,1,0
211,request,6,5,8432,8288,209714800,0,209714800,1,0,1,1,1,0
212,request,6,5,8576,8432,209714800,0,209714800,1,0,1,1,1,0
213,request,6,5,8720,8576,209714800,0,209714800,1,0,1,1,1,0
214,request,6,5,8864,8720,209714800,0,209714800,1,0,1,1,1,0
215,request,6,5,9008,8864,209714800,0,209714800,1,0,1,1,1,0
216,request,6,5,9152,9008,209714800,0,209714800,1,0,1,1,1,0
217,request,6,5,9296,9152,209714800,0,209714800,1,0,1,1,1,0
218,request,6,5,9440,9296,209714800,0,209714800,1,0,1,1,1,0
219,request,6,5,9584,9440,209714800,0,209714800,1,0,1,1,1,0
220,request,6,5,9728,9584,209714800,0,209714800,1,0,1,1,1,0
221,request,6,5,9872,9728,209714800,0,209714800,1,0,1,1,1,0
222,request,6,5,10016,9872,209714800,0,209714800,1,0,1,1,1,0
223,request,6,5,10160,10016,209714800,0,209714800,1,0,1,1,1,0
224,request,6,5,10304,10160,209714800,0,209714800,1,0,1,1,1,0
225,request,6,5,10448,10304,209714800,0,209714800,1,0,1,1,1,0
226,request,6,5,10592,10448,209714800,0,209714800,1,0,1,1,1,0
227,request,6,5,10736,10592,209714800,0,209714800,1,0,1,1,1,0
228,request,6,5,10880,10736,209714800,0,209714800,1,0,1,1,1,0
229,request,6,5,11024,10880,209714800,0,209714800,1,0,1,1,1,0
230,request,6,5,11168,11024,209714800,0,209714800,1,0,1,1,1,0
231,request,6,5,11312,11168,209714800,0,209714800,1,0,1,1,1,0
232,request,6,5,11456,11312,209714800,0,209714800,1,0,1,1,1,0
233,request,6,5,11600,11456,209714800,0,209714800,1,0,1,1,1,0
234,request,6,5,11744,11600,209714800,0,209714800,1,0,1,1,1,0
235,request,6,5,11888,11744,209714800,0,209714800,1,0,1,1,1,0
236,request,6,5,12032,11888,209714800,0,209714800,1,0,1,1,1,0
237,request,6,5,12176,12032,209714800,0,209714800,1,0,1,1,1,0
238,request,6,5,12320,12176,209714800,0,209714800,1,0,1,1,1,0
239,request,6,5,12464,12320,209714800,0,209714800,1,0,1,1,1,0
240,request,6,5,12608,12464,209714800,0,209714800,1,0,1,1,1,0
241,request,6,5,12752,12608,209714800,0,209714800,1,0,1,1,1,0
242,request,6,5,12896,12752,209714800,0,209714800,1,0,1,1,1,0
243,request,6,5,13040,12896,209714800,0,209714800,1,0,1,1,1,0
244,request,6,5,13856,13040,209714800,0,209714800,1,0,1,1,1,0
245,request,6,5,14672,13856,209714800,0,209714800,1,0,1,1,1,0
246,request,6,5,15352,14672,209714800,0,209714800,1,0,1,1,1,0
247,request,7,5,1360,680,209714800,0,209714800,1,0,1,1,1,0
248,request,8,5,1360,680,209714800,0,209714800,1,0,1,1,1,0
249,request,8,5,2040,1360,209714800,0,209714800,1,0,1,1,1,0
250,request,8,5,2560,2040,209714800,0,209714800,1,0,1,1,1,0
251,request,8,5,3080,2560,209714800,0,209714800,1,0,1,1,1,0
252,request,8,5,3624,3080,209714800,0,209714800,1,0,1,1,1,0
253,request,9,5,1088,544,209714800,0,209714800,1,0,1,1,1,0
254,request,9,5,1632,1088,209714800,0,209714800,1,0,1,1,1,0
255,request,9,5,2176,1632,209714800,0,209714800,1,0,1,1,1,0
256,request,9,5,2720,2176,209714800,0,209714800,1,0,1,1,1,0
257,request,9,5,3264,2720,209714800,0,209714800,1,0,1,1,1,0
258,request,9,5,3808,3264,209714800,0,209714800,1,0,1,1,1,0
259,request,9,5,4352,3808,209714800,0,209714800,1,0,1,1,1,0
260,request,9,5,4896,4352,209714800,0,209714800,1,0,1,1,1,0
261,request,9,5,5440,4896,209714800,0,209714800,1,0,1,1,1,0
262,request,9,5,5984,5440,209714800,0,209714800,1,0,1,1,1,0
263,request,9,5,6528,5984,209714800,0,209714800,1,0,1,1,1,0
264,request,9,5,7072,6528,209714800,0,209714800,1,0,1,1,1,0
265,request,9,5,7616,7072,209714800,0,209714800,1,0,1,1,1,0
266,request,9,5,8160,7616,209714800,0,209714800,1,0,1,1,1,0
267,request,9,5,8704,8160,209714800,0,209714800,1,0,1,1,1,0
268,request,9,5,8872,8704,209714800,0,209714800,1,0,1,1,1,0
269,request,9,5,9040,8872,209714800,0,209714800,1,0,1,1,1,0
270,request,9,5,9208,9040,209714800,0,209714800,1,0,1,1,1,0
271,request,9,5,9376,9208,209714800,0,209714800,1,0,1,1,1,0
272,request,9,5,9544,9376,209714800,0,209714800,1,0,1,1,1,0
273,request,9,5,9712,9544,209714800,0,209714800,1,0,1,1,1,0
274,request,9,5,9880,9712,209714800,0,209714800,1,0,1,1,1,0
275,request,9,5,10048,9880,209714800,0,209714800,1,0,1,1,1,0
276,request,9,5,10216,10048,209714800,0,209714800,1,0,1,1,1,0
277,request,9,5,10384,10216,209714800,0,209714800,1,0,1,1,1,0
278,request,9,5,10552,10384,209714800,0,209714800,1,0,1,1,1,0
279,request,9,5,10720,10552,209714800,0,209714800,1,0,1,1,1,0
280,request,9,5,10888,10720,209714800,0,209714800,1,0,1,1,1,0
281,request,9,5,11056,10888,209714800,0,209714800,1,0,1,1,1,0
282,request,9,5,11224,11056,209714800,0,209714800,1,0,1,1,1,0
283,request,9,5,11392,11224,209714800,0,209714800,1,0,1,1,1,0
284,request,9,5,11560,11392,209714800,0,209714800,1,0,1,1,1,0
285,request,9,5,11728,11560,209714800,0,209714800,1,0,1,1,1,0
286,request,9,5,11896,11728,209714800,0,209714800,1,0,1,1,1,0
287,request,9,5,12064,11896,209714800,0,209714800,1,0,1,1,1,0
288,request,9,5,12232,12064,209714800,0,209714800,1,0,1,1,1,0
289,request,9,5,12400,12232,209714800,0,209714800,1,0,1,1,1,0
290,request,9,5,12568,12400,209714800,0,209714800,1,0,1,1,1,0
291,request,9,5,12736,12568,209714800,0,209714800,1,0,1,1,1,0
292,request,9,5,12904,12736,209714800,0,209714800,1,0,1,1,1,0
293,request,9,5,13072,12904,209714800,0,209714800,1,0,1,1,1,0
294,request,9,5,13240,13072,209714800,0,209714800,1,0,1,1,1,0
295,request,9,5,13408,13240,209714800,0,209714800,1,0,1,1,1,0
296,request,9,5,13576,13408,209714800,0,209714800,1,0,1,1,1,0
297,request,9,5,13744,13576,209714800,0,209714800,1,0,1,1,1,0
298,request,9,5,13912,13744,209714800,0,209714800,1,0,1,1,1,0
299,request,9,5,14080,13912,209714800,0,209714800,1,0,1,1,1,0
300,request,9,5,14248,14080,209714800,0,209714800,1,0,1,1,1,0
301,request,9,5,14416,14248,209714800,0,209714800,1,0,1,1,1,0
302,request,9,5,14584,14416,209714800,0,209714800,1,0,1,1,1,0
303,request,9,5,14752,14584,209714800,0,209714800,1,0,1,1,1,0
304,request,9,5,14920,14752,209714800,0,209714800,1,0,1,1,1,0
305,request,9,5,15088,14920,209714800,0,209714800,1,0,1,1,1,0
306,request,9,5,15256,15088,209714800,0,209714800,1,0,1,1,1,0
307,request,9,5,15424,15256,209714800,0,209714800,1,0,1,1,1,0
308,request,9,5,15592,15424,209714800,0,209714800,1,0,1,1,1,0
309,request,9,5,15760,15592,209714800,0,209714800,1,0,1,1,1,0
310,request,9,5,15928,15760,209714800,0,209714800,1,0,1,1,1,0
311,request,9,5,16096,15928,209714800,0,209714800,1,0,1,1,1,0
312,request,9,5,16264,16096,209714800,0,209714800,1,0,1,1,1,0
313,request,9,5,16432,16264,209714800,0,209714800,1,0,1,1,1,0
314,request,9,5,16600,16432,209714800,0,209714800,1,0,1,1,1,0
315,request,9,5,16768,16600,209714800,0,209714800,1,0,1,1,1,0
316,request,9,5,17448,16768,209714800,0,209714800,1,0,1,1,1,0
317,request,10,5,1360,680,209714800,0,209714800,1,0,1,1,1,0
318,request,10,5,2040,1360,209714800,0,209714800,1,0,1,1,1,0
319,request,10,5,2720,2040,209714800,0,209714800,1,0,1,1,1,0
320,request,10,5,3400,2720,209714800,0,209714800,1,0,1,1,1,0
321,request,10,5,4080,3400,209714800,0,209714800,1,0,1,1,1,0
322,request,10,5,4760,4080,209714800,0,209714800,1,0,1,1,1,0
323,request,10,5,5440,4760,209714800,0,209714800,1,0,1,1,1,0
324,request,10,5,6120,5440,209714800,0,209714800,1,0,1,1,1,0
325,request,10,5,6800,6120,209714800,0,209714800,1,0,1,1,1,0
326,request,10,5,7480,6800,209714800,0,209714800,1,0,1,1,1,0
327,request,10,5,8160,7480,209714800,0,209714800,1,0,1,1,1,0
328,request,10,5,8180,8160,209714800,0,209714800,1,0,1,1,1,0
329,request,10,5,8200,8180,209714800,0,209714800,1,0,1,1,1,0
330,request,10,5,8352,8200,209714800,0,209714800,1,0,1,1,1,0
331,request,10,5,8372,8352,209714800,0,209714800,1,0,1,1,1,0
332,request,10,5,8392,8372,209714800,0,209714800,1,0,1,1,1,0
333,request,10,5,8544,8392,209714800,0,209714800,1,0,1,1,1,0
334,request,10,5,8564,8544,209714800,0,209714800,1,0,1,1,1,0
335,request,10,5,8584,8564,209714800,0,209714800,1,0,1,1,1,0
336,request,10,5,8736,8584,209714800,0,209714800,1,0,1,1,1,0
337,request,10,5,8756,8736,209714800,0,209714800,1,0,1,1,1,0
338,request,10,5,8776,8756,209714800,0,209714800,1,0,1,1,1,0
339,request,10,5,8928,8776,209714800,0,209714800,1,0,1,1,1,0
340,request,10,5,8948,8928,209714800,0,209714800,1,0,1,1,1,0
341,request,10,5,8968,8948,209714800,0,209714800,1,0,1,1,1,0
342,request,10,5,9120,8968,209714800,0,209714800,1,0,1,1,1,0
343,request,10,5,9140,9120,209714800,0,209714800,1,0,1,1,1,0
344,request,10,5,9160,9140,209714800,0,209714800,1,0,1,1,1,0
345,request,10,5,9312,9160,209714800,0,209714800,1,0,1,1,1,0
346,request,10,5,9332,9312,209714800,0,209714800,1,0,1,1,1,0
347,request,10,5,9352,9332,209714800,0,209714800,1,0,1,1,1,0
348,request,10,5,9504,9352,209714800,0,209714800,1,0,1,1,1,0
349,request,10,5,9524,9504,209714800,0,209714800,1,0,1,1,1,0
350,request,10,5,9544,9524,209714800,0,209714800,1,0,1,1,1,0
351,request,10,5,9696,9544,209714800,0,209714800,1,0,1,1,1,0
352,request,10,5,9716,9696,209714800,0,209714800,1,0,1,1,1,0
353,request,10,5,9736,9716,209714800,0,209714800,1,0,1,1,1,0
354,request,10,5,9888,9736,209714800,0,209714800,1,0,1,1,1,0
355,request,10,5,9908,9888,209714800,0,209714800,1,0,1,1,1,0
356,request,10,5,9928,9908,209714800,0,209714800,1,0,1,1,1,0
357,request,10,5,10080,9928,209714800,0,209714800,1,0,1,1,1,0
358,request,10,5,10112,10080,209714800,0,209714800,1,0,1,1,1,0
359,request,10,5,10144,10112,209714800,0,209714800,1,0,1,1,1,0
360,request,10,5,10288,10144,209714800,0,209714800,1,0,1,1,1,0
361,request,10,5,10320,10288,209714800,0,209714800,1,0,1,1,1,0
362,request,10,5,10352,10320,209714800,0,209714800,1,0,1,1,1,0
363,request,10,5,10496,10352,209714800,0,209714800,1,0,1,1,1,0
364,request,10,5,10528,10496,209714800,0,209714800,1,0,1,1,1,0
365,request,10,5,10560,10528,209714800,0,209714800,1,0,1,1,1,0
366,request,10,5,10704,10560,209714800,0,209714800,1,0,1,1,1,0
367,request,10,5,10736,10704,209714800,0,209714800,1,0,1,1,1,0
368,request,10,5,10768,10736,209714800,0,209714800,1,0,1,1,1,0
369,request,10,5,10912,10768,209714800,0,209714800,1,0,1,1,1,0
370,request,10,5,10944,10912,209714800,0,209714800,1,0,1,1,1,0
371,request,10,5,10976,10944,209714800,0,209714800,1,0,1,1,1,0
372,request,10,5,11120,10976,209714800,0,209714800,1,0,1,1,1,0
373,request,10,5,11152,11120,209714800,0,209714800,1,0,1,1,1,0
374,request,10,5,11184,11152,209714800,0,209714800,1,0,1,1,1,0
375,request,10,5,11328,11184,209714800,0,209714800,1,0,1,1,1,0
376,request,10,5,11360,11328,209714800,0,209714800,1,0,1,1,1,0
377,request,10,5,11392,11360,209714800,0,209714800,1,0,1,1,1,0
378,request,10,5,11536,11392,209714800,0,209714800,1,0,1,1,1,0
379,request,10,5,11568,11536,209714800,0,209714800,1,0,1,1,1,0
380,request,10,5,11600,11568,209714800,0,209714800,1,0,1,1,1,0
381,request,10,5,11744,11600,209714800,0,209714800,1,0,1,1,1,0
382,request,10,5,11760,11744,209714800,0,209714800,1,0,1,1,1,0
383,request,10,5,11776,11760,209714800,0,209714800,1,0,1,1,1,0
384,request,10,5,11856,11776,209714800,0,209714800,1,0,1,1,1,0
385,request,10,5,11872,11856,209714800,0,209714800,1,0,1,1,1,0
386,request,10,5,11888,11872,209714800,0,209714800,1,0,1,1,1,0
387,request,10,5,11968,11888,209714800,0,209714800,1,0,1,1,1,0
388,request,10,5,11984,11968,209714800,0,209714800,1,0,1,1,1,0
389,request,10,5,12000,11984,209714800,0,209714800,1,0,1,1,1,0
390,request,10,5,12080,12000,209714800,0,209714800,1,0,1,1,1,0
391,request,10,5,12096,12080,209714800,0,209714800,1,0,1,1,1,0
392,request,10,5,12112,12096,209714800,0,209714800,1,0,1,1,1,0
393,request,10,5,12192,12112,209714800,0,209714800,1,0,1,1,1,0
394,request,10,5,12208,12192,209714800,0,209714800,1,0,1,1,1,0
395,request,10,5,12224,12208,209714800,0,209714800,1,0,1,1,1,0
396,request,10,5,12304,12224,209714800,0,209714800,1,0,1,1,1,0
397,request,10,5,12320,12304,209714800,0,209714800,1,0,1,1,1,0
398,request,10,5,12336,12320,209714800,0,209714800,1,0,1,1,1,0
399,request,10,5,12416,12336,209714800,0,209714800,1,0,1,1,1,0
400,request,10,5,12432,12416,209714800,0,209714800,1,0,1,1,1,0
401,request,10,5,12448,12432,209714800,0,209714800,1,0,1,1,1,0
402,request,10,5,12528,12448,209714800,0,209714800,1,0,1,1,1,0
403,request,10,5,12544,12528,209714800,0,209714800,1,0,1,1,1,0
404,request,10,5,12560,12544,209714800,0,209714800,1,0,1,1,1,0
405,request,10,5,12640,12560,209714800,0,209714800,1,0,1,1,1,0
406,request,10,5,12656,12640,209714800,0,209714800,1,0,1,1,1,0
407,request,10,5,12672,12656,209714800,0,209714800,1,0,1,1,1,0
408,request,10,5,12752,12672,209714800,0,209714800,1,0,1,1,1,0
409,request,10,5,12768,12752,209714800,0,209714800,1,0,1,1,1,0
410,request,10,5,12784,12768,209714800,0,209714800,1,0,1,1,1,0
411,request,10,5,12864,12784,209714800,0,209714800,1,0,1,1,1,0
412,request,10,5,12880,12864,209714800,0,209714800,1,0,1,1,1,0
413,request,10,5,12896,12880,209714800,0,209714800,1,0,1,1,1,0
414,request,10,5,12976,12896,209714800,0,209714800,1,0,1,1,1,0
415,request,10,5,12992,12976,209714800,0,209714800,1,0,1,1,1,0
416,request,10,5,13008,12992,209714800,0,209714800,1,0,1,1,1,0
417,request,10,5,13088,13008,209714800,0,209714800,1,0,1,1,1,0
418,request,10,5,13104,13088,209714800,0,209714800,1,0,1,1,1,0
419,request,10,5,13120,13104,209714800,0,209714800,1,0,1,1,1,0
420,request,10,5,13200,13120,209714800,0,209714800,1,0,1,1,1,0
421,request,10,5,13216,13200,209714800,0,209714800,1,0,1,1,1,0
422,request,10,5,13232,13216,209714800,0,209714800,1,0,1,1,1,0
423,request,10,5,13312,13232,209714800,0,209714800,1,0,1,1,1,0
424,request,10,5,13328,13312,209714800,0,209714800,1,0,1,1,1,0
425,request,10,5,13344,13328,209714800,0,209714800,1,0,1,1,1,0
426,request,10,5,13424,13344,209714800,0,209714800,1,0,1,1,1,0
427,request,10,5,13440,13424,209714800,0,209714800,1,0,1,1,1,0
428,request,10,5,13456,13440,209714800,0,209714800,1,0,1,1,1,0
429,request,10,5,13536,13456,209714800,0,209714800,1,0,1,1,1,0
430,request,10,5,16128,13536,209714800,0,209714800,1,0,1,1,1,0
431,request,10,5,18720,16128,209714800,0,209714800,1,0,1,1,1,0
432,request,10,5,19968,18720,209714800,0,209714800,1,0,1,1,1,0
433,request,11,5,3264,1248,209714800,0,209714800,1,0,1,1,1,0
434,request,12,5,3264,2016,209714800,0,209714800,1,0,1,1,1,0
435,request,13,5,2496,1248,209714800,0,209714800,1,0,1,1,1,0
436,request,15,5,216,0,209714800,0,209714800,1,0,1,1,1,0
437,request,15,5,432,216,209714800,0,209714800,1,0,1,1,1,0
438,request,15,5,648,432,209714800,0,209714800,1,0,1,1,1,0
439,request,15,5,864,648,209714800,0,209714800,1,0,1,1,1,0
440,request,15,5,1080,864,209714800,0,209714800,1,0,1,1,1,0
441,request,15,5,1296,1080,209714800,0,209714800,1,0,1,1,1,0
442,request,15,5,1512,1296,209714800,0,209714800,1,0,1,1,1,0
443,request,15,5,1728,1512,209714800,0,209714800,1,0,1,1,1,0
444,request,15,5,1944,1728,209714800,0,209714800,1,0,1,1,1,0
445,request,15,5,2160,1944,209714800,0,209714800,1,0,1,1,1,0
446,request,15,5,2376,2160,209714800,0,209714800,1,0,1,1,1,0
447,request,15,5,2592,2376,209714800,0,209714800,1,0,1,1,1,0
448,request,15,5,2808,2592,209714800,0,209714800,1,0,1,1,1,0
449,request,15,5,3024,2808,209714800,0,209714800,1,0,1,1,1,0
450,request,15,5,3240,3024,209714800,0,209714800,1,0,1,1,1,0
451,request,15,5,3456,3240,209714800,0,209714800,1,0,1,1,1,0
452,request,15,5,3672,3456,209714800,0,209714800,1,0,1,1,1,0
453,request,15,5,3888,3672,209714800,0,209714800,1,0,1,1,1,0
454,request,15,5,4408,3888,209714800,0,209714800,1,0,1,1,1,0
455,request,15,5,4928,4408,209714800,0,209714800,1,0,1,1,1,0
456,request,15,5,5448,4928,209714800,0,209714800,1,0,1,1,1,0
457,request,15,5,5968,5448,209714800,0,209714800,1,0,1,1,1,0
458,request,15,5,6488,5968,209714800,0,209714800,1,0,1,1,1,0
459,request,15,5,7008,6488,209714800,0,209714800,1,0,1,1,1,0
460,request,15,5,7528,7008,209714800,0,209714800,1,0,1,1,1,0
461,request,15,5,8048,7528,209714800,0,209714800,1,0,1,1,1,0
462,request,15,5,8568,8048,209714800,0,209714800,1,0,1,1,1,0
463,request,15,5,9088,8568,209714800,0,209714800,1,0,1,1,1,0
464,request,15,5,9120,9088,209714800,0,209714800,1,0,1,1,1,0
465,request,15,5,9152,9120,209714800,0,209714800,1,0,1,1,1,0
466,request,15,5,9296,9152,209714800,0,209714800,1,0,1,1,1,0
467,request,15,5,9328,9296,209714800,0,209714800,1,0,1,1,1,0
468,request,15,5,9360,9328,209714800,0,209714800,1,0,1,1,1,0
469,request,15,5,9504,9360,209714800,0,209714800,1,0,1,1,1,0
470,request,15,5,9536,9504,209714800,0,209714800,1,0,1,1,1,0
471,request,15,5,9568,9536,209714800,0,209714800,1,0,1,1,1,0
472,request,15,5,10032,9568,209714800,0,209714800,1,0,1,1,1,0
473,request,15,5,10064,10032,209714800,0,209714800,1,0,1,1,1,0
474,request,15,5,10096,10064,209714800,0,209714800,1,0,1,1,1,0
475,request,15,5,10240,10096,209714800,0,209714800,1,0,1,1,1,0
476,request,15,5,10272,10240,209714800,0,209714800,1,0,1,1,1,0
477,request,15,5,10304,10272,209714800,0,209714800,1,0,1,1,1,0
478,request,15,5,10768,10304,209714800,0,209714800,1,0,1,1,1,0
479,request,15,5,10800,10768,209714800,0,209714800,1,0,1,1,1,0
480,request,15,5,10832,10800,209714800,0,209714800,1,0,1,1,1,0
481,request,15,5,11296,10832,209714800,0,209714800,1,0,1,1,1,0
482,request,15,5,11328,11296,209714800,0,209714800,1,0,1,1,1,0
483,request,15,5,11360,11328,209714800,0,209714800,1,0,1,1,1,0
484,request,15,5,11504,11360,209714800,0,209714800,1,0,1,1,1,0
485,request,15,5,11536,11504,209714800,0,209714800,1,0,1,1,1,0
486,request,15,5,11568,11536,209714800,0,209714800,1,0,1,1,1,0
487,request,15,5,11712,11568,209714800,0,209714800,1,0,1,1,1,0
488,request,15,5,11732,11712,209714800,0,209714800,1,0,1,1,1,0
489,request,15,5,11752,11732,209714800,0,209714800,1,0,1,1,1,0
490,request,15,5,12072,11752,209714800,0,209714800,1,0,1,1,1,0
491,request,15,5,12092,12072,209714800,0,209714800,1,0,1,1,1,0
492,request,15,5,12112,12092,209714800,0,209714800,1,0,1,1,1,0
493,request,15,5,12432,12112,209714800,0,209714800,1,0,1,1,1,0
494,request,15,5,12464,12432,209714800,0,209714800,1,0,1,1,1,0
495,request,15,5,12496,12464,209714800,0,209714800,1,0,1,1,1,0
496,request,15,5,12960,12496,209714800,0,209714800,1,0,1,1,1,0
497,request,15,5,12980,12960,209714800,0,209714800,1,0,1,1,1,0
498,request,15,5,13000,12980,209714800,0,209714800,1,0,1,1,1,0
499,request,15,5,13320,13000,209714800,0,209714800,1,0,1,1,1,0
500,request,15,5,13340,13320,209714800,0,209714800,1,0,1,1,1,0
501,request,15,5,13360,13340,209714800,0,209714800,1,0,1,1,1,0
502,request,15,5,13680,13360,209714800,0,209714800,1,0,1,1,1,0
503,request,15,5,13700,13680,209714800,0,209714800,1,0,1,1,1,0
504,request,15,5,13720,13700,209714800,0,209714800,1,0,1,1,1,0
505,request,15,5,14040,13720,209714800,0,209714800,1,0,1,1,1,0
506,request,15,5,14072,14040,209714800,0,209714800,1,0,1,1,1,0
507,request,15,5,14104,14072,209714800,0,209714800,1,0,1,1,1,0
508,request,15,5,14248,14104,209714800,0,209714800,1,0,1,1,1,0
509,request,15,5,14280,14248,209714800,0,209714800,1,0,1,1,1,0
510,request,15,5,14312,14280,209714800,0,209714800,1,0,1,1,1,0
511,request,15,5,14776,14312,209714800,0,209714800,1,0,1,1,1,0
512,request,15,5,14808,14776,209714800,0,209714800,1,0,1,1,1,0
513,request,15,5,14840,14808,209714800,0,209714800,1,0,1,1,1,0
514,request,15,5,15304,14840,209714800,0,209714800,1,0,1,1,1,0
515,request,15,5,15336,15304,209714800,0,209714800,1,0,1,1,1,0
516,request,15,5,15368,15336,209714800,0,209714800,1,0,1,1,1,0
517,request,15,5,15512,15368,209714800,0,209714800,1,0,1,1,1,0
518,request,15,5,15544,15512,209714800,0,209714800,1,0,1,1,1,0
519,request,15,5,15576,15544,209714800,0,209714800,1,0,1,1,1,0
520,request,15,5,15720,15576,209714800,0,209714800,1,0,1,1,1,0
521,request,15,5,15752,15720,209714800,0,209714800,1,0,1,1,1,0
522,request,15,5,15784,15752,209714800,0,209714800,1,0,1,1,1,0
523,request,15,5,15928,15784,209714800,0,209714800,1,0,1,1,1,0
524,request,15,5,15960,15928,209714800,0,209714800,1,0,1,1,1,0
525,request,15,5,15992,15960,209714800,0,209714800,1,0,1,1,1,0
526,request,15,5,16136,15992,209714800,0,209714800,1,0,1,1,1,0
527,request,15,5,16160,16136,209714800,0,209714800,1,0,1,1,1,0
528,request,15,5,16184,16160,209714800,0,209714800,1,0,1,1,1,0
529,request,15,5,16296,16184,209714800,0,209714800,1,0,1,1,1,0
530,request,15,5,16320,16296,209714800,0,209714800,1,0,1,1,1,0
531,request,15,5,16344,16320,209714800,0,209714800,1,0,1,1,1,0
532,request,15,5,16456,16344,209714800,0,209714800,1,0,1,1,1,0
533,request,15,5,16468,16456,209714800,0,209714800,1,0,1,1,1,0
534,request,15,5,16480,16468,209714800,0,209714800,1,0,1,1,1,0
535,request,15,5,16544,16480,209714800,0,209714800,1,0,1,1,1,0
536,request,15,5,16556,16544,209714800,0,209714800,1,0,1,1,1,0
537,request,15,5,16568,16556,209714800,0,209714800,1,0,1,1,1,0
538,request,15,5,16632,16568,209714800,0,209714800,1,0,1,1,1,0
539,request,15,5,16644,16632,209714800,0,209714800,1,0,1,1,1,0
540,request,15,5,16656,16644,209714800,0,209714800,1,0,1,1,1,0
541,request,15,5,16720,16656,209714800,0,209714800,1,0,1,1,1,0
542,request,15,5,16732,16720,209714800,0,209714800,1,0,1,1,1,0
543,request,15,5,16744,16732,209714800,0,209714800,1,0,1,1,1,0
544,request,15,5,16808,16744,209714800,0,209714800,1,0,1,1,1,0
545,request,15,5,16820,16808,209714800,0,209714800,1,0,1,1,1,0
546,request,15,5,16832,16820,209714800,0,209714800,1,0,1,1,1,0
547,request,15,5,16896,16832,209714800,0,209714800,1,0,1,1,1,0
548,request,15,5,16908,16896,209714800,0,209714800,1,0,1,1,1,0
549,request,15,5,16920,16908,209714800,0,209714800,1,0,1,1,1,0
550,request,15,5,16984,16920,209714800,0,209714800,1,0,1,1,1,0
551,request,15,5,16996,16984,209714800,0,209714800,1,0,1,1,1,0
552,request,15,5,17008,16996,209714800,0,209714800,1,0,1,1,1,0
553,request,15,5,17072,17008,209714800,0,209714800,1,0,1,1,1,0
554,request,15,5,17084,17072,209714800,0,209714800,1,0,1,1,1,0
555,request,15,5,17096,17084,209714800,0,209714800,1,0,1,1,1,0
556,request,15,5,17160,17096,209714800,0,209714800,1,0,1,1,1,0
557,request,15,5,17200,17160,209714800,0,209714800,1,0,1,1,1,0
558,request,15,5,17240,17200,209714800,0,209714800,1,0,1,1,1,0
559,request,15,5,17416,17240,209714800,0,209714800,1,0,1,1,1,0
560,request,15,5,17456,17416,209714800,0,209714800,1,0,1,1,1,0
561,request,15,5,17496,17456,209714800,0,209714800,1,0,1,1,1,0
562,request,15,5,17672,17496,209714800,0,209714800,1,0,1,1,1,0
563,request,15,5,17712,17672,209714800,0,209714800,1,0,1,1,1,0
564,request,15,5,17752,17712,209714800,0,209714800,1,0,1,1,1,0
565,request,15,5,17928,17752,209714800,0,209714800,1,0,1,1,1,0
566,request,15,5,17968,17928,209714800,0,209714800,1,0,1,1,1,0
567,request,15,5,18008,17968,209714800,0,209714800,1,0,1,1,1,0
568,request,15,5,18184,18008,209714800,0,209714800,1,0,1,1,1,0
569,request,15,5,18224,18184,209714800,0,209714800,1,0,1,1,1,0
570,request,15,5,18264,18224,209714800,0,209714800,1,0,1,1,1,0
571,request,15,5,18440,18264,209714800,0,209714800,1,0,1,1,1,0
572,request,15,5,18480,18440,209714800,0,209714800,1,0,1,1,1,0
573,request,15,5,18520,18480,209714800,0,209714800,1,0,1,1,1,0
574,request,15,5,18696,18520,209714800,0,209714800,1,0,1,1,1,0
575,request,15,5,18736,18696,209714800,0,209714800,1,0,1,1,1,0
576,request,15,5,18776,18736,209714800,0,209714800,1,0,1,1,1,0
577,request,15,5,18952,18776,209714800,0,209714800,1,0,1,1,1,0
578,request,15,5,18992,18952,209714800,0,209714800,1,0,1,1,1,0
579,request,15,5,19032,18992,209714800,0,209714800,1,0,1,1,1,0
580,request,15,5,19208,19032,209714800,0,209714800,1,0,1,1,1,0
581,request,15,5,19220,19208,209714800,0,209714800,1,0,1,1,1,0
582,request,15,5,19232,19220,209714800,0,209714800,1,0,1,1,1,0
583,request,15,5,19296,19232,209714800,0,209714800,1,0,1,1,1,0
584,request,15,5,19308,19296,209714800,0,209714800,1,0,1,1,1,0
585,request,15,5,19320,19308,209714800,0,209714800,1,0,1,1,1,0
586,request,15,5,19384,19320,209714800,0,209714800,1,0,1,1,1,0
587,request,15,5,19396,19384,209714800,0,209714800,1,0,1,1,1,0
588,request,15,5,19408,19396,209714800,0,209714800,1,0,1,1,1,0
589,request,15,5,19472,19408,209714800,0,209714800,1,0,1,1,1,0
590,request,15,5,19484,19472,209714800,0,209714800,1,0,1,1,1,0
591,request,15,5,19496,19484,209714800,0,209714800,1,0,1,1,1,0
592,request,15,5,19560,19496,209714800,0,209714800,1,0,1,1,1,0
593,request,15,5,19572,19560,209714800,0,209714800,1,0,1,1,1,0
594,request,15,5,19584,19572,209714800,0,209714800,1,0,1,1,1,0
595,request,15,5,19648,19584,209714800,0,209714800,1,0,1,1,1,0
596,request,15,5,19660,19648,209714800,0,209714800,1,0,1,1,1,0
597,request,15,5,19672,19660,209714800,0,209714800,1,0,1,1,1,0
598,request,15,5,19736,19672,209714800,0,209714800,1,0,1,1,1,0
599,request,15,5,19748,19736,209714800,0,209714800,1,0,1,1,1,0
600,request,15,5,19760,19748,209714800,0,209714800,1,0,1,1,1,0
601,request,15,5,19824,19760,209714800,0,209714800,1,0,1,1,1,0
602,request,15,5,19836,19824,209714800,0,209714800,1,0,1,1,1,0
603,request,15,5,19848,19836,209714800,0,209714800,1,0,1,1,1,0
604,request,15,5,19912,19848,209714800,0,209714800,1,0,1,1,1,0
605,request,15,5,20056,19912,209714800,0,209714800,1,0,1,1,1,0
606,request,15,5,20200,20056,209714800,0,209714800,1,0,1,1,1,0
607,request,15,5,20344,20200,209714800,0,209714800,1,0,1,1,1,0
608,request,15,5,20488,20344,209714800,0,209714800,1,0,1,1,1,0
609,request,15,5,20632,20488,209714800,0,209714800,1,0,1,1,1,0
610,request,15,5,20776,20632,209714800,0,209714800,1,0,1,1,1,0
611,request,15,5,20920,20776,209714800,0,209714800,1,0,1,1,1,0
612,request,15,5,21064,20920,209714800,0,209714800,1,0,1,1,1,0
613,request,15,5,21208,21064,209714800,0,209714800,1,0,1,1,1,0
614,request,15,5,21352,21208,209714800,0,209714800,1,0,1,1,1,0
615,request,15,5,21496,21352,209714800,0,209714800,1,0,1,1,1,0
616,request,15,5,21640,21496,209714800,0,209714800,1,0,1,1,1,0
617,request,15,5,21784,21640,209714800,0,209714800,1,0,1,1,1,0
618,request,15,5,21928,21784,209714800,0,209714800,1,0,1,1,1,0
619,request,15,5,22072,21928,209714800,0,209714800,1,0,1,1,1,0
620,request,15,5,22216,22072,209714800,0,209714800,1,0,1,1,1,0
621,request,15,5,22360,22216,209714800,0,209714800,1,0,1,1,1,0
622,request,15,5,22504,22360,209714800,0,209714800,1,0,1,1,1,0
623,request,15,5,22648,22504,209714800,0,209714800,1,0,1,1,1,0
624,request,15,5,22792,22648,209714800,0,209714800,1,0,1,1,1,0
625,request,15,5,22936,22792,209714800,0,209714800,1,0,1,1,1,0
626,request,15,5,23080,22936,209714800,0,209714800,1,0,1,1,1,0
627,request,15,5,23224,23080,209714800,0,209714800,1,0,1,1,1,0
628,request,15,5,23368,23224,209714800,0,209714800,1,0,1,1,1,0
629,request,15,5,23512,23368,209714800,0,209714800,1,0,1,1,1,0
630,request,15,5,23656,23512,209714800,0,209714800,1,0,1,1,1,0
631,request,15,5,23800,23656,209714800,0,209714800,1,0,1,1,1,0
632,request,15,5,23944,23800,209714800,0,209714800,1,0,1,1,1,0
633,request,15,5,24088,23944,209714800,0,209714800,1,0,1,1,1,0
634,request,15,5,24232,24088,209714800,0,209714800,1,0,1,1,1,0
635,request,15,5,24376,24232,209714800,0,209714800,1,0,1,1,1,0
636,request,15,5,24520,24376,209714800,0,209714800,1,0,1,1,1,0
637,request,15,5,24664,24520,209714800,0,209714800,1,0,1,1,1,0
638,request,15,5,24808,24664,209714800,0,209714800,1,0,1,1,1,0
639,request,15,5,24952,24808,209714800,0,209714800,1,0,1,1,1,0
640,request,15,5,25096,24952,209714800,0,209714800,1,0,1,1,1,0
641,request,15,5,25240,25096,209714800,0,209714800,1,0,1,1,1,0
642,request,15,5,25384,25240,209714800,0,209714800,1,0,1,1,1,0
643,request,15,5,25528,25384,209714800,0,209714800,1,0,1,1,1,0
644,request,15,5,25672,25528,209714800,0,209714800,1,0,1,1,1,0
645,request,15,5,25816,25672,209714800,0,209714800,1,0,1,1,1,0
646,request,15,5,25960,25816,209714800,0,209714800,1,0,1,1,1,0
647,request,15,5,26104,25960,209714800,0,209714800,1,0,1,1,1,0
648,request,15,5,26248,26104,209714800,0,209714800,1,0,1,1,1,0
649,request,15,5,26392,26248,209714800,0,209714800,1,0,1,1,1,0
650,request,15,5,26536,26392,209714800,0,209714800,1,0,1,1,1,0
651,request,15,5,26680,26536,209714800,0,209714800,1,0,1,1,1,0
652,request,15,5,26824,26680,209714800,0,209714800,1,0,1,1,1,0
653,request,15,5,26968,26824,209714800,0,209714800,1,0,1,1,1,0
654,request,15,5,27112,26968,209714800,0,209714800,1,0,1,1,1,0
655,request,15,5,27256,27112,209714800,0,209714800,1,0,1,1,1,0
656,request,15,5,27400,27256,209714800,0,209714800,1,0,1,1,1,0
657,request,15,5,27544,27400,209714800,0,209714800,1,0,1,1,1,0
658,request,15,5,27688,27544,209714800,0,209714800,1,0,1,1,1,0
659,request,15,5,27832,27688,209714800,0,209714800,1,0,1,1,1,0
660,request,15,5,27976,27832,209714800,0,209714800,1,0,1,1,1,0
661,request,15,5,28120,27976,209714800,0,209714800,1,0,1,1,1,0
662,request,15,5,28264,28120,209714800,0,209714800,1,0,1,1,1,0
663,request,15,5,28408,28264,209714800,0,209714800,1,0,1,1,1,0
664,request,15,5,28552,28408,209714800,0,209714800,1,0,1,1,1,0
665,request,15,5,28696,28552,209714800,0,209714800,1,0,1,1,1,0
666,request,15,5,28840,28696,209714800,0,209714800,1,0,1,1,1,0
667,request,15,5,28984,28840,209714800,0,209714800,1,0,1,1,1,0
668,request,15,5,29128,28984,209714800,0,209714800,1,0,1,1,1,0
669,request,15,5,29272,29128,209714800,0,209714800,1,0,1,1,1,0
670,request,15,5,29416,29272,209714800,0,209714800,1,0,1,1,1,0
671,request,15,5,29560,29416,209714800,0,209714800,1,0,1,1,1,0
672,request,15,5,29704,29560,209714800,0,209714800,1,0,1,1,1,0
673,request,15,5,29848,29704,209714800,0,209714800,1,0,1,1,1,0
674,request,15,5,29992,29848,209714800,0,209714800,1,0,1,1,1,0
675,request,15,5,30136,29992,209714800,0,209714800,1,0,1,1,1,0
676,request,15,5,30280,30136,209714800,0,209714800,1,0,1,1,1,0
677,request,15,5,31096,30280,209714800,0,209714800,1,0,1,1,1,0
678,request,15,5,31912,31096,209714800,0,209714800,1,0,1,1,1,0
679,request,15,5,32592,31912,209714800,0,209714800,1,0,1,1,1,0
680,request,15,5,33272,32592,209714800,0,209714800,1,0,1,1,1,0
681,request,15,5,33952,33272,209714800,0,209714800,1,0,1,1,1,0
682,request,15,5,34632,33952,209714800,0,209714800,1,0,1,1,1,0
683,request,15,5,35152,34632,209714800,0,209714800,1,0,1,1,1,0
684,request,15,5,35672,35152,209714800,0,209714800,1,0,1,1,1,0
685,request,15,5,36216,35672,209714800,0,209714800,1,0,1,1,1,0
686,request,15,5,36760,36216,209714800,0,209714800,1,0,1,1,1,0
687,request,15,5,37304,36760,209714800,0,209714800,1,0,1,1,1,0
688,request,15,5,37848,37304,209714800,0,209714800,1,0,1,1,1,0
689,request,15,5,38392,37848,209714800,0,209714800,1,0,1,1,1,0
690,request,15,5,38936,38392,209714800,0,209714800,1,0,1,1,1,0
691,request,15,5,39480,38936,209714800,0,209714800,1,0,1,1,1,0
692,request,15,5,40024,39480,209714800,0,209714800,1,0,1,1,1,0
693,request,15,5,40568,40024,209714800,0,209714800,1,0,1,1,1,0
694,request,15,5,41112,40568,209714800,0,209714800,1,0,1,1,1,0
695,request,15,5,41656,41112,209714800,0,209714800,1,0,1,1,1,0
696,request,15,5,42200,41656,209714800,0,209714800,1,0,1,1,1,0
697,request,15,5,42744,42200,209714800,0,209714800,1,0,1,1,1,0
698,request,15,5,43288,42744,209714800,0,209714800,1,0,1,1,1,0
699,request,15,5,43832,43288,209714800,0,209714800,1,0,1,1,1,0
700,request,15,5,44376,43832,209714800,0,209714800,1,0,1,1,1,0
701,request,15,5,44544,44376,209714800,0,209714800,1,0,1,1,1,0
702,request,15,5,44712,44544,209714800,0,209714800,1,0,1,1,1,0
703,request,15,5,44880,44712,209714800,0,209714800,1,0,1,1,1,0
704,request,15,5,45048,44880,209714800,0,209714800,1,0,1,1,1,0
705,request,15,5,45216,45048,209714800,0,209714800,1,0,1,1,1,0
706,request,15,5,45384,45216,209714800,0,209714800,1,0,1,1,1,0
707,request,15,5,45552,45384,209714800,0,209714800,1,0,1,1,1,0
708,request,15,5,45720,45552,209714800,0,209714800,1,0,1,1,1,0
709,request,15,5,45888,45720,209714800,0,209714800,1,0,1,1,1,0
710,request,15,5,46056,45888,209714800,0,209714800,1,0,1,1,1,0
711,request,15,5,46224,46056,209714800,0,209714800,1,0,1,1,1,0
712,request,15,5,46392,46224,209714800,0,209714800,1,0,1,1,1,0
713,request,15,5,46560,46392,209714800,0,209714800,1,0,1,1,1,0
714,request,15,5,46728,46560,209714800,0,209714800,1,0,1,1,1,0
715,request,15,5,46896,46728,209714800,0,209714800,1,0,1,1,1,0
716,request,15,5,47064,46896,209714800,0,209714800,1,0,1,1,1,0
717,request,15,5,47232,47064,209714800,0,209714800,1,0,1,1,1,0
718,request,15,5,47400,47232,209714800,0,209714800,1,0,1,1,1,0
719,request,15,5,47568,47400,209714800,0,209714800,1,0,1,1,1,0
720,request,15,5,47736,47568,209714800,0,209714800,1,0,1,1,1,0
721,request,15,5,47904,47736,209714800,0,209714800,1,0,1,1,1,0
722,request,15,5,48072,47904,209714800,0,209714800,1,0,1,1,1,0
723,request,15,5,48240,48072,209714800,0,209714800,1,0,1,1,1,0
724,request,15,5,48408,48240,209714800,0,209714800,1,0,1,1,1,0
725,request,15,5,48576,48408,209714800,0,209714800,1,0,1,1,1,0
726,request,15,5,48744,48576,209714800,0,209714800,1,0,1,1,1,0
727,request,15,5,48912,48744,209714800,0,209714800,1,0,1,1,1,0
728,request,15,5,49080,48912,209714800,0,209714800,1,0,1,1,1,0
729,request,15,5,49248,49080,209714800,0,209714800,1,0,1,1,1,0
730,request,15,5,49416,49248,209714800,0,209714800,1,0,1,1,1,0
731,request,15,5,49584,49416,209714800,0,209714800,1,0,1,1,1,0
732,request,15,5,49752,49584,209714800,0,209714800,1,0,1,1,1,0
733,request,15,5,49920,49752,209714800,0,209714800,1,0,1,1,1,0
734,request,15,5,50088,49920,209714800,0,209714800,1,0,1,1,1,0
735,request,15,5,50256,50088,209714800,0,209714800,1,0,1,1,1,0
736,request,15,5,50424,50256,209714800,0,209714800,1,0,1,1,1,0
737,request,15,5,50592,50424,209714800,0,209714800,1,0,1,1,1,0
738,request,15,5,50760,50592,209714800,0,209714800,1,0,1,1,1,0
739,request,15,5,50928,50760,209714800,0,209714800,1,0,1,1,1,0
740,request,15,5,51096,50928,209714800,0,209714800,1,0,1,1,1,0
741,request,15,5,51264,51096,209714800,0,209714800,1,0,1,1,1,0
742,request,15,5,51432,51264,209714800,0,209714800,1,0,1,1,1,0
743,request,15,5,51600,51432,209714800,0,209714800,1,0,1,1,1,0
744,request,15,5,51768,51600,209714800,0,209714800,1,0,1,1,1,0
745,request,15,5,51936,51768,209714800,0,209714800,1,0,1,1,1,0
746,request,15,5,52104,51936,209714800,0,209714800,1,0,1,1,1,0
747,request,15,5,52272,52104,209714800,0,209714800,1,0,1,1,1,0
748,request,15,5,52440,52272,209714800,0,209714800,1,0,1,1,1,0
749,request,15,5,53120,52440,209714800,0,209714800,1,0,1,1,1,0
750,request,15,5,53800,53120,209714800,0,209714800,1,0,1,1,1,0
751,request,15,5,54480,53800,209714800,0,209714800,1,0,1,1,1,0
752,request,15,5,55160,54480,209714800,0,209714800,1,0,1,1,1,0
753,request,15,5,55840,55160,209714800,0,209714800,1,0,1,1,1,0
754,request,15,5,56520,55840,209714800,0,209714800,1,0,1,1,1,0
755,request,15,5,57200,56520,209714800,0,209714800,1,0,1,1,1,0
756,request,15,5,57880,57200,209714800,0,209714800,1,0,1,1,1,0
757,request,15,5,58560,57880,209714800,0,209714800,1,0,1,1,1,0
758,request,15,5,59240,58560,209714800,0,209714800,1,0,1,1,1,0
759,request,15,5,59920,59240,209714800,0,209714800,1,0,1,1,1,0
760,request,15,5,60600,59920,209714800,0,209714800,1,0,1,1,1,0
761,request,15,5,60620,60600,209714800,0,209714800,1,0,1,1,1,0
762,request,15,5,60640,60620,209714800,0,209714800,1,0,1,1,1,0
763,request,15,5,60792,60640,209714800,0,209714800,1,0,1,1,1,0
764,request,15,5,60812,60792,209714800,0,209714800,1,0,1,1,1,0
765,request,15,5,60832,60812,209714800,0,209714800,1,0,1,1,1,0
766,request,15,5,60984,60832,209714800,0,209714800,1,0,1,1,1,0
767,request,15,5,61004,60984,209714800,0,209714800,1,0,1,1,1,0
768,request,15,5,61024,61004,209714800,0,209714800,1,0,1,1,1,0
769,request,15,5,61176,61024,209714800,0,209714800,1,0,1,1,1,0
770,request,15,5,61196,61176,209714800,0,209714800,1,0,1,1,1,0
771,request,15,5,61216,61196,209714800,0,209714800,1,0,1,1,1,0
772,request,15,5,61368,61216,209714800,0,209714800,1,0,1,1,1,0
773,request,15,5,61388,61368,209714800,0,209714800,1,0,1,1,1,0
774,request,15,5,61408,61388,209714800,0,209714800,1,0,1,1,1,0
775,request,15,5,61560,61408,209714800,0,209714800,1,0,1,1,1,0
776,request,15,5,61580,61560,209714800,0,209714800,1,0,1,1,1,0
777,request,15,5,61600,61580,209714800,0,209714800,1,0,1,1,1,0
778,request,15,5,61752,61600,209714800,0,209714800,1,0,1,1,1,0
779,request,15,5,61772,61752,209714800,0,209714800,1,0,1,1,1,0
780,request,15,5,61792,61772,209714800,0,209714800,1,0,1,1,1,0
781,request,15,5,61944,61792,209714800,0,209714800,1,0,1,1,1,0
782,request,15,5,61964,61944,209714800,0,209714800,1,0,1,1,1,0
783,request,15,5,61984,61964,209714800,0,209714800,1,0,1,1,1,0
784,request,15,5,62136,61984,209714800,0,209714800,1,0,1,1,1,0
785,request,15,5,62156,62136,209714800,0,209714800,1,0,1,1,1,0
786,request,15,5,62176,62156,209714800,0,209714800,1,0,1,1,1,0
787,request,15,5,62328,62176,209714800,0,209714800,1,0,1,1,1,0
788,request,15,5,62348,62328,209714800,0,209714800,1,0,1,1,1,0
789,request,15,5,62368,62348,209714800,0,209714800,1,0,1,1,1,0
790,request,15,5,62520,62368,209714800,0,209714800,1,0,1,1,1,0
791,request,15,5,62552,62520,209714800,0,209714800,1,0,1,1,1,0
792,request,15,5,62584,62552,209714800,0,209714800,1,0,1,1,1,0
793,request,15,5,62728,62584,209714800,0,209714800,1,0,1,1,1,0
794,request,15,5,62760,62728,209714800,0,209714800,1,0,1,1,1,0
795,request,15,5,62792,62760,209714800,0,209714800,1,0,1,1,1,0
796,request,15,5,62936,62792,209714800,0,209714800,1,0,1,1,1,0
797,request,15,5,62968,62936,209714800,0,209714800,1,0,1,1,1,0
798,request,15,5,63000,62968,209714800,0,209714800,1,0,1,1,1,0
799,request,15,5,63144,63000,209714800,0,209714800,1,0,1,1,1,0
800,request,15,5,63176,63144,209714800,0,209714800,1,0,1,1,1,0
801,request,15,5,63208,63176,209714800,0,209714800,1,0,1,1,1,0
802,request,15,5,63352,63208,209714800,0,209714800,1,0,1,1,1,0
803,request,15,5,63384,63352,209714800,0,209714800,1,0,1,1,1,0
804,request,15,5,63416,63384,209714800,0,209714800,1,0,1,1,1,0
805,request,15,5,63560,63416,209714800,0,209714800,1,0,1,1,1,0
806,request,15,5,63592,63560,209714800,0,209714800,1,0,1,1,1,0
807,request,15,5,63624,63592,209714800,0,209714800,1,0,1,1,1,0
808,request,15,5,63768,63624,209714800,0,209714800,1,0,1,1,1,0
809,request,15,5,63800,63768,209714800,0,209714800,1,0,1,1,1,0
810,request,15,5,63832,63800,209714800,0,209714800,1,0,1,1,1,0
811,request,15,5,63976,63832,209714800,0,209714800,1,0,1,1,1,0
812,request,15,5,64008,63976,209714800,0,209714800,1,0,1,1,1,0
813,request,15,5,64040,64008,209714800,0,209714800,1,0,1,1,1,0
814,request,15,5,64184,64040,209714800,0,209714800,1,0,1,1,1,0
815,request,15,5,64200,64184,209714800,0,209714800,1,0,1,1,1,0
816,request,15,5,64216,64200,209714800,0,209714800,1,0,1,1,1,0
817,request,15,5,64296,64216,209714800,0,209714800,1,0,1,1,1,0
818,request,15,5,64312,64296,209714800,0,209714800,1,0,1,1,1,0
819,request,15,5,64328,64312,209714800,0,209714800,1,0,1,1,1,0
820,request,15,5,64408,64328,209714800,0,209714800,1,0,1,1,1,0
821,request,15,5,64424,64408,209714800,0,209714800,1,0,1,1,1,0
822,request,15,5,64440,64424,209714800,0,209714800,1,0,1,1,1,0
823,request,15,5,64520,64440,209714800,0,209714800,1,0,1,1,1,0
824,request,15,5,64536,64520,209714800,0,209714800,1,0,1,1,1,0
825,request,15,5,64552,64536,209714800,0,209714800,1,0,1,1,1,0
826,request,15,5,64632,64552,209714800,0,209714800,1,0,1,1,1,0
827,request,15,5,64648,64632,209714800,0,209714800,1,0,1,1,1,0
828,request,15,5,64664,64648,209714800,0,209714800,1,0,1,1,1,0
829,request,15,5,64744,64664,209714800,0,209714800,1,0,1,1,1,0
830,request,15,5,64760,64744,209714800,0,209714800,1,0,1,1,1,0
831,request,15,5,64776,64760,209714800,0,209714800,1,0,1,1,1,0
832,request,15,5,64856,64776,209714800,0,209714800,1,0,1,1,1,0
833,request,15,5,64872,64856,209714800,0,209714800,1,0,1,1,1,0
834,request,15,5,64888,64872,209714800,0,209714800,1,0,1,1,1,0
835,request,15,5,64968,64888,209714800,0,209714800,1,0,1,1,1,0
836,request,15,5,64984,64968,209714800,0,209714800,1,0,1,1,1,0
837,request,15,5,65000,64984,209714800,0,209714800,1,0,1,1,1,0
838,request,15,5,65080,65000,209714800,0,209714800,1,0,1,1,1,0
839,request,15,5,65096,65080,209714800,0,209714800,1,0,1,1,1,0
840,request,15,5,65112,65096,209714800,0,209714800,1,0,1,1,1,0
841,request,15,5,65192,65112,209714800,0,209714800,1,0,1,1,1,0
842,request,15,5,65208,65192,209714800,0,209714800,1,0,1,1,1,0
843,request,15,5,65224,65208,209714800,0,209714800,1,0,1,1,1,0
844,request,15,5,65304,65224,209714800,0,209714800,1,0,1,1,1,0
845,request,15,5,65320,65304,209714800,0,209714800,1,0,1,1,1,0
846,request,15,5,65336,65320,209714800,0,209714800,1,0,1,1,1,0
847,request,15,5,65416,65336,209714800,0,209714800,1,0,1,1,1,0
848,request,15,5,65432,65416,209714800,0,209714800,1,0,1,1,1,0
849,request,15,5,65448,65432,209714800,0,209714800,1,0,1,1,1,0
850,request,15,5,65528,65448,209714800,0,209714800,1,0,1,1,1,0
851,request,15,5,65544,65528,209714800,0,209714800,1,0,1,1,1,0
852,request,15,5,65560,65544,209714800,0,209714800,1,0,1,1,1,0
853,request,15,5,65640,65560,209714800,0,209714800,1,0,1,1,1,0
854,request,15,5,65656,65640,209714800,0,209714800,1,0,1,1,1,0
855,request,15,5,65672,65656,209714800,0,209714800,1,0,1,1,1,0
856,request,15,5,65752,65672,209714800,0,209714800,1,0,1,1,1,0
857,request,15,5,65768,65752,209714800,0,209714800,1,0,1,1,1,0
858,request,15,5,65784,65768,209714800,0,209714800,1,0,1,1,1,0
859,request,15,5,65864,65784,209714800,0,209714800,1,0,1,1,1,0
860,request,15,5,65880,65864,209714800,0,209714800,1,0,1,1,1,0
861,request,15,5,65896,65880,209714800,0,209714800,1,0,1,1,1,0
862,request,15,5,65976,65896,209714800,0,209714800,1,0,1,1,1,0
863,request,15,5,68568,65976,209714800,0,209714800,1,0,1,1,1,0
864,request,15,5,71160,68568,209714800,0,209714800,1,0,1,1,1,0
865,request,15,5,72408,71160,209714800,0,209714800,1,0,1,1,1,0
866,request,15,5,74424,72408,209714800,0,209714800,1,0,1,1,1,0
867,request,15,5,75672,74424,209714800,0,209714800,1,0,1,1,1,0
868,request,15,5,76920,75672,209714800,0,209714800,1,0,1,1,1,0
869,request,16,5,216,0,209714800,0,209714800,1,0,1,1,1,0
870,request,16,5,432,216,209714800,0,209714800,1,0,1,1,1,0
871,request,16,5,648,432,209714800,0,209714800,1,0,1,1,1,0
872,request,16,5,864,648,209714800,0,209714800,1,0,1,1,1,0
873,request,16,5,1080,864,209714800,0,209714800,1,0,1,1,1,0
874,request,16,5,1296,1080,209714800,0,209714800,1,0,1,1,1,0
875,request,16,5,1512,1296,209714800,0,209714800,1,0,1,1,1,0
876,request,16,5,1728,1512,209714800,0,209714800,1,0,1,1,1,0
877,request,16,5,1944,1728,209714800,0,209714800,1,0,1,1,1,0
878,request,16,5,2160,1944,209714800,0,209714800,1,0,1,1,1,0
879,request,16,5,2376,2160,209714800,0,209714800,1,0,1,1,1,0
880,request,16,5,2592,2376,209714800,0,209714800,1,0,1,1,1,0
881,request,16,5,2808,2592,209714800,0,209714800,1,0,1,1,1,0
882,request,16,5,3024,2808,209714800,0,209714800,1,0,1,1,1,0
883,request,16,5,3240,3024,209714800,0,209714800,1,0,1,1,1,0
884,request,16,5,3456,3240,209714800,0,209714800,1,0,1,1,1,0
885,request,16,5,3672,3456,209714800,0,209714800,1,0,1,1,1,0
886,request,16,5,3888,3672,209714800,0,209714800,1,0,1,1,1,0
887,request,16,5,4408,3888,209714800,0,209714800,1,0,1,1,1,0
888,request,16,5,4928,4408,209714800,0,209714800,1,0,1,1,1,0
889,request,16,5,5448,4928,209714800,0,209714800,1,0,1,1,1,0
890,request,16,5,5968,5448,209714800,0,209714800,1,0,1,1,1,0
891,request,16,5,6488,5968,209714800,0,209714800,1,0,1,1,1,0
892,request,16,5,7008,6488,209714800,0,209714800,1,0,1,1,1,0
893,request,16,5,7528,7008,209714800,0,209714800,1,0,1,1,1,0
894,request,16,5,8048,7528,209714800,0,209714800,1,0,1,1,1,0
895,request,16,5,8568,8048,209714800,0,209714800,1,0,1,1,1,0
896,request,16,5,9088,8568,209714800,0,209714800,1,0,1,1,1,0
897,request,16,5,9120,9088,209714800,0,209714800,1,0,1,1,1,0
898,request,16,5,9152,9120,209714800,0,209714800,1,0,1,1,1,0
899,request,16,5,9296,9152,209714800,0,209714800,1,0,1,1,1,0
900,request,16,5,9328,9296,209714800,0,209714800,1,0,1,1,1,0
901,request,16,5,9360,9328,209714800,0,209714800,1,0,1,1,1,0
902,request,16,5,9504,9360,209714800,0,209714800,1,0,1,1,1,0
903,request,16,5,9536,9504,209714800,0,209714800,1,0,1,1,1,0
904,request,16,5,9568,9536,209714800,0,209714800,1,0,1,1,1,0
905,request,16,5,10032,9568,209714800,0,209714800,1,0,1,1,1,0
906,request,16,5,10064,10032,209714800,0,209714800,1,0,1,1,1,0
907,request,16,5,10096,10064,209714800,0,209714800,1,0,1,1,1,0
908,request,16,5,10240,10096,209714800,0,209714800,1,0,1,1,1,0
909,request,16,5,10272,10240,209714800,0,209714800,1,0,1,1,1,0
910,request,16,5,10304,10272,209714800,0,209714800,1,0,1,1,1,0
911,request,16,5,10768,10304,209714800,0,209714800,1,0,1,1,1,0
912,request,16,5,10800,10768,209714800,0,209714800,1,0,1,1,1,0
913,request,16,5,10832,10800,209714800,0,209714800,1,0,1,1,1,0
914,request,16,5,11296,10832,209714800,0,209714800,1,0,1,1,1,0
915,request,16,5,11328,11296,209714800,0,209714800,1,0,1,1,1,0
916,request,16,5,11360,11328,209714800,0,209714800,1,0,1,1,1,0
917,request,16,5,11504,11360,209714800,0,209714800,1,0,1,1,1,0
918,request,16,5,11536,11504,209714800,0,209714800,1,0,1,1,1,0
919,request,16,5,11568,11536,209714800,0,209714800,1,0,1,1,1,0
920,request,16,5,11712,11568,209714800,0,209714800,1,0,1,1,1,0
921,request,16,5,11732,11712,209714800,0,209714800,1,0,1,1,1,0
922,request,16,5,11752,11732,209714800,0,209714800,1,0,1,1,1,0
923,request,16,5,12072,11752,209714800,0,209714800,1,0,1,1,1,0
924,request,16,5,12092,12072,209714800,0,209714800,1,0,1,1,1,0
925,request,16,5,12112,12092,209714800,0,209714800,1,0,1,1,1,0
926,request,16,5,12432,12112,209714800,0,209714800,1,0,1,1,1,0
927,request,16,5,12464,12432,209714800,0,209714800,1,0,1,1,1,0
928,request,16,5,12496,12464,209714800,0,209714800,1,0,1,1,1,0
929,request,16,5,12960,12496,209714800,0,209714800,1,0,1,1,1,0
930,request,16,5,12980,12960,209714800,0,209714800,1,0,1,1,1,0
931,request,16,5,13000,12980,209714800,0,209714800,1,0,1,1,1,0
932,request,16,5,13320,13000,209714800,0,209714800,1,0,1,1,1,0
933,request,16,5,13340,13320,209714800,0,209714800,1,0,1,1,1,0
934,request,16,5,13360,13340,209714800,0,209714800,1,0,1,1,1,0
935,request,16,5,13680,13360,209714800,0,209714800,1,0,1,1,1,0
936,request,16,5,13700,13680,209714800,0,209714800,1,0,1,1,1,0
937,request,16,5,13720,13700,209714800,0,209714800,1,0,1,1,1,0
938,request,16,5,14040,13720,209714800,0,209714800,1,0,1,1,1,0
939,request,16,5,14072,14040,209714800,0,209714800,1,0,1,1,1,0
940,request,16,5,14104,14072,209714800,0,209714800,1,0,1,1,1,0
941,request,16,5,14248,14104,209714800,0,209714800,1,0,1,1,1,0
942,request,16,5,14280,14248,209714800,0,209714800,1,0,1,1,1,0
943,request,16,5,14312,14280,209714800,0,209714800,1,0,1,1,1,0
944,request,16,5,14776,14312,209714800,0,209714800,1,0,1,1,1,0
945,request,16,5,14808,14776,209714800,0,209714800,1,0,1,1,1,0
946,request,16,5,14840,14808,209714800,0,209714800,1,0,1,1,1,0
947,request,16,5,15304,14840,209714800,0,209714800,1,0,1,1,1,0
948,request,16,5,15336,15304,209714800,0,209714800,1,0,1,1,1,0
949,request,16,5,15368,15336,209714800,0,209714800,1,0,1,1,1,0
950,request,16,5,15512,15368,209714800,0,209714800,1,0,1,1,1,0
951,request,16,5,15544,15512,209714800,0,209714800,1,0,1,1,1,0
952,request,16,5,15576,15544,209714800,0,209714800,1,0,1,1,1,0
953,request,16,5,15720,15576,209714800,0,209714800,1,0,1,1,1,0
954,request,16,5,15752,15720,209714800,0,209714800,1,0,1,1,1,0
955,request,16,5,15784,15752,209714800,0,209714800,1,0,1,1,1,0
956,request,16,5,15928,15784,209714800,0,209714800,1,0,1,1,1,0
957,request,16,5,15960,15928,209714800,0,209714800,1,0,1,1,1,0
958,request,16,5,15992,15960,209714800,0,209714800,1,0,1,1,1,0
959,request,16,5,16136,15992,209714800,0,209714800,1,0,1,1,1,0
960,request,16,5,16160,16136,209714800,0,209714800,1,0,1,1,1,0
961,request,16,5,16184,16160,209714800,0,209714800,1,0,1,1,1,0
962,request,16,5,16296,16184,209714800,0,209714800,1,0,1,1,1,0
963,request,16,5,16320,16296,209714800,0,209714800,1,0,1,1,1,0
964,request,16,5,16344,16320,209714800,0,209714800,1,0,1,1,1,0
965,request,16,5,16456,16344,209714800,0,209714800,1,0,1,1,1,0
966,request,16,5,16468,16456,209714800,0,209714800,1,0,1,1,1,0
967,request,16,5,16480,16468,209714800,0,209714800,1,0,1,1,1,0
968,request,16,5,16544,16480,209714800,0,209714800,1,0,1,1,1,0
969,request,16,5,16556,16544,209714800,0,209714800,1,0,1,1,1,0
970,request,16,5,16568,16556,209714800,0,209714800,1,0,1,1,1,0
971,request,16,5,16632,16568,209714800,0,209714800,1,0,1,1,1,0
972,request,16,5,16644,16632,209714800,0,209714800,1,0,1,1,1,0
973,request,16,5,16656,16644,209714800,0,209714800,1,0,1,1,1,0
974,request,16,5,16720,16656,209714800,0,209714800,1,0,1,1,1,0
975,request,16,5,16732,16720,209714800,0,209714800,1,0,1,1,1,0
976,request,16,5,16744,16732,209714800,0,209714800,1,0,1,1,1,0
977,request,16,5,16808,16744,209714800,0,209714800,1,0,1,1,1,0
978,request,16,5,16820,16808,209714800,0,209714800,1,0,1,1,1,0
979,request,16,5,16832,16820,209714800,0,209714800,1,0,1,1,1,0
980,request,16,5,16896,16832,209714800,0,209714800,1,0,1,1,1,0
981,request,16,5,16908,16896,209714800,0,209714800,1,0,1,1,1,0
982,request,16,5,16920,16908,209714800,0,209714800,1,0,1,1,1,0
983,request,16,5,16984,16920,209714800,0,209714800,1,0,1,1,1,0
984,request,16,5,16996,16984,209714800,0,209714800,1,0,1,1,1,0
985,request,16,5,17008,16996,209714800,0,209714800,1,0,1,1,1,0
986,request,16,5,17072,17008,209714800,0,209714800,1,0,1,1,1,0
987,request,16,5,17084,17072,209714800,0,209714800,1,0,1,1,1,0
988,request,16,5,17096,17084,209714800,0,209714800,1,0,1,1,1,0
989,request,16,5,17160,17096,209714800,0,209714800,1,0,1,1,1,0
990,request,16,5,17200,17160,209714800,0,209714800,1,0,1,1,1,0
991,request,16,5,17240,17200,209714800,0,209714800,1,0,1,1,1,0
992,request,16,5,17416,17240,209714800,0,209714800,1,0,1,1,1,0
993,request,16,5,17456,17416,209714800,0,209714800,1,0,1,1,1,0
994,request,16,5,17496,17456,209714800,0,209714800,1,0,1,1,1,0
995,request,16,5,17672,17496,209714800,0,209714800,1,0,1,1,1,0
996,request,16,5,17712,17672,209714800,0,209714800,1,0,1,1,1,0
997,request,16,5,17752,17712,209714800,0,209714800,1,0,1,1,1,0
998,request,16,5,17928,17752,209714800,0,209714800,1,0,1,1,1,0
999,request,16,5,17968,17928,209714800,0,209714800,1,0,1,1,1,0
1000,request,16,5,18008,17968,209714800,0,209714800,1,0,1,1,1,0
1001,request,16,5,18184,18008,209714800,0,209714800,1,0,1,1,1,0
1002,request,16,5,18224,18184,209714800,0,209714800,1,0,1,1,1,0
1003,request,16,5,18264,18224,209714800,0,209714800,1,0,1,1,1,0
1004,request,16,5,18440,18264,209714800,0,209714800,1,0,1,1,1,0
1005,request,16,5,18480,18440,209714800,0,209714800,1,0,1,1,1,0
1006,request,16,5,18520,18480,209714800,0,209714800,1,0,1,1,1,0
1007,request,16,5,18696,18520,209714800,0,209714800,1,0,1,1,1,0
1008,request,16,5,18736,18696,209714800,0,209714800,1,0,1,1,1,0
1009,request,16,5,18776,18736,209714800,0,209714800,1,0,1,1,1,0
1010,request,16,5,18952,18776,209714800,0,209714800,1,0,1,1,1,0
1011,request,16,5,18992,18952,209714800,0,209714800,1,0,1,1,1,0
1012,request,16,5,19032,18992,209714800,0,209714800,1,0,1,1,1,0
1013,request,16,5,19208,19032,209714800,0,209714800,1,0,1,1,1,0
1014,request,16,5,19220,19208,209714800,0,209714800,1,0,1,1,1,0
1015,request,16,5,19232,19220,209714800,0,209714800,1,0,1,1,1,0
1016,request,16,5,19296,19232,209714800,0,209714800,1,0,1,1,1,0
1017,request,16,5,19308,19296,209714800,0,209714800,1,0,1,1,1,0
1018,request,16,5,19320,19308,209714800,0,209714800,1,0,1,1,1,0
1019,request,16,5,19384,19320,209714800,0,209714800,1,0,1,1,1,0
1020,request,16,5,19396,19384,209714800,0,209714800,1,0,1,1,1,0
1021,request,16,5,19408,19396,209714800,0,209714800,1,0,1,1,1,0
1022,request,16,5,19472,19408,209714800,0,209714800,1,0,1,1,1,0
1023,request,16,5,19484,19472,209714800,0,209714800,1,0,1,1,1,0
1024,request,16,5,19496,19484,209714800,0,209714800,1,0,1,1,1,0
1025,request,16,5,19560,19496,209714800,0,209714800,1,0,1,1,1,0
1026,request,16,5,19572,19560,209714800,0,209714800,1,0,1,1,1,0
1027,request,16,5,19584,19572,209714800,0,209714800,1,0,1,1,1,0
1028,request,16,5,19648,19584,209714800,0,209714800,1,0,1,1,1,0
1029,request,16,5,19660,19648,209714800,0,209714800,1,0,1,1,1,0
1030,request,16,5,19672,19660,209714800,0,209714800,1,0,1,1,1,0
1031,request,16,5,19736,19672,209714800,0,209714800,1,0,1,1,1,0
1032,request,16,5,19748,19736,209714800,0,209714800,1,0,1,1,1,0
1033,request,16,5,19760,19748,209714800,0,209714800,1,0,1,1,1,0
1034,request,16,5,19824,19760,209714800,0,209714800,1,0,1,1,1,0
1035,request,16,5,19836,19824,209714800,0,209714800,1,0,1,1,1,0
1036,request,16,5,19848,19836,209714800,0,209714800,1,0,1,1,1,0
1037,request,16,5,19912,19848,209714800,0,209714800,1,0,1,1,1,0
1038,request,16,5,20056,19912,209714800,0,209714800,1,0,1,1,1,0
1039,request,16,5,20200,20056,209714800,0,209714800,1,0,1,1,1,0
1040,request,16,5,20344,20200,209714800,0,209714800,1,0,1,1,1,0
1041,request,16,5,20488,20344,209714800,0,209714800,1,0,1,1,1,0
1042,request,16,5,20632,20488,209714800,0,209714800,1,0,1,1,1,0
1043,request,16,5,20776,20632,209714800,0,209714800,1,0,1,1,1,0
1044,request,16,5,20920,20776,209714800,0,209714800,1,0,1,1,1,0
1045,request,16,5,21064,20920,209714800,0,209714800,1,0,1,1,1,0
1046,request,16,5,21208,21064,209714800,0,209714800,1,0,1,1,1,0
1047,request,16,5,21352,21208,209714800,0,209714800,1,0,1,1,1,0
1048,request,16,5,21496,21352,209714800,0,209714800,1,0,1,1,1,0
1049,request,16,5,21640,21496,209714800,0,209714800,1,0,1,1,1,0
1050,request,16,5,21784,21640,209714800,0,209714800,1,0,1,1,1,0
1051,request,16,5,21928,21784,209714800,0,209714800,1,0,1,1,1,0
1052,request,16,5,22072,21928,209714800,0,209714800,1,0,1,1,1,0
1053,request,16,5,22216,22072,209714800,0,209714800,1,0,1,1,1,0
1054,request,16,5,22360,22216,209714800,0,209714800,1,0,1,1,1,0
1055,request,16,5,22504,22360,209714800,0,209714800,1,0,1,1,1,0
1056,request,16,5,22648,22504,209714800,0,209714800,1,0,1,1,1,0
1057,request,16,5,22792,22648,209714800,0,209714800,1,0,1,1,1,0
1058,request,16,5,22936,22792,209714800,0,209714800,1,0,1,1,1,0
1059,request,16,5,23080,22936,209714800,0,209714800,1,0,1,1,1,0
1060,request,16,5,23224,23080,209714800,0,209714800,1,0,1,1,1,0
1061,request,16,5,23368,23224,209714800,0,209714800,1,0,1,1,1,0
1062,request,16,5,23512,23368,209714800,0,209714800,1,0,1,1,1,0
1063,request,16,5,23656,23512,209714800,0,209714800,1,0,1,1,1,0
1064,request,16,5,23800,23656,209714800,0,209714800,1,0,1,1,1,0
1065,request,16,5,23944,23800,209714800,0,209714800,1,0,1,1,1,0
1066,request,16,5,24088,23944,209714800,0,209714800,1,0,1,1,1,0
1067,request,16,5,24232,24088,209714800,0,209714800,1,0,1,1,1,0
1068,request,16,5,24376,24232,209714800,0,209714800,1,0,1,1,1,0
1069,request,16,5,24520,24376,209714800,0,209714800,1,0,1,1,1,0
1070,request,16,5,24664,24520,209714800,0,209714800,1,0,1,1,1,0
1071,request,16,5,24808,24664,209714800,0,209714800,1,0,1,1,1,0
1072,request,16,5,24952,24808,209714800,0,209714800,1,0,1,1,1,0
1073,request,16,5,25096,24952,209714800,0,209714800,1,0,1,1,1,0
1074,request,16,5,25240,25096,209714800,0,209714800,1,0,1,1,1,0
1075,request,16,5,25384,25240,209714800,0,209714800,1,0,1,1,1,0
1076,request,16,5,25528,25384,209714800,0,209714800,1,0,1,1,1,0
1077,request,16,5,25672,25528,209714800,0,209714800,1,0,1,1,1,0
1078,request,16,5,25816,25672,209714800,0,209714800,1,0,1,1,1,0
1079,request,16,5,25960,25816,209714800,0,209714800,1,0,1,1,1,0
1080,request,16,5,26104,25960,209714800,0,209714800,1,0,1,1,1,0
1081,request,16,5,26248,26104,209714800,0,209714800,1,0,1,1,1,0
1082,request,16,5,26392,26248,209714800,0,209714800,1,0,1,1,1,0
1083,request,16,5,26536,26392,209714800,0,209714800,1,0,1,1,1,0
1084,request,16,5,26680,26536,209714800,0,209714800,1,0,1,1,1,0
1085,request,16,5,26824,26680,209714800,0,209714800,1,0,1,1,1,0
1086,request,16,5,26968,26824,209714800,0,209714800,1,0,1,1,1,0
1087,request,16,5,27112,26968,209714800,0,209714800,1,0,1,1,1,0
1088,request,16,5,27256,27112,209714800,0,209714800,1,0,1,1,1,0
1089,request,16,5,27400,27256,209714800,0,209714800,1,0,1,1,1,0
1090,request,16,5,27544,27400,209714800,0,209714800,1,0,1,1,1,0
1091,request,16,5,27688,27544,209714800,0,209714800,1,0,1,1,1,0
1092,request,16,5,27832,27688,209714800,0,209714800,1,0,1,1,1,0
1093,request,16,5,27976,27832,209714800,0,209714800,1,0,1,1,1,0
1094,request,16,5,28120,27976,209714800,0,209714800,1,0,1,1,1,0
1095,request,16,5,28264,28120,209714800,0,209714800,1,0,1,1,1,0
1096,request,16,5,28408,28264,209714800,0,209714800,1,0,1,1,1,0
1097,request,16,5,28552,28408,209714800,0,209714800,1,0,1,1,1,0
1098,request,16,5,28696,28552,209714800,0,209714800,1,0,1,1,1,0
1099,request,16,5,28840,28696,209714800,0,209714800,1,0,1,1,1,0
1100,request,16,5,28984,28840,209714800,0,209714800,1,0,1,1,1,0
1101,request,16,5,29128,28984,209714800,0,209714800,1,0,1,1,1,0
1102,request,16,5,29272,29128,209714800,0,209714800,1,0,1,1,1,0
1103,request,16,5,29416,29272,209714800,0,209714800,1,0,1,1,1,0
1104,request,16,5,29560,29416,209714800,0,209714800,1,0,1,1,1,0
1105,request,16,5,29704,29560,209714800,0,209714800,1,0,1,1,1,0
1106,request,16,5,29848,29704,209714800,0,209714800,1,0,1,1,1,0
1107,request,16,5,29992,29848,209714800,0,209714800,1,0,1,1,1,0
1108,request,16,5,30136,29992,209714800,0,209714800,1,0,1,1,1,0
1109,request,16,5,30280,30136,209714800,0,209714800,1,0,1,1,1,0
1110,request,16,5,31096,30280,209714800,0,209714800,1,0,1,1,1,0
1111,request,16,5,31912,31096,209714800,0,209714800,1,0,1,1,1,0
1112,request,16,5,32592,31912,209714800,0,209714800,1,0,1,1,1,0
1113,request,16,5,33272,32592,209714800,0,209714800,1,0,1,1,1,0
1114,request,16,5,33952,33272,209714800,0,209714800,1,0,1,1,1,0
1115,request,16,5,34632,33952,209714800,0,209714800,1,0,1,1,1,0
1116,request,16,5,35152,34632,209714800,0,209714800,1,0,1,1,1,0
1117,request,16,5,35672,35152,209714800,0,209714800,1,0,1,1,1,0
1118,request,16,5,36216,35672,209714800,0,209714800,1,0,1,1,1,0
1119,request,16,5,36760,36216,209714800,0,209714800,1,0,1,1,1,0
1120,request,16,5,37304,36760,209714800,0,209714800,1,0,1,1,1,0
1121,request,16,5,37848,37304,209714800,0,209714800,1,0,1,1,1,0
1122,request,16,5,38392,37848,209714800,0,209714800,1,0,1,1,1,0
1123,request,16,5,38936,38392,209714800,0,209714800,1,0,1,1,1,0
1124,request,16,5,39480,38936,209714800,0,209714800,1,0,1,1,1,0
1125,request,16,5,40024,39480,209714800,0,209714800,1,0,1,1,1,0
1126,request,16,5,40568,40024,209714800,0,209714800,1,0,1,1,1,0
1127,request,16,5,41112,40568,209714800,0,209714800,1,0,1,1,1,0
1128,request,16,5,41656,41112,209714800,0,209714800,1,0,1,1,1,0
1129,request,16,5,42200,41656,209714800,0,209714800,1,0,1,1,1,0
1130,request,16,5,42744,42200,209714800,0,209714800,1,0,1,1,1,0
1131,request,16,5,43288,42744,209714800,0,209714800,1,0,1,1,1,0
1132,request,16,5,43832,43288,209714800,0,209714800,1,0,1,1,1,0
1133,request,16,5,44376,43832,209714800,0,209714800,1,0,1,1,1,0
1134,request,16,5,44544,44376,209714800,0,209714800,1,0,1,1,1,0
1135,request,16,5,44712,44544,209714800,0,209714800,1,0,1,1,1,0
1136,request,16,5,44880,44712,209714800,0,209714800,1,0,1,1,1,0
1137,request,16,5,45048,44880,209714800,0,209714800,1,0,1,1,1,0
1138,request,16,5,45216,45048,209714800,0,209714800,1,0,1,1,1,0
1139,request,16,5,45384,45216,209714800,0,209714800,1,0,1,1,1,0
1140,request,16,5,45552,45384,209714800,0,209714800,1,0,1,1,1,0
1141,request,16,5,45720,45552,209714800,0,209714800,1,0,1,1,1,0
1142,request,16,5,45888,45720,209714800,0,209714800,1,0,1,1,1,0
1143,request,16,5,46056,45888,209714800,0,209714800,1,0,1,1,1,0
1144,request,16,5,46224,46056,209714800,0,209714800,1,0,1,1,1,0
1145,request,16,5,46392,46224,209714800,0,209714800,1,0,1,1,1,0
1146,request,16,5,46560,46392,209714800,0,209714800,1,0,1,1,1,0
1147,request,16,5,46728,46560,209714800,0,209714800,1,0,1,1,1,0
1148,request,16,5,46896,46728,209714800,0,209714800,1,0,1,1,1,0
1149,request,16,5,47064,46896,209714800,0,209714800,1,0,1,1,1,0
1150,request,16,5,47232,47064,209714800,0,209714800,1,0,1,1,1,0
1151,request,16,5,47400,47232,209714800,0,209714800,1,0,1,1,1,0
1152,request,16,5,47568,47400,209714800,0,209714800,1,0,1,1,1,0
1153,request,16,5,47736,47568,209714800,0,209714800,1,0,1,1,1,0
1154,request,16,5,47904,47736,209714800,0,209714800,1,0,1,1,1,0
1155,request,16,5,48072,47904,209714800,0,209714800,1,0,1,1,1,0
1156,request,16,5,48240,48072,209714800,0,209714800,1,0,1,1,1,0
1157,request,16,5,48408,48240,209714800,0,209714800,1,0,1,1,1,0
1158,request,16,5,48576,48408,209714800,0,209714800,1,0,1,1,1,0
1159,request,16,5,48744,48576,209714800,0,209714800,1,0,1,1,1,0
1160,request,16,5,48912,48744,209714800,0,209714800,1,0,1,1,1,0
1161,request,16,5,49080,48912,209714800,0,209714800,1,0,1,1,1,0
1162,request,16,5,49248,49080,209714800,0,209714800,1,0,1,1,1,0
1163,request,16,5,49416,49248,209714800,0,209714800,1,0,1,1,1,0
1164,request,16,5,49584,49416,209714800,0,209714800,1,0,1,1,1,0
1165,request,16,5,49752,49584,209714800,0,209714800,1,0,1,1,1,0
1166,request,16,5,49920,49752,209714800,0,209714800,1,0,1,1,1,0
1167,request,16,5,50088,49920,209714800,0,209714800,1,0,1,1,1,0
1168,request,16,5,50256,50088,209714800,0,209714800,1,0,1,1,1,0
1169,request,16,5,50424,50256,209714800,0,209714800,1,0,1,1,1,0
1170,request,16,5,50592,50424,209714800,0,209714800,1,0,1,1,1,0
1171,request,16,5,50760,50592,209714800,0,209714800,1,0,1,1,1,0
1172,request,16,5,50928,50760,209714800,0,209714800,1,0,1,1,1,0
1173,request,16,5,51096,50928,209714800,0,209714800,1,0,1,1,1,0
1174,request,16,5,51264,51096,209714800,0,209714800,1,0,1,1,1,0
1175,request,16,5,51432,51264,209714800,0,209714800,1,0,1,1,1,0
1176,request,16,5,51600,51432,209714800,0,209714800,1,0,1,1,1,0
1177,request,16,5,51768,51600,209714800,0,209714800,1,0,1,1,1,0
1178,request,16,5,51936,51768,209714800,0,209714800,1,0,1,1,1,0
1179,request,16,5,52104,51936,209714800,0,209714800,1,0,1,1,1,0
1180,request,16,5,52272,52104,209714800,0,209714800,1,0,1,1,1,0
1181,request,16,5,52440,52272,209714800,0,209714800,1,0,1,1,1,0
1182,request,16,5,53120,52440,209714800,0,209714800,1,0,1,1,1,0
1183,request,16,5,53800,53120,209714800,0,209714800,1,0,1,1,1,0
1184,request,16,5,54480,53800,209714800,0,209714800,1,0,1,1,1,0
1185,request,16,5,55160,54480,209714800,0,209714800,1,0,1,1,1,0
1186,request,16,5,55840,55160,209714800,0,209714800,1,0,1,1,1,0
1187,request,16,5,56520,55840,209714800,0,209714800,1,0,1,1,1,0
1188,request,16,5,57200,56520,209714800,0,209714800,1,0,1,1,1,0
1189,request,16,5,57880,57200,209714800,0,209714800,1,0,1,1,1,0
1190,request,16,5,58560,57880,209714800,0,209714800,1,0,1,1,1,0
1191,request,16,5,59240,58560,209714800,0,209714800,1,0,1,1,1,0
1192,request,16,5,59920,59240,209714800,0,209714800,1,0,1,1,1,0
1193,request,16,5,60600,59920,209714800,0,209714800,1,0,1,1,1,0
1194,request,16,5,60620,60600,209714800,0,209714800,1,0,1,1,1,0
1195,request,16,5,60640,60620,209714800,0,209714800,1,0,1,1,1,0
1196,request,16,5,60792,60640,209714800,0,209714800,1,0,1,1,1,0
1197,request,16,5,60812,60792,209714800,0,209714800,1,0,1,1,1,0
1198,request,16,5,60832,60812,209714800,0,209714800,1,0,1,1,1,0
1199,request,16,5,60984,60832,209714800,0,209714800,1,0,1,1,1,0
1200,request,16,5,61004,60984,209714800,0,209714800,1,0,1,1,1,0
1201,request,16,5,61024,61004,209714800,0,209714800,1,0,1,1,1,0
1202,request,16,5,61176,61024,209714800,0,209714800,1,0,1,1,1,0
1203,request,16,5,61196,61176,209714800,0,209714800,1,0,1,1,1,0
1204,request,16,5,61216,61196,209714800,0,209714800,1,0,1,1,1,0
1205,request,16,5,61368,61216,209714800,0,209714800,1,0,1,1,1,0
1206,request,16,5,61388,61368,209714800,0,209714800,1,0,1,1,1,0
1207,request,16,5,61408,61388,209714800,0,209714800,1,0,1,1,1,0
1208,request,16,5,61560,61408,209714800,0,209714800,1,0,1,1,1,0
1209,request,16,5,61580,61560,209714800,0,209714800,1,0,1,1,1,0
1210,request,16,5,61600,61580,209714800,0,209714800,1,0,1,1,1,0
1211,request,16,5,61752,61600,209714800,0,209714800,1,0,1,1,1,0
1212,request,16,5,61772,61752,209714800,0,209714800,1,0,1,1,1,0
1213,request,16,5,61792,61772,209714800,0,209714800,1,0,1,1,1,0
1214,request,16,5,61944,61792,209714800,0,209714800,1,0,1,1,1,0
1215,request,16,5,61964,61944,209714800,0,209714800,1,0,1,1,1,0
1216,request,16,5,61984,61964,209714800,0,209714800,1,0,1,1,1,0
1217,request,16,5,62136,61984,209714800,0,209714800,1,0,1,1,1,0
1218,request,16,5,62156,62136,209714800,0,209714800,1,0,1,1,1,0
1219,request,16,5,62176,62156,209714800,0,209714800,1,0,1,1,1,0
1220,request,16,5,62328,62176,209714800,0,209714800,1,0,1,1,1,0
1221,request,16,5,62348,62328,209714800,0,209714800,1,0,1,1,1,0
1222,request,16,5,62368,62348,209714800,0,209714800,1,0,1,1,1,0
1223,request,16,5,62520,62368,209714800,0,209714800,1,0,1,1,1,0
1224,request,16,5,62552,62520,209714800,0,209714800,1,0,1,1,1,0
1225,request,16,5,62584,62552,209714800,0,209714800,1,0,1,1,1,0
1226,request,16,5,62728,62584,209714800,0,209714800,1,0,1,1,1,0
1227,request,16,5,62760,62728,209714800,0,209714800,1,0,1,1,1,0
1228,request,16,5,62792,62760,209714800,0,209714800,1,0,1,1,1,0
1229,request,16,5,62936,62792,209714800,0,209714800,1,0,1,1,1,0
1230,request,16,5,62968,62936,209714800,0,209714800,1,0,1,1,1,0
1231,request,16,5,63000,62968,209714800,0,209714800,1,0,1,1,1,0
1232,request,16,5,63144,63000,209714800,0,209714800,1,0,1,1,1,0
1233,request,16,5,63176,63144,209714800,0,209714800,1,0,1,1,1,0
1234,request,16,5,63208,63176,209714800,0,209714800,1,0,1,1,1,0
1235,request,16,5,63352,63208,209714800,0,209714800,1,0,1,1,1,0
1236,request,16,5,63384,63352,209714800,0,209714800,1,0,1,1,1,0
1237,request,16,5,63416,63384,209714800,0,209714800,1,0,1,1,1,0
1238,request,16,5,63560,63416,209714800,0,209714800,1,0,1,1,1,0
1239,request,16,5,63592,63560,209714800,0,209714800,1,0,1,1,1,0
1240,request,16,5,63624,63592,209714800,0,209714800,1,0,1,1,1,0
1241,request,16,5,63768,63624,209714800,0,209714800,1,0,1,1,1,0
1242,request,16,5,63800,63768,209714800,0,209714800,1,0,1,1,1,0
1243,request,16,5,63832,63800,209714800,0,209714800,1,0,1,1,1,0
1244,request,16,5,63976,63832,209714800,0,209714800,1,0,1,1,1,0
1245,request,16,5,64008,63976,209714800,0,209714800,1,0,1,1,1,0
1246,request,16,5,64040,64008,209714800,0,209714800,1,0,1,1,1,0
1247,request,16,5,64184,64040,209714800,0,209714800,1,0,1,1,1,0
1248,request,16,5,64200,64184,209714800,0,209714800,1,0,1,1,1,0
1249,request,16,5,64216,64200,209714800,0,209714800,1,0,1,1,1,0
1250,request,16,5,64296,64216,209714800,0,209714800,1,0,1,1,1,0
1251,request,16,5,64312,64296,209714800,0,209714800,1,0,1,1,1,0
1252,request,16,5,64328,64312,209714800,0,209714800,1,0,1,1,1,0
1253,request,16,5,64408,64328,209714800,0,209714800,1,0,1,1,1,0
1254,request,16,5,64424,64408,209714800,0,209714800,1,0,1,1,1,0
1255,request,16,5,64440,64424,209714800,0,209714800,1,0,1,1,1,0
1256,request,16,5,64520,64440,209714800,0,209714800,1,0,1,1,1,0
1257,request,16,5,64536,64520,209714800,0,209714800,1,0,1,1,1,0
1258,request,16,5,64552,64536,209714800,0,209714800,1,0,1,1,1,0
1259,request,16,5,64632,64552,209714800,0,209714800,1,0,1,1,1,0
1260,request,16,5,64648,64632,209714800,0,209714800,1,0,1,1,1,0
1261,request,16,5,64664,64648,209714800,0,209714800,1,0,1,1,1,0
1262,request,16,5,64744,64664,209714800,0,209714800,1,0,1,1,1,0
1263,request,16,5,64760,64744,209714800,0,209714800,1,0,1,1,1,0
1264,request,16,5,64776,64760,209714800,0,209714800,1,0,1,1,1,0
1265,request,16,5,64856,64776,209714800,0,209714800,1,0,1,1,1,0
1266,request,16,5,64872,64856,209714800,0,209714800,1,0,1,1,1,0
1267,request,16,5,64888,64872,209714800,0,209714800,1,0,1,1,1,0
1268,request,16,5,64968,64888,209714800,0,209714800,1,0,1,1,1,0
1269,request,16,5,64984,64968,209714800,0,209714800,1,0,1,1,1,0
1270,request,16,5,65000,64984,209714800,0,209714800,1,0,1,1,1,0
1271,request,16,5,65080,65000,209714800,0,209714800,1,0,1,1,1,0
1272,request,16,5,65096,65080,209714800,0,209714800,1,0,1,1,1,0
1273,request,16,5,65112,65096,209714800,0,209714800,1,0,1,1,1,0
1274,request,16,5,65192,65112,209714800,0,209714800,1,0,1,1,1,0
1275,request,16,5,65208,65192,209714800,0,209714800,1,0,1,1,1,0
1276,request,16,5,65224,65208,209714800,0,209714800,1,0,1,1,1,0
1277,request,16,5,65304,65224,209714800,0,209714800,1,0,1,1,1,0
1278,request,16,5,65320,65304,209714800,0,209714800,1,0,1,1,1,0
1279,request,16,5,65336,65320,209714800,0,209714800,1,0,1,1,1,0
1280,request,16,5,65416,65336,209714800,0,209714800,1,0,1,1,1,0
1281,request,16,5,65432,65416,209714800,0,209714800,1,0,1,1,1,0
1282,request,16,5,65448,65432,209714800,0,209714800,1,0,1,1,1,0
1283,request,16,5,65528,65448,209714800,0,209714800,1,0,1,1,1,0
1284,request,16,5,65544,65528,209714800,0,209714800,1,0,1,1,1,0
1285,request,16,5,65560,65544,209714800,0,209714800,1,0,1,1,1,0
1286,request,16,5,65640,65560,209714800,0,209714800,1,0,1,1,1,0
1287,request,16,5,65656,65640,209714800,0,209714800,1,0,1,1,1,0
1288,request,16,5,65672,65656,209714800,0,209714800,1,0,1,1,1,0
1289,request,16,5,65752,65672,209714800,0,209714800,1,0,1,1,1,0
1290,request,16,5,65768,65752,209714800,0,209714800,1,0,1,1,1,0
1291,request,16,5,65784,65768,209714800,0,209714800,1,0,1,1,1,0
1292,request,16,5,65864,65784,209714800,0,209714800,1,0,1,1,1,0
1293,request,16,5,65880,65864,209714800,0,209714800,1,0,1,1,1,0
1294,request,16,5,65896,65880,209714800,0,209714800,1,0,1,1,1,0
1295,request,16,5,65976,65896,209714800,0,209714800,1,0,1,1,1,0
1296,request,16,5,68568,65976,209714800,0,209714800,1,0,1,1,1,0
1297,request,16,5,71160,68568,209714800,0,209714800,1,0,1,1,1,0
1298,request,16,5,72408,71160,209714800,0,209714800,1,0,1,1,1,0
1299,request,16,5,74424,72408,209714800,0,209714800,1,0,1,1,1,0
1300,request,16,5,75672,74424,209714800,0,209714800,1,0,1,1,1,0
1301,request,16,5,76920,75672,209714800,0,209714800,1,0,1,1,1,0
1302,request,17,5,216,0,209714800,0,209714800,1,0,1,1,1,0
1303,request,17,5,432,216,209714800,0,209714800,1,0,1,1,1,0
1304,request,17,5,648,432,209714800,0,209714800,1,0,1,1,1,0
1305,request,17,5,864,648,209714800,0,209714800,1,0,1,1,1,0
1306,request,17,5,1080,864,209714800,0,209714800,1,0,1,1,1,0
1307,request,17,5,1296,1080,209714800,0,209714800,1,0,1,1,1,0
1308,request,17,5,1512,1296,209714800,0,209714800,1,0,1,1,1,0
1309,request,17,5,1728,1512,209714800,0,209714800,1,0,1,1,1,0
1310,request,17,5,1944,1728,209714800,0,209714800,1,0,1,1,1,0
1311,request,17,5,2160,1944,209714800,0,209714800,1,0,1,1,1,0
1312,request,17,5,2376,2160,209714800,0,209714800,1,0,1,1,1,0
1313,request,17,5,2592,2376,209714800,0,209714800,1,0,1,1,1,0
1314,request,17,5,2808,2592,209714800,0,209714800,1,0,1,1,1,0
1315,request,17,5,3024,2808,209714800,0,209714800,1,0,1,1,1,0
1316,request,17,5,3240,3024,209714800,0,209714800,1,0,1,1,1,0
1317,request,17,5,3456,3240,209714800,0,209714800,1,0,1,1,1,0
1318,request,17,5,3672,3456,209714800,0,209714800,1,0,1,1,1,0
1319,request,17,5,3888,3672,209714800,0,209714800,1,0,1,1,1,0
1320,request,17,5,4408,3888,209714800,0,209714800,1,0,1,1,1,0
1321,request,17,5,4928,4408,209714800,0,209714800,1,0,1,1,1,0
1322,request,17,5,5448,4928,209714800,0,209714800,1,0,1,1,1,0
1323,request,17,5,5968,5448,209714800,0,209714800,1,0,1,1,1,0
1324,request,17,5,6488,5968,209714800,0,209714800,1,0,1,1,1,0
1325,request,17,5,7008,6488,209714800,0,209714800,1,0,1,1,1,0
1326,request,17,5,7528,7008,209714800,0,209714800,1,0,1,1,1,0
1327,request,17,5,8048,7528,209714800,0,209714800,1,0,1,1,1,0
1328,request,17,5,8568,8048,209714800,0,209714800,1,0,1,1,1,0
1329,request,17,5,9088,8568,209714800,0,209714800,1,0,1,1,1,0
1330,request,17,5,9120,9088,209714800,0,209714800,1,0,1,1,1,0
1331,request,17,5,9152,9120,209714800,0,209714800,1,0,1,1,1,0
1332,request,17,5,9296,9152,209714800,0,209714800,1,0,1,1,1,0
1333,request,17,5,9328,9296,209714800,0,209714800,1,0,1,1,1,0
1334,request,17,5,9360,9328,209714800,0,209714800,1,0,1,1,1,0
1335,request,17,5,9504,9360,209714800,0,209714800,1,0,1,1,1,0
1336,request,17,5,9536,9504,209714800,0,209714800,1,0,1,1,1,0
1337,request,17,5,9568,9536,209714800,0,209714800,1,0,1,1,1,0
1338,request,17,5,10032,9568,209714800,0,209714800,1,0,1,1,1,0
1339,request,17,5,10064,10032,209714800,0,209714800,1,0,1,1,1,0
1340,request,17,5,10096,10064,209714800,0,209714800,1,0,1,1,1,0
1341,request,17,5,10240,10096,209714800,0,209714800,1,0,1,1,1,0
1342,request,17,5,10272,10240,209714800,0,209714800,1,0,1,1,1,0
1343,request,17,5,10304,10272,209714800,0,209714800,1,0,1,1,1,0
1344,request,17,5,10768,10304,209714800,0,209714800,1,0,1,1,1,0
1345,request,17,5,10800,10768,209714800,0,209714800,1,0,1,1,1,0
1346,request,17,5,10832,10800,209714800,0,209714800,1,0,1,1,1,0
1347,request,17,5,11296,10832,209714800,0,209714800,1,0,1,1,1,0
1348,request,17,5,11328,11296,209714800,0,209714800,1,0,1,1,1,0
1349,request,17,5,11360,11328,209714800,0,209714800,1,0,1,1,1,0
1350,request,17,5,11504,11360,209714800,0,209714800,1,0,1,1,1,0
1351,request,17,5,11536,11504,209714800,0,209714800,1,0,1,1,1,0
1352,request,17,5,11568,11536,209714800,0,209714800,1,0,1,1,1,0
1353,request,17,5,11712,11568,209714800,0,209714800,1,0,1,1,1,0
1354,request,17,5,11732,11712,209714800,0,209714800,1,0,1,1,1,0
1355,request,17,5,11752,11732,209714800,0,209714800,1,0,1,1,1,0
1356,request,17,5,12072,11752,209714800,0,209714800,1,0,1,1,1,0
1357,request,17,5,12092,12072,209714800,0,209714800,1,0,1,1,1,0
1358,request,17,5,12112,12092,209714800,0,209714800,1,0,1,1,1,0
1359,request,17,5,12432,12112,209714800,0,209714800,1,0,1,1,1,0
1360,request,17,5,12464,12432,209714800,0,209714800,1,0,1,1,1,0
1361,request,17,5,12496,12464,209714800,0,209714800,1,0,1,1,1,0
1362,request,17,5,12960,12496,209714800,0,209714800,1,0,1,1,1,0
1363,request,17,5,12980,12960,209714800,0,209714800,1,0,1,1,1,0
1364,request,17,5,13000,12980,209714800,0,209714800,1,0,1,1,1,0
1365,request,17,5,13320,13000,209714800,0,209714800,1,0,1,1,1,0
1366,request,17,5,13340,13320,209714800,0,209714800,1,0,1,1,1,0
1367,request,17,5,13360,13340,209714800,0,209714800,1,0,1,1,1,0
1368,request,17,5,13680,13360,209714800,0,209714800,1,0,1,1,1,0
1369,request,17,5,13700,13680,209714800,0,209714800,1,0,1,1,1,0
1370,request,17,5,13720,13700,209714800,0,209714800,1,0,1,1,1,0
1371,request,17,5,14040,13720,209714800,0,209714800,1,0,1,1,1,0
1372,request,17,5,14072,14040,209714800,0,209714800,1,0,1,1,1,0
1373,request,17,5,14104,14072,209714800,0,209714800,1,0,1,1,1,0
1374,request,17,5,14248,14104,209714800,0,209714800,1,0,1,1,1,0
1375,request,17,5,14280,14248,209714800,0,209714800,1,0,1,1,1,0
1376,request,17,5,14312,14280,209714800,0,209714800,1,0,1,1,1,0
1377,request,17,5,14776,14312,209714800,0,209714800,1,0,1,1,1,0
1378,request,17,5,14808,14776,209714800,0,209714800,1,0,1,1,1,0
1379,request,17,5,14840,14808,209714800,0,209714800,1,0,1,1,1,0
1380,request,17,5,15304,14840,209714800,0,209714800,1,0,1,1,1,0
1381,request,17,5,15336,15304,209714800,0,209714800,1,0,1,1,1,0
1382,request,17,5,15368,15336,209714800,0,209714800,1,0,1,1,1,0
1383,request,17,5,15512,15368,209714800,0,209714800,1,0,1,1,1,0
1384,request,17,5,15544,15512,209714800,0,209714800,1,0,1,1,1,0
1385,request,17,5,15576,15544,209714800,0,209714800,1,0,1,1,1,0
1386,request,17,5,15720,15576,209714800,0,209714800,1,0,1,1,1,0
1387,request,17,5,15752,15720,209714800,0,209714800,1,0,1,1,1,0
1388,request,17,5,15784,15752,209714800,0,209714800,1,0,1,1,1,0
1389,request,17,5,15928,15784,209714800,0,209714800,1,0,1,1,1,0
1390,request,17,5,15960,15928,209714800,0,209714800,1,0,1,1,1,0
1391,request,17,5,15992,15960,209714800,0,209714800,1,0,1,1,1,0
1392,request,17,5,16136,15992,209714800,0,209714800,1,0,1,1,1,0
1393,request,17,5,16160,16136,209714800,0,209714800,1,0,1,1,1,0
1394,request,17,5,16184,16160,209714800,0,209714800,1,0,1,1,1,0
1395,request,17,5,16296,16184,209714800,0,209714800,1,0,1,1,1,0
1396,request,17,5,16320,16296,209714800,0,209714800,1,0,1,1,1,0
1397,request,17,5,16344,16320,209714800,0,209714800,1,0,1,1,1,0
1398,request,17,5,16456,16344,209714800,0,209714800,1,0,1,1,1,0
1399,request,17,5,16468,16456,209714800,0,209714800,1,0,1,1,1,0
1400,request,17,5,16480,16468,209714800,0,209714800,1,0,1,1,1,0
1401,request,17,5,16544,16480,209714800,0,209714800,1,0,1,1,1,0
1402,request,17,5,16556,16544,209714800,0,209714800,1,0,1,1,1,0
1403,request,17,5,16568,16556,209714800,0,209714800,1,0,1,1,1,0
1404,request,17,5,16632,16568,209714800,0,209714800,1,0,1,1,1,0
1405,request,17,5,16644,16632,209714800,0,209714800,1,0,1,1,1,0
1406,request,17,5,16656,16644,209714800,0,209714800,1,0,1,1,1,0
1407,request,17,5,16720,16656,209714800,0,209714800,1,0,1,1,1,0
1408,request,17,5,16732,16720,209714800,0,209714800,1,0,1,1,1,0
1409,request,17,5,16744,16732,209714800,0,209714800,1,0,1,1,1,0
1410,request,17,5,16808,16744,209714800,0,209714800,1,0,1,1,1,0
1411,request,17,5,16820,16808,209714800,0,209714800,1,0,1,1,1,0
1412,request,17,5,16832,16820,209714800,0,209714800,1,0,1,1,1,0
1413,request,17,5,16896,16832,209714800,0,209714800,1,0,1,1,1,0
1414,request,17,5,16908,16896,209714800,0,209714800,1,0,1,1,1,0
1415,request,17,5,16920,16908,209714800,0,209714800,1,0,1,1,1,0
1416,request,17,5,16984,16920,209714800,0,209714800,1,0,1,1,1,0
1417,request,17,5,16996,16984,209714800,0,209714800,1,0,1,1,1,0
1418,request,17,5,17008,16996,209714800,0,209714800,1,0,1,1,1,0
1419,request,17,5,17072,17008,209714800,0,209714800,1,0,1,1,1,0
1420,request,17,5,17084,17072,209714800,0,209714800,1,0,1,1,1,0
1421,request,17,5,17096,17084,209714800,0,209714800,1,0,1,1,1,0
1422,request,17,5,17160,17096,209714800,0,209714800,1,0,1,1,1,0
1423,request,17,5,17200,17160,209714800,0,209714800,1,0,1,1,1,0
1424,request,17,5,17240,17200,209714800,0,209714800,1,0,1,1,1,0
1425,request,17,5,17416,17240,209714800,0,209714800,1,0,1,1,1,0
1426,request,17,5,17456,17416,209714800,0,209714800,1,0,1,1,1,0
1427,request,17,5,17496,17456,209714800,0,209714800,1,0,1,1,1,0
1428,request,17,5,17672,17496,209714800,0,209714800,1,0,1,1,1,0
1429,request,17,5,17712,17672,209714800,0,209714800,1,0,1,1,1,0
1430,request,17,5,17752,17712,209714800,0,209714800,1,0,1,1,1,0
1431,request,17,5,17928,17752,209714800,0,209714800,1,0,1,1,1,0
1432,request,17,5,17968,17928,209714800,0,209714800,1,0,1,1,1,0
1433,request,17,5,18008,17968,209714800,0,209714800,1,0,1,1,1,0
1434,request,17,5,18184,18008,209714800,0,209714800,1,0,1,1,1,0
1435,request,17,5,18224,18184,209714800,0,209714800,1,0,1,1,1,0
1436,request,17,5,18264,18224,209714800,0,209714800,1,0,1,1,1,0
1437,request,17,5,18440,18264,209714800,0,209714800,1,0,1,1,1,0
1438,request,17,5,18480,18440,209714800,0,209714800,1,0,1,1,1,0
1439,request,17,5,18520,18480,209714800,0,209714800,1,0,1,1,1,0
1440,request,17,5,18696,18520,209714800,0,209714800,1,0,1,1,1,0
1441,request,17,5,18736,18696,209714800,0,209714800,1,0,1,1,1,0
1442,request,17,5,18776,18736,209714800,0,209714800,1,0,1,1,1,0
1443,request,17,5,18952,18776,209714800,0,209714800,1,0,1,1,1,0
1444,request,17,5,18992,18952,209714800,0,209714800,1,0,1,1,1,0
1445,request,17,5,19032,18992,209714800,0,209714800,1,0,1,1,1,0
1446,request,17,5,19208,19032,209714800,0,209714800,1,0,1,1,1,0
1447,request,17,5,19220,19208,209714800,0,209714800,1,0,1,1,1,0
1448,request,17,5,19232,19220,209714800,0,209714800,1,0,1,1,1,0
1449,request,17,5,19296,19232,209714800,0,209714800,1,0,1,1,1,0
1450,request,17,5,19308,19296,209714800,0,209714800,1,0,1,1,1,0
1451,request,17,5,19320,19308,209714800,0,209714800,1,0,1,1,1,0
1452,request,17,5,19384,19320,209714800,0,209714800,1,0,1,1,1,0
1453,request,17,5,19396,19384,209714800,0,209714800,1,0,1,1,1,0
1454,request,17,5,19408,19396,209714800,0,209714800,1,0,1,1,1,0
1455,request,17,5,19472,19408,209714800,0,209714800,1,0,1,1,1,0
1456,request,17,5,19484,19472,209714800,0,209714800,1,0,1,1,1,0
1457,request,17,5,19496,19484,209714800,0,209714800,1,0,1,1,1,0
1458,request,17,5,19560,19496,209714800,0,209714800,1,0,1,1,1,0
1459,request,17,5,19572,19560,209714800,0,209714800,1,0,1,1,1,0
1460,request,17,5,19584,19572,209714800,0,209714800,1,0,1,1,1,0
1461,request,17,5,19648,19584,209714800,0,209714800,1,0,1,1,1,0
1462,request,17,5,19660,19648,209714800,0,209714800,1,0,1,1,1,0
1463,request,17,5,19672,19660,209714800,0,209714800,1,0,1,1,1,0
1464,request,17,5,19736,19672,209714800,0,209714800,1,0,1,1,1,0
1465,request,17,5,19748,19736,209714800,0,209714800,1,0,1,1,1,0
1466,request,17,5,19760,19748,209714800,0,209714800,1,0,1,1,1,0
1467,request,17,5,19824,19760,209714800,0,209714800,1,0,1,1,1,0
1468,request,17,5,19836,19824,209714800,0,209714800,1,0,1,1,1,0
1469,request,17,5,19848,19836,209714800,0,209714800,1,0,1,1,1,0
1470,request,17,5,19912,19848,209714800,0,209714800,1,0,1,1,1,0
1471,request,17,5,20056,19912,209714800,0,209714800,1,0,1,1,1,0
1472,request,17,5,20200,20056,209714800,0,209714800,1,0,1,1,1,0
1473,request,17,5,20344,20200,209714800,0,209714800,1,0,1,1,1,0
1474,request,17,5,20488,20344,209714800,0,209714800,1,0,1,1,1,0
1475,request,17,5,20632,20488,209714800,0,209714800,1,0,1,1,1,0
1476,request,17,5,20776,20632,209714800,0,209714800,1,0,1,1,1,0
1477,request,17,5,20920,20776,209714800,0,209714800,1,0,1,1,1,0
1478,request,17,5,21064,20920,209714800,0,209714800,1,0,1,1,1,0
1479,request,17,5,21208,21064,209714800,0,209714800,1,0,1,1,1,0
1480,request,17,5,21352,21208,209714800,0,209714800,1,0,1,1,1,0
1481,request,17,5,21496,21352,209714800,0,209714800,1,0,1,1,1,0
1482,request,17,5,21640,21496,209714800,0,209714800,1,0,1,1,1,0
1483,request,17,5,21784,21640,209714800,0,209714800,1,0,1,1,1,0
1484,request,17,5,21928,21784,209714800,0,209714800,1,0,1,1,1,0
1485,request,17,5,22072,21928,209714800,0,209714800,1,0,1,1,1,0
1486,request,17,5,22216,22072,209714800,0,209714800,1,0,1,1,1,0
1487,request,17,5,22360,22216,209714800,0,209714800,1,0,1,1,1,0
1488,request,17,5,22504,22360,209714800,0,209714800,1,0,1,1,1,0
1489,request,17,5,22648,22504,209714800,0,209714800,1,0,1,1,1,0
1490,request,17,5,22792,22648,209714800,0,209714800,1,0,1,1,1,0
1491,request,17,5,22936,22792,209714800,0,209714800,1,0,1,1,1,0
1492,request,17,5,23080,22936,209714800,0,209714800,1,0,1,1,1,0
1493,request,17,5,23224,23080,209714800,0,209714800,1,0,1,1,1,0
1494,request,17,5,23368,23224,209714800,0,209714800,1,0,1,1,1,0
1495,request,17,5,23512,23368,209714800,0,209714800,1,0,1,1,1,0
1496,request,17,5,23656,23512,209714800,0,209714800,1,0,1,1,1,0
1497,request,17,5,23800,23656,209714800,0,209714800,1,0,1,1,1,0
1498,request,17,5,23944,23800,209714800,0,209714800,1,0,1,1,1,0
1499,request,17,5,24088,23944,209714800,0,209714800,1,0,1,1,1,0
1500,request,17,5,24232,24088,209714800,0,209714800,1,0,1,1,1,0
1501,request,17,5,24376,24232,209714800,0,209714800,1,0,1,1,1,0
1502,request,17,5,24520,24376,209714800,0,209714800,1,0,1,1,1,0
1503,request,17,5,24664,24520,209714800,0,209714800,1,0,1,1,1,0
1504,request,17,5,24808,24664,209714800,0,209714800,1,0,1,1,1,0
1505,request,17,5,24952,24808,209714800,0,209714800,1,0,1,1,1,0
1506,request,17,5,25096,24952,209714800,0,209714800,1,0,1,1,1,0
1507,request,17,5,25240,25096,209714800,0,209714800,1,0,1,1,1,0
1508,request,17,5,25384,25240,209714800,0,209714800,1,0,1,1,1,0
1509,request,17,5,25528,25384,209714800,0,209714800,1,0,1,1,1,0
1510,request,17,5,25672,25528,209714800,0,209714800,1,0,1,1,1,0
1511,request,17,5,25816,25672,209714800,0,209714800,1,0,1,1,1,0
1512,request,17,5,25960,25816,209714800,0,209714800,1,0,1,1,1,0
1513,request,17,5,26104,25960,209714800,0,209714800,1,0,1,1,1,0
1514,request,17,5,26248,26104,209714800,0,209714800,1,0,1,1,1,0
1515,request,17,5,26392,26248,209714800,0,209714800,1,0,1,1,1,0
1516,request,17,5,26536,26392,209714800,0,209714800,1,0,1,1,1,0
1517,request,17,5,26680,26536,209714800,0,209714800,1,0,1,1,1,0
1518,request,17,5,26824,26680,209714800,0,209714800,1,0,1,1,1,0
1519,request,17,5,26968,26824,209714800,0,209714800,1,0,1,1,1,0
1520,request,17,5,27112,26968,209714800,0,209714800,1,0,1,1,1,0
1521,request,17,5,27256,27112,209714800,0,209714800,1,0,1,1,1,0
1522,request,17,5,27400,27256,209714800,0,209714800,1,0,1,1,1,0
1523,request,17,5,27544,27400,209714800,0,209714800,1,0,1,1,1,0
1524,request,17,5,27688,27544,209714800,0,209714800,1,0,1,1,1,0
1525,request,17,5,27832,27688,209714800,0,209714800,1,0,1,1,1,0
1526,request,17,5,27976,27832,209714800,0,209714800,1,0,1,1,1,0
1527,request,17,5,28120,27976,209714800,0,209714800,1,0,1,1,1,0
1528,request,17,5,28264,28120,209714800,0,209714800,1,0,1,1,1,0
1529,request,17,5,28408,28264,209714800,0,209714800,1,0,1,1,1,0
1530,request,17,5,28552,28408,209714800,0,209714800,1,0,1,1,1,0
1531,request,17,5,28696,28552,209714800,0,209714800,1,0,1,1,1,0
1532,request,17,5,28840,28696,209714800,0,209714800,1,0,1,1,1,0
1533,request,17,5,28984,28840,209714800,0,209714800,1,0,1,1,1,0
1534,request,17,5,29128,28984,209714800,0,209714800,1,0,1,1,1,0
1535,request,17,5,29272,29128,209714800,0,209714800,1,0,1,1,1,0
1536,request,17,5,29416,29272,209714800,0,209714800,1,0,1,1,1,0
1537,request,17,5,29560,29416,209714800,0,209714800,1,0,1,1,1,0
1538,request,17,5,29704,29560,209714800,0,209714800,1,0,1,1,1,0
1539,request,17,5,29848,29704,209714800,0,209714800,1,0,1,1,1,0
1540,request,17,5,29992,29848,209714800,0,209714800,1,0,1,1,1,0
1541,request,17,5,30136,29992,209714800,0,209714800,1,0,1,1,1,0
1542,request,17,5,30280,30136,209714800,0,209714800,1,0,1,1,1,0
1543,request,17,5,31096,30280,209714800,0,209714800,1,0,1,1,1,0
1544,request,17,5,31912,31096,209714800,0,209714800,1,0,1,1,1,0
1545,request,17,5,32592,31912,209714800,0,209714800,1,0,1,1,1,0
1546,request,17,5,33272,32592,209714800,0,209714800,1,0,1,1,1,0
1547,request,17,5,33952,33272,209714800,0,209714800,1,0,1,1,1,0
1548,request,17,5,34632,33952,209714800,0,209714800,1,0,1,1,1,0
1549,request,17,5,35152,34632,209714800,0,209714800,1,0,1,1,1,0
1550,request,17,5,35672,35152,209714800,0,209714800,1,0,1,1,1,0
1551,request,17,5,36216,35672,209714800,0,209714800,1,0,1,1,1,0
1552,request,17,5,36760,36216,209714800,0,209714800,1,0,1,1,1,0
1553,request,17,5,37304,36760,209714800,0,209714800,1,0,1,1,1,0
1554,request,17,5,37848,37304,209714800,0,209714800,1,0,1,1,1,0
1555,request,17,5,38392,37848,209714800,0,209714800,1,0,1,1,1,0
1556,request,17,5,38936,38392,209714800,0,209714800,1,0,1,1,1,0
1557,request,17,5,39480,38936,209714800,0,209714800,1,0,1,1,1,0
1558,request,17,5,40024,39480,209714800,0,209714800,1,0,1,1,1,0
1559,request,17,5,40568,40024,209714800,0,209714800,1,0,1,1,1,0
1560,request,17,5,41112,40568,209714800,0,209714800,1,0,1,1,1,0
1561,request,17,5,41656,41112,209714800,0,209714800,1,0,1,1,1,0
1562,request,17,5,42200,41656,209714800,0,209714800,1,0,1,1,1,0
1563,request,17,5,42744,42200,209714800,0,209714800,1,0,1,1,1,0
1564,request,17,5,43288,42744,209714800,0,209714800,1,0,1,1,1,0
1565,request,17,5,43832,43288,209714800,0,209714800,1,0,1,1,1,0
1566,request,17,5,44376,43832,209714800,0,209714800,1,0,1,1,1,0
1567,request,17,5,44544,44376,209714800,0,209714800,1,0,1,1,1,0
1568,request,17,5,44712,44544,209714800,0,209714800,1,0,1,1,1,0
1569,request,17,5,44880,44712,209714800,0,209714800,1,0,1,1,1,0
1570,request,17,5,45048,44880,209714800,0,209714800,1,0,1,1,1,0
1571,request,17,5,45216,45048,209714800,0,209714800,1,0,1,1,1,0
1572,request,17,5,45384,45216,209714800,0,209714800,1,0,1,1,1,0
1573,request,17,5,45552,45384,209714800,0,209714800,1,0,1,1,1,0
1574,request,17,5,45720,45552,209714800,0,209714800,1,0,1,1,1,0
1575,request,17,5,45888,45720,209714800,0,209714800,1,0,1,1,1,0
1576,request,17,5,46056,45888,209714800,0,209714800,1,0,1,1,1,0
1577,request,17,5,46224,46056,209714800,0,209714800,1,0,1,1,1,0
1578,request,17,5,46392,46224,209714800,0,209714800,1,0,1,1,1,0
1579,request,17,5,46560,46392,209714800,0,209714800,1,0,1,1,1,0
1580,request,17,5,46728,46560,209714800,0,209714800,1,0,1,1,1,0
1581,request,17,5,46896,46728,209714800,0,209714800,1,0,1,1,1,0
1582,request,17,5,47064,46896,209714800,0,209714800,1,0,1,1,1,0
1583,request,17,5,47232,47064,209714800,0,209714800,1,0,1,1,1,0
1584,request,17,5,47400,47232,209714800,0,209714800,1,0,1,1,1,0
1585,request,17,5,47568,47400,209714800,0,209714800,1,0,1,1,1,0
1586,request,17,5,47736,47568,209714800,0,209714800,1,0,1,1,1,0
1587,request,17,5,47904,47736,209714800,0,209714800,1,0,1,1,1,0
1588,request,17,5,48072,47904,209714800,0,209714800,1,0,1,1,1,0
1589,request,17,5,48240,48072,209714800,0,209714800,1,0,1,1,1,0
1590,request,17,5,48408,48240,209714800,0,209714800,1,0,1,1,1,0
1591,request,17,5,48576,48408,209714800,0,209714800,1,0,1,1,1,0
1592,request,17,5,48744,48576,209714800,0,209714800,1,0,1,1,1,0
1593,request,17,5,48912,48744,209714800,0,209714800,1,0,1,1,1,0
1594,request,17,5,49080,48912,209714800,0,209714800,1,0,1,1,1,0
1595,request,17,5,49248,49080,209714800,0,209714800,1,0,1,1,1,0
1596,request,17,5,49416,49248,209714800,0,209714800,1,0,1,1,1,0
1597,request,17,5,49584,49416,209714800,0,209714800,1,0,1,1,1,0
1598,request,17,5,49752,49584,209714800,0,209714800,1,0,1,1,1,0
1599,request,17,5,49920,49752,209714800,0,209714800,1,0,1,1,1,0
1600,request,17,5,50088,49920,209714800,0,209714800,1,0,1,1,1,0
1601,request,17,5,50256,50088,209714800,0,209714800,1,0,1,1,1,0
1602,request,17,5,50424,50256,209714800,0,209714800,1,0,1,1,1,0
1603,request,17,5,50592,50424,209714800,0,209714800,1,0,1,1,1,0
1604,request,17,5,50760,50592,209714800,0,209714800,1,0,1,1,1,0
1605,request,17,5,50928,50760,209714800,0,209714800,1,0,1,1,1,0
1606,request,17,5,51096,50928,209714800,0,209714800,1,0,1,1,1,0
1607,request,17,5,51264,51096,209714800,0,209714800,1,0,1,1,1,0
1608,request,17,5,51432,51264,209714800,0,209714800,1,0,1,1,1,0
1609,request,17,5,51600,51432,209714800,0,209714800,1,0,1,1,1,0
1610,request,17,5,51768,51600,209714800,0,209714800,1,0,1,1,1,0
1611,request,17,5,51936,51768,209714800,0,209714800,1,0,1,1,1,0
1612,request,17,5,52104,51936,209714800,0,209714800,1,0,1,1,1,0
1613,request,17,5,52272,52104,209714800,0,209714800,1,0,1,1,1,0
1614,request,17,5,52440,52272,209714800,0,209714800,1,0,1,1,1,0
1615,request,17,5,53120,52440,209714800,0,209714800,1,0,1,1,1,0
1616,request,17,5,53800,53120,209714800,0,209714800,1,0,1,1,1,0
1617,request,17,5,54480,53800,209714800,0,209714800,1,0,1,1,1,0
1618,request,17,5,55160,54480,209714800,0,209714800,1,0,1,1,1,0
1619,request,17,5,55840,55160,209714800,0,209714800,1,0,1,1,1,0
1620,request,17,5,56520,55840,209714800,0,209714800,1,0,1,1,1,0
1621,request,17,5,57200,56520,209714800,0,209714800,1,0,1,1,1,0
1622,request,17,5,57880,57200,209714800,0,209714800,1,0,1,1,1,0
1623,request,17,5,58560,57880,209714800,0,209714800,1,0,1,1,1,0
1624,request,17,5,59240,58560,209714800,0,209714800,1,0,1,1,1,0
1625,request,17,5,59920,59240,209714800,0,209714800,1,0,1,1,1,0
1626,request,17,5,60600,59920,209714800,0,209714800,1,0,1,1,1,0
1627,request,17,5,60620,60600,209714800,0,209714800,1,0,1,1,1,0
1628,request,17,5,60640,60620,209714800,0,209714800,1,0,1,1,1,0
1629,request,17,5,60792,60640,209714800,0,209714800,1,0,1,1,1,0
1630,request,17,5,60812,60792,209714800,0,209714800,1,0,1,1,1,0
1631,request,17,5,60832,60812,209714800,0,209714800,1,0,1,1,1,0
1632,request,17,5,60984,60832,209714800,0,209714800,1,0,1,1,1,0
1633,request,17,5,61004,60984,209714800,0,209714800,1,0,1,1,1,0
1634,request,17,5,61024,61004,209714800,0,209714800,1,0,1,1,1,0
1635,request,17,5,61176,61024,209714800,0,209714800,1,0,1,1,1,0
1636,request,17,5,61196,61176,209714800,0,209714800,1,0,1,1,1,0
1637,request,17,5,61216,61196,209714800,0,209714800,1,0,1,1,1,0
1638,request,17,5,61368,61216,209714800,0,209714800,1,0,1,1,1,0
1639,request,17,5,61388,61368,209714800,0,209714800,1,0,1,1,1,0
1640,request,17,5,61408,61388,209714800,0,209714800,1,0,1,1,1,0
1641,request,17,5,61560,61408,209714800,0,209714800,1,0,1,1,1,0
1642,request,17,5,61580,61560,209714800,0,209714800,1,0,1,1,1,0
1643,request,17,5,61600,61580,209714800,0,209714800,1,0,1,1,1,0
1644,request,17,5,61752,61600,209714800,0,209714800,1,0,1,1,1,0
1645,request,17,5,61772,61752,209714800,0,209714800,1,0,1,1,1,0
1646,request,17,5,61792,61772,209714800,0,209714800,1,0,1,1,1,0
1647,request,17,5,61944,61792,209714800,0,209714800,1,0,1,1,1,0
1648,request,17,5,61964,61944,209714800,0,209714800,1,0,1,1,1,0
1649,request,17,5,61984,61964,209714800,0,209714800,1,0,1,1,1,0
1650,request,17,5,62136,61984,209714800,0,209714800,1,0,1,1,1,0
1651,request,17,5,62156,62136,209714800,0,209714800,1,0,1,1,1,0
1652,request,17,5,62176,62156,209714800,0,209714800,1,0,1,1,1,0
1653,request,17,5,62328,62176,209714800,0,209714800,1,0,1,1,1,0
1654,request,17,5,62348,62328,209714800,0,209714800,1,0,1,1,1,0
1655,request,17,5,62368,62348,209714800,0,209714800,1,0,1,1,1,0
1656,request,17,5,62520,62368,209714800,0,209714800,1,0,1,1,1,0
1657,request,17,5,62552,62520,209714800,0,209714800,1,0,1,1,1,0
1658,request,17,5,62584,62552,209714800,0,209714800,1,0,1,1,1,0
1659,request,17,5,62728,62584,209714800,0,209714800,1,0,1,1,1,0
1660,request,17,5,62760,62728,209714800,0,209714800,1,0,1,1,1,0
1661,request,17,5,62792,62760,209714800,0,209714800,1,0,1,1,1,0
1662,request,17,5,62936,62792,209714800,0,209714800,1,0,1,1,1,0
1663,request,17,5,62968,62936,209714800,0,209714800,1,0,1,1,1,0
1664,request,17,5,63000,62968,209714800,0,209714800,1,0,1,1,1,0
1665,request,17,5,63144,63000,209714800,0,209714800,1,0,1,1,1,0
1666,request,17,5,63176,63144,209714800,0,209714800,1,0,1,1,1,0
1667,request,17,5,63208,63176,209714800,0,209714800,1,0,1,1,1,0
1668,request,17,5,63352,63208,209714800,0,209714800,1,0,1,1,1,0
1669,request,17,5,63384,63352,209714800,0,209714800,1,0,1,1,1,0
1670,request,17,5,63416,63384,209714800,0,209714800,1,0,1,1,1,0
1671,request,17,5,63560,63416,209714800,0,209714800,1,0,1,1,1,0
1672,request,17,5,63592,63560,209714800,0,209714800,1,0,1,1,1,0
1673,request,17,5,63624,63592,209714800,0,209714800,1,0,1,1,1,0
1674,request,17,5,63768,63624,209714800,0,209714800,1,0,1,1,1,0
1675,request,17,5,63800,63768,209714800,0,209714800,1,0,1,1,1,0
1676,request,17,5,63832,63800,209714800,0,209714800,1,0,1,1,1,0
1677,request,17,5,63976,63832,209714800,0,209714800,1,0,1,1,1,0
1678,request,17,5,64008,63976,209714800,0,209714800,1,0,1,1,1,0
1679,request,17,5,64040,64008,209714800,0,209714800,1,0,1,1,1,0
1680,request,17,5,64184,64040,209714800,0,209714800,1,0,1,1,1,0
1681,request,17,5,64200,64184,209714800,0,209714800,1,0,1,1,1,0
1682,request,17,5,64216,64200,209714800,0,209714800,1,0,1,1,1,0
1683,request,17,5,64296,64216,209714800,0,209714800,1,0,1,1,1,0
1684,request,17,5,64312,64296,209714800,0,209714800,1,0,1,1,1,0
1685,request,17,5,64328,64312,209714800,0,209714800,1,0,1,1,1,0
1686,request,17,5,64408,64328,209714800,0,209714800,1,0,1,1,1,0
1687,request,17,5,64424,64408,209714800,0,209714800,1,0,1,1,1,0
1688,request,17,5,64440,64424,209714800,0,209714800,1,0,1,1,1,0
1689,request,17,5,64520,64440,209714800,0,209714800,1,0,1,1,1,0
1690,request,17,5,64536,64520,209714800,0,209714800,1,0,1,1,1,0
1691,request,17,5,64552,64536,209714800,0,209714800,1,0,1,1,1,0
1692,request,17,5,64632,64552,209714800,0,209714800,1,0,1,1,1,0
1693,request,17,5,64648,64632,209714800,0,209714800,1,0,1,1,1,0
1694,request,17,5,64664,64648,209714800,0,209714800,1,0,1,1,1,0
1695,request,17,5,64744,64664,209714800,0,209714800,1,0,1,1,1,0
1696,request,17,5,64760,64744,209714800,0,209714800,1,0,1,1,1,0
1697,request,17,5,64776,64760,209714800,0,209714800,1,0,1,1,1,0
1698,request,17,5,64856,64776,209714800,0,209714800,1,0,1,1,1,0
1699,request,17,5,64872,64856,209714800,0,209714800,1,0,1,1,1,0
1700,request,17,5,64888,64872,209714800,0,209714800,1,0,1,1,1,0
1701,request,17,5,64968,64888,209714800,0,209714800,1,0,1,1,1,0
1702,request,17,5,64984,64968,209714800,0,209714800,1,0,1,1,1,0
1703,request,17,5,65000,64984,209714800,0,209714800,1,0,1,1,1,0
1704,request,17,5,65080,65000,209714800,0,209714800,1,0,1,1,1,0
1705,request,17,5,65096,65080,209714800,0,209714800,1,0,1,1,1,0
1706,request,17,5,65112,65096,209714800,0,209714800,1,0,1,1,1,0
1707,request,17,5,65192,65112,209714800,0,209714800,1,0,1,1,1,0
1708,request,17,5,65208,65192,209714800,0,209714800,1,0,1,1,1,0
1709,request,17,5,65224,65208,209714800,0,209714800,1,0,1,1,1,0
1710,request,17,5,65304,65224,209714800,0,209714800,1,0,1,1,1,0
1711,request,17,5,65320,65304,209714800,0,209714800,1,0,1,1,1,0
1712,request,17,5,65336,65320,209714800,0,209714800,1,0,1,1,1,0
1713,request,17,5,65416,65336,209714800,0,209714800,1,0,1,1,1,0
1714,request,17,5,65432,65416,209714800,0,209714800,1,0,1,1,1,0
1715,request,17,5,65448,65432,209714800,0,209714800,1,0,1,1,1,0
1716,request,17,5,65528,65448,209714800,0,209714800,1,0,1,1,1,0
1717,request,17,5,65544,65528,209714800,0,209714800,1,0,1,1,1,0
1718,request,17,5,65560,65544,209714800,0,209714800,1,0,1,1,1,0
1719,request,17,5,65640,65560,209714800,0,209714800,1,0,1,1,1,0
1720,request,17,5,65656,65640,209714800,0,209714800,1,0,1,1,1,0
1721,request,17,5,65672,65656,209714800,0,209714800,1,0,1,1,1,0
1722,request,17,5,65752,65672,209714800,0,209714800,1,0,1,1,1,0
1723,request,17,5,65768,65752,209714800,0,209714800,1,0,1,1,1,0
1724,request,17,5,65784,65768,209714800,0,209714800,1,0,1,1,1,0
1725,request,17,5,65864,65784,209714800,0,209714800,1,0,1,1,1,0
1726,request,17,5,65880,65864,209714800,0,209714800,1,0,1,1,1,0
1727,request,17,5,65896,65880,209714800,0,209714800,1,0,1,1,1,0
1728,request,17,5,65976,65896,209714800,0,209714800,1,0,1,1,1,0
1729,request,17,5,68568,65976,209714800,0,209714800,1,0,1,1,1,0
1730,request,17,5,71160,68568,209714800,0,209714800,1,0,1,1,1,0
1731,request,17,5,72408,71160,209714800,0,209714800,1,0,1,1,1,0
1732,request,17,5,74424,72408,209714800,0,209714800,1,0,1,1,1,0
1733,request,17,5,75672,74424,209714800,0,209714800,1,0,1,1,1,0
1734,request,17,5,76920,75672,209714800,0,209714800,1,0,1,1,1,0
1735,request,18,5,216,0,209714800,0,209714800,1,0,1,1,1,0
1736,request,18,5,432,216,209714800,0,209714800,1,0,1,1,1,0
1737,request,18,5,648,432,209714800,0,209714800,1,0,1,1,1,0
1738,request,18,5,864,648,209714800,0,209714800,1,0,1,1,1,0
1739,request,18,5,1080,864,209714800,0,209714800,1,0,1,1,1,0
1740,request,18,5,1296,1080,209714800,0,209714800,1,0,1,1,1,0
1741,request,18,5,1512,1296,209714800,0,209714800,1,0,1,1,1,0
1742,request,18,5,1728,1512,209714800,0,209714800,1,0,1,1,1,0
1743,request,18,5,1944,1728,209714800,0,209714800,1,0,1,1,1,0
1744,request,18,5,2160,1944,209714800,0,209714800,1,0,1,1,1,0
1745,request,18,5,2376,2160,209714800,0,209714800,1,0,1,1,1,0
1746,request,18,5,2592,2376,209714800,0,209714800,1,0,1,1,1,0
1747,request,18,5,2808,2592,209714800,0,209714800,1,0,1,1,1,0
1748,request,18,5,3024,2808,209714800,0,209714800,1,0,1,1,1,0
1749,request,18,5,3240,3024,209714800,0,209714800,1,0,1,1,1,0
1750,request,18,5,3456,3240,209714800,0,209714800,1,0,1,1,1,0
1751,request,18,5,3672,3456,209714800,0,209714800,1,0,1,1,1,0
1752,request,18,5,3888,3672,209714800,0,209714800,1,0,1,1,1,0
1753,request,18,5,4408,3888,209714800,0,209714800,1,0,1,1,1,0
1754,request,18,5,4928,4408,209714800,0,209714800,1,0,1,1,1,0
1755,request,18,5,5448,4928,209714800,0,209714800,1,0,1,1,1,0
1756,request,18,5,5968,5448,209714800,0,209714800,1,0,1,1,1,0
1757,request,18,5,6488,5968,209714800,0,209714800,1,0,1,1,1,0
1758,request,18,5,7008,6488,209714800,0,209714800,1,0,1,1,1,0
1759,request,18,5,7528,7008,209714800,0,209714800,1,0,1,1,1,0
1760,request,18,5,8048,7528,209714800,0,209714800,1,0,1,1,1,0
1761,request,18,5,8568,8048,209714800,0,209714800,1,0,1,1,1,0
1762,request,18,5,9088,8568,209714800,0,209714800,1,0,1,1,1,0
1763,request,18,5,9120,9088,209714800,0,209714800,1,0,1,1,1,0
1764,request,18,5,9152,9120,209714800,0,209714800,1,0,1,1,1,0
1765,request,18,5,9296,9152,209714800,0,209714800,1,0,1,1,1,0
1766,request,18,5,9328,9296,209714800,0,209714800,1,0,1,1,1,0
1767,request,18,5,9360,9328,209714800,0,209714800,1,0,1,1,1,0
1768,request,18,5,9504,9360,209714800,0,209714800,1,0,1,1,1,0
1769,request,18,5,9536,9504,209714800,0,209714800,1,0,1,1,1,0
1770,request,18,5,9568,9536,209714800,0,209714800,1,0,1,1,1,0
1771,request,18,5,10032,9568,209714800,0,209714800,1,0,1,1,1,0
1772,request,18,5,10064,10032,209714800,0,209714800,1,0,1,1,1,0
1773,request,18,5,10096,10064,209714800,0,209714800,1,0,1,1,1,0
1774,request,18,5,10240,10096,209714800,0,209714800,1,0,1,1,1,0
1775,request,18,5,10272,10240,209714800,0,209714800,1,0,1,1,1,0
1776,request,18,5,10304,10272,209714800,0,209714800,1,0,1,1,1,0
1777,request,18,5,10768,10304,209714800,0,209714800,1,0,1,1,1,0
1778,request,18,5,10800,10768,209714800,0,209714800,1,0,1,1,1,0
1779,request,18,5,10832,10800,209714800,0,209714800,1,0,1,1,1,0
1780,request,18,5,11296,10832,209714800,0,209714800,1,0,1,1,1,0
1781,request,18,5,11328,11296,209714800,0,209714800,1,0,1,1,1,0
1782,request,18,5,11360,11328,209714800,0,209714800,1,0,1,1,1,0
1783,request,18,5,11504,11360,209714800,0,209714800,1,0,1,1,1,0
1784,request,18,5,11536,11504,209714800,0,209714800,1,0,1,1,1,0
1785,request,18,5,11568,11536,209714800,0,209714800,1,0,1,1,1,0
1786,request,18,5,11712,11568,209714800,0,209714800,1,0,1,1,1,0
1787,request,18,5,11732,11712,209714800,0,209714800,1,0,1,1,1,0
1788,request,18,5,11752,11732,209714800,0,209714800,1,0,1,1,1,0
1789,request,18,5,12072,11752,209714800,0,209714800,1,0,1,1,1,0
1790,request,18,5,12092,12072,209714800,0,209714800,1,0,1,1,1,0
1791,request,18,5,12112,12092,209714800,0,209714800,1,0,1,1,1,0
1792,request,18,5,12432,12112,209714800,0,209714800,1,0,1,1,1,0
1793,request,18,5,12464,12432,209714800,0,209714800,1,0,1,1,1,0
1794,request,18,5,12496,12464,209714800,0,209714800,1,0,1,1,1,0
1795,request,18,5,12960,12496,209714800,0,209714800,1,0,1,1,1,0
1796,request,18,5,12980,12960,209714800,0,209714800,1,0,1,1,1,0
1797,request,18,5,13000,12980,209714800,0,209714800,1,0,1,1,1,0
1798,request,18,5,13320,13000,209714800,0,209714800,1,0,1,1,1,0
1799,request,18,5,13340,13320,209714800,0,209714800,1,0,1,1,1,0
1800,request,18,5,13360,13340,209714800,0,209714800,1,0,1,1,1,0
1801,request,18,5,13680,13360,209714800,0,209714800,1,0,1,1,1,0
1802,request,18,5,13700,13680,209714800,0,209714800,1,0,1,1,1,0
1803,request,18,5,13720,13700,209714800,0,209714800,1,0,1,1,1,0
1804,request,18,5,14040,13720,209714800,0,209714800,1,0,1,1,1,0
1805,request,18,5,14072,14040,209714800,0,209714800,1,0,1,1,1,0
1806,request,18,5,14104,14072,209714800,0,209714800,1,0,1,1,1,0
1807,request,18,5,14248,14104,209714800,0,209714800,1,0,1,1,1,0
1808,request,18,5,14280,14248,209714800,0,209714800,1,0,1,1,1,0
1809,request,18,5,14312,14280,209714800,0,209714800,1,0,1,1,1,0
1810,request,18,5,14776,14312,209714800,0,209714800,1,0,1,1,1,0
1811,request,18,5,14808,14776,209714800,0,209714800,1,0,1,1,1,0
1812,request,18,5,14840,14808,209714800,0,209714800,1,0,1,1,1,0
1813,request,18,5,15304,14840,209714800,0,209714800,1,0,1,1,1,0
1814,request,18,5,15336,15304,209714800,0,209714800,1,0,1,1,1,0
1815,request,18,5,15368,15336,209714800,0,209714800,1,0,1,1,1,0
1816,request,18,5,15512,15368,209714800,0,209714800,1,0,1,1,1,0
1817,request,18,5,15544,15512,209714800,0,209714800,1,0,1,1,1,0
1818,request,18,5,15576,15544,209714800,0,209714800,1,0,1,1,1,0
1819,request,18,5,15720,15576,209714800,0,209714800,1,0,1,1,1,0
1820,request,18,5,15752,15720,209714800,0,209714800,1,0,1,1,1,0
1821,request,18,5,15784,15752,209714800,0,209714800,1,0,1,1,1,0
1822,request,18,5,15928,15784,209714800,0,209714800,1,0,1,1,1,0
1823,request,18,5,15960,15928,209714800,0,209714800,1,0,1,1,1,0
1824,request,18,5,15992,15960,209714800,0,209714800,1,0,1,1,1,0
1825,request,18,5,16136,15992,209714800,0,209714800,1,0,1,1,1,0
1826,request,18,5,16160,16136,209714800,0,209714800,1,0,1,1,1,0
1827,request,18,5,16184,16160,209714800,0,209714800,1,0,1,1,1,0
1828,request,18,5,16296,16184,209714800,0,209714800,1,0,1,1,1,0
1829,request,18,5,16320,16296,209714800,0,209714800,1,0,1,1,1,0
1830,request,18,5,16344,16320,209714800,0,209714800,1,0,1,1,1,0
1831,request,18,5,16456,16344,209714800,0,209714800,1,0,1,1,1,0
1832,request,18,5,16468,16456,209714800,0,209714800,1,0,1,1,1,0
1833,request,18,5,16480,16468,209714800,0,209714800,1,0,1,1,1,0
1834,request,18,5,16544,16480,209714800,0,209714800,1,0,1,1,1,0
1835,request,18,5,16556,16544,209714800,0,209714800,1,0,1,1,1,0
1836,request,18,5,16568,16556,209714800,0,209714800,1,0,1,1,1,0
1837,request,18,5,16632,16568,209714800,0,209714800,1,0,1,1,1,0
1838,request,18,5,16644,16632,209714800,0,209714800,1,0,1,1,1,0
1839,request,18,5,16656,16644,209714800,0,209714800,1,0,1,1,1,0
1840,request,18,5,16720,16656,209714800,0,209714800,1,0,1,1,1,0
1841,request,18,5,16732,16720,209714800,0,209714800,1,0,1,1,1,0
1842,request,18,5,16744,16732,209714800,0,209714800,1,0,1,1,1,0
1843,request,18,5,16808,16744,209714800,0,209714800,1,0,1,1,1,0
1844,request,18,5,16820,16808,209714800,0,209714800,1,0,1,1,1,0
1845,request,18,5,16832,16820,209714800,0,209714800,1,0,1,1,1,0
1846,request,18,5,16896,16832,209714800,0,209714800,1,0,1,1,1,0
1847,request,18,5,16908,16896,209714800,0,209714800,1,0,1,1,1,0
1848,request,18,5,16920,16908,209714800,0,209714800,1,0,1,1,1,0
1849,request,18,5,16984,16920,209714800,0,209714800,1,0,1,1,1,0
1850,request,18,5,16996,16984,209714800,0,209714800,1,0,1,1,1,0
1851,request,18,5,17008,16996,209714800,0,209714800,1,0,1,1,1,0
1852,request,18,5,17072,17008,209714800,0,209714800,1,0,1,1,1,0
1853,request,18,5,17084,17072,209714800,0,209714800,1,0,1,1,1,0
1854,request,18,5,17096,17084,209714800,0,209714800,1,0,1,1,1,0
1855,request,18,5,17160,17096,209714800,0,209714800,1,0,1,1,1,0
1856,request,18,5,17200,17160,209714800,0,209714800,1,0,1,1,1,0
1857,request,18,5,17240,17200,209714800,0,209714800,1,0,1,1,1,0
1858,request,18,5,17416,17240,209714800,0,209714800,1,0,1,1,1,0
1859,request,18,5,17456,17416,209714800,0,209714800,1,0,1,1,1,0
1860,request,18,5,17496,17456,209714800,0,209714800,1,0,1,1,1,0
1861,request,18,5,17672,17496,209714800,0,209714800,1,0,1,1,1,0
1862,request,18,5,17712,17672,209714800,0,209714800,1,0,1,1,1,0
1863,request,18,5,17752,17712,209714800,0,209714800,1,0,1,1,1,0
1864,request,18,5,17928,17752,209714800,0,209714800,1,0,1,1,1,0
1865,request,18,5,17968,17928,209714800,0,209714800,1,0,1,1,1,0
1866,request,18,5,18008,17968,209714800,0,209714800,1,0,1,1,1,0
1867,request,18,5,18184,18008,209714800,0,209714800,1,0,1,1,1,0
1868,request,18,5,18224,18184,209714800,0,209714800,1,0,1,1,1,0
1869,request,18,5,18264,18224,209714800,0,209714800,1,0,1,1,1,0
1870,request,18,5,18440,18264,209714800,0,209714800,1,0,1,1,1,0
1871,request,18,5,18480,18440,209714800,0,209714800,1,0,1,1,1,0
1872,request,18,5,18520,18480,209714800,0,209714800,1,0,1,1,1,0
1873,request,18,5,18696,18520,209714800,0,209714800,1,0,1,1,1,0
1874,request,18,5,18736,18696,209714800,0,209714800,1,0,1,1,1,0
1875,request,18,5,18776,18736,209714800,0,209714800,1,0,1,1,1,0
1876,request,18,5,18952,18776,209714800,0,209714800,1,0,1,1,1,0
1877,request,18,5,18992,18952,209714800,0,209714800,1,0,1,1,1,0
1878,request,18,5,19032,18992,209714800,0,209714800,1,0,1,1,1,0
1879,request,18,5,19208,19032,209714800,0,209714800,1,0,1,1,1,0
1880,request,18,5,19220,19208,209714800,0,209714800,1,0,1,1,1,0
1881,request,18,5,19232,19220,209714800,0,209714800,1,0,1,1,1,0
1882,request,18,5,19296,19232,209714800,0,209714800,1,0,1,1,1,0
1883,request,18,5,19308,19296,209714800,0,209714800,1,0,1,1,1,0
1884,request,18,5,19320,19308,209714800,0,209714800,1,0,1,1,1,0
1885,request,18,5,19384,19320,209714800,0,209714800,1,0,1,1,1,0
1886,request,18,5,19396,19384,209714800,0,209714800,1,0,1,1,1,0
1887,request,18,5,19408,19396,209714800,0,209714800,1,0,1,1,1,0
1888,request,18,5,19472,19408,209714800,0,209714800,1,0,1,1,1,0
1889,request,18,5,19484,19472,209714800,0,209714800,1,0,1,1,1,0
1890,request,18,5,19496,19484,209714800,0,209714800,1,0,1,1,1,0
1891,request,18,5,19560,19496,209714800,0,209714800,1,0,1,1,1,0
1892,request,18,5,19572,19560,209714800,0,209714800,1,0,1,1,1,0
1893,request,18,5,19584,19572,209714800,0,209714800,1,0,1,1,1,0
1894,request,18,5,19648,19584,209714800,0,209714800,1,0,1,1,1,0
1895,request,18,5,19660,19648,209714800,0,209714800,1,0,1,1,1,0
1896,request,18,5,19672,19660,209714800,0,209714800,1,0,1,1,1,0
1897,request,18,5,19736,19672,209714800,0,209714800,1,0,1,1,1,0
1898,request,18,5,19748,19736,209714800,0,209714800,1,0,1,1,1,0
1899,request,18,5,19760,19748,209714800,0,209714800,1,0,1,1,1,0
1900,request,18,5,19824,19760,209714800,0,209714800,1,0,1,1,1,0
1901,request,18,5,19836,19824,209714800,0,209714800,1,0,1,1,1,0
1902,request,18,5,19848,19836,209714800,0,209714800,1,0,1,1,1,0
1903,request,18,5,19912,19848,209714800,0,209714800,1,0,1,1,1,0
1904,request,18,5,20056,19912,209714800,0,209714800,1,0,1,1,1,0
1905,request,18,5,20200,20056,209714800,0,209714800,1,0,1,1,1,0
1906,request,18,5,20344,20200,209714800,0,209714800,1,0,1,1,1,0
1907,request,18,5,20488,20344,209714800,0,209714800,1,0,1,1,1,0
1908,request,18,5,20632,20488,209714800,0,209714800,1,0,1,1,1,0
1909,request,18,5,20776,20632,209714800,0,209714800,1,0,1,1,1,0
1910,request,18,5,20920,20776,209714800,0,209714800,1,0,1,1,1,0
1911,request,18,5,21064,20920,209714800,0,209714800,1,0,1,1,1,0
1912,request,18,5,21208,21064,209714800,0,209714800,1,0,1,1,1,0
1913,request,18,5,21352,21208,209714800,0,209714800,1,0,1,1,1,0
1914,request,18,5,21496,21352,209714800,0,209714800,1,0,1,1,1,0
1915,request,18,5,21640,21496,209714800,0,209714800,1,0,1,1,1,0
1916,request,18,5,21784,21640,209714800,0,209714800,1,0,1,1,1,0
1917,request,18,5,21928,21784,209714800,0,209714800,1,0,1,1,1,0
1918,request,18,5,22072,21928,209714800,0,209714800,1,0,1,1,1,0
1919,request,18,5,22216,22072,209714800,0,209714800,1,0,1,1,1,0
1920,request,18,5,22360,22216,209714800,0,209714800,1,0,1,1,1,0
1921,request,18,5,22504,22360,209714800,0,209714800,1,0,1,1,1,0
1922,request,18,5,22648,22504,209714800,0,209714800,1,0,1,1,1,0
1923,request,18,5,22792,22648,209714800,0,209714800,1,0,1,1,1,0
1924,request,18,5,22936,22792,209714800,0,209714800,1,0,1,1,1,0
1925,request,18,5,23080,22936,209714800,0,209714800,1,0,1,1,1,0
1926,request,18,5,23224,23080,209714800,0,209714800,1,0,1,1,1,0
1927,request,18,5,23368,23224,209714800,0,209714800,1,0,1,1,1,0
1928,request,18,5,23512,23368,209714800,0,209714800,1,0,1,1,1,0
1929,request,18,5,23656,23512,209714800,0,209714800,1,0,1,1,1,0
1930,request,18,5,23800,23656,209714800,0,209714800,1,0,1,1,1,0
1931,request,18,5,23944,23800,209714800,0,209714800,1,0,1,1,1,0
1932,request,18,5,24088,23944,209714800,0,209714800,1,0,1,1,1,0
1933,request,18,5,24232,24088,209714800,0,209714800,1,0,1,1,1,0
1934,request,18,5,24376,24232,209714800,0,209714800,1,0,1,1,1,0
1935,request,18,5,24520,24376,209714800,0,209714800,1,0,1,1,1,0
1936,request,18,5,24664,24520,209714800,0,209714800,1,0,1,1,1,0
1937,request,18,5,24808,24664,209714800,0,209714800,1,0,1,1,1,0
1938,request,18,5,24952,24808,209714800,0,209714800,1,0,1,1,1,0
1939,request,18,5,25096,24952,209714800,0,209714800,1,0,1,1,1,0
1940,request,18,5,25240,25096,209714800,0,209714800,1,0,1,1,1,0
1941,request,18,5,25384,25240,209714800,0,209714800,1,0,1,1,1,0
1942,request,18,5,25528,25384,209714800,0,209714800,1,0,1,1,1,0
1943,request,18,5,25672,25528,209714800,0,209714800,1,0,1,1,1,0
1944,request,18,5,25816,25672,209714800,0,209714800,1,0,1,1,1,0
1945,request,18,5,25960,25816,209714800,0,209714800,1,0,1,1,1,0
1946,request,18,5,26104,25960,209714800,0,209714800,1,0,1,1,1,0
1947,request,18,5,26248,26104,209714800,0,209714800,1,0,1,1,1,0
1948,request,18,5,26392,26248,209714800,0,209714800,1,0,1,1,1,0
1949,request,18,5,26536,26392,209714800,0,209714800,1,0,1,1,1,0
1950,request,18,5,26680,26536,209714800,0,209714800,1,0,1,1,1,0
1951,request,18,5,26824,26680,209714800,0,209714800,1,0,1,1,1,0
1952,request,18,5,26968,26824,209714800,0,209714800,1,0,1,1,1,0
1953,request,18,5,27112,26968,209714800,0,209714800,1,0,1,1,1,0
1954,request,18,5,27256,27112,209714800,0,209714800,1,0,1,1,1,0
1955,request,18,5,27400,27256,209714800,0,209714800,1,0,1,1,1,0
1956,request,18,5,27544,27400,209714800,0,209714800,1,0,1,1,1,0
1957,request,18,5,27688,27544,209714800,0,209714800,1,0,1,1,1,0
1958,request,18,5,27832,27688,209714800,0,209714800,1,0,1,1,1,0
1959,request,18,5,27976,27832,209714800,0,209714800,1,0,1,1,1,0
1960,request,18,5,28120,27976,209714800,0,209714800,1,0,1,1,1,0
1961,request,18,5,28264,28120,209714800,0,209714800,1,0,1,1,1,0
1962,request,18,5,28408,28264,209714800,0,209714800,1,0,1,1,1,0
1963,request,18,5,28552,28408,209714800,0,209714800,1,0,1,1,1,0
1964,request,18,5,28696,28552,209714800,0,209714800,1,0,1,1,1,0
1965,request,18,5,28840,28696,209714800,0,209714800,1,0,1,1,1,0
1966,request,18,5,28984,28840,209714800,0,209714800,1,0,1,1,1,0
1967,request,18,5,29128,28984,209714800,0,209714800,1,0,1,1,1,0
1968,request,18,5,29272,29128,209714800,0,209714800,1,0,1,1,1,0
1969,request,18,5,29416,29272,209714800,0,209714800,1,0,1,1,1,0
1970,request,18,5,29560,29416,209714800,0,209714800,1,0,1,1,1,0
1971,request,18,5,29704,29560,209714800,0,209714800,1,0,1,1,1,0
1972,request,18,5,29848,29704,209714800,0,209714800,1,0,1,1,1,0
1973,request,18,5,29992,29848,209714800,0,209714800,1,0,1,1,1,0
1974,request,18,5,30136,29992,209714800,0,209714800,1,0,1,1,1,0
1975,request,18,5,30280,30136,209714800,0,209714800,1,0,1,1,1,0
1976,request,18,5,31096,30280,209714800,0,209714800,1,0,1,1,1,0
1977,request,18,5,31912,31096,209714800,0,209714800,1,0,1,1,1,0
1978,request,18,5,32592,31912,209714800,0,209714800,1,0,1,1,1,0
1979,request,18,5,33272,32592,209714800,0,209714800,1,0,1,1,1,0
1980,request,18,5,33952,33272,209714800,0,209714800,1,0,1,1,1,0
1981,request,18,5,34632,33952,209714800,0,209714800,1,0,1,1,1,0
1982,request,18,5,35152,34632,209714800,0,209714800,1,0,1,1,1,0
1983,request,18,5,35672,35152,209714800,0,209714800,1,0,1,1,1,0
1984,request,18,5,36216,35672,209714800,0,209714800,1,0,1,1,1,0
1985,request,18,5,36760,36216,209714800,0,209714800,1,0,1,1,1,0
1986,request,18,5,37304,36760,209714800,0,209714800,1,0,1,1,1,0
1987,request,18,5,37848,37304,209714800,0,209714800,1,0,1,1,1,0
1988,request,18,5,38392,37848,209714800,0,209714800,1,0,1,1,1,0
1989,request,18,5,38936,38392,209714800,0,209714800,1,0,1,1,1,0
1990,request,18,5,39480,38936,209714800,0,209714800,1,0,1,1,1,0
1991,request,18,5,40024,39480,209714800,0,209714800,1,0,1,1,1,0
1992,request,18,5,40568,40024,209714800,0,209714800,1,0,1,1,1,0
1993,request,18,5,41112,40568,209714800,0,209714800,1,0,1,1,1,0
1994,request,18,5,41656,41112,209714800,0,209714800,1,0,1,1,1,0
1995,request,18,5,42200,41656,209714800,0,209714800,1,0,1,1,1,0
1996,request,18,5,42744,42200,209714800,0,209714800,1,0,1,1,1,0
1997,request,18,5,43288,42744,209714800,0,209714800,1,0,1,1,1,0
1998,request,18,5,43832,43288,209714800,0,209714800,1,0,1,1,1,0
1999,request,18,5,44376,43832,209714800,0,209714800,1,0,1,1,1,0
2000,request,18,5,44544,44376,209714800,0,209714800,1,0,1,1,1,0
2001,request,18,5,44712,44544,209714800,0,209714800,1,0,1,1,1,0
2002,request,18,5,44880,44712,209714800,0,209714800,1,0,1,1,1,0
2003,request,18,5,45048,44880,209714800,0,209714800,1,0,1,1,1,0
2004,request,18,5,45216,45048,209714800,0,209714800,1,0,1,1,1,0
2005,request,18,5,45384,45216,209714800,0,209714800,1,0,1,1,1,0
2006,request,18,5,45552,45384,209714800,0,209714800,1,0,1,1,1,0
2007,request,18,5,45720,45552,209714800,0,209714800,1,0,1,1,1,0
2008,request,18,5,45888,45720,209714800,0,209714800,1,0,1,1,1,0
2009,request,18,5,46056,45888,209714800,0,209714800,1,0,1,1,1,0
2010,request,18,5,46224,46056,209714800,0,209714800,1,0,1,1,1,0
2011,request,18,5,46392,46224,209714800,0,209714800,1,0,1,1,1,0
2012,request,18,5,46560,46392,209714800,0,209714800,1,0,1,1,1,0
2013,request,18,5,46728,46560,209714800,0,209714800,1,0,1,1,1,0
2014,request,18,5,46896,46728,209714800,0,209714800,1,0,1,1,1,0
2015,request,18,5,47064,46896,209714800,0,209714800,1,0,1,1,1,0
2016,request,18,5,47232,47064,209714800,0,209714800,1,0,1,1,1,0
2017,request,18,5,47400,47232,209714800,0,209714800,1,0,1,1,1,0
2018,request,18,5,47568,47400,209714800,0,209714800,1,0,1,1,1,0
2019,request,18,5,47736,47568,209714800,0,209714800,1,0,1,1,1,0
2020,request,18,5,47904,47736,209714800,0,209714800,1,0,1,1,1,0
2021,request,18,5,48072,47904,209714800,0,209714800,1,0,1,1,1,0
2022,request,18,5,48240,48072,209714800,0,209714800,1,0,1,1,1,0
2023,request,18,5,48408,48240,209714800,0,209714800,1,0,1,1,1,0
2024,request,18,5,48576,48408,209714800,0,209714800,1,0,1,1,1,0
2025,request,18,5,48744,48576,209714800,0,209714800,1,0,1,1,1,0
2026,request,18,5,48912,48744,209714800,0,209714800,1,0,1,1,1,0
2027,request,18,5,49080,48912,209714800,0,209714800,1,0,1,1,1,0
2028,request,18,5,49248,49080,209714800,0,209714800,1,0,1,1,1,0
2029,request,18,5,49416,49248,209714800,0,209714800,1,0,1,1,1,0
2030,request,18,5,49584,49416,209714800,0,209714800,1,0,1,1,1,0
2031,request,18,5,49752,49584,209714800,0,209714800,1,0,1,1,1,0
2032,request,18,5,49920,49752,209714800,0,209714800,1,0,1,1,1,0
2033,request,18,5,50088,49920,209714800,0,209714800,1,0,1,1,1,0
2034,request,18,5,50256,50088,209714800,0,209714800,1,0,1,1,1,0
2035,request,18,5,50424,50256,209714800,0,209714800,1,0,1,1,1,0
2036,request,18,5,50592,50424,209714800,0,209714800,1,0,1,1,1,0
2037,request,18,5,50760,50592,209714800,0,209714800,1,0,1,1,1,0
2038,request,18,5,50928,50760,209714800,0,209714800,1,0,1,1,1,0
2039,request,18,5,51096,50928,209714800,0,209714800,1,0,1,1,1,0
2040,request,18,5,51264,51096,209714800,0,209714800,1,0,1,1,1,0
2041,request,18,5,51432,51264,209714800,0,209714800,1,0,1,1,1,0
2042,request,18,5,51600,51432,209714800,0,209714800,1,0,1,1,1,0
2043,request,18,5,51768,51600,209714800,0,209714800,1,0,1,1,1,0
2044,request,18,5,51936,51768,209714800,0,209714800,1,0,1,1,1,0
2045,request,18,5,52104,51936,209714800,0,209714800,1,0,1,1,1,0
2046,request,18,5,52272,52104,209714800,0,209714800,1,0,1,1,1,0
2047,request,18,5,52440,52272,209714800,0,209714800,1,0,1,1,1,0
2048,request,18,5,53120,52440,209714800,0,209714800,1,0,1,1,1,0
2049,request,18,5,53800,53120,209714800,0,209714800,1,0,1,1,1,0
2050,request,18,5,54480,53800,209714800,0,209714800,1,0,1,1,1,0
2051,request,18,5,55160,54480,209714800,0,209714800,1,0,1,1,1,0
2052,request,18,5,55840,55160,209714800,0,209714800,1,0,1,1,1,0
2053,request,18,5,56520,55840,209714800,0,209714800,1,0,1,1,1,0
2054,request,18,5,57200,56520,209714800,0,209714800,1,0,1,1,1,0
2055,request,18,5,57880,57200,209714800,0,209714800,1,0,1,1,1,0
2056,request,18,5,58560,57880,209714800,0,209714800,1,0,1,1,1,0
2057,request,18,5,59240,58560,209714800,0,209714800,1,0,1,1,1,0
2058,request,18,5,59920,59240,209714800,0,209714800,1,0,1,1,1,0
2059,request,18,5,60600,59920,209714800,0,209714800,1,0,1,1,1,0
2060,request,18,5,60620,60600,209714800,0,209714800,1,0,1,1,1,0
2061,request,18,5,60640,60620,209714800,0,209714800,1,0,1,1,1,0
2062,request,18,5,60792,60640,209714800,0,209714800,1,0,1,1,1,0
2063,request,18,5,60812,60792,209714800,0,209714800,1,0,1,1,1,0
2064,request,18,5,60832,60812,209714800,0,209714800,1,0,1,1,1,0
2065,request,18,5,60984,60832,209714800,0,209714800,1,0,1,1,1,0
2066,request,18,5,61004,60984,209714800,0,209714800,1,0,1,1,1,0
2067,request,18,5,61024,61004,209714800,0,209714800,1,0,1,1,1,0
2068,request,18,5,61176,61024,209714800,0,209714800,1,0,1,1,1,0
2069,request,18,5,61196,61176,209714800,0,209714800,1,0,1,1,1,0
2070,request,18,5,61216,61196,209714800,0,209714800,1,0,1,1,1,0
2071,request,18,5,61368,61216,209714800,0,209714800,1,0,1,1,1,0
2072,request,18,5,61388,61368,209714800,0,209714800,1,0,1,1,1,0
2073,request,18,5,61408,61388,209714800,0,209714800,1,0,1,1,1,0
2074,request,18,5,61560,61408,209714800,0,209714800,1,0,1,1,1,0
2075,request,18,5,61580,61560,209714800,0,209714800,1,0,1,1,1,0
2076,request,18,5,61600,61580,209714800,0,209714800,1,0,1,1,1,0
2077,request,18,5,61752,61600,209714800,0,209714800,1,0,1,1,1,0
2078,request,18,5,61772,61752,209714800,0,209714800,1,0,1,1,1,0
2079,request,18,5,61792,61772,209714800,0,209714800,1,0,1,1,1,0
2080,request,18,5,61944,61792,209714800,0,209714800,1,0,1,1,1,0
2081,request,18,5,61964,61944,209714800,0,209714800,1,0,1,1,1,0
2082,request,18,5,61984,61964,209714800,0,209714800,1,0,1,1,1,0
2083,request,18,5,62136,61984,209714800,0,209714800,1,0,1,1,1,0
2084,request,18,5,62156,62136,209714800,0,209714800,1,0,1,1,1,0
2085,request,18,5,62176,62156,209714800,0,209714800,1,0,1,1,1,0
2086,request,18,5,62328,62176,209714800,0,209714800,1,0,1,1,1,0
2087,request,18,5,62348,62328,209714800,0,209714800,1,0,1,1,1,0
2088,request,18,5,62368,62348,209714800,0,209714800,1,0,1,1,1,0
2089,request,18,5,62520,62368,209714800,0,209714800,1,0,1,1,1,0
2090,request,18,5,62552,62520,209714800,0,209714800,1,0,1,1,1,0
2091,request,18,5,62584,62552,209714800,0,209714800,1,0,1,1,1,0
2092,request,18,5,62728,62584,209714800,0,209714800,1,0,1,1,1,0
2093,request,18,5,62760,62728,209714800,0,209714800,1,0,1,1,1,0
2094,request,18,5,62792,62760,209714800,0,209714800,1,0,1,1,1,0
2095,request,18,5,62936,62792,209714800,0,209714800,1,0,1,1,1,0
2096,request,18,5,62968,62936,209714800,0,209714800,1,0,1,1,1,0
2097,request,18,5,63000,62968,209714800,0,209714800,1,0,1,1,1,0
2098,request,18,5,63144,63000,209714800,0,209714800,1,0,1,1,1,0
2099,request,18,5,63176,63144,209714800,0,209714800,1,0,1,1,1,0
2100,request,18,5,63208,63176,209714800,0,209714800,1,0,1,1,1,0
2101,request,18,5,63352,63208,209714800,0,209714800,1,0,1,1,1,0
2102,request,18,5,63384,63352,209714800,0,209714800,1,0,1,1,1,0
2103,request,18,5,63416,63384,209714800,0,209714800,1,0,1,1,1,0
2104,request,18,5,63560,63416,209714800,0,209714800,1,0,1,1,1,0
2105,request,18,5,63592,63560,209714800,0,209714800,1,0,1,1,1,0
2106,request,18,5,63624,63592,209714800,0,209714800,1,0,1,1,1,0
2107,request,18,5,63768,63624,209714800,0,209714800,1,0,1,1,1,0
2108,request,18,5,63800,63768,209714800,0,209714800,1,0,1,1,1,0
2109,request,18,5,63832,63800,209714800,0,209714800,1,0,1,1,1,0
2110,request,18,5,63976,63832,209714800,0,209714800,1,0,1,1,1,0
2111,request,18,5,64008,63976,209714800,0,209714800,1,0,1,1,1,0
2112,request,18,5,64040,64008,209714800,0,209714800,1,0,1,1,1,0
2113,request,18,5,64184,64040,209714800,0,209714800,1,0,1,1,1,0
2114,request,18,5,64200,64184,209714800,0,209714800,1,0,1,1,1,0
2115,request,18,5,64216,64200,209714800,0,209714800,1,0,1,1,1,0
2116,request,18,5,64296,64216,209714800,0,209714800,1,0,1,1,1,0
2117,request,18,5,64312,64296,209714800,0,209714800,1,0,1,1,1,0
2118,request,18,5,64328,64312,209714800,0,209714800,1,0,1,1,1,0
2119,request,18,5,64408,64328,209714800,0,209714800,1,0,1,1,1,0
2120,request,18,5,64424,64408,209714800,0,209714800,1,0,1,1,1,0
2121,request,18,5,64440,64424,209714800,0,209714800,1,0,1,1,1,0
2122,request,18,5,64520,64440,209714800,0,209714800,1,0,1,1,1,0
2123,request,18,5,64536,64520,209714800,0,209714800,1,0,1,1,1,0
2124,request,18,5,64552,64536,209714800,0,209714800,1,0,1,1,1,0
2125,request,18,5,64632,64552,209714800,0,209714800,1,0,1,1,1,0
2126,request,18,5,64648,64632,209714800,0,209714800,1,0,1,1,1,0
2127,request,18,5,64664,64648,209714800,0,209714800,1,0,1,1,1,0
2128,request,18,5,64744,64664,209714800,0,209714800,1,0,1,1,1,0
2129,request,18,5,64760,64744,209714800,0,209714800,1,0,1,1,1,0
2130,request,18,5,64776,64760,209714800,0,209714800,1,0,1,1,1,0
2131,request,18,5,64856,64776,209714800,0,209714800,1,0,1,1,1,0
2132,request,18,5,64872,64856,209714800,0,209714800,1,0,1,1,1,0
2133,request,18,5,64888,64872,209714800,0,209714800,1,0,1,1,1,0
2134,request,18,5,64968,64888,209714800,0,209714800,1,0,1,1,1,0
2135,request,18,5,64984,64968,209714800,0,209714800,1,0,1,1,1,0
2136,request,18,5,65000,64984,209714800,0,209714800,1,0,1,1,1,0
2137,request,18,5,65080,65000,209714800,0,209714800,1,0,1,1,1,0
2138,request,18,5,65096,65080,209714800,0,209714800,1,0,1,1,1,0
2139,request,18,5,65112,65096,209714800,0,209714800,1,0,1,1,1,0
2140,request,18,5,65192,65112,209714800,0,209714800,1,0,1,1,1,0
2141,request,18,5,65208,65192,209714800,0,209714800,1,0,1,1,1,0
2142,request,18,5,65224,65208,209714800,0,209714800,1,0,1,1,1,0
2143,request,18,5,65304,65224,209714800,0,209714800,1,0,1,1,1,0
2144,request,18,5,65320,65304,209714800,0,209714800,1,0,1,1,1,0
2145,request,18,5,65336,65320,209714800,0,209714800,1,0,1,1,1,0
2146,request,18,5,65416,65336,209714800,0,209714800,1,0,1,1,1,0
2147,request,18,5,65432,65416,209714800,0,209714800,1,0,1,1,1,0
2148,request,18,5,65448,65432,209714800,0,209714800,1,0,1,1,1,0
2149,request,18,5,65528,65448,209714800,0,209714800,1,0,1,1,1,0
2150,request,18,5,65544,65528,209714800,0,209714800,1,0,1,1,1,0
2151,request,18,5,65560,65544,209714800,0,209714800,1,0,1,1,1,0
2152,request,18,5,65640,65560,209714800,0,209714800,1,0,1,1,1,0
2153,request,18,5,65656,65640,209714800,0,209714800,1,0,1,1,1,0
2154,request,18,5,65672,65656,209714800,0,209714800,1,0,1,1,1,0
2155,request,18,5,65752,65672,209714800,0,209714800,1,0,1,1,1,0
2156,request,18,5,65768,65752,209714800,0,209714800,1,0,1,1,1,0
2157,request,18,5,65784,65768,209714800,0,209714800,1,0,1,1,1,0
2158,request,18,5,65864,65784,209714800,0,209714800,1,0,1,1,1,0
2159,request,18,5,65880,65864,209714800,0,209714800,1,0,1,1,1,0
2160,request,18,5,65896,65880,209714800,0,209714800,1,0,1,1,1,0
2161,request,18,5,65976,65896,209714800,0,209714800,1,0,1,1,1,0
2162,request,18,5,68568,65976,209714800,0,209714800,1,0,1,1,1,0
2163,request,18,5,71160,68568,209714800,0,209714800,1,0,1,1,1,0
2164,request,18,5,72408,71160,209714800,0,209714800,1,0,1,1,1,0
2165,request,18,5,74424,72408,209714800,0,209714800,1,0,1,1,1,0
2166,request,18,5,75672,74424,209714800,0,209714800,1,0,1,1,1,0
2167,request,18,5,76920,75672,209714800,0,209714800,1,0,1,1,1,0
2168,request,19,5,216,0,209714800,0,209714800,1,0,1,1,1,0
2169,request,19,5,432,216,209714800,0,209714800,1,0,1,1,1,0
2170,request,19,5,648,432,209714800,0,209714800,1,0,1,1,1,0
2171,request,19,5,864,648,209714800,0,209714800,1,0,1,1,1,0
2172,request,19,5,1080,864,209714800,0,209714800,1,0,1,1,1,0
2173,request,19,5,1296,1080,209714800,0,209714800,1,0,1,1,1,0
2174,request,19,5,1512,1296,209714800,0,209714800,1,0,1,1,1,0
2175,request,19,5,1728,1512,209714800,0,209714800,1,0,1,1,1,0
2176,request,19,5,1944,1728,209714800,0,209714800,1,0,1,1,1,0
2177,request,19,5,2160,1944,209714800,0,209714800,1,0,1,1,1,0
2178,request,19,5,2376,2160,209714800,0,209714800,1,0,1,1,1,0
2179,request,19,5,2592,2376,209714800,0,209714800,1,0,1,1,1,0
2180,request,19,5,2808,2592,209714800,0,209714800,1,0,1,1,1,0
2181,request,19,5,3024,2808,209714800,0,209714800,1,0,1,1,1,0
2182,request,19,5,3240,3024,209714800,0,209714800,1,0,1,1,1,0
2183,request,19,5,3456,3240,209714800,0,209714800,1,0,1,1,1,0
2184,request,19,5,3672,3456,209714800,0,209714800,1,0,1,1,1,0
2185,request,19,5,3888,3672,209714800,0,209714800,1,0,1,1,1,0
2186,request,19,5,4408,3888,209714800,0,209714800,1,0,1,1,1,0
2187,request,19,5,4928,4408,209714800,0,209714800,1,0,1,1,1,0
2188,request,19,5,5448,4928,209714800,0,209714800,1,0,1,1,1,0
2189,request,19,5,5968,5448,209714800,0,209714800,1,0,1,1,1,0
2190,request,19,5,6488,5968,209714800,0,209714800,1,0,1,1,1,0
2191,request,19,5,7008,6488,209714800,0,209714800,1,0,1,1,1,0
2192,request,19,5,7528,7008,209714800,0,209714800,1,0,1,1,1,0
2193,request,19,5,8048,7528,209714800,0,209714800,1,0,1,1,1,0
2194,request,19,5,8568,8048,209714800,0,209714800,1,0,1,1,1,0
2195,request,19,5,9088,8568,209714800,0,209714800,1,0,1,1,1,0
2196,request,19,5,9120,9088,209714800,0,209714800,1,0,1,1,1,0
2197,request,19,5,9152,9120,209714800,0,209714800,1,0,1,1,1,0
2198,request,19,5,9296,9152,209714800,0,209714800,1,0,1,1,1,0
2199,request,19,5,9328,9296,209714800,0,209714800,1,0,1,1,1,0
2200,request,19,5,9360,9328,209714800,0,209714800,1,0,1,1,1,0
2201,request,19,5,9504,9360,209714800,0,209714800,1,0,1,1,1,0
2202,request,19,5,9536,9504,209714800,0,209714800,1,0,1,1,1,0
2203,request,19,5,9568,9536,209714800,0,209714800,1,0,1,1,1,0
2204,request,19,5,10032,9568,209714800,0,209714800,1,0,1,1,1,0
2205,request,19,5,10064,10032,209714800,0,209714800,1,0,1,1,1,0
2206,request,19,5,10096,10064,209714800,0,209714800,1,0,1,1,1,0
2207,request,19,5,10240,10096,209714800,0,209714800,1,0,1,1,1,0
2208,request,19,5,10272,10240,209714800,0,209714800,1,0,1,1,1,0
2209,request,19,5,10304,10272,209714800,0,209714800,1,0,1,1,1,0
2210,request,19,5,10768,10304,209714800,0,209714800,1,0,1,1,1,0
2211,request,19,5,10800,10768,209714800,0,209714800,1,0,1,1,1,0
2212,request,19,5,10832,10800,209714800,0,209714800,1,0,1,1,1,0
2213,request,19,5,11296,10832,209714800,0,209714800,1,0,1,1,1,0
2214,request,19,5,11328,11296,209714800,0,209714800,1,0,1,1,1,0
2215,request,19,5,11360,11328,209714800,0,209714800,1,0,1,1,1,0
2216,request,19,5,11504,11360,209714800,0,209714800,1,0,1,1,1,0
2217,request,19,5,11536,11504,209714800,0,209714800,1,0,1,1,1,0
2218,request,19,5,11568,11536,209714800,0,209714800,1,0,1,1,1,0
2219,request,19,5,11712,11568,209714800,0,209714800,1,0,1,1,1,0
2220,request,19,5,11732,11712,209714800,0,209714800,1,0,1,1,1,0
2221,request,19,5,11752,11732,209714800,0,209714800,1,0,1,1,1,0
2222,request,19,5,12072,11752,209714800,0,209714800,1,0,1,1,1,0
2223,request,19,5,12092,12072,209714800,0,209714800,1,0,1,1,1,0
2224,request,19,5,12112,12092,209714800,0,209714800,1,0,1,1,1,0
2225,request,19,5,12432,12112,209714800,0,209714800,1,0,1,1,1,0
2226,request,19,5,12464,12432,209714800,0,209714800,1,0,1,1,1,0
2227,request,19,5,12496,12464,209714800,0,209714800,1,0,1,1,1,0
2228,request,19,5,12960,12496,209714800,0,209714800,1,0,1,1,1,0
2229,request,19,5,12980,12960,209714800,0,209714800,1,0,1,1,1,0
2230,request,19,5,13000,12980,209714800,0,209714800,1,0,1,1,1,0
2231,request,19,5,13320,13000,209714800,0,209714800,1,0,1,1,1,0
2232,request,19,5,13340,13320,209714800,0,209714800,1,0,1,1,1,0
2233,request,19,5,13360,13340,209714800,0,209714800,1,0,1,1,1,0
2234,request,19,5,13680,13360,209714800,0,209714800,1,0,1,1,1,0
2235,request,19,5,13700,13680,209714800,0,209714800,1,0,1,1,1,0
2236,request,19,5,13720,13700,209714800,0,209714800,1,0,1,1,1,0
2237,request,19,5,14040,13720,209714800,0,209714800,1,0,1,1,1,0
2238,request,19,5,14072,14040,209714800,0,209714800,1,0,1,1,1,0
2239,request,19,5,14104,14072,209714800,0,209714800,1,0,1,1,1,0
2240,request,19,5,14248,14104,209714800,0,209714800,1,0,1,1,1,0
2241,request,19,5,14280,14248,209714800,0,209714800,1,0,1,1,1,0
2242,request,19,5,14312,14280,209714800,0,209714800,1,0,1,1,1,0
2243,request,19,5,14776,14312,209714800,0,209714800,1,0,1,1,1,0
2244,request,19,5,14808,14776,209714800,0,209714800,1,0,1,1,1,0
2245,request,19,5,14840,14808,209714800,0,209714800,1,0,1,1,1,0
2246,request,19,5,15304,14840,209714800,0,209714800,1,0,1,1,1,0
2247,request,19,5,15336,15304,209714800,0,209714800,1,0,1,1,1,0
2248,request,19,5,15368,15336,209714800,0,209714800,1,0,1,1,1,0
2249,request,19,5,15512,15368,209714800,0,209714800,1,0,1,1,1,0
2250,request,19,5,15544,15512,209714800,0,209714800,1,0,1,1,1,0
2251,request,19,5,15576,15544,209714800,0,209714800,1,0,1,1,1,0
2252,request,19,5,15720,15576,209714800,0,209714800,1,0,1,1,1,0
2253,request,19,5,15752,15720,209714800,0,209714800,1,0,1,1,1,0
2254,request,19,5,15784,15752,209714800,0,209714800,1,0,1,1,1,0
2255,request,19,5,15928,15784,209714800,0,209714800,1,0,1,1,1,0
2256,request,19,5,15960,15928,209714800,0,209714800,1,0,1,1,1,0
2257,request,19,5,15992,15960,209714800,0,209714800,1,0,1,1,1,0
2258,request,19,5,16136,15992,209714800,0,209714800,1,0,1,1,1,0
2259,request,19,5,16160,16136,209714800,0,209714800,1,0,1,1,1,0
2260,request,19,5,16184,16160,209714800,0,209714800,1,0,1,1,1,0
2261,request,19,5,16296,16184,209714800,0,209714800,1,0,1,1,1,0
2262,request,19,5,16320,16296,209714800,0,209714800,1,0,1,1,1,0
2263,request,19,5,16344,16320,209714800,0,209714800,1,0,1,1,1,0
2264,request,19,5,16456,16344,209714800,0,209714800,1,0,1,1,1,0
2265,request,19,5,16468,16456,209714800,0,209714800,1,0,1,1,1,0
2266,request,19,5,16480,16468,209714800,0,209714800,1,0,1,1,1,0
2267,request,19,5,16544,16480,209714800,0,209714800,1,0,1,1,1,0
2268,request,19,5,16556,16544,209714800,0,209714800,1,0,1,1,1,0
2269,request,19,5,16568,16556,209714800,0,209714800,1,0,1,1,1,0
2270,request,19,5,16632,16568,209714800,0,209714800,1,0,1,1,1,0
2271,request,19,5,16644,16632,209714800,0,209714800,1,0,1,1,1,0
2272,request,19,5,16656,16644,209714800,0,209714800,1,0,1,1,1,0
2273,request,19,5,16720,16656,209714800,0,209714800,1,0,1,1,1,0
2274,request,19,5,16732,16720,209714800,0,209714800,1,0,1,1,1,0
2275,request,19,5,16744,16732,209714800,0,209714800,1,0,1,1,1,0
2276,request,19,5,16808,16744,209714800,0,209714800,1,0,1,1,1,0
2277,request,19,5,16820,16808,209714800,0,209714800,1,0,1,1,1,0
2278,request,19,5,16832,16820,209714800,0,209714800,1,0,1,1,1,0
2279,request,19,5,16896,16832,209714800,0,209714800,1,0,1,1,1,0
2280,request,19,5,16908,16896,209714800,0,209714800,1,0,1,1,1,0
2281,request,19,5,16920,16908,209714800,0,209714800,1,0,1,1,1,0
2282,request,19,5,16984,16920,209714800,0,209714800,1,0,1,1,1,0
2283,request,19,5,16996,16984,209714800,0,209714800,1,0,1,1,1,0
2284,request,19,5,17008,16996,209714800,0,209714800,1,0,1,1,1,0
2285,request,19,5,17072,17008,209714800,0,209714800,1,0,1,1,1,0
2286,request,19,5,17084,17072,209714800,0,209714800,1,0,1,1,1,0
2287,request,19,5,17096,17084,209714800,0,209714800,1,0,1,1,1,0
2288,request,19,5,17160,17096,209714800,0,209714800,1,0,1,1,1,0
2289,request,19,5,17200,17160,209714800,0,209714800,1,0,1,1,1,0
2290,request,19,5,17240,17200,209714800,0,209714800,1,0,1,1,1,0
2291,request,19,5,17416,17240,209714800,0,209714800,1,0,1,1,1,0
2292,request,19,5,17456,17416,209714800,0,209714800,1,0,1,1,1,0
2293,request,19,5,17496,17456,209714800,0,209714800,1,0,1,1,1,0
2294,request,19,5,17672,17496,209714800,0,209714800,1,0,1,1,1,0
2295,request,19,5,17712,17672,209714800,0,209714800,1,0,1,1,1,0
2296,request,19,5,17752,17712,209714800,0,209714800,1,0,1,1,1,0
2297,request,19,5,17928,17752,209714800,0,209714800,1,0,1,1,1,0
2298,request,19,5,17968,17928,209714800,0,209714800,1,0,1,1,1,0
2299,request,19,5,18008,17968,209714800,0,209714800,1,0,1,1,1,0
2300,request,19,5,18184,18008,209714800,0,209714800,1,0,1,1,1,0
2301,request,19,5,18224,18184,209714800,0,209714800,1,0,1,1,1,0
2302,request,19,5,18264,18224,209714800,0,209714800,1,0,1,1,1,0
2303,request,19,5,18440,18264,209714800,0,209714800,1,0,1,1,1,0
2304,request,19,5,18480,18440,209714800,0,209714800,1,0,1,1,1,0
2305,request,19,5,18520,18480,209714800,0,209714800,1,0,1,1,1,0
2306,request,19,5,18696,18520,209714800,0,209714800,1,0,1,1,1,0
2307,request,19,5,18736,18696,209714800,0,209714800,1,0,1,1,1,0
2308,request,19,5,18776,18736,209714800,0,209714800,1,0,1,1,1,0
2309,request,19,5,18952,18776,209714800,0,209714800,1,0,1,1,1,0
2310,request,19,5,18992,18952,209714800,0,209714800,1,0,1,1,1,0
2311,request,19,5,19032,18992,209714800,0,209714800,1,0,1,1,1,0
2312,request,19,5,19208,19032,209714800,0,209714800,1,0,1,1,1,0
2313,request,19,5,19220,19208,209714800,0,209714800,1,0,1,1,1,0
2314,request,19,5,19232,19220,209714800,0,209714800,1,0,1,1,1,0
2315,request,19,5,19296,19232,209714800,0,209714800,1,0,1,1,1,0
2316,request,19,5,19308,19296,209714800,0,209714800,1,0,1,1,1,0
2317,request,19,5,19320,19308,209714800,0,209714800,1,0,1,1,1,0
2318,request,19,5,19384,19320,209714800,0,209714800,1,0,1,1,1,0
2319,request,19,5,19396,19384,209714800,0,209714800,1,0,1,1,1,0
2320,request,19,5,19408,19396,209714800,0,209714800,1,0,1,1,1,0
2321,request,19,5,19472,19408,209714800,0,209714800,1,0,1,1,1,0
2322,request,19,5,19484,19472,209714800,0,209714800,1,0,1,1,1,0
2323,request,19,5,19496,19484,209714800,0,209714800,1,0,1,1,1,0
2324,request,19,5,19560,19496,209714800,0,209714800,1,0,1,1,1,0
2325,request,19,5,19572,19560,209714800,0,209714800,1,0,1,1,1,0
2326,request,19,5,19584,19572,209714800,0,209714800,1,0,1,1,1,0
2327,request,19,5,19648,19584,209714800,0,209714800,1,0,1,1,1,0
2328,request,19,5,19660,19648,209714800,0,209714800,1,0,1,1,1,0
2329,request,19,5,19672,19660,209714800,0,209714800,1,0,1,1,1,0
2330,request,19,5,19736,19672,209714800,0,209714800,1,0,1,1,1,0
2331,request,19,5,19748,19736,209714800,0,209714800,1,0,1,1,1,0
2332,request,19,5,19760,19748,209714800,0,209714800,1,0,1,1,1,0
2333,request,19,5,19824,19760,209714800,0,209714800,1,0,1,1,1,0
2334,request,19,5,19836,19824,209714800,0,209714800,1,0,1,1,1,0
2335,request,19,5,19848,19836,209714800,0,209714800,1,0,1,1,1,0
2336,request,19,5,19912,19848,209714800,0,209714800,1,0,1,1,1,0
2337,request,19,5,20056,19912,209714800,0,209714800,1,0,1,1,1,0
2338,request,19,5,20200,20056,209714800,0,209714800,1,0,1,1,1,0
2339,request,19,5,20344,20200,209714800,0,209714800,1,0,1,1,1,0
2340,request,19,5,20488,20344,209714800,0,209714800,1,0,1,1,1,0
2341,request,19,5,20632,20488,209714800,0,209714800,1,0,1,1,1,0
2342,request,19,5,20776,20632,209714800,0,209714800,1,0,1,1,1,0
2343,request,19,5,20920,20776,209714800,0,209714800,1,0,1,1,1,0
2344,request,19,5,21064,20920,209714800,0,209714800,1,0,1,1,1,0
2345,request,19,5,21208,21064,209714800,0,209714800,1,0,1,1,1,0
2346,request,19,5,21352,21208,209714800,0,209714800,1,0,1,1,1,0
2347,request,19,5,21496,21352,209714800,0,209714800,1,0,1,1,1,0
2348,request,19,5,21640,21496,209714800,0,209714800,1,0,1,1,1,0
2349,request,19,5,21784,21640,209714800,0,209714800,1,0,1,1,1,0
2350,request,19,5,21928,21784,209714800,0,209714800,1,0,1,1,1,0
2351,request,19,5,22072,21928,209714800,0,209714800,1,0,1,1,1,0
2352,request,19,5,22216,22072,209714800,0,209714800,1,0,1,1,1,0
2353,request,19,5,22360,22216,209714800,0,209714800,1,0,1,1,1,0
2354,request,19,5,22504,22360,209714800,0,209714800,1,0,1,1,1,0
2355,request,19,5,22648,22504,209714800,0,209714800,1,0,1,1,1,0
2356,request,19,5,22792,22648,209714800,0,209714800,1,0,1,1,1,0
2357,request,19,5,22936,22792,209714800,0,209714800,1,0,1,1,1,0
2358,request,19,5,23080,22936,209714800,0,209714800,1,0,1,1,1,0
2359,request,19,5,23224,23080,209714800,0,209714800,1,0,1,1,1,0
2360,request,19,5,23368,23224,209714800,0,209714800,1,0,1,1,1,0
2361,request,19,5,23512,23368,209714800,0,209714800,1,0,1,1,1,0
2362,request,19,5,23656,23512,209714800,0,209714800,1,0,1,1,1,0
2363,request,19,5,23800,23656,209714800,0,209714800,1,0,1,1,1,0
2364,request,19,5,23944,23800,209714800,0,209714800,1,0,1,1,1,0
2365,request,19,5,24088,23944,209714800,0,209714800,1,0,1,1,1,0
2366,request,19,5,24232,24088,209714800,0,209714800,1,0,1,1,1,0
2367,request,19,5,24376,24232,209714800,0,209714800,1,0,1,1,1,0
2368,request,19,5,24520,24376,209714800,0,209714800,1,0,1,1,1,0
2369,request,19,5,24664,24520,209714800,0,209714800,1,0,1,1,1,0
2370,request,19,5,24808,24664,209714800,0,209714800,1,0,1,1,1,0
2371,request,19,5,24952,24808,209714800,0,209714800,1,0,1,1,1,0
2372,request,19,5,25096,24952,209714800,0,209714800,1,0,1,1,1,0
2373,request,19,5,25240,25096,209714800,0,209714800,1,0,1,1,1,0
2374,request,19,5,25384,25240,209714800,0,209714800,1,0,1,1,1,0
2375,request,19,5,25528,25384,209714800,0,209714800,1,0,1,1,1,0
2376,request,19,5,25672,25528,209714800,0,209714800,1,0,1,1,1,0
2377,request,19,5,25816,25672,209714800,0,209714800,1,0,1,1,1,0
2378,request,19,5,25960,25816,209714800,0,209714800,1,0,1,1,1,0
2379,request,19,5,26104,25960,209714800,0,209714800,1,0,1,1,1,0
2380,request,19,5,26248,26104,209714800,0,209714800,1,0,1,1,1,0
2381,request,19,5,26392,26248,209714800,0,209714800,1,0,1,1,1,0
2382,request,19,5,26536,26392,209714800,0,209714800,1,0,1,1,1,0
2383,request,19,5,26680,26536,209714800,0,209714800,1,0,1,1,1,0
2384,request,19,5,26824,26680,209714800,0,209714800,1,0,1,1,1,0
2385,request,19,5,26968,26824,209714800,0,209714800,1,0,1,1,1,0
2386,request,19,5,27112,26968,209714800,0,209714800,1,0,1,1,1,0
2387,request,19,5,27256,27112,209714800,0,209714800,1,0,1,1,1,0
2388,request,19,5,27400,27256,209714800,0,209714800,1,0,1,1,1,0
2389,request,19,5,27544,27400,209714800,0,209714800,1,0,1,1,1,0
2390,request,19,5,27688,27544,209714800,0,209714800,1,0,1,1,1,0
2391,request,19,5,27832,27688,209714800,0,209714800,1,0,1,1,1,0
2392,request,19,5,27976,27832,209714800,0,209714800,1,0,1,1,1,0
2393,request,19,5,28120,27976,209714800,0,209714800,1,0,1,1,1,0
2394,request,19,5,28264,28120,209714800,0,209714800,1,0,1,1,1,0
2395,request,19,5,28408,28264,209714800,0,209714800,1,0,1,1,1,0
2396,request,19,5,28552,28408,209714800,0,209714800,1,0,1,1,1,0
2397,request,19,5,28696,28552,209714800,0,209714800,1,0,1,1,1,0
2398,request,19,5,28840,28696,209714800,0,209714800,1,0,1,1,1,0
2399,request,19,5,28984,28840,209714800,0,209714800,1,0,1,1,1,0
2400,request,19,5,29128,28984,209714800,0,209714800,1,0,1,1,1,0
2401,request,19,5,29272,29128,209714800,0,209714800,1,0,1,1,1,0
2402,request,19,5,29416,29272,209714800,0,209714800,1,0,1,1,1,0
2403,request,19,5,29560,29416,209714800,0,209714800,1,0,1,1,1,0
2404,request,19,5,29704,29560,209714800,0,209714800,1,0,1,1,1,0
2405,request,19,5,29848,29704,209714800,0,209714800,1,0,1,1,1,0
2406,request,19,5,29992,29848,209714800,0,209714800,1,0,1,1,1,0
2407,request,19,5,30136,29992,209714800,0,209714800,1,0,1,1,1,0
2408,request,19,5,30280,30136,209714800,0,209714800,1,0,1,1,1,0
2409,request,19,5,31096,30280,209714800,0,209714800,1,0,1,1,1,0
2410,request,19,5,31912,31096,209714800,0,209714800,1,0,1,1,1,0
2411,request,19,5,32592,31912,209714800,0,209714800,1,0,1,1,1,0
2412,request,19,5,33272,32592,209714800,0,209714800,1,0,1,1,1,0
2413,request,19,5,33952,33272,209714800,0,209714800,1,0,1,1,1,0
2414,request,19,5,34632,33952,209714800,0,209714800,1,0,1,1,1,0
2415,request,19,5,35152,34632,209714800,0,209714800,1,0,1,1,1,0
2416,request,19,5,35672,35152,209714800,0,209714800,1,0,1,1,1,0
2417,request,19,5,36216,35672,209714800,0,209714800,1,0,1,1,1,0
2418,request,19,5,36760,36216,209714800,0,209714800,1,0,1,1,1,0
2419,request,19,5,37304,36760,209714800,0,209714800,1,0,1,1,1,0
2420,request,19,5,37848,37304,209714800,0,209714800,1,0,1,1,1,0
2421,request,19,5,38392,37848,209714800,0,209714800,1,0,1,1,1,0
2422,request,19,5,38936,38392,209714800,0,209714800,1,0,1,1,1,0
2423,request,19,5,39480,38936,209714800,0,209714800,1,0,1,1,1,0
2424,request,19,5,40024,39480,209714800,0,209714800,1,0,1,1,1,0
2425,request,19,5,40568,40024,209714800,0,209714800,1,0,1,1,1,0
2426,request,19,5,41112,40568,209714800,0,209714800,1,0,1,1,1,0
2427,request,19,5,41656,41112,209714800,0,209714800,1,0,1,1,1,0
2428,request,19,5,42200,41656,209714800,0,209714800,1,0,1,1,1,0
2429,request,19,5,42744,42200,209714800,0,209714800,1,0,1,1,1,0
2430,request,19,5,43288,42744,209714800,0,209714800,1,0,1,1,1,0
2431,request,19,5,43832,43288,209714800,0,209714800,1,0,1,1,1,0
2432,request,19,5,44376,43832,209714800,0,209714800,1,0,1,1,1,0
2433,request,19,5,44544,44376,209714800,0,209714800,1,0,1,1,1,0
2434,request,19,5,44712,44544,209714800,0,209714800,1,0,1,1,1,0
2435,request,19,5,44880,44712,209714800,0,209714800,1,0,1,1,1,0
2436,request,19,5,45048,44880,209714800,0,209714800,1,0,1,1,1,0
2437,request,19,5,45216,45048,209714800,0,209714800,1,0,1,1,1,0
2438,request,19,5,45384,45216,209714800,0,209714800,1,0,1,1,1,0
2439,request,19,5,45552,45384,209714800,0,209714800,1,0,1,1,1,0
2440,request,19,5,45720,45552,209714800,0,209714800,1,0,1,1,1,0
2441,request,19,5,45888,45720,209714800,0,209714800,1,0,1,1,1,0
2442,request,19,5,46056,45888,209714800,0,209714800,1,0,1,1,1,0
2443,request,19,5,46224,46056,209714800,0,209714800,1,0,1,1,1,0
2444,request,19,5,46392,46224,209714800,0,209714800,1,0,1,1,1,0
2445,request,19,5,46560,46392,209714800,0,209714800,1,0,1,1,1,0
2446,request,19,5,46728,46560,209714800,0,209714800,1,0,1,1,1,0
2447,request,19,5,46896,46728,209714800,0,209714800,1,0,1,1,1,0
2448,request,19,5,47064,46896,209714800,0,209714800,1,0,1,1,1,0
2449,request,19,5,47232,47064,209714800,0,209714800,1,0,1,1,1,0
2450,request,19,5,47400,47232,209714800,0,209714800,1,0,1,1,1,0
2451,request,19,5,47568,47400,209714800,0,209714800,1,0,1,1,1,0
2452,request,19,5,47736,47568,209714800,0,209714800,1,0,1,1,1,0
2453,request,19,5,47904,47736,209714800,0,209714800,1,0,1,1,1,0
2454,request,19,5,48072,47904,209714800,0,209714800,1,0,1,1,1,0
2455,request,19,5,48240,48072,209714800,0,209714800,1,0,1,1,1,0
2456,request,19,5,48408,48240,209714800,0,209714800,1,0,1,1,1,0
2457,request,19,5,48576,48408,209714800,0,209714800,1,0,1,1,1,0
2458,request,19,5,48744,48576,209714800,0,209714800,1,0,1,1,1,0
2459,request,19,5,48912,48744,209714800,0,209714800,1,0,1,1,1,0
2460,request,19,5,49080,48912,209714800,0,209714800,1,0,1,1,1,0
2461,request,19,5,49248,49080,209714800,0,209714800,1,0,1,1,1,0
2462,request,19,5,49416,49248,209714800,0,209714800,1,0,1,1,1,0
2463,request,19,5,49584,49416,209714800,0,209714800,1,0,1,1,1,0
2464,request,19,5,49752,49584,209714800,0,209714800,1,0,1,1,1,0
2465,request,19,5,49920,49752,209714800,0,209714800,1,0,1,1,1,0
2466,request,19,5,50088,49920,209714800,0,209714800,1,0,1,1,1,0
2467,request,19,5,50256,50088,209714800,0,209714800,1,0,1,1,1,0
2468,request,19,5,50424,50256,209714800,0,209714800,1,0,1,1,1,0
2469,request,19,5,50592,50424,209714800,0,209714800,1,0,1,1,1,0
2470,request,19,5,50760,50592,209714800,0,209714800,1,0,1,1,1,0
2471,request,19,5,50928,50760,209714800,0,209714800,1,0,1,1,1,0
2472,request,19,5,51096,50928,209714800,0,209714800,1,0,1,1,1,0
2473,request,19,5,51264,51096,209714800,0,209714800,1,0,1,1,1,0
2474,request,19,5,51432,51264,209714800,0,209714800,1,0,1,1,1,0
2475,request,19,5,51600,51432,209714800,0,209714800,1,0,1,1,1,0
2476,request,19,5,51768,51600,209714800,0,209714800,1,0,1,1,1,0
2477,request,19,5,51936,51768,209714800,0,209714800,1,0,1,1,1,0
2478,request,19,5,52104,51936,209714800,0,209714800,1,0,1,1,1,0
2479,request,19,5,52272,52104,209714800,0,209714800,1,0,1,1,1,0
2480,request,19,5,52440,52272,209714800,0,209714800,1,0,1,1,1,0
2481,request,19,5,53120,52440,209714800,0,209714800,1,0,1,1,1,0
2482,request,19,5,53800,53120,209714800,0,209714800,1,0,1,1,1,0
2483,request,19,5,54480,53800,209714800,0,209714800,1,0,1,1,1,0
2484,request,19,5,55160,54480,209714800,0,209714800,1,0,1,1,1,0
2485,request,19,5,55840,55160,209714800,0,209714800,1,0,1,1,1,0
2486,request,19,5,56520,55840,209714800,0,209714800,1,0,1,1,1,0
2487,request,19,5,57200,56520,209714800,0,209714800,1,0,1,1,1,0
2488,request,19,5,57880,57200,209714800,0,209714800,1,0,1,1,1,0
2489,request,19,5,58560,57880,209714800,0,209714800,1,0,1,1,1,0
2490,request,19,5,59240,58560,209714800,0,209714800,1,0,1,1,1,0
2491,request,19,5,59920,59240,209714800,0,209714800,1,0,1,1,1,0
2492,request,19,5,60600,59920,209714800,0,209714800,1,0,1,1,1,0
2493,request,19,5,60620,60600,209714800,0,209714800,1,0,1,1,1,0
2494,request,19,5,60640,60620,209714800,0,209714800,1,0,1,1,1,0
2495,request,19,5,60792,60640,209714800,0,209714800,1,0,1,1,1,0
2496,request,19,5,60812,60792,209714800,0,209714800,1,0,1,1,1,0
2497,request,19,5,60832,60812,209714800,0,209714800,1,0,1,1,1,0
2498,request,19,5,60984,60832,209714800,0,209714800,1,0,1,1,1,0
2499,request,19,5,61004,60984,209714800,0,209714800,1,0,1,1,1,0
2500,request,19,5,61024,61004,209714800,0,209714800,1,0,1,1,1,0
2501,request,19,5,61176,61024,209714800,0,209714800,1,0,1,1,1,0
2502,request,19,5,61196,61176,209714800,0,209714800,1,0,1,1,1,0
2503,request,19,5,61216,61196,209714800,0,209714800,1,0,1,1,1,0
2504,request,19,5,61368,61216,209714800,0,209714800,1,0,1,1,1,0
2505,request,19,5,61388,61368,209714800,0,209714800,1,0,1,1,1,0
2506,request,19,5,61408,61388,209714800,0,209714800,1,0,1,1,1,0
2507,request,19,5,61560,61408,209714800,0,209714800,1,0,1,1,1,0
2508,request,19,5,61580,61560,209714800,0,209714800,1,0,1,1,1,0
2509,request,19,5,61600,61580,209714800,0,209714800,1,0,1,1,1,0
2510,request,19,5,61752,61600,209714800,0,209714800,1,0,1,1,1,0
2511,request,19,5,61772,61752,209714800,0,209714800,1,0,1,1,1,0
2512,request,19,5,61792,61772,209714800,0,209714800,1,0,1,1,1,0
2513,request,19,5,61944,61792,209714800,0,209714800,1,0,1,1,1,0
2514,request,19,5,61964,61944,209714800,0,209714800,1,0,1,1,1,0
2515,request,19,5,61984,61964,209714800,0,209714800,1,0,1,1,1,0
2516,request,19,5,62136,61984,209714800,0,209714800,1,0,1,1,1,0
2517,request,19,5,62156,62136,209714800,0,209714800,1,0,1,1,1,0
2518,request,19,5,62176,62156,209714800,0,209714800,1,0,1,1,1,0
2519,request,19,5,62328,62176,209714800,0,209714800,1,0,1,1,1,0
2520,request,19,5,62348,62328,209714800,0,209714800,1,0,1,1,1,0
2521,request,19,5,62368,62348,209714800,0,209714800,1,0,1,1,1,0
2522,request,19,5,62520,62368,209714800,0,209714800,1,0,1,1,1,0
2523,request,19,5,62552,62520,209714800,0,209714800,1,0,1,1,1,0
2524,request,19,5,62584,62552,209714800,0,209714800,1,0,1,1,1,0
2525,request,19,5,62728,62584,209714800,0,209714800,1,0,1,1,1,0
2526,request,19,5,62760,62728,209714800,0,209714800,1,0,1,1,1,0
2527,request,19,5,62792,62760,209714800,0,209714800,1,0,1,1,1,0
2528,request,19,5,62936,62792,209714800,0,209714800,1,0,1,1,1,0
2529,request,19,5,62968,62936,209714800,0,209714800,1,0,1,1,1,0
2530,request,19,5,63000,62968,209714800,0,209714800,1,0,1,1,1,0
2531,request,19,5,63144,63000,209714800,0,209714800,1,0,1,1,1,0
2532,request,19,5,63176,63144,209714800,0,209714800,1,0,1,1,1,0
2533,request,19,5,63208,63176,209714800,0,209714800,1,0,1,1,1,0
2534,request,19,5,63352,63208,209714800,0,209714800,1,0,1,1,1,0
2535,request,19,5,63384,63352,209714800,0,209714800,1,0,1,1,1,0
2536,request,19,5,63416,63384,209714800,0,209714800,1,0,1,1,1,0
2537,request,19,5,63560,63416,209714800,0,209714800,1,0,1,1,1,0
2538,request,19,5,63592,63560,209714800,0,209714800,1,0,1,1,1,0
2539,request,19,5,63624,63592,209714800,0,209714800,1,0,1,1,1,0
2540,request,19,5,63768,63624,209714800,0,209714800,1,0,1,1,1,0
2541,request,19,5,63800,63768,209714800,0,209714800,1,0,1,1,1,0
2542,request,19,5,63832,63800,209714800,0,209714800,1,0,1,1,1,0
2543,request,19,5,63976,63832,209714800,0,209714800,1,0,1,1,1,0
2544,request,19,5,64008,63976,209714800,0,209714800,1,0,1,1,1,0
2545,request,19,5,64040,64008,209714800,0,209714800,1,0,1,1,1,0
2546,request,19,5,64184,64040,209714800,0,209714800,1,0,1,1,1,0
2547,request,19,5,64200,64184,209714800,0,209714800,1,0,1,1,1,0
2548,request,19,5,64216,64200,209714800,0,209714800,1,0,1,1,1,0
2549,request,19,5,64296,64216,209714800,0,209714800,1,0,1,1,1,0
2550,request,19,5,64312,64296,209714800,0,209714800,1,0,1,1,1,0
2551,request,19,5,64328,64312,209714800,0,209714800,1,0,1,1,1,0
2552,request,19,5,64408,64328,209714800,0,209714800,1,0,1,1,1,0
2553,request,19,5,64424,64408,209714800,0,209714800,1,0,1,1,1,0
2554,request,19,5,64440,64424,209714800,0,209714800,1,0,1,1,1,0
2555,request,19,5,64520,64440,209714800,0,209714800,1,0,1,1,1,0
2556,request,19,5,64536,64520,209714800,0,209714800,1,0,1,1,1,0
2557,request,19,5,64552,64536,209714800,0,209714800,1,0,1,1,1,0
2558,request,19,5,64632,64552,209714800,0,209714800,1,0,1,1,1,0
2559,request,19,5,64648,64632,209714800,0,209714800,1,0,1,1,1,0
2560,request,19,5,64664,64648,209714800,0,209714800,1,0,1,1,1,0
2561,request,19,5,64744,64664,209714800,0,209714800,1,0,1,1,1,0
2562,request,19,5,64760,64744,209714800,0,209714800,1,0,1,1,1,0
2563,request,19,5,64776,64760,209714800,0,209714800,1,0,1,1,1,0
2564,request,19,5,64856,64776,209714800,0,209714800,1,0,1,1,1,0
2565,request,19,5,64872,64856,209714800,0,209714800,1,0,1,1,1,0
2566,request,19,5,64888,64872,209714800,0,209714800,1,0,1,1,1,0
2567,request,19,5,64968,64888,209714800,0,209714800,1,0,1,1,1,0
2568,request,19,5,64984,64968,209714800,0,209714800,1,0,1,1,1,0
2569,request,19,5,65000,64984,209714800,0,209714800,1,0,1,1,1,0
2570,request,19,5,65080,65000,209714800,0,209714800,1,0,1,1,1,0
2571,request,19,5,65096,65080,209714800,0,209714800,1,0,1,1,1,0
2572,request,19,5,65112,65096,209714800,0,209714800,1,0,1,1,1,0
2573,request,19,5,65192,65112,209714800,0,209714800,1,0,1,1,1,0
2574,request,19,5,65208,65192,209714800,0,209714800,1,0,1,1,1,0
2575,request,19,5,65224,65208,209714800,0,209714800,1,0,1,1,1,0
2576,request,19,5,65304,65224,209714800,0,209714800,1,0,1,1,1,0
2577,request,19,5,65320,65304,209714800,0,209714800,1,0,1,1,1,0
2578,request,19,5,65336,65320,209714800,0,209714800,1,0,1,1,1,0
2579,request,19,5,65416,65336,209714800,0,209714800,1,0,1,1,1,0
2580,request,19,5,65432,65416,209714800,0,209714800,1,0,1,1,1,0
2581,request,19,5,65448,65432,209714800,0,209714800,1,0,1,1,1,0
2582,request,19,5,65528,65448,209714800,0,209714800,1,0,1,1,1,0
2583,request,19,5,65544,65528,209714800,0,209714800,1,0,1,1,1,0
2584,request,19,5,65560,65544,209714800,0,209714800,1,0,1,1,1,0
2585,request,19,5,65640,65560,209714800,0,209714800,1,0,1,1,1,0
2586,request,19,5,65656,65640,209714800,0,209714800,1,0,1,1,1,0
2587,request,19,5,65672,65656,209714800,0,209714800,1,0,1,1,1,0
2588,request,19,5,65752,65672,209714800,0,209714800,1,0,1,1,1,0
2589,request,19,5,65768,65752,209714800,0,209714800,1,0,1,1,1,0
2590,request,19,5,65784,65768,209714800,0,209714800,1,0,1,1,1,0
2591,request,19,5,65864,65784,209714800,0,209714800,1,0,1,1,1,0
2592,request,19,5,65880,65864,209714800,0,209714800,1,0,1,1,1,0
2593,request,19,5,65896,65880,209714800,0,209714800,1,0,1,1,1,0
2594,request,19,5,65976,65896,209714800,0,209714800,1,0,1,1,1,0
2595,request,19,5,68568,65976,209714800,0,209714800,1,0,1,1,1,0
2596,request,19,5,71160,68568,209714800,0,209714800,1,0,1,1,1,0
2597,request,19,5,72408,71160,209714800,0,209714800,1,0,1,1,1,0
2598,request,19,5,74424,72408,209714800,0,209714800,1,0,1,1,1,0
2599,request,19,5,75672,74424,209714800,0,209714800,1,0,1,1,1,0
2600,request,19,5,76920,75672,209714800,0,209714800,1,0,1,1,1,0
2601,request,20,5,1344,0,209714800,0,209714800,1,0,1,1,1,0
2602,request,20,5,2244,1344,209714800,0,209714800,1,0,1,1,1,0
2603,request,20,5,2664,2244,209714800,0,209714800,1,0,1,1,1,0
2604,request,20,5,6696,2664,209714800,0,209714800,1,0,1,1,1,0
2605,request,20,5,6720,6696,209714800,0,209714800,1,0,1,1,1,0
2606,request,20,5,6744,6720,209714800,0,209714800,1,0,1,1,1,0
2607,request,20,5,8592,6744,209714800,0,209714800,1,0,1,1,1,0
2608,request,22,8,48,0,8388608,0,8388608,1,0,1,1,0,0
2609,request,23,8,48,0,8388608,0,8388608,1,0,1,1,0,0
2610,request,24,8,48,0,8388608,0,8388608,1,0,1,1,0,0
2611,request,25,8,48,0,8388608,0,8388608,1,0,1,1,0,0
2612,request,26,8,48,0,8388608,0,8388608,1,0,1,1,0,0
2613,request,27,8,48,0,8388608,0,8388608,1,0,1,1,0,0
2614,request,28,8,48,0,8388608,0,8388608,1,0,1,1,0,0
2615,request,29,8,48,0,8388608,0,8388608,1,0,1,1,0,0
2616,request,30,8,48,0,8388608,0,8388608,1,0,1,1,0,0
2617,request,31,8,48,0,8388608,0,8388608,1,0,1,1,0,0
2618,request,32,8,48,0,8388608,0,8388608,1,0,1,1,0,0
2619,request,33,8,48,0,8388608,0,8388608,1,0,1,1,0,0
2620,request,34,8,48,0,8388608,0,8388608,1,0,1,1,0,0
2621,request,35,8,48,0,8388608,0,8388608,1,0,1,1,0,0
2622,request,36,8,48,0,8388608,0,8388608,1,0,1,1,0,0
2623,request,37,8,48,0,8388608,0,8388608,1,0,1,1,0,0
2624,request,38,8,48,0,8388608,0,8388608,1,0,1,1,0,0
2625,request,39,8,48,0,8388608,0,8388608,1,0,1,1,0,0
2626,request,40,8,48,0,8388608,0,8388608,1,0,1,1,0,0
2627,request,41,8,48,0,8388608,0,8388608,1,0,1,1,0,0
2628,request,42,8,48,0,8388608,0,8388608,1,0,1,1,0,0
2629,request,43,8,48,0,8388608,0,8388608,1,0,1,1,0,0
2630,request,44,8,48,0,8388608,0,8388608,1,0,1,1,0,0
2631,request,46,8,2097024,0,8388608,0,8388608,1,0,1,1,1,0
2632,request,46,8,4194048,2097024,8388608,0,8388608,1,0,1,1,1,0
2633,request,46,8,6291072,4194048,8388608,0,8388608,1,0,1,1,1,0
2634,request,46,8,8388096,6291072,8388608,0,8388608,1,0,1,1,1,0
2635,request,46,8,8388608,8388096,8388608,0,8388608,1,0,1,1,1,0
2636,request,46,8,8388736,8388608,8388608,0,8388608,1,0,1,1,1,0
2637,post-finish,47,8,8388736,0,8388608,0,8388608,1,0,1,1,0,0
2638,ensure-enter,47,8,8388736,0,8388608,0,8388608,1,0,1,1,0,0
2639,resize-before,47,8,8388736,0,8388608,0,8388608,1,0,1,1,0,0
2640,resize-after,47,8,8388736,0,8388736,0,8388608,1,0,1,1,0,0
2641,resize-before,47,7,8388736,0,8388608,0,8388736,0,1,1,1,0,0
2642,resize-after,47,7,8388736,0,8388736,0,8388736,0,1,1,1,0,0
2643,ensure-complete,47,8,8388736,0,8388736,0,8388736,1,0,1,1,0,0
2644,request,47,8,2097152,128,8388736,0,8388736,1,0,1,1,1,0
2645,request,47,8,4194176,2097152,8388736,0,8388736,1,0,1,1,1,0
2646,request,47,8,6291200,4194176,8388736,0,8388736,1,0,1,1,1,0
2647,request,47,8,8388224,6291200,8388736,0,8388736,1,0,1,1,1,0
2648,request,47,8,8388736,8388224,8388736,0,8388736,1,0,1,1,1,0
2649,request,47,8,8388864,8388736,8388736,0,8388736,1,0,1,1,1,0
2650,post-finish,48,8,8388864,0,8388736,0,8388736,1,0,1,1,0,0
2651,ensure-enter,48,8,8388864,0,8388736,0,8388736,1,0,1,1,0,0
2652,resize-before,48,8,8388864,0,8388736,0,8388736,1,0,1,1,0,0
2653,resize-after,48,8,8388864,0,8388864,0,8388736,1,0,1,1,0,0
2654,resize-before,48,7,8388864,0,8388736,0,8388864,0,1,1,1,0,0
2655,resize-after,48,7,8388864,0,8388864,0,8388864,0,1,1,1,0,0
2656,ensure-complete,48,8,8388864,0,8388864,0,8388864,1,0,1,1,0,0
2657,request,48,8,2097152,128,8388864,0,8388864,1,0,1,1,1,0
2658,request,48,8,4194176,2097152,8388864,0,8388864,1,0,1,1,1,0
2659,request,48,8,6291200,4194176,8388864,0,8388864,1,0,1,1,1,0
2660,request,48,8,8388224,6291200,8388864,0,8388864,1,0,1,1,1,0
2661,request,48,8,8388736,8388224,8388864,0,8388864,1,0,1,1,1,0
2662,request,48,8,8388864,8388736,8388864,0,8388864,1,0,1,1,1,0
2663,request,48,8,8388992,8388864,8388864,0,8388864,1,0,1,1,1,0
2664,post-finish,49,8,8388992,0,8388864,0,8388864,1,0,1,1,0,0
2665,ensure-enter,49,8,8388992,0,8388864,0,8388864,1,0,1,1,0,0
2666,resize-before,49,8,8388992,0,8388864,0,8388864,1,0,1,1,0,0
2667,resize-after,49,8,8388992,0,8388992,0,8388864,1,0,1,1,0,0
2668,resize-before,49,7,8388992,0,8388864,0,8388992,0,1,1,1,0,0
2669,resize-after,49,7,8388992,0,8388992,0,8388992,0,1,1,1,0,0
2670,ensure-complete,49,8,8388992,0,8388992,0,8388992,1,0,1,1,0,0
2671,request,49,8,2097152,128,8388992,0,8388992,1,0,1,1,1,0
2672,request,49,8,4194176,2097152,8388992,0,8388992,1,0,1,1,1,0
2673,request,49,8,6291200,4194176,8388992,0,8388992,1,0,1,1,1,0
2674,request,49,8,8388224,6291200,8388992,0,8388992,1,0,1,1,1,0
2675,request,49,8,8388736,8388224,8388992,0,8388992,1,0,1,1,1,0
2676,request,49,8,8388864,8388736,8388992,0,8388992,1,0,1,1,1,0
2677,request,49,8,8388992,8388864,8388992,0,8388992,1,0,1,1,1,0
2678,request,49,8,10486016,8388992,8388992,0,8388992,1,0,1,1,1,0
2679,post-finish,50,8,10486016,0,8388992,0,8388992,1,0,1,1,0,0
2680,ensure-enter,50,8,10486016,0,8388992,0,8388992,1,0,1,1,0,0
2681,resize-before,50,8,10486016,0,8388992,0,8388992,1,0,1,1,0,0
2682,resize-after,50,8,10486016,0,10486016,0,8388992,1,0,1,1,0,0
2683,resize-before,50,7,10486016,0,8388992,0,10486016,0,1,1,1,0,0
2684,resize-after,50,7,10486016,0,10486016,0,10486016,0,1,1,1,0,0
2685,ensure-complete,50,8,10486016,0,10486016,0,10486016,1,0,1,1,0,0
2686,request,50,8,2100864,2097024,10486016,0,10486016,1,0,1,1,1,0
2687,request,51,8,64,0,10486016,0,10486016,1,0,1,1,0,0
2688,request,51,8,128,64,10486016,0,10486016,1,0,1,1,1,0
2689,request,52,8,64,0,10486016,0,10486016,1,0,1,1,0,0
