host,variant,test,runId,runWallMs,guestWorkUs,guestRawSampleMeanUs,guestRawSampleCount,guestRawMinUs,guestRawMedianUs,guestRawP95NearestRankUs,guestRawP99NearestRankUs,guestRawMaxUs,canonicalMeanUs,runnerLeafCheck,guestOutcome,framebuffer,oracleFramebuffer,oraclePresent,comparison,rawOutputComplete,processExecution,fixedWork
deck,parent,busy_pfifo.pfifo_saturation,20261004-173927408-5ff9867216d744f791d3e7b56fe0a103,89384.1923,7345329,183632.9,10,123946,189483.5,241066,241066,241066,,not evaluated,PASS,618832b1599bf211,1508607624bb8506,True,ineligible,True,completed,"{'revision': 1, 'iterations': 40, 'sample_count': 10, 'measurement_iterations_multiplier': 4, 'warmup_iterations': 3, 'gpu_completion_mode': 'per_iteration', 'unit': 'us', 'direction': 'lower_is_better'}"
deck,parent,busy_pfifo.pgraph_pattern_polling,20261004-173927408-5ff9867216d744f791d3e7b56fe0a103,89384.1923,35835140,8958785,1,8958785,8958785,8958785,8958785,8958785,,not evaluated,PASS,386d0f085e98c325,386d0f085e98c325,True,ineligible,True,completed,"{'revision': 1, 'iterations': 4, 'sample_count': 1, 'measurement_iterations_multiplier': 4, 'warmup_iterations': 3, 'gpu_completion_mode': 'per_iteration', 'unit': 'us', 'direction': 'lower_is_better'}"
deck,parent,pfifo_array_elements.array_element_pgr2,20261004-173927408-5ff9867216d744f791d3e7b56fe0a103,89384.1923,44370,1386.25,8,1275,1358.5,1549,1549,1549,,not evaluated,PASS,bbc8b0702ffd0325,bbc8b0702ffd0325,True,ineligible,True,completed,"{'revision': 1, 'iterations': 32, 'sample_count': 8, 'measurement_iterations_multiplier': 4, 'warmup_iterations': 3, 'gpu_completion_mode': 'per_iteration', 'unit': 'us', 'direction': 'lower_is_better'}"
deck,parent,pfifo_array_elements.array_element16,20261004-173927408-5ff9867216d744f791d3e7b56fe0a103,89384.1923,63079,1970.75,8,1614,2036.5,2248,2248,2248,,not evaluated,PASS,9c884de2a5d32325,9c884de2a5d32325,True,ineligible,True,completed,"{'revision': 1, 'iterations': 32, 'sample_count': 8, 'measurement_iterations_multiplier': 4, 'warmup_iterations': 3, 'gpu_completion_mode': 'per_iteration', 'unit': 'us', 'direction': 'lower_is_better'}"
deck,parent,pfifo_array_elements.array_element32,20261004-173927408-5ff9867216d744f791d3e7b56fe0a103,89384.1923,49595,1549.375,8,1407,1553.0,1696,1696,1696,,not evaluated,PASS,e079f0cf1a994325,e079f0cf1a994325,True,ineligible,True,completed,"{'revision': 1, 'iterations': 32, 'sample_count': 8, 'measurement_iterations_multiplier': 4, 'warmup_iterations': 3, 'gpu_completion_mode': 'per_iteration', 'unit': 'us', 'direction': 'lower_is_better'}"
deck,parent,pfifo_packet_boundary.array_element16_overflow,20261004-173927408-5ff9867216d744f791d3e7b56fe0a103,89384.1923,178743,44685,1,44685,44685,44685,44685,44685,,not evaluated,PASS,4d1756526f052325,,False,ineligible,True,completed,"{'revision': 1, 'iterations': 4, 'sample_count': 1, 'measurement_iterations_multiplier': 4, 'warmup_iterations': 3, 'gpu_completion_mode': 'per_iteration', 'unit': 'us', 'direction': 'lower_is_better'}"
deck,parent,pfifo_packet_boundary.array_element32_overflow,20261004-173927408-5ff9867216d744f791d3e7b56fe0a103,89384.1923,348824,87206,1,87206,87206,87206,87206,87206,,not evaluated,PASS,6eb7071be692a325,,False,ineligible,True,completed,"{'revision': 1, 'iterations': 4, 'sample_count': 1, 'measurement_iterations_multiplier': 4, 'warmup_iterations': 3, 'gpu_completion_mode': 'per_iteration', 'unit': 'us', 'direction': 'lower_is_better'}"
deck,parent,pfifo_packet_boundary.inline_array_overflow,20261004-173927408-5ff9867216d744f791d3e7b56fe0a103,89384.1923,249506,62376,1,62376,62376,62376,62376,62376,,not evaluated,PASS,847da1930526a325,,False,ineligible,True,completed,"{'revision': 1, 'iterations': 4, 'sample_count': 1, 'measurement_iterations_multiplier': 4, 'warmup_iterations': 3, 'gpu_completion_mode': 'per_iteration', 'unit': 'us', 'direction': 'lower_is_better'}"
deck,parent,pfifo_packet_boundary.incrementing_inline_fallback,20261004-173927408-5ff9867216d744f791d3e7b56fe0a103,89384.1923,248,62,1,62,62,62,62,62,,not evaluated,PASS,640439ee8ecd2325,,False,ineligible,True,completed,"{'revision': 1, 'iterations': 4, 'sample_count': 1, 'measurement_iterations_multiplier': 4, 'warmup_iterations': 3, 'gpu_completion_mode': 'per_iteration', 'unit': 'us', 'direction': 'lower_is_better'}"
deck,parent,cpu_floating_point.sse_scalar,20261004-174058828-13e24e0e230342f2ba05e5eb6c873629,177956.5825,47800976,1195024.2,10,1175204,1192466.5,1218378,1218378,1218378,1195024.2,passed,PASS,6962077c244da325,6962077c244da325,True,eligible,True,completed,"{'revision': 1, 'iterations': 40, 'sample_count': 10, 'measurement_iterations_multiplier': 4, 'warmup_iterations': 3, 'gpu_completion_mode': 'per_iteration', 'unit': 'us', 'direction': 'lower_is_better'}"
deck,parent,cpu_floating_point.x87_scalar,20261004-174058828-13e24e0e230342f2ba05e5eb6c873629,177956.5825,46389158,1159728.5,10,1121817,1161288.5,1195526,1195526,1195526,1159728.5,passed,PASS,6962077c244da325,6962077c244da325,True,eligible,True,completed,"{'revision': 1, 'iterations': 40, 'sample_count': 10, 'measurement_iterations_multiplier': 4, 'warmup_iterations': 3, 'gpu_completion_mode': 'per_iteration', 'unit': 'us', 'direction': 'lower_is_better'}"
deck,parent,cpu_translation_blocks.direct_loop,20261004-174058828-13e24e0e230342f2ba05e5eb6c873629,177956.5825,785003,19624.6,10,18579,19727.0,20852,20852,20852,19624.6,passed,PASS,bd1fc9bf0c318325,bd1fc9bf0c318325,True,eligible,True,completed,"{'revision': 1, 'iterations': 40, 'sample_count': 10, 'measurement_iterations_multiplier': 4, 'warmup_iterations': 3, 'gpu_completion_mode': 'per_iteration', 'unit': 'us', 'direction': 'lower_is_better'}"
deck,parent,cpu_translation_blocks.indirect_dispatch,20261004-174058828-13e24e0e230342f2ba05e5eb6c873629,177956.5825,2702185,67554.3,10,65818,67190.0,69660,69660,69660,67554.3,passed,PASS,c0426cf669a02325,c0426cf669a02325,True,eligible,True,completed,"{'revision': 1, 'iterations': 40, 'sample_count': 10, 'measurement_iterations_multiplier': 4, 'warmup_iterations': 3, 'gpu_completion_mode': 'per_iteration', 'unit': 'us', 'direction': 'lower_is_better'}"
deck,parent,cpu_translation_blocks.indirect_dispatch_stress,20261004-174058828-13e24e0e230342f2ba05e5eb6c873629,177956.5825,54465817,1361645.3,10,1315406,1368638.5,1389493,1389493,1389493,1361645.3,passed,PASS,fbd507cb0c622325,fbd507cb0c622325,True,eligible,True,completed,"{'revision': 1, 'iterations': 40, 'sample_count': 10, 'measurement_iterations_multiplier': 4, 'warmup_iterations': 3, 'gpu_completion_mode': 'per_iteration', 'unit': 'us', 'direction': 'lower_is_better'}"
deck,parent,fill_rate.solid,20261004-174358818-f8938301d0af41208195523fe4968452,15282.162,220611,5514.9,10,4523,5459.5,6277,6277,6277,5514.9,failed,PASS,aa539e0bcd4e54b3,08b0f60773aac775,True,ineligible,True,completed,"{'revision': 1, 'iterations': 40, 'sample_count': 10, 'measurement_iterations_multiplier': 4, 'warmup_iterations': 3, 'gpu_completion_mode': 'per_iteration', 'unit': 'us', 'direction': 'lower_is_better'}"
deck,parent,fill_rate.textured,20261004-174358818-f8938301d0af41208195523fe4968452,15282.162,347246,8680.7,10,7273,8625.0,10031,10031,10031,8680.7,failed,PASS,92f42c56c1fbe869,99b433323df1684d,True,ineligible,True,completed,"{'revision': 1, 'iterations': 40, 'sample_count': 10, 'measurement_iterations_multiplier': 4, 'warmup_iterations': 3, 'gpu_completion_mode': 'per_iteration', 'unit': 'us', 'direction': 'lower_is_better'}"
deck,parent,pipeline_texture_switch.clear_texture_normal,20261004-174416135-5898649e47b1494d883bd4dc0e0e1a80,24599.7828,1125327,35166,8,30651,35171.0,40208,40208,40208,,not evaluated,PASS,22ba4f1405cda325,22ba4f1405cda325,True,ineligible,True,completed,"{'revision': 1, 'iterations': 32, 'sample_count': 8, 'measurement_iterations_multiplier': 4, 'warmup_iterations': 3, 'gpu_completion_mode': 'per_iteration', 'unit': 'us', 'direction': 'lower_is_better'}"
deck,parent,pipeline_texture_switch.palette_dma_remap,20261004-174416135-5898649e47b1494d883bd4dc0e0e1a80,24599.7828,66370,16592,1,16592,16592,16592,16592,16592,,not evaluated,PASS,fbf687de65082325,,False,ineligible,True,completed,"{'revision': 1, 'iterations': 4, 'sample_count': 1, 'measurement_iterations_multiplier': 4, 'warmup_iterations': 3, 'gpu_completion_mode': 'per_iteration', 'unit': 'us', 'direction': 'lower_is_better'}"
deck,parent,pipeline_texture_switch.palette_only_update,20261004-174416135-5898649e47b1494d883bd4dc0e0e1a80,24599.7828,226773,56693,1,56693,56693,56693,56693,56693,,not evaluated,PASS,467aab2f95cda325,,False,ineligible,True,completed,"{'revision': 1, 'iterations': 4, 'sample_count': 1, 'measurement_iterations_multiplier': 4, 'warmup_iterations': 3, 'gpu_completion_mode': 'per_iteration', 'unit': 'us', 'direction': 'lower_is_better'}"
deck,parent,pipeline_texture_switch.sampler_only_identity,20261004-174416135-5898649e47b1494d883bd4dc0e0e1a80,24599.7828,2044384,63886.5,8,59472,64497.0,68560,68560,68560,,not evaluated,PASS,0b8438c8404da325,0b8438c8404da325,True,ineligible,True,completed,"{'revision': 1, 'iterations': 32, 'sample_count': 8, 'measurement_iterations_multiplier': 4, 'warmup_iterations': 3, 'gpu_completion_mode': 'per_iteration', 'unit': 'us', 'direction': 'lower_is_better'}"
deck,parent,pipeline_texture_switch.shader_negative_control,20261004-174416135-5898649e47b1494d883bd4dc0e0e1a80,24599.7828,1569107,49034.125,8,45045,47952.0,58059,58059,58059,,not evaluated,PASS,f110c8bd6338c325,f110c8bd6338c325,True,ineligible,True,completed,"{'revision': 1, 'iterations': 32, 'sample_count': 8, 'measurement_iterations_multiplier': 4, 'warmup_iterations': 3, 'gpu_completion_mode': 'per_iteration', 'unit': 'us', 'direction': 'lower_is_better'}"
deck,parent,pipeline_texture_switch.shared_page_overlap,20261004-174416135-5898649e47b1494d883bd4dc0e0e1a80,24599.7828,219349,54837,1,54837,54837,54837,54837,54837,,not evaluated,PASS,83bb59a8648da325,,False,ineligible,True,completed,"{'revision': 1, 'iterations': 4, 'sample_count': 1, 'measurement_iterations_multiplier': 4, 'warmup_iterations': 3, 'gpu_completion_mode': 'per_iteration', 'unit': 'us', 'direction': 'lower_is_better'}"
deck,parent,pipeline_texture_switch.texture_dma_remap,20261004-174416135-5898649e47b1494d883bd4dc0e0e1a80,24599.7828,66460,16615,1,16615,16615,16615,16615,16615,,not evaluated,PASS,fbf687de65082325,,False,ineligible,True,completed,"{'revision': 1, 'iterations': 4, 'sample_count': 1, 'measurement_iterations_multiplier': 4, 'warmup_iterations': 3, 'gpu_completion_mode': 'per_iteration', 'unit': 'us', 'direction': 'lower_is_better'}"
deck,parent,pipeline_texture_switch.texture_switch,20261004-174416135-5898649e47b1494d883bd4dc0e0e1a80,24599.7828,1671074,52220.625,8,46067,50304.5,64638,64638,64638,,not evaluated,PASS,8ae05d31fb00c325,8ae05d31fb00c325,True,ineligible,True,completed,"{'revision': 1, 'iterations': 32, 'sample_count': 8, 'measurement_iterations_multiplier': 4, 'warmup_iterations': 3, 'gpu_completion_mode': 'per_iteration', 'unit': 'us', 'direction': 'lower_is_better'}"
deck,parent,report_query.clear_boundary,20261004-174442771-081fe6d3e56e46f896936daa13c61d68,15431.7626,25991,1624,4,1183,1589.0,2135,2135,2135,,not evaluated,PASS,b5eb7c4b9c8da325,,False,ineligible,True,completed,"{'revision': 2, 'iterations': 16, 'sample_count': 4, 'measurement_iterations_multiplier': 4, 'warmup_iterations': 3, 'gpu_completion_mode': 'per_iteration', 'unit': 'us', 'direction': 'lower_is_better'}"
deck,parent,report_query.dma_descriptor_rewrite,20261004-174442771-081fe6d3e56e46f896936daa13c61d68,15431.7626,12381,12381,1,12381,12381,12381,12381,12381,,not evaluated,PASS,c0c0fdbececda325,,False,ineligible,True,completed,"{'revision': 2, 'iterations': 1, 'sample_count': 1, 'measurement_iterations_multiplier': 1, 'warmup_iterations': 0, 'gpu_completion_mode': 'per_iteration', 'unit': 'us', 'direction': 'lower_is_better'}"
deck,parent,report_query.dma_range_guard,20261004-174442771-081fe6d3e56e46f896936daa13c61d68,15431.7626,7576,7576,1,7576,7576,7576,7576,7576,,not evaluated,PASS,3f648ce11a4da325,,False,ineligible,True,completed,"{'revision': 2, 'iterations': 1, 'sample_count': 1, 'measurement_iterations_multiplier': 1, 'warmup_iterations': 0, 'gpu_completion_mode': 'per_iteration', 'unit': 'us', 'direction': 'lower_is_better'}"
deck,parent,report_query.dma_target_switch,20261004-174442771-081fe6d3e56e46f896936daa13c61d68,15431.7626,86391,5399,4,1963,5242.0,9149,9149,9149,,not evaluated,PASS,4c4bd8cd440da325,,False,ineligible,True,completed,"{'revision': 2, 'iterations': 16, 'sample_count': 4, 'measurement_iterations_multiplier': 4, 'warmup_iterations': 3, 'gpu_completion_mode': 'per_iteration', 'unit': 'us', 'direction': 'lower_is_better'}"
deck,parent,report_query.fifo_producer_ordering,20261004-174442771-081fe6d3e56e46f896936daa13c61d68,15431.7626,20398,1274.5,4,1130,1266.0,1436,1436,1436,,not evaluated,PASS,0d907c24a88da325,,False,ineligible,True,completed,"{'revision': 2, 'iterations': 16, 'sample_count': 4, 'measurement_iterations_multiplier': 4, 'warmup_iterations': 3, 'gpu_completion_mode': 'per_iteration', 'unit': 'us', 'direction': 'lower_is_better'}"
deck,parent,report_query.multiple_boundaries,20261004-174442771-081fe6d3e56e46f896936daa13c61d68,15431.7626,17204,1075,4,335,1166.0,1633,1633,1633,,not evaluated,PASS,0c966fc9ba4da325,,False,ineligible,True,completed,"{'revision': 2, 'iterations': 16, 'sample_count': 4, 'measurement_iterations_multiplier': 4, 'warmup_iterations': 3, 'gpu_completion_mode': 'per_iteration', 'unit': 'us', 'direction': 'lower_is_better'}"
deck,parent,report_query.single_boundary,20261004-174442771-081fe6d3e56e46f896936daa13c61d68,15431.7626,7743,483.5,4,296,428.5,781,781,781,,not evaluated,PASS,60e674c9fecda325,,False,ineligible,True,completed,"{'revision': 2, 'iterations': 16, 'sample_count': 4, 'measurement_iterations_multiplier': 4, 'warmup_iterations': 3, 'gpu_completion_mode': 'per_iteration', 'unit': 'us', 'direction': 'lower_is_better'}"
deck,parent,report_query.zero_query,20261004-174442771-081fe6d3e56e46f896936daa13c61d68,15431.7626,11461,715.75,4,321,367.0,1808,1808,1808,,not evaluated,PASS,23875dfeb40da325,,False,ineligible,True,completed,"{'revision': 2, 'iterations': 16, 'sample_count': 4, 'measurement_iterations_multiplier': 4, 'warmup_iterations': 3, 'gpu_completion_mode': 'per_iteration', 'unit': 'us', 'direction': 'lower_is_better'}"
deck,parent,shader_lifecycle.readiness_train_visible,20261004-174459736-a6206d2ca02646148d6074b969863b65,24108.5028,65085,16271,1,16271,16271,16271,16271,16271,,not evaluated,PASS,d4c939c4f0ce4325,,False,ineligible,True,completed,"{'revision': 1, 'iterations': 4, 'sample_count': 1, 'measurement_iterations_multiplier': 4, 'warmup_iterations': 3, 'gpu_completion_mode': 'per_iteration', 'unit': 'us', 'direction': 'lower_is_better'}"
deck,parent,shader_lifecycle.readiness_replay_visible,20261004-174525878-e295acc3467d43e7a2a3c8b90a5975e2,24047.9993,66810,16702,1,16702,16702,16702,16702,16702,,not evaluated,PASS,d4c939c4f0ce4325,,False,ineligible,True,completed,"{'revision': 1, 'iterations': 4, 'sample_count': 1, 'measurement_iterations_multiplier': 4, 'warmup_iterations': 3, 'gpu_completion_mode': 'per_iteration', 'unit': 'us', 'direction': 'lower_is_better'}"
deck,parent,shader_lifecycle.readiness_identical_replay,20261004-174551965-0d841666e2c143c697820683008a6f20,52267.8156,16099350,4024837,1,4024837,4024837,4024837,4024837,4024837,,not evaluated,PASS,70615ec6b77f8325,,False,ineligible,True,completed,"{'revision': 1, 'iterations': 4, 'sample_count': 1, 'measurement_iterations_multiplier': 4, 'warmup_iterations': 3, 'gpu_completion_mode': 'per_iteration', 'unit': 'us', 'direction': 'lower_is_better'}"
deck,parent,shader_lifecycle.readiness_uniform_only,20261004-174646270-c6a3a938dba94a49bbe27e34316d812a,24140.6847,66973,16743,1,16743,16743,16743,16743,16743,,not evaluated,PASS,113d534d51f95325,,False,ineligible,True,completed,"{'revision': 1, 'iterations': 4, 'sample_count': 1, 'measurement_iterations_multiplier': 4, 'warmup_iterations': 3, 'gpu_completion_mode': 'per_iteration', 'unit': 'us', 'direction': 'lower_is_better'}"
deck,parent,shader_lifecycle.readiness_early_demand,20261004-174711945-820e26d73d6d42b29039b5d09423f937,24000.053,64987,16246,1,16246,16246,16246,16246,16246,,not evaluated,PASS,d4c939c4f0ce4325,,False,ineligible,True,completed,"{'revision': 1, 'iterations': 4, 'sample_count': 1, 'measurement_iterations_multiplier': 4, 'warmup_iterations': 3, 'gpu_completion_mode': 'per_iteration', 'unit': 'us', 'direction': 'lower_is_better'}"
deck,parent,game_load.long_unlocked_scene.cpu,20261004-174737980-481638fe91d142ba913748d5fd18dd60,264725.1741,1290686,40333.625,8,39922,40222.5,41512,41512,41512,40333.625,passed,PASS,7c59a4dc0f8ba325,7c59a4dc0f8ba325,True,eligible,True,completed,"{'revision': 1, 'iterations': 32, 'sample_count': 8, 'measurement_iterations_multiplier': 4, 'warmup_iterations': 3, 'gpu_completion_mode': 'per_iteration', 'unit': 'us', 'direction': 'lower_is_better'}"
deck,parent,game_load.long_unlocked_scene.pfifo,20261004-174737980-481638fe91d142ba913748d5fd18dd60,264725.1741,315123,9847.25,8,9029,9351.5,11905,11905,11905,9847.25,passed,PASS,7c59a4dc0f8ba325,7c59a4dc0f8ba325,True,eligible,True,completed,"{'revision': 1, 'iterations': 32, 'sample_count': 8, 'measurement_iterations_multiplier': 4, 'warmup_iterations': 3, 'gpu_completion_mode': 'per_iteration', 'unit': 'us', 'direction': 'lower_is_better'}"
deck,parent,game_load.long_unlocked_scene.alpha_overdraw,20261004-174737980-481638fe91d142ba913748d5fd18dd60,264725.1741,3460623,108144.125,8,105469,106388.0,114795,114795,114795,108144.125,passed,PASS,7c59a4dc0f8ba325,7c59a4dc0f8ba325,True,eligible,True,completed,"{'revision': 1, 'iterations': 32, 'sample_count': 8, 'measurement_iterations_multiplier': 4, 'warmup_iterations': 3, 'gpu_completion_mode': 'per_iteration', 'unit': 'us', 'direction': 'lower_is_better'}"
deck,parent,game_load.long_unlocked_scene.streaming_surface_reuse,20261004-174737980-481638fe91d142ba913748d5fd18dd60,264725.1741,815362,25479.625,8,22727,24688.5,29743,29743,29743,25479.625,passed,PASS,7c59a4dc0f8ba325,7c59a4dc0f8ba325,True,eligible,True,completed,"{'revision': 1, 'iterations': 32, 'sample_count': 8, 'measurement_iterations_multiplier': 4, 'warmup_iterations': 3, 'gpu_completion_mode': 'per_iteration', 'unit': 'us', 'direction': 'lower_is_better'}"
deck,parent,game_load.long_unlocked_scene.combined,20261004-174737980-481638fe91d142ba913748d5fd18dd60,264725.1741,6251315,195353.125,8,190895,195689.0,197928,197928,197928,195353.125,passed,PASS,7c59a4dc0f8ba325,7c59a4dc0f8ba325,True,eligible,True,completed,"{'revision': 1, 'iterations': 32, 'sample_count': 8, 'measurement_iterations_multiplier': 4, 'warmup_iterations': 3, 'gpu_completion_mode': 'per_iteration', 'unit': 'us', 'direction': 'lower_is_better'}"
deck,parent,game_load.long_unlocked_scene.full_system,20261004-174737980-481638fe91d142ba913748d5fd18dd60,264725.1741,6314171,197317.5,8,181695,200993.0,206283,206283,206283,197317.5,passed,PASS,7c59a4dc0f8ba325,7c59a4dc0f8ba325,True,eligible,True,completed,"{'revision': 1, 'iterations': 32, 'sample_count': 8, 'measurement_iterations_multiplier': 4, 'warmup_iterations': 3, 'gpu_completion_mode': 'per_iteration', 'unit': 'us', 'direction': 'lower_is_better'}"
deck,parent,game_load.cross_title_hotpath.queued_vertex_cpu_writes,20261004-174737980-481638fe91d142ba913748d5fd18dd60,264725.1741,4680458,146264,8,134799,146206.0,156854,156854,156854,146264,passed,PASS,cf19c8d27e2aa325,cf19c8d27e2aa325,True,eligible,True,completed,"{'revision': 1, 'iterations': 32, 'sample_count': 8, 'measurement_iterations_multiplier': 4, 'warmup_iterations': 3, 'gpu_completion_mode': 'per_iteration', 'unit': 'us', 'direction': 'lower_is_better'}"
deck,parent,game_load.cross_title_hotpath.pgr2_small_draws,20261004-174737980-481638fe91d142ba913748d5fd18dd60,264725.1741,9483644,296363.375,8,288663,296222.5,301154,301154,301154,296363.375,passed,PASS,2a1e0148d2c0e325,2a1e0148d2c0e325,True,eligible,True,completed,"{'revision': 1, 'iterations': 32, 'sample_count': 8, 'measurement_iterations_multiplier': 4, 'warmup_iterations': 3, 'gpu_completion_mode': 'per_iteration', 'unit': 'us', 'direction': 'lower_is_better'}"
deck,parent,game_load.cross_title_hotpath.texture_update_reuse,20261004-174737980-481638fe91d142ba913748d5fd18dd60,264725.1741,145733,4553.75,8,4031,4277.0,5510,5510,5510,4553.75,passed,PASS,5612bef321a56325,5612bef321a56325,True,eligible,True,completed,"{'revision': 1, 'iterations': 32, 'sample_count': 8, 'measurement_iterations_multiplier': 4, 'warmup_iterations': 3, 'gpu_completion_mode': 'per_iteration', 'unit': 'us', 'direction': 'lower_is_better'}"
deck,parent,game_load.cross_title_hotpath.surface_reuse,20261004-174737980-481638fe91d142ba913748d5fd18dd60,264725.1741,621455,19420.125,8,14566,17952.0,30148,30148,30148,19420.125,passed,PASS,846d9f21b7c6a325,846d9f21b7c6a325,True,eligible,True,completed,"{'revision': 1, 'iterations': 32, 'sample_count': 8, 'measurement_iterations_multiplier': 4, 'warmup_iterations': 3, 'gpu_completion_mode': 'per_iteration', 'unit': 'us', 'direction': 'lower_is_better'}"
deck,parent,game_load.cross_title_hotpath.pipeline_state_churn,20261004-174737980-481638fe91d142ba913748d5fd18dd60,264725.1741,5174219,161693.875,8,152755,159996.0,176255,176255,176255,161693.875,passed,PASS,22f040b2add4a325,22f040b2add4a325,True,eligible,True,completed,"{'revision': 1, 'iterations': 32, 'sample_count': 8, 'measurement_iterations_multiplier': 4, 'warmup_iterations': 3, 'gpu_completion_mode': 'per_iteration', 'unit': 'us', 'direction': 'lower_is_better'}"
deck,parent,game_load.cross_title_hotpath.blend_constant_reuse,20261004-174737980-481638fe91d142ba913748d5fd18dd60,264725.1741,10409995,325312.125,8,319837,324480.0,330910,330910,330910,325312.125,passed,PASS,a08ca118008fa325,a08ca118008fa325,True,eligible,True,completed,"{'revision': 1, 'iterations': 32, 'sample_count': 8, 'measurement_iterations_multiplier': 4, 'warmup_iterations': 3, 'gpu_completion_mode': 'per_iteration', 'unit': 'us', 'direction': 'lower_is_better'}"
deck,parent,game_load.cross_title_hotpath.texture_binding_reuse,20261004-174737980-481638fe91d142ba913748d5fd18dd60,264725.1741,13771842,430369.75,8,419845,431179.5,438355,438355,438355,430369.75,passed,PASS,dfaaa3022df6a325,dfaaa3022df6a325,True,eligible,True,completed,"{'revision': 1, 'iterations': 32, 'sample_count': 8, 'measurement_iterations_multiplier': 4, 'warmup_iterations': 3, 'gpu_completion_mode': 'per_iteration', 'unit': 'us', 'direction': 'lower_is_better'}"
deck,parent,game_load.cross_title_hotpath.pgr2_lagspot_inline_elements,20261004-174737980-481638fe91d142ba913748d5fd18dd60,264725.1741,7420311,231884.25,8,223253,231322.5,240091,240091,240091,231884.25,passed,PASS,1289219c28d5a325,1289219c28d5a325,True,eligible,True,completed,"{'revision': 1, 'iterations': 32, 'sample_count': 8, 'measurement_iterations_multiplier': 4, 'warmup_iterations': 3, 'gpu_completion_mode': 'per_iteration', 'unit': 'us', 'direction': 'lower_is_better'}"
deck,parent,game_load.cross_title_hotpath.scaled_surface_pressure,20261004-174737980-481638fe91d142ba913748d5fd18dd60,264725.1741,63087703,1971490.375,8,1798495,2001856.5,2146453,2146453,2146453,1971490.375,passed,PASS,e81e5b4a4675a325,e81e5b4a4675a325,True,eligible,True,completed,"{'revision': 1, 'iterations': 32, 'sample_count': 8, 'measurement_iterations_multiplier': 4, 'warmup_iterations': 3, 'gpu_completion_mode': 'per_iteration', 'unit': 'us', 'direction': 'lower_is_better'}"
deck,parent,game_load.cross_title_hotpath.s3tc_streaming_fenced_draws,20261004-174737980-481638fe91d142ba913748d5fd18dd60,264725.1741,92273040,2883532.125,8,2828580,2893714.5,2939466,2939466,2939466,2883532.125,passed,PASS,a0f51c6c46a52325,a0f51c6c46a52325,True,eligible,True,completed,"{'revision': 1, 'iterations': 32, 'sample_count': 8, 'measurement_iterations_multiplier': 4, 'warmup_iterations': 3, 'gpu_completion_mode': 'per_iteration', 'unit': 'us', 'direction': 'lower_is_better'}"
deck,parent,game_load.cross_title_hotpath.gpu_wait_control,20261004-174737980-481638fe91d142ba913748d5fd18dd60,264725.1741,166355,5198.375,8,4858,5183.5,5585,5585,5585,5198.375,passed,PASS,828855c0a34e2325,828855c0a34e2325,True,eligible,True,completed,"{'revision': 1, 'iterations': 32, 'sample_count': 8, 'measurement_iterations_multiplier': 4, 'warmup_iterations': 3, 'gpu_completion_mode': 'per_iteration', 'unit': 'us', 'direction': 'lower_is_better'}"
deck,parent,game_load.s3tc_sync_factor.dxt1_same_address_wait,20261004-175204744-fad8df18d1594cb5929181687b345669,56528.7724,563413,17606.375,8,15818,16703.0,24848,24848,24848,17606.375,failed,PASS,3403675459d4d3d5,db28300321744de5,True,ineligible,True,completed,"{'revision': 1, 'iterations': 32, 'sample_count': 8, 'measurement_iterations_multiplier': 4, 'warmup_iterations': 3, 'gpu_completion_mode': 'per_iteration', 'unit': 'us', 'direction': 'lower_is_better'}"
deck,parent,game_load.s3tc_sync_factor.dxt1_same_address_queued,20261004-175204744-fad8df18d1594cb5929181687b345669,56528.7724,549817,17181.5,8,16328,16771.0,20859,20859,20859,17181.5,failed,PASS,81c0cc1ebbadbdac,9998993e8dcf6939,True,ineligible,True,completed,"{'revision': 1, 'iterations': 32, 'sample_count': 8, 'measurement_iterations_multiplier': 4, 'warmup_iterations': 3, 'gpu_completion_mode': 'per_iteration', 'unit': 'us', 'direction': 'lower_is_better'}"
deck,parent,game_load.s3tc_sync_factor.dxt1_ring_payload_generations,20261004-175204744-fad8df18d1594cb5929181687b345669,56528.7724,1599255,49976.25,8,49211,49965.5,51305,51305,51305,49976.25,failed,PASS,3403675459d4d3d5,db28300321744de5,True,ineligible,True,completed,"{'revision': 1, 'iterations': 32, 'sample_count': 8, 'measurement_iterations_multiplier': 4, 'warmup_iterations': 3, 'gpu_completion_mode': 'per_iteration', 'unit': 'us', 'direction': 'lower_is_better'}"
deck,parent,game_load.s3tc_sync_factor.dxt1_dirty_once_redraw,20261004-175204744-fad8df18d1594cb5929181687b345669,56528.7724,533145,16660.25,8,16393,16688.5,16867,16867,16867,16660.25,passed,PASS,428c04bbb0a62725,428c04bbb0a62725,True,ineligible,True,completed,"{'revision': 1, 'iterations': 32, 'sample_count': 8, 'measurement_iterations_multiplier': 4, 'warmup_iterations': 3, 'gpu_completion_mode': 'per_iteration', 'unit': 'us', 'direction': 'lower_is_better'}"
deck,parent,game_load.s3tc_sync_factor.rgba8_same_address_wait,20261004-175204744-fad8df18d1594cb5929181687b345669,56528.7724,2231832,69744.375,8,66509,70459.0,71457,71457,71457,69744.375,passed,PASS,3403675459d4d3d5,3403675459d4d3d5,True,ineligible,True,completed,"{'revision': 1, 'iterations': 32, 'sample_count': 8, 'measurement_iterations_multiplier': 4, 'warmup_iterations': 3, 'gpu_completion_mode': 'per_iteration', 'unit': 'us', 'direction': 'lower_is_better'}"
deck,parent,game_load.s3tc_sync_factor.rgba8_same_address_queued,20261004-175204744-fad8df18d1594cb5929181687b345669,56528.7724,2165294,67665.25,8,64915,66640.0,76060,76060,76060,67665.25,failed,PASS,5f8b563832ee1d2a,719d8f45c46b69f6,True,ineligible,True,completed,"{'revision': 1, 'iterations': 32, 'sample_count': 8, 'measurement_iterations_multiplier': 4, 'warmup_iterations': 3, 'gpu_completion_mode': 'per_iteration', 'unit': 'us', 'direction': 'lower_is_better'}"
deck,parent,game_load.s3tc_sync_factor.rgba8_ring_payload_generations,20261004-175204744-fad8df18d1594cb5929181687b345669,56528.7724,9289178,290286.375,8,283782,291226.0,295686,295686,295686,290286.375,passed,PASS,3403675459d4d3d5,3403675459d4d3d5,True,ineligible,True,completed,"{'revision': 1, 'iterations': 32, 'sample_count': 8, 'measurement_iterations_multiplier': 4, 'warmup_iterations': 3, 'gpu_completion_mode': 'per_iteration', 'unit': 'us', 'direction': 'lower_is_better'}"
deck,parent,game_load.s3tc_sync_factor.rgba8_dirty_once_redraw,20261004-175204744-fad8df18d1594cb5929181687b345669,56528.7724,532157,16629.5,8,16406,16606.0,17037,17037,17037,16629.5,passed,PASS,428c04bbb0a62725,428c04bbb0a62725,True,ineligible,True,completed,"{'revision': 1, 'iterations': 32, 'sample_count': 8, 'measurement_iterations_multiplier': 4, 'warmup_iterations': 3, 'gpu_completion_mode': 'per_iteration', 'unit': 'us', 'direction': 'lower_is_better'}"
deck,parent,game_load.s3tc_sync_factor.bc2_native_eligible,20261004-175204744-fad8df18d1594cb5929181687b345669,56528.7724,2662264,83195.25,8,81962,83021.5,84612,84612,84612,83195.25,failed,PASS,3403675459d4d3d5,db28300321744de5,True,ineligible,True,completed,"{'revision': 1, 'iterations': 32, 'sample_count': 8, 'measurement_iterations_multiplier': 4, 'warmup_iterations': 3, 'gpu_completion_mode': 'per_iteration', 'unit': 'us', 'direction': 'lower_is_better'}"
deck,parent,game_load.s3tc_sync_factor.bc2_bordered_fallback,20261004-175204744-fad8df18d1594cb5929181687b345669,56528.7724,7134102,222940.375,8,216816,222664.0,229753,229753,229753,222940.375,passed,PASS,db28300321744de5,db28300321744de5,True,ineligible,True,completed,"{'revision': 1, 'iterations': 32, 'sample_count': 8, 'measurement_iterations_multiplier': 4, 'warmup_iterations': 3, 'gpu_completion_mode': 'per_iteration', 'unit': 'us', 'direction': 'lower_is_better'}"
deck,parent,game_load.s3tc_sync_factor.bc3_native_eligible,20261004-175204744-fad8df18d1594cb5929181687b345669,56528.7724,2668744,83397.75,8,82058,83522.5,84579,84579,84579,83397.75,failed,PASS,3403675459d4d3d5,db28300321744de5,True,ineligible,True,completed,"{'revision': 1, 'iterations': 32, 'sample_count': 8, 'measurement_iterations_multiplier': 4, 'warmup_iterations': 3, 'gpu_completion_mode': 'per_iteration', 'unit': 'us', 'direction': 'lower_is_better'}"
deck,parent,game_load.s3tc_sync_factor.bc3_bordered_fallback,20261004-175204744-fad8df18d1594cb5929181687b345669,56528.7724,7088044,221501.125,8,215379,222375.5,231404,231404,231404,221501.125,passed,PASS,db28300321744de5,db28300321744de5,True,ineligible,True,completed,"{'revision': 1, 'iterations': 32, 'sample_count': 8, 'measurement_iterations_multiplier': 4, 'warmup_iterations': 3, 'gpu_completion_mode': 'per_iteration', 'unit': 'us', 'direction': 'lower_is_better'}"
deck,parent,game_load.repeated_display,20261004-175302808-50faaad7b37e4143a2f547021ecd08f6,36925.141,532157,16629.5,8,16290,16683.0,16855,16855,16855,16629.5,passed,PASS,36f446003b9d6325,36f446003b9d6325,True,ineligible,True,completed,"{'revision': 1, 'iterations': 32, 'sample_count': 8, 'measurement_iterations_multiplier': 4, 'warmup_iterations': 3, 'gpu_completion_mode': 'per_iteration', 'unit': 'us', 'direction': 'lower_is_better'}"
deck,parent,game_load.repeated_display_boosted,20261004-175302808-50faaad7b37e4143a2f547021ecd08f6,36925.141,1599620,49987.75,8,49920,50001.5,50014,50014,50014,49987.75,passed,PASS,b2bc760cb1fba325,b2bc760cb1fba325,True,ineligible,True,completed,"{'revision': 1, 'iterations': 32, 'sample_count': 8, 'measurement_iterations_multiplier': 4, 'warmup_iterations': 3, 'gpu_completion_mode': 'per_iteration', 'unit': 'us', 'direction': 'lower_is_better'}"
deck,parent,game_load.doax_menu_representative.cpu_only,20261004-175302808-50faaad7b37e4143a2f547021ecd08f6,36925.141,784371,24511.125,8,23953,24412.0,25818,25818,25818,24511.125,passed,PASS,5abb9d9faaa22325,5abb9d9faaa22325,True,ineligible,True,completed,"{'revision': 1, 'iterations': 32, 'sample_count': 8, 'measurement_iterations_multiplier': 4, 'warmup_iterations': 3, 'gpu_completion_mode': 'per_iteration', 'unit': 'us', 'direction': 'lower_is_better'}"
deck,parent,game_load.doax_menu_representative.pfifo_only,20261004-175302808-50faaad7b37e4143a2f547021ecd08f6,36925.141,153527,4797.375,8,4340,4792.0,5283,5283,5283,4797.375,passed,PASS,f9826bbdd7912325,f9826bbdd7912325,True,ineligible,True,completed,"{'revision': 1, 'iterations': 32, 'sample_count': 8, 'measurement_iterations_multiplier': 4, 'warmup_iterations': 3, 'gpu_completion_mode': 'per_iteration', 'unit': 'us', 'direction': 'lower_is_better'}"
deck,parent,game_load.doax_menu_representative.gpu_only,20261004-175302808-50faaad7b37e4143a2f547021ecd08f6,36925.141,1788706,55896.5,8,50631,54897.5,61338,61338,61338,55896.5,passed,PASS,d3984ab7dcb8e325,d3984ab7dcb8e325,True,ineligible,True,completed,"{'revision': 1, 'iterations': 32, 'sample_count': 8, 'measurement_iterations_multiplier': 4, 'warmup_iterations': 3, 'gpu_completion_mode': 'per_iteration', 'unit': 'us', 'direction': 'lower_is_better'}"
deck,parent,game_load.doax_menu_representative.streaming_only,20261004-175302808-50faaad7b37e4143a2f547021ecd08f6,36925.141,502685,15708.5,8,9256,17285.0,19058,19058,19058,15708.5,passed,PASS,491294aadc23a325,491294aadc23a325,True,ineligible,True,completed,"{'revision': 1, 'iterations': 32, 'sample_count': 8, 'measurement_iterations_multiplier': 4, 'warmup_iterations': 3, 'gpu_completion_mode': 'per_iteration', 'unit': 'us', 'direction': 'lower_is_better'}"
deck,parent,game_load.doax_menu_representative.cpu_pfifo_gpu,20261004-175302808-50faaad7b37e4143a2f547021ecd08f6,36925.141,2466555,77079.625,8,75110,77186.0,79775,79775,79775,77079.625,failed,PASS,5d530c66b8da2325,302026d9f9232325,True,ineligible,True,completed,"{'revision': 1, 'iterations': 32, 'sample_count': 8, 'measurement_iterations_multiplier': 4, 'warmup_iterations': 3, 'gpu_completion_mode': 'per_iteration', 'unit': 'us', 'direction': 'lower_is_better'}"
deck,parent,game_load.doax_menu_representative.cpu_pfifo_gpu_streaming,20261004-175302808-50faaad7b37e4143a2f547021ecd08f6,36925.141,2960749,92523,8,89727,92022.5,100334,100334,100334,92523,passed,PASS,9e98944350a52325,9e98944350a52325,True,ineligible,True,completed,"{'revision': 1, 'iterations': 32, 'sample_count': 8, 'measurement_iterations_multiplier': 4, 'warmup_iterations': 3, 'gpu_completion_mode': 'per_iteration', 'unit': 'us', 'direction': 'lower_is_better'}"
deck,parent,game_load.doax_menu_representative.full_system,20261004-175302808-50faaad7b37e4143a2f547021ecd08f6,36925.141,2894527,90453.5,8,86076,90581.0,94653,94653,94653,90453.5,passed,PASS,7896e875a8ad2325,7896e875a8ad2325,True,ineligible,True,completed,"{'revision': 1, 'iterations': 32, 'sample_count': 8, 'measurement_iterations_multiplier': 4, 'warmup_iterations': 3, 'gpu_completion_mode': 'per_iteration', 'unit': 'us', 'direction': 'lower_is_better'}"
deck,parent,game_load.doax_menu_stress.cpu_only,20261004-175302808-50faaad7b37e4143a2f547021ecd08f6,36925.141,1529326,47791.25,8,45360,48020.0,50301,50301,50301,47791.25,passed,PASS,4b7c157e1e9ce325,4b7c157e1e9ce325,True,ineligible,True,completed,"{'revision': 1, 'iterations': 32, 'sample_count': 8, 'measurement_iterations_multiplier': 4, 'warmup_iterations': 3, 'gpu_completion_mode': 'per_iteration', 'unit': 'us', 'direction': 'lower_is_better'}"
deck,parent,game_load.doax_menu_stress.pfifo_only,20261004-175302808-50faaad7b37e4143a2f547021ecd08f6,36925.141,289316,9041,8,8359,8965.5,9716,9716,9716,9041,passed,PASS,f46d8f2a39a6e325,f46d8f2a39a6e325,True,ineligible,True,completed,"{'revision': 1, 'iterations': 32, 'sample_count': 8, 'measurement_iterations_multiplier': 4, 'warmup_iterations': 3, 'gpu_completion_mode': 'per_iteration', 'unit': 'us', 'direction': 'lower_is_better'}"
deck,parent,game_load.doax_menu_stress.gpu_only,20261004-175302808-50faaad7b37e4143a2f547021ecd08f6,36925.141,3310682,103458.625,8,98268,103515.0,109417,109417,109417,103458.625,passed,PASS,bcaf8b0e8de5a325,bcaf8b0e8de5a325,True,ineligible,True,completed,"{'revision': 1, 'iterations': 32, 'sample_count': 8, 'measurement_iterations_multiplier': 4, 'warmup_iterations': 3, 'gpu_completion_mode': 'per_iteration', 'unit': 'us', 'direction': 'lower_is_better'}"
deck,parent,game_load.doax_menu_stress.streaming_only,20261004-175341774-6aef37b2d46f4d79ae9d75ed01c0a01d,86635.0179,927515,28984.375,8,20713,28910.5,36268,36268,36268,28984.375,passed,PASS,06e0eccda97d2325,06e0eccda97d2325,True,ineligible,True,completed,"{'revision': 1, 'iterations': 32, 'sample_count': 8, 'measurement_iterations_multiplier': 4, 'warmup_iterations': 3, 'gpu_completion_mode': 'per_iteration', 'unit': 'us', 'direction': 'lower_is_better'}"
deck,parent,game_load.doax_menu_stress.cpu_pfifo_gpu,20261004-175341774-6aef37b2d46f4d79ae9d75ed01c0a01d,86635.0179,4889947,152810.5,8,148075,153300.0,157155,157155,157155,152810.5,failed,PASS,30f332d7669ba325,7707cd4649e4a325,True,ineligible,True,completed,"{'revision': 1, 'iterations': 32, 'sample_count': 8, 'measurement_iterations_multiplier': 4, 'warmup_iterations': 3, 'gpu_completion_mode': 'per_iteration', 'unit': 'us', 'direction': 'lower_is_better'}"
deck,parent,game_load.doax_menu_stress.cpu_pfifo_gpu_streaming,20261004-175341774-6aef37b2d46f4d79ae9d75ed01c0a01d,86635.0179,5585123,174535,8,165605,173344.0,183485,183485,183485,174535,passed,PASS,d4d9dedf3ef06325,d4d9dedf3ef06325,True,ineligible,True,completed,"{'revision': 1, 'iterations': 32, 'sample_count': 8, 'measurement_iterations_multiplier': 4, 'warmup_iterations': 3, 'gpu_completion_mode': 'per_iteration', 'unit': 'us', 'direction': 'lower_is_better'}"
deck,parent,game_load.doax_menu_stress.full_system,20261004-175341774-6aef37b2d46f4d79ae9d75ed01c0a01d,86635.0179,5532049,172876,8,169140,172652.0,177907,177907,177907,172876,passed,PASS,8cf51e8eb67fa325,8cf51e8eb67fa325,True,ineligible,True,completed,"{'revision': 1, 'iterations': 32, 'sample_count': 8, 'measurement_iterations_multiplier': 4, 'warmup_iterations': 3, 'gpu_completion_mode': 'per_iteration', 'unit': 'us', 'direction': 'lower_is_better'}"
deck,parent,game_load.pgr2_ai_backup.cpu_only,20261004-175341774-6aef37b2d46f4d79ae9d75ed01c0a01d,86635.0179,2335423,72981.5,8,70249,73713.0,74540,74540,74540,72981.5,passed,PASS,e6df98b3e513a325,e6df98b3e513a325,True,ineligible,True,completed,"{'revision': 1, 'iterations': 32, 'sample_count': 8, 'measurement_iterations_multiplier': 4, 'warmup_iterations': 3, 'gpu_completion_mode': 'per_iteration', 'unit': 'us', 'direction': 'lower_is_better'}"
deck,parent,game_load.pgr2_ai_backup.pfifo_only,20261004-175341774-6aef37b2d46f4d79ae9d75ed01c0a01d,86635.0179,1029702,32177.75,8,30705,32097.0,34209,34209,34209,32177.75,passed,PASS,e57ef83b3a66e325,e57ef83b3a66e325,True,ineligible,True,completed,"{'revision': 1, 'iterations': 32, 'sample_count': 8, 'measurement_iterations_multiplier': 4, 'warmup_iterations': 3, 'gpu_completion_mode': 'per_iteration', 'unit': 'us', 'direction': 'lower_is_better'}"
deck,parent,game_load.pgr2_ai_backup.gpu_only,20261004-175341774-6aef37b2d46f4d79ae9d75ed01c0a01d,86635.0179,8139289,254352.5,8,249718,253034.5,261432,261432,261432,254352.5,passed,PASS,02ffd9b12aa96325,02ffd9b12aa96325,True,ineligible,True,completed,"{'revision': 1, 'iterations': 32, 'sample_count': 8, 'measurement_iterations_multiplier': 4, 'warmup_iterations': 3, 'gpu_completion_mode': 'per_iteration', 'unit': 'us', 'direction': 'lower_is_better'}"
deck,parent,game_load.pgr2_ai_backup.streaming_only,20261004-175341774-6aef37b2d46f4d79ae9d75ed01c0a01d,86635.0179,332886,10402.125,8,9665,10340.5,10991,10991,10991,10402.125,passed,PASS,155df5f182392325,155df5f182392325,True,ineligible,True,completed,"{'revision': 1, 'iterations': 32, 'sample_count': 8, 'measurement_iterations_multiplier': 4, 'warmup_iterations': 3, 'gpu_completion_mode': 'per_iteration', 'unit': 'us', 'direction': 'lower_is_better'}"
deck,parent,game_load.pgr2_ai_backup.cpu_pfifo_gpu,20261004-175341774-6aef37b2d46f4d79ae9d75ed01c0a01d,86635.0179,11617555,363048.25,8,349750,363569.5,382821,382821,382821,363048.25,failed,PASS,519ce083c370e325,ab22104929b9e325,True,ineligible,True,completed,"{'revision': 1, 'iterations': 32, 'sample_count': 8, 'measurement_iterations_multiplier': 4, 'warmup_iterations': 3, 'gpu_completion_mode': 'per_iteration', 'unit': 'us', 'direction': 'lower_is_better'}"
deck,parent,game_load.pgr2_ai_backup.cpu_pfifo_gpu_streaming,20261004-175341774-6aef37b2d46f4d79ae9d75ed01c0a01d,86635.0179,11912186,372255.375,8,361127,370425.5,383605,383605,383605,372255.375,passed,PASS,66a43765efc02325,66a43765efc02325,True,ineligible,True,completed,"{'revision': 1, 'iterations': 32, 'sample_count': 8, 'measurement_iterations_multiplier': 4, 'warmup_iterations': 3, 'gpu_completion_mode': 'per_iteration', 'unit': 'us', 'direction': 'lower_is_better'}"
deck,parent,game_load.pgr2_ai_backup.full_system,20261004-175341774-6aef37b2d46f4d79ae9d75ed01c0a01d,86635.0179,11909158,372160.75,8,360779,374587.5,376560,376560,376560,372160.75,passed,PASS,55485325870d6325,55485325870d6325,True,ineligible,True,completed,"{'revision': 1, 'iterations': 32, 'sample_count': 8, 'measurement_iterations_multiplier': 4, 'warmup_iterations': 3, 'gpu_completion_mode': 'per_iteration', 'unit': 'us', 'direction': 'lower_is_better'}"
deck,parent,high_vertex_count.arrays,20261004-175510455-e481dbac0a6f46b78f36cbe8cdc5aab7,39975.8433,68417,170.66,100,110,126.0,355,408,741,170.66,failed,PASS,e67a1ce72784a588,cd6d0d64451d191b,True,ineligible,True,completed,"{'revision': 1, 'iterations': 400, 'sample_count': 100, 'measurement_iterations_multiplier': 4, 'warmup_iterations': 3, 'gpu_completion_mode': 'per_iteration', 'unit': 'us', 'direction': 'lower_is_better'}"
deck,parent,high_vertex_count.inline_arrays,20261004-175510455-e481dbac0a6f46b78f36cbe8cdc5aab7,39975.8433,4657488,116436.9,10,112585,117176.5,118313,118313,118313,116436.9,failed,PASS,e67a1ce72784a588,31a890c7f71db193,True,ineligible,True,completed,"{'revision': 1, 'iterations': 40, 'sample_count': 10, 'measurement_iterations_multiplier': 4, 'warmup_iterations': 3, 'gpu_completion_mode': 'per_iteration', 'unit': 'us', 'direction': 'lower_is_better'}"
deck,parent,high_vertex_count.inline_buffers,20261004-175510455-e481dbac0a6f46b78f36cbe8cdc5aab7,39975.8433,13972871,698643.4,5,676797,704110,713227,713227,713227,698643.4,failed,PASS,e67a1ce72784a588,f320b0df5ba62943,True,ineligible,True,completed,"{'revision': 1, 'iterations': 20, 'sample_count': 5, 'measurement_iterations_multiplier': 4, 'warmup_iterations': 3, 'gpu_completion_mode': 'per_iteration', 'unit': 'us', 'direction': 'lower_is_better'}"
deck,parent,high_vertex_count.inline_elements,20261004-175510455-e481dbac0a6f46b78f36cbe8cdc5aab7,39975.8433,1349011,6744.7,50,5932,6758.5,8112,8303,8303,6744.7,failed,PASS,e67a1ce72784a588,b24516b5372da0f3,True,ineligible,True,completed,"{'revision': 1, 'iterations': 200, 'sample_count': 50, 'measurement_iterations_multiplier': 4, 'warmup_iterations': 3, 'gpu_completion_mode': 'per_iteration', 'unit': 'us', 'direction': 'lower_is_better'}"
deck,parent,primitive_type.line_loop.fixed_function,20261004-175510455-e481dbac0a6f46b78f36cbe8cdc5aab7,39975.8433,86894,2171.9,10,1964,2122.5,2465,2465,2465,2171.9,failed,PASS,4024a5cb9bd0fa4e,d48f43c09e534094,True,ineligible,True,completed,"{'revision': 1, 'iterations': 40, 'sample_count': 10, 'measurement_iterations_multiplier': 4, 'warmup_iterations': 3, 'gpu_completion_mode': 'per_iteration', 'unit': 'us', 'direction': 'lower_is_better'}"
deck,parent,primitive_type.line_loop.vertex_shader,20261004-175510455-e481dbac0a6f46b78f36cbe8cdc5aab7,39975.8433,94549,2363.4,10,2244,2320.5,2499,2499,2499,2363.4,failed,PASS,4024a5cb9bd0fa4e,47373dc0c7be28f8,True,ineligible,True,completed,"{'revision': 1, 'iterations': 40, 'sample_count': 10, 'measurement_iterations_multiplier': 4, 'warmup_iterations': 3, 'gpu_completion_mode': 'per_iteration', 'unit': 'us', 'direction': 'lower_is_better'}"
deck,parent,primitive_type.line_strip.fixed_function,20261004-175510455-e481dbac0a6f46b78f36cbe8cdc5aab7,39975.8433,54358,1358.7,10,1293,1359.0,1422,1422,1422,1358.7,failed,PASS,4024a5cb9bd0fa4e,0964935c28234a4a,True,ineligible,True,completed,"{'revision': 1, 'iterations': 40, 'sample_count': 10, 'measurement_iterations_multiplier': 4, 'warmup_iterations': 3, 'gpu_completion_mode': 'per_iteration', 'unit': 'us', 'direction': 'lower_is_better'}"
deck,parent,primitive_type.line_strip.vertex_shader,20261004-175510455-e481dbac0a6f46b78f36cbe8cdc5aab7,39975.8433,43916,1097.5,10,1037,1107.5,1132,1132,1132,1097.5,failed,PASS,4024a5cb9bd0fa4e,94b433237d71b182,True,ineligible,True,completed,"{'revision': 1, 'iterations': 40, 'sample_count': 10, 'measurement_iterations_multiplier': 4, 'warmup_iterations': 3, 'gpu_completion_mode': 'per_iteration', 'unit': 'us', 'direction': 'lower_is_better'}"
deck,parent,primitive_type.lines.fixed_function,20261004-175510455-e481dbac0a6f46b78f36cbe8cdc5aab7,39975.8433,173952,4348.5,10,4093,4358.5,4602,4602,4602,4348.5,failed,PASS,5440c372c6a2a101,6c16b2698ec4e26b,True,ineligible,True,completed,"{'revision': 1, 'iterations': 40, 'sample_count': 10, 'measurement_iterations_multiplier': 4, 'warmup_iterations': 3, 'gpu_completion_mode': 'per_iteration', 'unit': 'us', 'direction': 'lower_is_better'}"
deck,parent,primitive_type.lines.vertex_shader,20261004-175510455-e481dbac0a6f46b78f36cbe8cdc5aab7,39975.8433,170937,4273.2,10,3507,4230.5,4933,4933,4933,4273.2,failed,PASS,5440c372c6a2a101,53924aa6f5e55b57,True,ineligible,True,completed,"{'revision': 1, 'iterations': 40, 'sample_count': 10, 'measurement_iterations_multiplier': 4, 'warmup_iterations': 3, 'gpu_completion_mode': 'per_iteration', 'unit': 'us', 'direction': 'lower_is_better'}"
deck,parent,primitive_type.points.fixed_function,20261004-175510455-e481dbac0a6f46b78f36cbe8cdc5aab7,39975.8433,89530,2238,10,2021,2229.0,2390,2390,2390,2238,failed,PASS,6813f0dbe94bac3c,7400f7a8ac9d8c86,True,ineligible,True,completed,"{'revision': 1, 'iterations': 40, 'sample_count': 10, 'measurement_iterations_multiplier': 4, 'warmup_iterations': 3, 'gpu_completion_mode': 'per_iteration', 'unit': 'us', 'direction': 'lower_is_better'}"
deck,parent,primitive_type.points.vertex_shader,20261004-175510455-e481dbac0a6f46b78f36cbe8cdc5aab7,39975.8433,86426,2160.3,10,1932,2169.5,2398,2398,2398,2160.3,failed,PASS,6813f0dbe94bac3c,f1d83724373d0036,True,ineligible,True,completed,"{'revision': 1, 'iterations': 40, 'sample_count': 10, 'measurement_iterations_multiplier': 4, 'warmup_iterations': 3, 'gpu_completion_mode': 'per_iteration', 'unit': 'us', 'direction': 'lower_is_better'}"
deck,parent,primitive_type.polygon.fixed_function,20261004-175552465-7c885e4e99854eef8ded5f08d230a534,18442.0191,100097,2502,10,2216,2438.0,2843,2843,2843,2502,failed,PASS,e0d0b9dbefa71269,515407015a00c880,True,ineligible,True,completed,"{'revision': 1, 'iterations': 40, 'sample_count': 10, 'measurement_iterations_multiplier': 4, 'warmup_iterations': 3, 'gpu_completion_mode': 'per_iteration', 'unit': 'us', 'direction': 'lower_is_better'}"
deck,parent,primitive_type.polygon.vertex_shader,20261004-175552465-7c885e4e99854eef8ded5f08d230a534,18442.0191,232012,5799.8,10,4887,5727.5,6863,6863,6863,5799.8,failed,PASS,e0d0b9dbefa71269,4376cbfa562c7d14,True,ineligible,True,completed,"{'revision': 1, 'iterations': 40, 'sample_count': 10, 'measurement_iterations_multiplier': 4, 'warmup_iterations': 3, 'gpu_completion_mode': 'per_iteration', 'unit': 'us', 'direction': 'lower_is_better'}"
deck,parent,primitive_type.quad_strip.fixed_function,20261004-175552465-7c885e4e99854eef8ded5f08d230a534,18442.0191,286674,7166.5,10,3650,4818.0,12432,12432,12432,7166.5,failed,PASS,e1f46a0779ee1f21,190c4f06474f8467,True,ineligible,True,completed,"{'revision': 1, 'iterations': 40, 'sample_count': 10, 'measurement_iterations_multiplier': 4, 'warmup_iterations': 3, 'gpu_completion_mode': 'per_iteration', 'unit': 'us', 'direction': 'lower_is_better'}"
deck,parent,primitive_type.quad_strip.vertex_shader,20261004-175552465-7c885e4e99854eef8ded5f08d230a534,18442.0191,167556,4188.6,10,3657,4236.5,4498,4498,4498,4188.6,failed,PASS,e1f46a0779ee1f21,d5cf212c5788c3df,True,ineligible,True,completed,"{'revision': 1, 'iterations': 40, 'sample_count': 10, 'measurement_iterations_multiplier': 4, 'warmup_iterations': 3, 'gpu_completion_mode': 'per_iteration', 'unit': 'us', 'direction': 'lower_is_better'}"
deck,parent,primitive_type.quads.fixed_function,20261004-175552465-7c885e4e99854eef8ded5f08d230a534,18442.0191,284500,7112.1,10,5133,7669.5,8366,8366,8366,7112.1,failed,PASS,d14f30833e638324,b52448622bc1c001,True,ineligible,True,completed,"{'revision': 1, 'iterations': 40, 'sample_count': 10, 'measurement_iterations_multiplier': 4, 'warmup_iterations': 3, 'gpu_completion_mode': 'per_iteration', 'unit': 'us', 'direction': 'lower_is_better'}"
deck,parent,primitive_type.quads.vertex_shader,20261004-175552465-7c885e4e99854eef8ded5f08d230a534,18442.0191,291571,7288.8,10,5129,7690.0,8785,8785,8785,7288.8,failed,PASS,d14f30833e638324,fbac823960948b69,True,ineligible,True,completed,"{'revision': 1, 'iterations': 40, 'sample_count': 10, 'measurement_iterations_multiplier': 4, 'warmup_iterations': 3, 'gpu_completion_mode': 'per_iteration', 'unit': 'us', 'direction': 'lower_is_better'}"
deck,parent,primitive_type.triangle_fan.fixed_function,20261004-175552465-7c885e4e99854eef8ded5f08d230a534,18442.0191,57028,1425.3,10,1181,1337.5,1665,1665,1665,1425.3,failed,PASS,eadb3b4945fe25df,ba0d8daf7940c5d2,True,ineligible,True,completed,"{'revision': 1, 'iterations': 40, 'sample_count': 10, 'measurement_iterations_multiplier': 4, 'warmup_iterations': 3, 'gpu_completion_mode': 'per_iteration', 'unit': 'us', 'direction': 'lower_is_better'}"
deck,parent,primitive_type.triangle_fan.vertex_shader,20261004-175552465-7c885e4e99854eef8ded5f08d230a534,18442.0191,50661,1266.1,10,1064,1283.5,1454,1454,1454,1266.1,failed,PASS,eadb3b4945fe25df,134a22bd3882e48e,True,ineligible,True,completed,"{'revision': 1, 'iterations': 40, 'sample_count': 10, 'measurement_iterations_multiplier': 4, 'warmup_iterations': 3, 'gpu_completion_mode': 'per_iteration', 'unit': 'us', 'direction': 'lower_is_better'}"
deck,parent,primitive_type.triangle_strip.fixed_function,20261004-175552465-7c885e4e99854eef8ded5f08d230a534,18442.0191,93786,2344.2,10,2130,2338.5,2559,2559,2559,2344.2,failed,PASS,ee7f6eeeb2263031,d15b03d8ead6bb03,True,ineligible,True,completed,"{'revision': 1, 'iterations': 40, 'sample_count': 10, 'measurement_iterations_multiplier': 4, 'warmup_iterations': 3, 'gpu_completion_mode': 'per_iteration', 'unit': 'us', 'direction': 'lower_is_better'}"
deck,parent,primitive_type.triangle_strip.vertex_shader,20261004-175552465-7c885e4e99854eef8ded5f08d230a534,18442.0191,89378,2234.1,10,1991,2213.5,2516,2516,2516,2234.1,failed,PASS,ee7f6eeeb2263031,f7cfda74a4111eff,True,ineligible,True,completed,"{'revision': 1, 'iterations': 40, 'sample_count': 10, 'measurement_iterations_multiplier': 4, 'warmup_iterations': 3, 'gpu_completion_mode': 'per_iteration', 'unit': 'us', 'direction': 'lower_is_better'}"
deck,parent,primitive_type.triangles.fixed_function,20261004-175552465-7c885e4e99854eef8ded5f08d230a534,18442.0191,242037,6050.6,10,4649,6174.5,6816,6816,6816,6050.6,failed,PASS,a53b3ecbc7019828,4521bcfbdb43e248,True,ineligible,True,completed,"{'revision': 1, 'iterations': 40, 'sample_count': 10, 'measurement_iterations_multiplier': 4, 'warmup_iterations': 3, 'gpu_completion_mode': 'per_iteration', 'unit': 'us', 'direction': 'lower_is_better'}"
deck,parent,primitive_type.triangles.vertex_shader,20261004-175552465-7c885e4e99854eef8ded5f08d230a534,18442.0191,244748,6118.2,10,3937,6323.0,6596,6596,6596,6118.2,failed,PASS,a53b3ecbc7019828,d86abc6e019e36fc,True,ineligible,True,completed,"{'revision': 1, 'iterations': 40, 'sample_count': 10, 'measurement_iterations_multiplier': 4, 'warmup_iterations': 3, 'gpu_completion_mode': 'per_iteration', 'unit': 'us', 'direction': 'lower_is_better'}"
deck,parent,texture_cubemap_fallback.bordered_palette_size1,20261004-175612948-eb642751bef44210b3f1ff9f01869581,132808.5832,532536,16641.5,8,16437,16638.5,16860,16860,16860,16641.5,failed,FAIL,56d00ed89334a325,,True,ineligible,True,completed,"{'revision': 1, 'iterations': 32, 'sample_count': 8, 'measurement_iterations_multiplier': 4, 'warmup_iterations': 3, 'gpu_completion_mode': 'per_iteration', 'unit': 'us', 'direction': 'lower_is_better'}"
deck,parent,texture_cubemap_fallback.bordered_palette_size2,20261004-175612948-eb642751bef44210b3f1ff9f01869581,132808.5832,531399,16605.875,8,16159,16640.0,16914,16914,16914,16605.875,failed,FAIL,bb93d50a6b1ba325,,True,ineligible,True,completed,"{'revision': 1, 'iterations': 32, 'sample_count': 8, 'measurement_iterations_multiplier': 4, 'warmup_iterations': 3, 'gpu_completion_mode': 'per_iteration', 'unit': 'us', 'direction': 'lower_is_better'}"
deck,parent,texture_cubemap_fallback.bordered_palette_size4,20261004-175612948-eb642751bef44210b3f1ff9f01869581,132808.5832,533064,16657.875,8,16624,16652.5,16694,16694,16694,16657.875,failed,FAIL,55460e1d2302a325,,True,ineligible,True,completed,"{'revision': 1, 'iterations': 32, 'sample_count': 8, 'measurement_iterations_multiplier': 4, 'warmup_iterations': 3, 'gpu_completion_mode': 'per_iteration', 'unit': 'us', 'direction': 'lower_is_better'}"
deck,parent,texture_cubemap_fallback.bordered_palette_size8,20261004-175612948-eb642751bef44210b3f1ff9f01869581,132808.5832,532905,16652.875,8,16564,16657.0,16750,16750,16750,16652.875,failed,FAIL,53ccfb3cac5633d3,,True,ineligible,True,completed,"{'revision': 1, 'iterations': 32, 'sample_count': 8, 'measurement_iterations_multiplier': 4, 'warmup_iterations': 3, 'gpu_completion_mode': 'per_iteration', 'unit': 'us', 'direction': 'lower_is_better'}"
deck,parent,texture_cubemap_fallback.bordered_r6g5b5_size1,20261004-175612948-eb642751bef44210b3f1ff9f01869581,132808.5832,532845,16651,8,16557,16658.5,16696,16696,16696,16651,failed,FAIL,56d00ed89334a325,,True,ineligible,True,completed,"{'revision': 1, 'iterations': 32, 'sample_count': 8, 'measurement_iterations_multiplier': 4, 'warmup_iterations': 3, 'gpu_completion_mode': 'per_iteration', 'unit': 'us', 'direction': 'lower_is_better'}"
deck,parent,texture_cubemap_fallback.bordered_r6g5b5_size2,20261004-175612948-eb642751bef44210b3f1ff9f01869581,132808.5832,533232,16663.125,8,16567,16661.5,16724,16724,16724,16663.125,failed,FAIL,0e8ba11521b73f45,,True,ineligible,True,completed,"{'revision': 1, 'iterations': 32, 'sample_count': 8, 'measurement_iterations_multiplier': 4, 'warmup_iterations': 3, 'gpu_completion_mode': 'per_iteration', 'unit': 'us', 'direction': 'lower_is_better'}"
deck,parent,texture_cubemap_fallback.bordered_r6g5b5_size4,20261004-175612948-eb642751bef44210b3f1ff9f01869581,132808.5832,533483,16670.875,8,16590,16662.0,16793,16793,16793,16670.875,failed,FAIL,31dbcc2110e01525,,True,ineligible,True,completed,"{'revision': 1, 'iterations': 32, 'sample_count': 8, 'measurement_iterations_multiplier': 4, 'warmup_iterations': 3, 'gpu_completion_mode': 'per_iteration', 'unit': 'us', 'direction': 'lower_is_better'}"
deck,parent,texture_cubemap_fallback.bordered_rgba8_size1,20261004-175612948-eb642751bef44210b3f1ff9f01869581,132808.5832,532981,16655.375,8,16537,16666.0,16714,16714,16714,16655.375,failed,FAIL,56d00ed89334a325,,True,ineligible,True,completed,"{'revision': 1, 'iterations': 32, 'sample_count': 8, 'measurement_iterations_multiplier': 4, 'warmup_iterations': 3, 'gpu_completion_mode': 'per_iteration', 'unit': 'us', 'direction': 'lower_is_better'}"
deck,parent,texture_cubemap_fallback.bordered_rgba8_size2,20261004-175612948-eb642751bef44210b3f1ff9f01869581,132808.5832,533095,16658.75,8,16629,16650.5,16701,16701,16701,16658.75,failed,FAIL,bb93d50a6b1ba325,,True,ineligible,True,completed,"{'revision': 1, 'iterations': 32, 'sample_count': 8, 'measurement_iterations_multiplier': 4, 'warmup_iterations': 3, 'gpu_completion_mode': 'per_iteration', 'unit': 'us', 'direction': 'lower_is_better'}"
deck,parent,texture_cubemap_fallback.bordered_rgba8_size4,20261004-175612948-eb642751bef44210b3f1ff9f01869581,132808.5832,533056,16657.875,8,16557,16667.0,16703,16703,16703,16657.875,failed,FAIL,55460e1d2302a325,,True,ineligible,True,completed,"{'revision': 1, 'iterations': 32, 'sample_count': 8, 'measurement_iterations_multiplier': 4, 'warmup_iterations': 3, 'gpu_completion_mode': 'per_iteration', 'unit': 'us', 'direction': 'lower_is_better'}"
deck,parent,texture_cubemap_fallback.bordered_rgba8_size8,20261004-175612948-eb642751bef44210b3f1ff9f01869581,132808.5832,533022,16656.5,8,16589,16641.5,16758,16758,16758,16656.5,failed,FAIL,f3129198a7b005f5,,True,ineligible,True,completed,"{'revision': 1, 'iterations': 32, 'sample_count': 8, 'measurement_iterations_multiplier': 4, 'warmup_iterations': 3, 'gpu_completion_mode': 'per_iteration', 'unit': 'us', 'direction': 'lower_is_better'}"
deck,parent,texture_cubemap_fallback.unbordered_subblock_dxt1,20261004-175612948-eb642751bef44210b3f1ff9f01869581,132808.5832,532882,16652.25,8,16559,16664.5,16692,16692,16692,16652.25,passed,PASS,be0f2013c1997ca5,,True,ineligible,True,completed,"{'revision': 1, 'iterations': 32, 'sample_count': 8, 'measurement_iterations_multiplier': 4, 'warmup_iterations': 3, 'gpu_completion_mode': 'per_iteration', 'unit': 'us', 'direction': 'lower_is_better'}"
deck,parent,texture_cubemap_fallback.bordered_r6g5b5_size8,20261004-175827794-16d5dff5940d42adb180ceb4586c6adb,24618.2844,531933,16622.375,8,16215,16677.0,16815,16815,16815,16622.375,failed,FAIL,72ca2acdd1d976a5,,True,ineligible,True,completed,"{'revision': 1, 'iterations': 32, 'sample_count': 8, 'measurement_iterations_multiplier': 4, 'warmup_iterations': 3, 'gpu_completion_mode': 'per_iteration', 'unit': 'us', 'direction': 'lower_is_better'}"
deck,parent,surface.basic,20261004-175854448-a13ea019e99141f5856c248a4424bed8,36356.7389,1620716,40517.6,10,37077,39517.5,46076,46076,46076,40517.6,failed,PASS,cf6533efef4c476e,6f90d43f59b710fa,True,ineligible,True,completed,"{'revision': 1, 'iterations': 40, 'sample_count': 10, 'measurement_iterations_multiplier': 4, 'warmup_iterations': 3, 'gpu_completion_mode': 'per_iteration', 'unit': 'us', 'direction': 'lower_is_better'}"
deck,parent,surface.cpu_read_after_gpu_write,20261004-175854448-a13ea019e99141f5856c248a4424bed8,36356.7389,287929,3598.8,20,2884,3665.5,3782,4487,4487,3598.8,passed,PASS,572720976b602325,572720976b602325,True,ineligible,True,completed,"{'revision': 1, 'iterations': 80, 'sample_count': 20, 'measurement_iterations_multiplier': 4, 'warmup_iterations': 3, 'gpu_completion_mode': 'per_iteration', 'unit': 'us', 'direction': 'lower_is_better'}"
deck,parent,surface.cpu_read_clean_surface,20261004-175854448-a13ea019e99141f5856c248a4424bed8,36356.7389,175386,438.04,100,253,432.5,595,661,700,438.04,passed,PASS,aa32af524aa52325,aa32af524aa52325,True,ineligible,True,completed,"{'revision': 1, 'iterations': 400, 'sample_count': 100, 'measurement_iterations_multiplier': 4, 'warmup_iterations': 3, 'gpu_completion_mode': 'per_iteration', 'unit': 'us', 'direction': 'lower_is_better'}"
deck,parent,surface.framebuffer_working_set_002,20261004-175854448-a13ea019e99141f5856c248a4424bed8,36356.7389,383571,4794.15,20,3120,5109.0,5398,5740,5740,4794.15,failed,PASS,cb732f2ae5736b2d,ab1fa4b103c05f05,True,ineligible,True,completed,"{'revision': 1, 'iterations': 80, 'sample_count': 20, 'measurement_iterations_multiplier': 4, 'warmup_iterations': 3, 'gpu_completion_mode': 'per_iteration', 'unit': 'us', 'direction': 'lower_is_better'}"
deck,parent,surface.framebuffer_working_set_008,20261004-175854448-a13ea019e99141f5856c248a4424bed8,36356.7389,402915,5036,20,3424,5155.0,5793,5981,5981,5036,failed,PASS,7ffda0d97cce712d,8393e7935b67da71,True,ineligible,True,completed,"{'revision': 1, 'iterations': 80, 'sample_count': 20, 'measurement_iterations_multiplier': 4, 'warmup_iterations': 3, 'gpu_completion_mode': 'per_iteration', 'unit': 'us', 'direction': 'lower_is_better'}"
deck,parent,surface.framebuffer_working_set_032,20261004-175854448-a13ea019e99141f5856c248a4424bed8,36356.7389,379270,4740.45,20,2588,5062.0,5398,6080,6080,4740.45,failed,PASS,2baad45ae0ed71a5,4e53301a279a7e09,True,ineligible,True,completed,"{'revision': 1, 'iterations': 80, 'sample_count': 20, 'measurement_iterations_multiplier': 4, 'warmup_iterations': 3, 'gpu_completion_mode': 'per_iteration', 'unit': 'us', 'direction': 'lower_is_better'}"
deck,parent,surface.framebuffer_working_set_064,20261004-175854448-a13ea019e99141f5856c248a4424bed8,36356.7389,336396,4204.55,20,3175,4206.0,5324,5557,5557,4204.55,failed,PASS,2baad45ae0ed71a5,dbdfafa7ed2f28c9,True,ineligible,True,completed,"{'revision': 1, 'iterations': 80, 'sample_count': 20, 'measurement_iterations_multiplier': 4, 'warmup_iterations': 3, 'gpu_completion_mode': 'per_iteration', 'unit': 'us', 'direction': 'lower_is_better'}"
deck,parent,surface.full_clear_elision_guard,20261004-175854448-a13ea019e99141f5856c248a4424bed8,36356.7389,2816165,7040.01,100,2091,7388.5,10007,10799,11160,7040.01,failed,PASS,49bc2d7eec9c4725,01a1571033aa9dfd,True,ineligible,True,completed,"{'revision': 1, 'iterations': 400, 'sample_count': 100, 'measurement_iterations_multiplier': 4, 'warmup_iterations': 3, 'gpu_completion_mode': 'per_iteration', 'unit': 'us', 'direction': 'lower_is_better'}"
deck,parent,surface.overlapping_surface_churn_representative,20261004-175854448-a13ea019e99141f5856c248a4424bed8,36356.7389,2879927,7199.45,100,4473,7122.5,9119,12960,13237,7199.45,failed,PASS,7a8c35cdc9c70725,7b4f2884714177a5,True,ineligible,True,completed,"{'revision': 1, 'iterations': 400, 'sample_count': 100, 'measurement_iterations_multiplier': 4, 'warmup_iterations': 3, 'gpu_completion_mode': 'per_iteration', 'unit': 'us', 'direction': 'lower_is_better'}"
deck,parent,surface.overlapping_surface_churn_stress,20261004-175854448-a13ea019e99141f5856c248a4424bed8,36356.7389,2942583,73564.3,10,65877,72094.5,83542,83542,83542,73564.3,failed,PASS,7a8c35cdc9c70725,19890b325809498d,True,ineligible,True,completed,"{'revision': 1, 'iterations': 40, 'sample_count': 10, 'measurement_iterations_multiplier': 4, 'warmup_iterations': 3, 'gpu_completion_mode': 'per_iteration', 'unit': 'us', 'direction': 'lower_is_better'}"
deck,parent,surface.partial_channel_clear_guard,20261004-175854448-a13ea019e99141f5856c248a4424bed8,36356.7389,2514865,6286.79,100,1742,6691.0,9614,10049,11764,6286.79,failed,PASS,b52bc22d6eedd725,31d730ce613f92bd,True,ineligible,True,completed,"{'revision': 1, 'iterations': 400, 'sample_count': 100, 'measurement_iterations_multiplier': 4, 'warmup_iterations': 3, 'gpu_completion_mode': 'per_iteration', 'unit': 'us', 'direction': 'lower_is_better'}"
deck,parent,surface.surface_download_path,20261004-175854448-a13ea019e99141f5856c248a4424bed8,36356.7389,1851221,46280,10,26535,35004.5,128525,128525,128525,46280,failed,PASS,3a281ef8b6b324c2,eb6604c45975bcec,True,ineligible,True,completed,"{'revision': 1, 'iterations': 40, 'sample_count': 10, 'measurement_iterations_multiplier': 4, 'warmup_iterations': 3, 'gpu_completion_mode': 'per_iteration', 'unit': 'us', 'direction': 'lower_is_better'}"
deck,parent,surface.surface_list_lookup_002,20261004-175932339-e86d3c7b58af45f28de51dbeb7ce6d9b,71647.0225,302584,3781.95,20,2963,3676.5,4590,4682,4682,3781.95,failed,PASS,fa475bc695046525,26ff617c53458a53,True,ineligible,True,completed,"{'revision': 1, 'iterations': 80, 'sample_count': 20, 'measurement_iterations_multiplier': 4, 'warmup_iterations': 3, 'gpu_completion_mode': 'per_iteration', 'unit': 'us', 'direction': 'lower_is_better'}"
deck,parent,surface.surface_list_lookup_008,20261004-175932339-e86d3c7b58af45f28de51dbeb7ce6d9b,71647.0225,469115,5863.6,20,3773,5780.5,7016,7522,7522,5863.6,failed,PASS,9489ca620c4f97a5,18e8676fcc804922,True,ineligible,True,completed,"{'revision': 1, 'iterations': 80, 'sample_count': 20, 'measurement_iterations_multiplier': 4, 'warmup_iterations': 3, 'gpu_completion_mode': 'per_iteration', 'unit': 'us', 'direction': 'lower_is_better'}"
deck,parent,surface.surface_list_lookup_032,20261004-175932339-e86d3c7b58af45f28de51dbeb7ce6d9b,71647.0225,409903,5123.5,20,4362,5099.0,5898,6094,6094,5123.5,failed,PASS,8cdf93e7e3e6ce25,1bc652a47e609cf5,True,ineligible,True,completed,"{'revision': 1, 'iterations': 80, 'sample_count': 20, 'measurement_iterations_multiplier': 4, 'warmup_iterations': 3, 'gpu_completion_mode': 'per_iteration', 'unit': 'us', 'direction': 'lower_is_better'}"
deck,parent,surface.surface_list_lookup_128,20261004-175932339-e86d3c7b58af45f28de51dbeb7ce6d9b,71647.0225,414600,5182.1,20,2743,5321.0,6300,6368,6368,5182.1,failed,PASS,8cdf93e7e3e6ce25,4b4650aa45e0be8d,True,ineligible,True,completed,"{'revision': 1, 'iterations': 80, 'sample_count': 20, 'measurement_iterations_multiplier': 4, 'warmup_iterations': 3, 'gpu_completion_mode': 'per_iteration', 'unit': 'us', 'direction': 'lower_is_better'}"
deck,parent,surface.vulkan_memory_pressure.representative.growth,20261004-175932339-e86d3c7b58af45f28de51dbeb7ce6d9b,71647.0225,2231722,139482.25,4,71303,150634.5,185357,185357,185357,139482.25,failed,PASS,17046af640418325,a1ce1e9182d42125,True,ineligible,True,completed,"{'revision': 1, 'iterations': 16, 'sample_count': 4, 'measurement_iterations_multiplier': 4, 'warmup_iterations': 3, 'gpu_completion_mode': 'per_iteration', 'unit': 'us', 'direction': 'lower_is_better'}"
deck,parent,surface.vulkan_memory_pressure.representative.plateau,20261004-175932339-e86d3c7b58af45f28de51dbeb7ce6d9b,71647.0225,2055830,128489,4,82209,138446.0,154855,154855,154855,128489,failed,PASS,490075aafd91af25,c00be5b19acc4e6f,True,ineligible,True,completed,"{'revision': 1, 'iterations': 16, 'sample_count': 4, 'measurement_iterations_multiplier': 4, 'warmup_iterations': 3, 'gpu_completion_mode': 'per_iteration', 'unit': 'us', 'direction': 'lower_is_better'}"
deck,parent,surface.vulkan_memory_pressure.representative.alias_resize,20261004-175932339-e86d3c7b58af45f28de51dbeb7ce6d9b,71647.0225,1041813,65113,4,51221,56504.0,96223,96223,96223,65113,failed,PASS,ed56b68868e2f325,0247ea98d29062c5,True,ineligible,True,completed,"{'revision': 1, 'iterations': 16, 'sample_count': 4, 'measurement_iterations_multiplier': 4, 'warmup_iterations': 3, 'gpu_completion_mode': 'per_iteration', 'unit': 'us', 'direction': 'lower_is_better'}"
deck,parent,surface.vulkan_memory_pressure.representative.reuse,20261004-175932339-e86d3c7b58af45f28de51dbeb7ce6d9b,71647.0225,2172430,135776.5,4,73350,140637.5,188481,188481,188481,135776.5,failed,PASS,b8b4854297220f25,d885d846be04bb3d,True,ineligible,True,completed,"{'revision': 1, 'iterations': 16, 'sample_count': 4, 'measurement_iterations_multiplier': 4, 'warmup_iterations': 3, 'gpu_completion_mode': 'per_iteration', 'unit': 'us', 'direction': 'lower_is_better'}"
deck,parent,surface.vulkan_memory_pressure.representative.idle_retention,20261004-175932339-e86d3c7b58af45f28de51dbeb7ce6d9b,71647.0225,25761,1609.75,4,1532,1619.5,1668,1668,1668,1609.75,failed,PASS,dfa4d6a81f791525,4ab34638455a76e1,True,ineligible,True,completed,"{'revision': 1, 'iterations': 16, 'sample_count': 4, 'measurement_iterations_multiplier': 4, 'warmup_iterations': 3, 'gpu_completion_mode': 'per_iteration', 'unit': 'us', 'direction': 'lower_is_better'}"
deck,parent,surface.vulkan_memory_pressure.stress.growth,20261004-175932339-e86d3c7b58af45f28de51dbeb7ce6d9b,71647.0225,10731362,670709.75,4,597891,683919.0,717110,717110,717110,670709.75,failed,PASS,17a43e09af9b8325,063949c8ff1686f9,True,ineligible,True,completed,"{'revision': 1, 'iterations': 16, 'sample_count': 4, 'measurement_iterations_multiplier': 4, 'warmup_iterations': 3, 'gpu_completion_mode': 'per_iteration', 'unit': 'us', 'direction': 'lower_is_better'}"
deck,parent,surface.vulkan_memory_pressure.stress.plateau,20261004-175932339-e86d3c7b58af45f28de51dbeb7ce6d9b,71647.0225,11487081,717942.25,4,667767,726277.5,751447,751447,751447,717942.25,failed,PASS,4732cd7c1520a325,769bf225e8cc48d5,True,ineligible,True,completed,"{'revision': 1, 'iterations': 16, 'sample_count': 4, 'measurement_iterations_multiplier': 4, 'warmup_iterations': 3, 'gpu_completion_mode': 'per_iteration', 'unit': 'us', 'direction': 'lower_is_better'}"
deck,parent,surface.vulkan_memory_pressure.stress.alias_resize,20261004-175932339-e86d3c7b58af45f28de51dbeb7ce6d9b,71647.0225,4237325,264832.25,4,197802,271703.5,318120,318120,318120,264832.25,failed,PASS,34e2ce9b25a3bf25,c1ab77f18dbbc86d,True,ineligible,True,completed,"{'revision': 1, 'iterations': 16, 'sample_count': 4, 'measurement_iterations_multiplier': 4, 'warmup_iterations': 3, 'gpu_completion_mode': 'per_iteration', 'unit': 'us', 'direction': 'lower_is_better'}"
deck,parent,surface.vulkan_memory_pressure.stress.reuse,20261004-175932339-e86d3c7b58af45f28de51dbeb7ce6d9b,71647.0225,10561064,660066,4,615822,659112.0,706218,706218,706218,660066,failed,PASS,0a989678bb57ff25,837b6a123bb12a09,True,ineligible,True,completed,"{'revision': 1, 'iterations': 16, 'sample_count': 4, 'measurement_iterations_multiplier': 4, 'warmup_iterations': 3, 'gpu_completion_mode': 'per_iteration', 'unit': 'us', 'direction': 'lower_is_better'}"
deck,parent,surface.vulkan_memory_pressure.stress.idle_retention,20261004-175932339-e86d3c7b58af45f28de51dbeb7ce6d9b,71647.0225,50661,3165.75,4,2943,3174.0,3372,3372,3372,3165.75,failed,PASS,c60ef78ce0171b25,a24e2d9ee2191cd8,True,ineligible,True,completed,"{'revision': 1, 'iterations': 16, 'sample_count': 4, 'measurement_iterations_multiplier': 4, 'warmup_iterations': 3, 'gpu_completion_mode': 'per_iteration', 'unit': 'us', 'direction': 'lower_is_better'}"
deck,parent,tiny_draw.arrays.fixed_function,20261004-180046029-b26bc4859b754e859e16ae900aa07c74,40340.1495,2908553,72713.5,10,66700,70446.0,86138,86138,86138,72713.5,failed,PASS,acf025546cf667b5,5636eabc173a3691,True,ineligible,True,completed,"{'revision': 1, 'iterations': 40, 'sample_count': 10, 'measurement_iterations_multiplier': 4, 'warmup_iterations': 3, 'gpu_completion_mode': 'per_iteration', 'unit': 'us', 'direction': 'lower_is_better'}"
deck,parent,tiny_draw.arrays.vertex_shader,20261004-180046029-b26bc4859b754e859e16ae900aa07c74,40340.1495,2661559,66538.5,10,60529,65401.5,81906,81906,81906,66538.5,failed,PASS,acf025546cf667b5,5528df4b56e8f75d,True,ineligible,True,completed,"{'revision': 1, 'iterations': 40, 'sample_count': 10, 'measurement_iterations_multiplier': 4, 'warmup_iterations': 3, 'gpu_completion_mode': 'per_iteration', 'unit': 'us', 'direction': 'lower_is_better'}"
deck,parent,tiny_draw.inline_arrays.fixed_function,20261004-180046029-b26bc4859b754e859e16ae900aa07c74,40340.1495,3384666,84616.3,10,78919,83862.0,90514,90514,90514,84616.3,failed,PASS,acf025546cf667b5,24f378fc9981dad5,True,ineligible,True,completed,"{'revision': 1, 'iterations': 40, 'sample_count': 10, 'measurement_iterations_multiplier': 4, 'warmup_iterations': 3, 'gpu_completion_mode': 'per_iteration', 'unit': 'us', 'direction': 'lower_is_better'}"
deck,parent,tiny_draw.inline_arrays.vertex_shader,20261004-180046029-b26bc4859b754e859e16ae900aa07c74,40340.1495,3307887,82696.9,10,78483,83596.5,86633,86633,86633,82696.9,failed,PASS,acf025546cf667b5,1f7bd52bdb2ddb2d,True,ineligible,True,completed,"{'revision': 1, 'iterations': 40, 'sample_count': 10, 'measurement_iterations_multiplier': 4, 'warmup_iterations': 3, 'gpu_completion_mode': 'per_iteration', 'unit': 'us', 'direction': 'lower_is_better'}"
deck,parent,tiny_draw.inline_buffers.fixed_function,20261004-180046029-b26bc4859b754e859e16ae900aa07c74,40340.1495,2741230,68530.4,10,65482,68465.0,72091,72091,72091,68530.4,failed,PASS,acf025546cf667b5,1d33c1f03f3df5d5,True,ineligible,True,completed,"{'revision': 1, 'iterations': 40, 'sample_count': 10, 'measurement_iterations_multiplier': 4, 'warmup_iterations': 3, 'gpu_completion_mode': 'per_iteration', 'unit': 'us', 'direction': 'lower_is_better'}"
deck,parent,tiny_draw.inline_buffers.vertex_shader,20261004-180046029-b26bc4859b754e859e16ae900aa07c74,40340.1495,2717587,67939.1,10,61587,68304.0,76588,76588,76588,67939.1,failed,PASS,acf025546cf667b5,98123d79a8ae06a5,True,ineligible,True,completed,"{'revision': 1, 'iterations': 40, 'sample_count': 10, 'measurement_iterations_multiplier': 4, 'warmup_iterations': 3, 'gpu_completion_mode': 'per_iteration', 'unit': 'us', 'direction': 'lower_is_better'}"
deck,parent,tiny_draw.inline_elements.fixed_function,20261004-180046029-b26bc4859b754e859e16ae900aa07c74,40340.1495,2590710,64767.4,10,60470,65186.0,68756,68756,68756,64767.4,failed,PASS,acf025546cf667b5,cd0e5481b375a40d,True,ineligible,True,completed,"{'revision': 1, 'iterations': 40, 'sample_count': 10, 'measurement_iterations_multiplier': 4, 'warmup_iterations': 3, 'gpu_completion_mode': 'per_iteration', 'unit': 'us', 'direction': 'lower_is_better'}"
deck,parent,tiny_draw.inline_elements.vertex_shader,20261004-180046029-b26bc4859b754e859e16ae900aa07c74,40340.1495,2701370,67533.9,10,63337,67700.0,72704,72704,72704,67533.9,failed,PASS,acf025546cf667b5,0539f844d85cc73d,True,ineligible,True,completed,"{'revision': 1, 'iterations': 40, 'sample_count': 10, 'measurement_iterations_multiplier': 4, 'warmup_iterations': 3, 'gpu_completion_mode': 'per_iteration', 'unit': 'us', 'direction': 'lower_is_better'}"
deck,parent,uniform_thrash.uniform_thrash,20261004-180128405-e446023250cd44418149b793b7e09a70,14069.9616,172901,4322.1,10,3360,4245.5,5317,5317,5317,4322.1,failed,PASS,ad445c59f8b11925,e643e886c2ebbdd5,True,ineligible,True,completed,"{'revision': 1, 'iterations': 40, 'sample_count': 10, 'measurement_iterations_multiplier': 4, 'warmup_iterations': 3, 'gpu_completion_mode': 'per_iteration', 'unit': 'us', 'direction': 'lower_is_better'}"
deck,parent,vertex_buffer_allocation.mixed.arrays,20261004-180144520-31cab26fd7894da3af5ad25f268be77d,147149.8893,2274097,56852.1,10,51982,56753.0,63412,63412,63412,,not evaluated,PASS,377e6c029807f325,377e6c029807f325,True,ineligible,True,completed,"{'revision': 1, 'iterations': 40, 'sample_count': 10, 'measurement_iterations_multiplier': 4, 'warmup_iterations': 3, 'gpu_completion_mode': 'per_iteration', 'unit': 'us', 'direction': 'lower_is_better'}"
deck,parent,vertex_buffer_allocation.mixed.inline_arrays,20261004-180144520-31cab26fd7894da3af5ad25f268be77d,147149.8893,19193490,479836.8,10,462416,479135.5,495501,495501,495501,,not evaluated,PASS,377e6c029807f325,377e6c029807f325,True,ineligible,True,completed,"{'revision': 1, 'iterations': 40, 'sample_count': 10, 'measurement_iterations_multiplier': 4, 'warmup_iterations': 3, 'gpu_completion_mode': 'per_iteration', 'unit': 'us', 'direction': 'lower_is_better'}"
deck,parent,vertex_buffer_allocation.mixed.inline_buffers,20261004-180144520-31cab26fd7894da3af5ad25f268be77d,147149.8893,73579876,1839496.6,10,1817486,1832017.0,1873744,1873744,1873744,,not evaluated,PASS,377e6c029807f325,377e6c029807f325,True,ineligible,True,completed,"{'revision': 1, 'iterations': 40, 'sample_count': 10, 'measurement_iterations_multiplier': 4, 'warmup_iterations': 3, 'gpu_completion_mode': 'per_iteration', 'unit': 'us', 'direction': 'lower_is_better'}"
deck,parent,vertex_buffer_allocation.mixed.inline_elements,20261004-180144520-31cab26fd7894da3af5ad25f268be77d,147149.8893,2173071,54326.5,10,51621,53549.0,58449,58449,58449,,not evaluated,PASS,377e6c029807f325,377e6c029807f325,True,ineligible,True,completed,"{'revision': 1, 'iterations': 40, 'sample_count': 10, 'measurement_iterations_multiplier': 4, 'warmup_iterations': 3, 'gpu_completion_mode': 'per_iteration', 'unit': 'us', 'direction': 'lower_is_better'}"
deck,parent,vertex_buffer_allocation.tiny.arrays,20261004-180144520-31cab26fd7894da3af5ad25f268be77d,147149.8893,2926389,73159.5,10,71317,72753.5,75820,75820,75820,,not evaluated,PASS,377e6c029807f325,377e6c029807f325,True,ineligible,True,completed,"{'revision': 1, 'iterations': 40, 'sample_count': 10, 'measurement_iterations_multiplier': 4, 'warmup_iterations': 3, 'gpu_completion_mode': 'per_iteration', 'unit': 'us', 'direction': 'lower_is_better'}"
deck,parent,vertex_buffer_allocation.tiny.inline_arrays,20261004-180144520-31cab26fd7894da3af5ad25f268be77d,147149.8893,3336340,83408.1,10,80387,82885.0,91118,91118,91118,,not evaluated,PASS,377e6c029807f325,377e6c029807f325,True,ineligible,True,completed,"{'revision': 1, 'iterations': 40, 'sample_count': 10, 'measurement_iterations_multiplier': 4, 'warmup_iterations': 3, 'gpu_completion_mode': 'per_iteration', 'unit': 'us', 'direction': 'lower_is_better'}"
deck,parent,vertex_buffer_allocation.tiny.inline_buffers,20261004-180144520-31cab26fd7894da3af5ad25f268be77d,147149.8893,3434679,85866.5,10,81850,85546.5,93127,93127,93127,,not evaluated,PASS,377e6c029807f325,377e6c029807f325,True,ineligible,True,completed,"{'revision': 1, 'iterations': 40, 'sample_count': 10, 'measurement_iterations_multiplier': 4, 'warmup_iterations': 3, 'gpu_completion_mode': 'per_iteration', 'unit': 'us', 'direction': 'lower_is_better'}"
deck,parent,vertex_buffer_allocation.tiny.inline_elements,20261004-180144520-31cab26fd7894da3af5ad25f268be77d,147149.8893,2928534,73212.9,10,69276,74055.0,75334,75334,75334,,not evaluated,PASS,377e6c029807f325,377e6c029807f325,True,ineligible,True,completed,"{'revision': 1, 'iterations': 40, 'sample_count': 10, 'measurement_iterations_multiplier': 4, 'warmup_iterations': 3, 'gpu_completion_mode': 'per_iteration', 'unit': 'us', 'direction': 'lower_is_better'}"
deck,parent,vertex_buffer_allocation.rising_transient_growth,20261004-180144520-31cab26fd7894da3af5ad25f268be77d,147149.8893,5398497,1349624,1,1349624,1349624,1349624,1349624,1349624,,not evaluated,PASS,377e6c029807f325,,False,ineligible,True,completed,"{'revision': 1, 'iterations': 4, 'sample_count': 1, 'measurement_iterations_multiplier': 4, 'warmup_iterations': 3, 'gpu_completion_mode': 'per_iteration', 'unit': 'us', 'direction': 'lower_is_better'}"
deck,parent,vertex_buffer_allocation.disjoint_same_page,20261004-180144520-31cab26fd7894da3af5ad25f268be77d,147149.8893,2902284,72556.7,10,60497,72128.5,85062,85062,85062,,not evaluated,PASS,fdcd25a37910bb25,d93bb411fee61f6d,True,ineligible,True,completed,"{'revision': 1, 'iterations': 40, 'sample_count': 10, 'measurement_iterations_multiplier': 4, 'warmup_iterations': 3, 'gpu_completion_mode': 'per_iteration', 'unit': 'us', 'direction': 'lower_is_better'}"
deck,candidate,busy_pfifo.pfifo_saturation,20261004-191729461-ecf9bdc1972f46e587a1bf5045d55569,88478.6316,4861763,121543.7,10,115862,120979.0,128705,128705,128705,,not evaluated,PASS,618832b1599bf211,1508607624bb8506,True,ineligible,True,completed,"{'revision': 1, 'iterations': 40, 'sample_count': 10, 'measurement_iterations_multiplier': 4, 'warmup_iterations': 3, 'gpu_completion_mode': 'per_iteration', 'unit': 'us', 'direction': 'lower_is_better'}"
deck,candidate,busy_pfifo.pgraph_pattern_polling,20261004-191729461-ecf9bdc1972f46e587a1bf5045d55569,88478.6316,36427813,9106953,1,9106953,9106953,9106953,9106953,9106953,,not evaluated,PASS,386d0f085e98c325,386d0f085e98c325,True,ineligible,True,completed,"{'revision': 1, 'iterations': 4, 'sample_count': 1, 'measurement_iterations_multiplier': 4, 'warmup_iterations': 3, 'gpu_completion_mode': 'per_iteration', 'unit': 'us', 'direction': 'lower_is_better'}"
deck,candidate,pfifo_array_elements.array_element_pgr2,20261004-191729461-ecf9bdc1972f46e587a1bf5045d55569,88478.6316,47389,1480.5,8,1251,1480.0,1809,1809,1809,,not evaluated,PASS,bbc8b0702ffd0325,bbc8b0702ffd0325,True,ineligible,True,completed,"{'revision': 1, 'iterations': 32, 'sample_count': 8, 'measurement_iterations_multiplier': 4, 'warmup_iterations': 3, 'gpu_completion_mode': 'per_iteration', 'unit': 'us', 'direction': 'lower_is_better'}"
deck,candidate,pfifo_array_elements.array_element16,20261004-191729461-ecf9bdc1972f46e587a1bf5045d55569,88478.6316,60612,1893.75,8,1665,1897.0,2132,2132,2132,,not evaluated,PASS,9c884de2a5d32325,9c884de2a5d32325,True,ineligible,True,completed,"{'revision': 1, 'iterations': 32, 'sample_count': 8, 'measurement_iterations_multiplier': 4, 'warmup_iterations': 3, 'gpu_completion_mode': 'per_iteration', 'unit': 'us', 'direction': 'lower_is_better'}"
deck,candidate,pfifo_array_elements.array_element32,20261004-191729461-ecf9bdc1972f46e587a1bf5045d55569,88478.6316,54264,1695.625,8,1620,1703.5,1808,1808,1808,,not evaluated,PASS,e079f0cf1a994325,e079f0cf1a994325,True,ineligible,True,completed,"{'revision': 1, 'iterations': 32, 'sample_count': 8, 'measurement_iterations_multiplier': 4, 'warmup_iterations': 3, 'gpu_completion_mode': 'per_iteration', 'unit': 'us', 'direction': 'lower_is_better'}"
deck,candidate,pfifo_packet_boundary.array_element16_overflow,20261004-191729461-ecf9bdc1972f46e587a1bf5045d55569,88478.6316,136922,34230,1,34230,34230,34230,34230,34230,,not evaluated,PASS,4d1756526f052325,,False,ineligible,True,completed,"{'revision': 1, 'iterations': 4, 'sample_count': 1, 'measurement_iterations_multiplier': 4, 'warmup_iterations': 3, 'gpu_completion_mode': 'per_iteration', 'unit': 'us', 'direction': 'lower_is_better'}"
deck,candidate,pfifo_packet_boundary.array_element32_overflow,20261004-191729461-ecf9bdc1972f46e587a1bf5045d55569,88478.6316,317484,79371,1,79371,79371,79371,79371,79371,,not evaluated,PASS,6eb7071be692a325,,False,ineligible,True,completed,"{'revision': 1, 'iterations': 4, 'sample_count': 1, 'measurement_iterations_multiplier': 4, 'warmup_iterations': 3, 'gpu_completion_mode': 'per_iteration', 'unit': 'us', 'direction': 'lower_is_better'}"
deck,candidate,pfifo_packet_boundary.inline_array_overflow,20261004-191729461-ecf9bdc1972f46e587a1bf5045d55569,88478.6316,279473,69868,1,69868,69868,69868,69868,69868,,not evaluated,PASS,847da1930526a325,,False,ineligible,True,completed,"{'revision': 1, 'iterations': 4, 'sample_count': 1, 'measurement_iterations_multiplier': 4, 'warmup_iterations': 3, 'gpu_completion_mode': 'per_iteration', 'unit': 'us', 'direction': 'lower_is_better'}"
deck,candidate,pfifo_packet_boundary.incrementing_inline_fallback,20261004-191729461-ecf9bdc1972f46e587a1bf5045d55569,88478.6316,290,72,1,72,72,72,72,72,,not evaluated,PASS,640439ee8ecd2325,,False,ineligible,True,completed,"{'revision': 1, 'iterations': 4, 'sample_count': 1, 'measurement_iterations_multiplier': 4, 'warmup_iterations': 3, 'gpu_completion_mode': 'per_iteration', 'unit': 'us', 'direction': 'lower_is_better'}"
deck,candidate,cpu_floating_point.sse_scalar,20261004-191859974-598475997c0e42c2a423a3973d6eba2a,178524.755,48696613,1217415,10,1196454,1213118.0,1243815,1243815,1243815,1217415,passed,PASS,6962077c244da325,6962077c244da325,True,eligible,True,completed,"{'revision': 1, 'iterations': 40, 'sample_count': 10, 'measurement_iterations_multiplier': 4, 'warmup_iterations': 3, 'gpu_completion_mode': 'per_iteration', 'unit': 'us', 'direction': 'lower_is_better'}"
deck,candidate,cpu_floating_point.x87_scalar,20261004-191859974-598475997c0e42c2a423a3973d6eba2a,178524.755,45951009,1148775,10,1122695,1147946.5,1192211,1192211,1192211,1148775,passed,PASS,6962077c244da325,6962077c244da325,True,eligible,True,completed,"{'revision': 1, 'iterations': 40, 'sample_count': 10, 'measurement_iterations_multiplier': 4, 'warmup_iterations': 3, 'gpu_completion_mode': 'per_iteration', 'unit': 'us', 'direction': 'lower_is_better'}"
deck,candidate,cpu_translation_blocks.direct_loop,20261004-191859974-598475997c0e42c2a423a3973d6eba2a,178524.755,809706,20242.2,10,18783,20349.5,21303,21303,21303,20242.2,passed,PASS,bd1fc9bf0c318325,bd1fc9bf0c318325,True,eligible,True,completed,"{'revision': 1, 'iterations': 40, 'sample_count': 10, 'measurement_iterations_multiplier': 4, 'warmup_iterations': 3, 'gpu_completion_mode': 'per_iteration', 'unit': 'us', 'direction': 'lower_is_better'}"
deck,candidate,cpu_translation_blocks.indirect_dispatch,20261004-191859974-598475997c0e42c2a423a3973d6eba2a,178524.755,2658367,66458.9,10,63552,66123.5,70485,70485,70485,66458.9,passed,PASS,c0426cf669a02325,c0426cf669a02325,True,eligible,True,completed,"{'revision': 1, 'iterations': 40, 'sample_count': 10, 'measurement_iterations_multiplier': 4, 'warmup_iterations': 3, 'gpu_completion_mode': 'per_iteration', 'unit': 'us', 'direction': 'lower_is_better'}"
deck,candidate,cpu_translation_blocks.indirect_dispatch_stress,20261004-191859974-598475997c0e42c2a423a3973d6eba2a,178524.755,54404412,1360109.9,10,1321167,1366733.5,1385569,1385569,1385569,1360109.9,passed,PASS,fbd507cb0c622325,fbd507cb0c622325,True,eligible,True,completed,"{'revision': 1, 'iterations': 40, 'sample_count': 10, 'measurement_iterations_multiplier': 4, 'warmup_iterations': 3, 'gpu_completion_mode': 'per_iteration', 'unit': 'us', 'direction': 'lower_is_better'}"
deck,candidate,fill_rate.solid,20261004-192200036-4247dd2b3242497fb17fb09f10932f2a,15171.2391,172941,4323.2,10,3547,3982.5,5690,5690,5690,4323.2,failed,PASS,aa539e0bcd4e54b3,08b0f60773aac775,True,ineligible,True,completed,"{'revision': 1, 'iterations': 40, 'sample_count': 10, 'measurement_iterations_multiplier': 4, 'warmup_iterations': 3, 'gpu_completion_mode': 'per_iteration', 'unit': 'us', 'direction': 'lower_is_better'}"
deck,candidate,fill_rate.textured,20261004-192200036-4247dd2b3242497fb17fb09f10932f2a,15171.2391,369647,9240.8,10,7711,9196.0,10856,10856,10856,9240.8,failed,PASS,92f42c56c1fbe869,99b433323df1684d,True,ineligible,True,completed,"{'revision': 1, 'iterations': 40, 'sample_count': 10, 'measurement_iterations_multiplier': 4, 'warmup_iterations': 3, 'gpu_completion_mode': 'per_iteration', 'unit': 'us', 'direction': 'lower_is_better'}"
deck,candidate,pipeline_texture_switch.clear_texture_normal,20261004-192216741-e3bff744f6814f85b2b7c058af5ee8d7,24297.9831,1154089,36064.75,8,27151,36834.0,44669,44669,44669,,not evaluated,PASS,22ba4f1405cda325,22ba4f1405cda325,True,ineligible,True,completed,"{'revision': 1, 'iterations': 32, 'sample_count': 8, 'measurement_iterations_multiplier': 4, 'warmup_iterations': 3, 'gpu_completion_mode': 'per_iteration', 'unit': 'us', 'direction': 'lower_is_better'}"
deck,candidate,pipeline_texture_switch.palette_dma_remap,20261004-192216741-e3bff744f6814f85b2b7c058af5ee8d7,24297.9831,66428,16607,1,16607,16607,16607,16607,16607,,not evaluated,PASS,fbf687de65082325,,False,ineligible,True,completed,"{'revision': 1, 'iterations': 4, 'sample_count': 1, 'measurement_iterations_multiplier': 4, 'warmup_iterations': 3, 'gpu_completion_mode': 'per_iteration', 'unit': 'us', 'direction': 'lower_is_better'}"
deck,candidate,pipeline_texture_switch.palette_only_update,20261004-192216741-e3bff744f6814f85b2b7c058af5ee8d7,24297.9831,224312,56078,1,56078,56078,56078,56078,56078,,not evaluated,PASS,467aab2f95cda325,,False,ineligible,True,completed,"{'revision': 1, 'iterations': 4, 'sample_count': 1, 'measurement_iterations_multiplier': 4, 'warmup_iterations': 3, 'gpu_completion_mode': 'per_iteration', 'unit': 'us', 'direction': 'lower_is_better'}"
deck,candidate,pipeline_texture_switch.sampler_only_identity,20261004-192216741-e3bff744f6814f85b2b7c058af5ee8d7,24297.9831,2002976,62592.625,8,58327,62338.0,70473,70473,70473,,not evaluated,PASS,0b8438c8404da325,0b8438c8404da325,True,ineligible,True,completed,"{'revision': 1, 'iterations': 32, 'sample_count': 8, 'measurement_iterations_multiplier': 4, 'warmup_iterations': 3, 'gpu_completion_mode': 'per_iteration', 'unit': 'us', 'direction': 'lower_is_better'}"
deck,candidate,pipeline_texture_switch.shader_negative_control,20261004-192216741-e3bff744f6814f85b2b7c058af5ee8d7,24297.9831,1607565,50236,8,44341,47541.5,61628,61628,61628,,not evaluated,PASS,f110c8bd6338c325,f110c8bd6338c325,True,ineligible,True,completed,"{'revision': 1, 'iterations': 32, 'sample_count': 8, 'measurement_iterations_multiplier': 4, 'warmup_iterations': 3, 'gpu_completion_mode': 'per_iteration', 'unit': 'us', 'direction': 'lower_is_better'}"
deck,candidate,pipeline_texture_switch.shared_page_overlap,20261004-192216741-e3bff744f6814f85b2b7c058af5ee8d7,24297.9831,211366,52841,1,52841,52841,52841,52841,52841,,not evaluated,PASS,83bb59a8648da325,,False,ineligible,True,completed,"{'revision': 1, 'iterations': 4, 'sample_count': 1, 'measurement_iterations_multiplier': 4, 'warmup_iterations': 3, 'gpu_completion_mode': 'per_iteration', 'unit': 'us', 'direction': 'lower_is_better'}"
deck,candidate,pipeline_texture_switch.texture_dma_remap,20261004-192216741-e3bff744f6814f85b2b7c058af5ee8d7,24297.9831,66498,16624,1,16624,16624,16624,16624,16624,,not evaluated,PASS,fbf687de65082325,,False,ineligible,True,completed,"{'revision': 1, 'iterations': 4, 'sample_count': 1, 'measurement_iterations_multiplier': 4, 'warmup_iterations': 3, 'gpu_completion_mode': 'per_iteration', 'unit': 'us', 'direction': 'lower_is_better'}"
deck,candidate,pipeline_texture_switch.texture_switch,20261004-192216741-e3bff744f6814f85b2b7c058af5ee8d7,24297.9831,1636726,51147.125,8,44266,51894.5,56284,56284,56284,,not evaluated,PASS,8ae05d31fb00c325,8ae05d31fb00c325,True,ineligible,True,completed,"{'revision': 1, 'iterations': 32, 'sample_count': 8, 'measurement_iterations_multiplier': 4, 'warmup_iterations': 3, 'gpu_completion_mode': 'per_iteration', 'unit': 'us', 'direction': 'lower_is_better'}"
deck,candidate,report_query.clear_boundary,20261004-192243075-73976b70486f4f75b7526114258aa4c9,15330.3682,23362,1460,4,1251,1446.5,1696,1696,1696,,not evaluated,PASS,b5eb7c4b9c8da325,,False,ineligible,True,completed,"{'revision': 2, 'iterations': 16, 'sample_count': 4, 'measurement_iterations_multiplier': 4, 'warmup_iterations': 3, 'gpu_completion_mode': 'per_iteration', 'unit': 'us', 'direction': 'lower_is_better'}"
deck,candidate,report_query.dma_descriptor_rewrite,20261004-192243075-73976b70486f4f75b7526114258aa4c9,15330.3682,15394,15394,1,15394,15394,15394,15394,15394,,not evaluated,PASS,c0c0fdbececda325,,False,ineligible,True,completed,"{'revision': 2, 'iterations': 1, 'sample_count': 1, 'measurement_iterations_multiplier': 1, 'warmup_iterations': 0, 'gpu_completion_mode': 'per_iteration', 'unit': 'us', 'direction': 'lower_is_better'}"
deck,candidate,report_query.dma_range_guard,20261004-192243075-73976b70486f4f75b7526114258aa4c9,15330.3682,7909,7909,1,7909,7909,7909,7909,7909,,not evaluated,PASS,3f648ce11a4da325,,False,ineligible,True,completed,"{'revision': 2, 'iterations': 1, 'sample_count': 1, 'measurement_iterations_multiplier': 1, 'warmup_iterations': 0, 'gpu_completion_mode': 'per_iteration', 'unit': 'us', 'direction': 'lower_is_better'}"
deck,candidate,report_query.dma_target_switch,20261004-192243075-73976b70486f4f75b7526114258aa4c9,15330.3682,44378,2773,4,864,2988.0,4252,4252,4252,,not evaluated,PASS,4c4bd8cd440da325,,False,ineligible,True,completed,"{'revision': 2, 'iterations': 16, 'sample_count': 4, 'measurement_iterations_multiplier': 4, 'warmup_iterations': 3, 'gpu_completion_mode': 'per_iteration', 'unit': 'us', 'direction': 'lower_is_better'}"
deck,candidate,report_query.fifo_producer_ordering,20261004-192243075-73976b70486f4f75b7526114258aa4c9,15330.3682,62227,3888.75,4,2170,4341.5,4702,4702,4702,,not evaluated,PASS,0d907c24a88da325,,False,ineligible,True,completed,"{'revision': 2, 'iterations': 16, 'sample_count': 4, 'measurement_iterations_multiplier': 4, 'warmup_iterations': 3, 'gpu_completion_mode': 'per_iteration', 'unit': 'us', 'direction': 'lower_is_better'}"
deck,candidate,report_query.multiple_boundaries,20261004-192243075-73976b70486f4f75b7526114258aa4c9,15330.3682,6384,398.5,4,354,385.5,469,469,469,,not evaluated,PASS,0c966fc9ba4da325,,False,ineligible,True,completed,"{'revision': 2, 'iterations': 16, 'sample_count': 4, 'measurement_iterations_multiplier': 4, 'warmup_iterations': 3, 'gpu_completion_mode': 'per_iteration', 'unit': 'us', 'direction': 'lower_is_better'}"
deck,candidate,report_query.single_boundary,20261004-192243075-73976b70486f4f75b7526114258aa4c9,15330.3682,9742,608.5,4,447,558.0,871,871,871,,not evaluated,PASS,60e674c9fecda325,,False,ineligible,True,completed,"{'revision': 2, 'iterations': 16, 'sample_count': 4, 'measurement_iterations_multiplier': 4, 'warmup_iterations': 3, 'gpu_completion_mode': 'per_iteration', 'unit': 'us', 'direction': 'lower_is_better'}"
deck,candidate,report_query.zero_query,20261004-192243075-73976b70486f4f75b7526114258aa4c9,15330.3682,5056,315.5,4,235,282.0,463,463,463,,not evaluated,PASS,23875dfeb40da325,,False,ineligible,True,completed,"{'revision': 2, 'iterations': 16, 'sample_count': 4, 'measurement_iterations_multiplier': 4, 'warmup_iterations': 3, 'gpu_completion_mode': 'per_iteration', 'unit': 'us', 'direction': 'lower_is_better'}"
deck,candidate,shader_lifecycle.readiness_train_visible,20261004-192259939-ed469ed637fd413492f58445cc4e072d,24105.0824,64901,16225,1,16225,16225,16225,16225,16225,,not evaluated,PASS,d4c939c4f0ce4325,,False,ineligible,True,completed,"{'revision': 1, 'iterations': 4, 'sample_count': 1, 'measurement_iterations_multiplier': 4, 'warmup_iterations': 3, 'gpu_completion_mode': 'per_iteration', 'unit': 'us', 'direction': 'lower_is_better'}"
deck,candidate,shader_lifecycle.readiness_replay_visible,20261004-192326133-9bb1368f4e1b48d4a9e4116673aa9a5c,24084.6943,66033,16508,1,16508,16508,16508,16508,16508,,not evaluated,PASS,d4c939c4f0ce4325,,False,ineligible,True,completed,"{'revision': 1, 'iterations': 4, 'sample_count': 1, 'measurement_iterations_multiplier': 4, 'warmup_iterations': 3, 'gpu_completion_mode': 'per_iteration', 'unit': 'us', 'direction': 'lower_is_better'}"
deck,candidate,shader_lifecycle.readiness_identical_replay,20261004-192351759-d234412f96e04fbfa6b193ce0eec48b5,52044.2135,16111010,4027752,1,4027752,4027752,4027752,4027752,4027752,,not evaluated,PASS,70615ec6b77f8325,,False,ineligible,True,completed,"{'revision': 1, 'iterations': 4, 'sample_count': 1, 'measurement_iterations_multiplier': 4, 'warmup_iterations': 3, 'gpu_completion_mode': 'per_iteration', 'unit': 'us', 'direction': 'lower_is_better'}"
deck,candidate,shader_lifecycle.readiness_uniform_only,20261004-192445841-716aaadee05442188d7502a6494b072e,27998.8732,65241,16310,1,16310,16310,16310,16310,16310,,not evaluated,PASS,113d534d51f95325,,False,ineligible,True,completed,"{'revision': 1, 'iterations': 4, 'sample_count': 1, 'measurement_iterations_multiplier': 4, 'warmup_iterations': 3, 'gpu_completion_mode': 'per_iteration', 'unit': 'us', 'direction': 'lower_is_better'}"
deck,candidate,shader_lifecycle.readiness_early_demand,20261004-192515878-625dffeca6674c8ca9f54b715435f70e,24233.7746,65174,16293,1,16293,16293,16293,16293,16293,,not evaluated,PASS,d4c939c4f0ce4325,,False,ineligible,True,completed,"{'revision': 1, 'iterations': 4, 'sample_count': 1, 'measurement_iterations_multiplier': 4, 'warmup_iterations': 3, 'gpu_completion_mode': 'per_iteration', 'unit': 'us', 'direction': 'lower_is_better'}"
deck,candidate,game_load.long_unlocked_scene.cpu,20261004-192542153-e4c86dc2607547c480e82c435a9add96,246403.2529,1292833,40400.625,8,39348,40129.0,41790,41790,41790,40400.625,passed,PASS,7c59a4dc0f8ba325,7c59a4dc0f8ba325,True,eligible,True,completed,"{'revision': 1, 'iterations': 32, 'sample_count': 8, 'measurement_iterations_multiplier': 4, 'warmup_iterations': 3, 'gpu_completion_mode': 'per_iteration', 'unit': 'us', 'direction': 'lower_is_better'}"
deck,candidate,game_load.long_unlocked_scene.pfifo,20261004-192542153-e4c86dc2607547c480e82c435a9add96,246403.2529,319493,9983.875,8,9625,9973.5,10311,10311,10311,9983.875,passed,PASS,7c59a4dc0f8ba325,7c59a4dc0f8ba325,True,eligible,True,completed,"{'revision': 1, 'iterations': 32, 'sample_count': 8, 'measurement_iterations_multiplier': 4, 'warmup_iterations': 3, 'gpu_completion_mode': 'per_iteration', 'unit': 'us', 'direction': 'lower_is_better'}"
deck,candidate,game_load.long_unlocked_scene.alpha_overdraw,20261004-192542153-e4c86dc2607547c480e82c435a9add96,246403.2529,3484709,108896.75,8,103427,108122.5,116839,116839,116839,108896.75,passed,PASS,7c59a4dc0f8ba325,7c59a4dc0f8ba325,True,eligible,True,completed,"{'revision': 1, 'iterations': 32, 'sample_count': 8, 'measurement_iterations_multiplier': 4, 'warmup_iterations': 3, 'gpu_completion_mode': 'per_iteration', 'unit': 'us', 'direction': 'lower_is_better'}"
deck,candidate,game_load.long_unlocked_scene.streaming_surface_reuse,20261004-192542153-e4c86dc2607547c480e82c435a9add96,246403.2529,774974,24217.75,8,19787,24252.0,27426,27426,27426,24217.75,passed,PASS,7c59a4dc0f8ba325,7c59a4dc0f8ba325,True,eligible,True,completed,"{'revision': 1, 'iterations': 32, 'sample_count': 8, 'measurement_iterations_multiplier': 4, 'warmup_iterations': 3, 'gpu_completion_mode': 'per_iteration', 'unit': 'us', 'direction': 'lower_is_better'}"
deck,candidate,game_load.long_unlocked_scene.combined,20261004-192542153-e4c86dc2607547c480e82c435a9add96,246403.2529,6352544,198516.5,8,193060,198411.5,204301,204301,204301,198516.5,passed,PASS,7c59a4dc0f8ba325,7c59a4dc0f8ba325,True,eligible,True,completed,"{'revision': 1, 'iterations': 32, 'sample_count': 8, 'measurement_iterations_multiplier': 4, 'warmup_iterations': 3, 'gpu_completion_mode': 'per_iteration', 'unit': 'us', 'direction': 'lower_is_better'}"
deck,candidate,game_load.long_unlocked_scene.full_system,20261004-192542153-e4c86dc2607547c480e82c435a9add96,246403.2529,6675444,208607.125,8,199245,205613.0,226949,226949,226949,208607.125,passed,PASS,7c59a4dc0f8ba325,7c59a4dc0f8ba325,True,eligible,True,completed,"{'revision': 1, 'iterations': 32, 'sample_count': 8, 'measurement_iterations_multiplier': 4, 'warmup_iterations': 3, 'gpu_completion_mode': 'per_iteration', 'unit': 'us', 'direction': 'lower_is_better'}"
deck,candidate,game_load.cross_title_hotpath.queued_vertex_cpu_writes,20261004-192542153-e4c86dc2607547c480e82c435a9add96,246403.2529,4878520,152453.375,8,140854,150859.5,167679,167679,167679,152453.375,passed,PASS,cf19c8d27e2aa325,cf19c8d27e2aa325,True,eligible,True,completed,"{'revision': 1, 'iterations': 32, 'sample_count': 8, 'measurement_iterations_multiplier': 4, 'warmup_iterations': 3, 'gpu_completion_mode': 'per_iteration', 'unit': 'us', 'direction': 'lower_is_better'}"
deck,candidate,game_load.cross_title_hotpath.pgr2_small_draws,20261004-192542153-e4c86dc2607547c480e82c435a9add96,246403.2529,9451686,295364.875,8,289290,293746.0,304544,304544,304544,295364.875,passed,PASS,2a1e0148d2c0e325,2a1e0148d2c0e325,True,eligible,True,completed,"{'revision': 1, 'iterations': 32, 'sample_count': 8, 'measurement_iterations_multiplier': 4, 'warmup_iterations': 3, 'gpu_completion_mode': 'per_iteration', 'unit': 'us', 'direction': 'lower_is_better'}"
deck,candidate,game_load.cross_title_hotpath.texture_update_reuse,20261004-192542153-e4c86dc2607547c480e82c435a9add96,246403.2529,129895,4058.75,8,3959,4034.0,4263,4263,4263,4058.75,passed,PASS,5612bef321a56325,5612bef321a56325,True,eligible,True,completed,"{'revision': 1, 'iterations': 32, 'sample_count': 8, 'measurement_iterations_multiplier': 4, 'warmup_iterations': 3, 'gpu_completion_mode': 'per_iteration', 'unit': 'us', 'direction': 'lower_is_better'}"
deck,candidate,game_load.cross_title_hotpath.surface_reuse,20261004-192542153-e4c86dc2607547c480e82c435a9add96,246403.2529,478261,14945.25,8,11894,15601.5,16875,16875,16875,14945.25,passed,PASS,846d9f21b7c6a325,846d9f21b7c6a325,True,eligible,True,completed,"{'revision': 1, 'iterations': 32, 'sample_count': 8, 'measurement_iterations_multiplier': 4, 'warmup_iterations': 3, 'gpu_completion_mode': 'per_iteration', 'unit': 'us', 'direction': 'lower_is_better'}"
deck,candidate,game_load.cross_title_hotpath.pipeline_state_churn,20261004-192542153-e4c86dc2607547c480e82c435a9add96,246403.2529,4577075,143033.25,8,134307,143796.5,149042,149042,149042,143033.25,passed,PASS,22f040b2add4a325,22f040b2add4a325,True,eligible,True,completed,"{'revision': 1, 'iterations': 32, 'sample_count': 8, 'measurement_iterations_multiplier': 4, 'warmup_iterations': 3, 'gpu_completion_mode': 'per_iteration', 'unit': 'us', 'direction': 'lower_is_better'}"
deck,candidate,game_load.cross_title_hotpath.blend_constant_reuse,20261004-192542153-e4c86dc2607547c480e82c435a9add96,246403.2529,9218739,288085.125,8,279119,286291.0,298933,298933,298933,288085.125,passed,PASS,a08ca118008fa325,a08ca118008fa325,True,eligible,True,completed,"{'revision': 1, 'iterations': 32, 'sample_count': 8, 'measurement_iterations_multiplier': 4, 'warmup_iterations': 3, 'gpu_completion_mode': 'per_iteration', 'unit': 'us', 'direction': 'lower_is_better'}"
deck,candidate,game_load.cross_title_hotpath.texture_binding_reuse,20261004-192542153-e4c86dc2607547c480e82c435a9add96,246403.2529,11988928,374653.5,8,363797,374587.5,386527,386527,386527,374653.5,passed,PASS,dfaaa3022df6a325,dfaaa3022df6a325,True,eligible,True,completed,"{'revision': 1, 'iterations': 32, 'sample_count': 8, 'measurement_iterations_multiplier': 4, 'warmup_iterations': 3, 'gpu_completion_mode': 'per_iteration', 'unit': 'us', 'direction': 'lower_is_better'}"
deck,candidate,game_load.cross_title_hotpath.pgr2_lagspot_inline_elements,20261004-192542153-e4c86dc2607547c480e82c435a9add96,246403.2529,7277301,227415.25,8,222330,226612.0,240164,240164,240164,227415.25,passed,PASS,1289219c28d5a325,1289219c28d5a325,True,eligible,True,completed,"{'revision': 1, 'iterations': 32, 'sample_count': 8, 'measurement_iterations_multiplier': 4, 'warmup_iterations': 3, 'gpu_completion_mode': 'per_iteration', 'unit': 'us', 'direction': 'lower_is_better'}"
deck,candidate,game_load.cross_title_hotpath.scaled_surface_pressure,20261004-192542153-e4c86dc2607547c480e82c435a9add96,246403.2529,53441095,1670033.875,8,1413793,1708939.0,1789302,1789302,1789302,1670033.875,passed,PASS,e81e5b4a4675a325,e81e5b4a4675a325,True,eligible,True,completed,"{'revision': 1, 'iterations': 32, 'sample_count': 8, 'measurement_iterations_multiplier': 4, 'warmup_iterations': 3, 'gpu_completion_mode': 'per_iteration', 'unit': 'us', 'direction': 'lower_is_better'}"
deck,candidate,game_load.cross_title_hotpath.s3tc_streaming_fenced_draws,20261004-192542153-e4c86dc2607547c480e82c435a9add96,246403.2529,88498123,2765566,8,2712073,2768132.0,2813286,2813286,2813286,2765566,passed,PASS,a0f51c6c46a52325,a0f51c6c46a52325,True,eligible,True,completed,"{'revision': 1, 'iterations': 32, 'sample_count': 8, 'measurement_iterations_multiplier': 4, 'warmup_iterations': 3, 'gpu_completion_mode': 'per_iteration', 'unit': 'us', 'direction': 'lower_is_better'}"
deck,candidate,game_load.cross_title_hotpath.gpu_wait_control,20261004-192542153-e4c86dc2607547c480e82c435a9add96,246403.2529,153504,4796.625,8,4190,4930.0,5063,5063,5063,4796.625,passed,PASS,828855c0a34e2325,828855c0a34e2325,True,eligible,True,completed,"{'revision': 1, 'iterations': 32, 'sample_count': 8, 'measurement_iterations_multiplier': 4, 'warmup_iterations': 3, 'gpu_completion_mode': 'per_iteration', 'unit': 'us', 'direction': 'lower_is_better'}"
deck,candidate,game_load.s3tc_sync_factor.dxt1_same_address_wait,20261004-192950614-facf93497d3f4a5e80d1301826e3d2c2,56048.1758,597875,18683.25,8,15832,17386.5,25525,25525,25525,18683.25,failed,PASS,3403675459d4d3d5,db28300321744de5,True,ineligible,True,completed,"{'revision': 1, 'iterations': 32, 'sample_count': 8, 'measurement_iterations_multiplier': 4, 'warmup_iterations': 3, 'gpu_completion_mode': 'per_iteration', 'unit': 'us', 'direction': 'lower_is_better'}"
deck,candidate,game_load.s3tc_sync_factor.dxt1_same_address_queued,20261004-192950614-facf93497d3f4a5e80d1301826e3d2c2,56048.1758,548317,17134.75,8,16070,16704.5,20943,20943,20943,17134.75,failed,PASS,72fe3033e7c8eb64,9998993e8dcf6939,True,ineligible,True,completed,"{'revision': 1, 'iterations': 32, 'sample_count': 8, 'measurement_iterations_multiplier': 4, 'warmup_iterations': 3, 'gpu_completion_mode': 'per_iteration', 'unit': 'us', 'direction': 'lower_is_better'}"
deck,candidate,game_load.s3tc_sync_factor.dxt1_ring_payload_generations,20261004-192950614-facf93497d3f4a5e80d1301826e3d2c2,56048.1758,1602955,50092,8,48765,49994.5,51338,51338,51338,50092,failed,PASS,3403675459d4d3d5,db28300321744de5,True,ineligible,True,completed,"{'revision': 1, 'iterations': 32, 'sample_count': 8, 'measurement_iterations_multiplier': 4, 'warmup_iterations': 3, 'gpu_completion_mode': 'per_iteration', 'unit': 'us', 'direction': 'lower_is_better'}"
deck,candidate,game_load.s3tc_sync_factor.dxt1_dirty_once_redraw,20261004-192950614-facf93497d3f4a5e80d1301826e3d2c2,56048.1758,532801,16649.625,8,16362,16648.0,16839,16839,16839,16649.625,passed,PASS,428c04bbb0a62725,428c04bbb0a62725,True,ineligible,True,completed,"{'revision': 1, 'iterations': 32, 'sample_count': 8, 'measurement_iterations_multiplier': 4, 'warmup_iterations': 3, 'gpu_completion_mode': 'per_iteration', 'unit': 'us', 'direction': 'lower_is_better'}"
deck,candidate,game_load.s3tc_sync_factor.rgba8_same_address_wait,20261004-192950614-facf93497d3f4a5e80d1301826e3d2c2,56048.1758,2219812,69368.625,8,66154,70134.5,71947,71947,71947,69368.625,passed,PASS,3403675459d4d3d5,3403675459d4d3d5,True,ineligible,True,completed,"{'revision': 1, 'iterations': 32, 'sample_count': 8, 'measurement_iterations_multiplier': 4, 'warmup_iterations': 3, 'gpu_completion_mode': 'per_iteration', 'unit': 'us', 'direction': 'lower_is_better'}"
deck,candidate,game_load.s3tc_sync_factor.rgba8_same_address_queued,20261004-192950614-facf93497d3f4a5e80d1301826e3d2c2,56048.1758,2136487,66764.75,8,65829,66765.5,67593,67593,67593,66764.75,failed,PASS,80d3b15ad52f5a51,719d8f45c46b69f6,True,ineligible,True,completed,"{'revision': 1, 'iterations': 32, 'sample_count': 8, 'measurement_iterations_multiplier': 4, 'warmup_iterations': 3, 'gpu_completion_mode': 'per_iteration', 'unit': 'us', 'direction': 'lower_is_better'}"
deck,candidate,game_load.s3tc_sync_factor.rgba8_ring_payload_generations,20261004-192950614-facf93497d3f4a5e80d1301826e3d2c2,56048.1758,9099222,284350.5,8,281953,284076.0,288018,288018,288018,284350.5,passed,PASS,3403675459d4d3d5,3403675459d4d3d5,True,ineligible,True,completed,"{'revision': 1, 'iterations': 32, 'sample_count': 8, 'measurement_iterations_multiplier': 4, 'warmup_iterations': 3, 'gpu_completion_mode': 'per_iteration', 'unit': 'us', 'direction': 'lower_is_better'}"
deck,candidate,game_load.s3tc_sync_factor.rgba8_dirty_once_redraw,20261004-192950614-facf93497d3f4a5e80d1301826e3d2c2,56048.1758,533233,16663.125,8,16444,16623.5,16995,16995,16995,16663.125,passed,PASS,428c04bbb0a62725,428c04bbb0a62725,True,ineligible,True,completed,"{'revision': 1, 'iterations': 32, 'sample_count': 8, 'measurement_iterations_multiplier': 4, 'warmup_iterations': 3, 'gpu_completion_mode': 'per_iteration', 'unit': 'us', 'direction': 'lower_is_better'}"
deck,candidate,game_load.s3tc_sync_factor.bc2_native_eligible,20261004-192950614-facf93497d3f4a5e80d1301826e3d2c2,56048.1758,2664557,83267.125,8,82303,83228.5,84555,84555,84555,83267.125,failed,PASS,3403675459d4d3d5,db28300321744de5,True,ineligible,True,completed,"{'revision': 1, 'iterations': 32, 'sample_count': 8, 'measurement_iterations_multiplier': 4, 'warmup_iterations': 3, 'gpu_completion_mode': 'per_iteration', 'unit': 'us', 'direction': 'lower_is_better'}"
deck,candidate,game_load.s3tc_sync_factor.bc2_bordered_fallback,20261004-192950614-facf93497d3f4a5e80d1301826e3d2c2,56048.1758,6944808,217024.875,8,214757,217132.0,219427,219427,219427,217024.875,passed,PASS,db28300321744de5,db28300321744de5,True,ineligible,True,completed,"{'revision': 1, 'iterations': 32, 'sample_count': 8, 'measurement_iterations_multiplier': 4, 'warmup_iterations': 3, 'gpu_completion_mode': 'per_iteration', 'unit': 'us', 'direction': 'lower_is_better'}"
deck,candidate,game_load.s3tc_sync_factor.bc3_native_eligible,20261004-192950614-facf93497d3f4a5e80d1301826e3d2c2,56048.1758,2672717,83522.125,8,82051,83594.5,84811,84811,84811,83522.125,failed,PASS,3403675459d4d3d5,db28300321744de5,True,ineligible,True,completed,"{'revision': 1, 'iterations': 32, 'sample_count': 8, 'measurement_iterations_multiplier': 4, 'warmup_iterations': 3, 'gpu_completion_mode': 'per_iteration', 'unit': 'us', 'direction': 'lower_is_better'}"
deck,candidate,game_load.s3tc_sync_factor.bc3_bordered_fallback,20261004-192950614-facf93497d3f4a5e80d1301826e3d2c2,56048.1758,6982047,218188.75,8,215819,217142.0,227467,227467,227467,218188.75,passed,PASS,db28300321744de5,db28300321744de5,True,ineligible,True,completed,"{'revision': 1, 'iterations': 32, 'sample_count': 8, 'measurement_iterations_multiplier': 4, 'warmup_iterations': 3, 'gpu_completion_mode': 'per_iteration', 'unit': 'us', 'direction': 'lower_is_better'}"
deck,candidate,game_load.repeated_display,20261004-193048720-b431b134f363458c80861bb75199128b,37020.6879,533134,16660.125,8,16406,16639.5,16919,16919,16919,16660.125,passed,PASS,36f446003b9d6325,36f446003b9d6325,True,ineligible,True,completed,"{'revision': 1, 'iterations': 32, 'sample_count': 8, 'measurement_iterations_multiplier': 4, 'warmup_iterations': 3, 'gpu_completion_mode': 'per_iteration', 'unit': 'us', 'direction': 'lower_is_better'}"
deck,candidate,game_load.repeated_display_boosted,20261004-193048720-b431b134f363458c80861bb75199128b,37020.6879,1598624,49956.625,8,49666,50000.0,50006,50006,50006,49956.625,passed,PASS,b2bc760cb1fba325,b2bc760cb1fba325,True,ineligible,True,completed,"{'revision': 1, 'iterations': 32, 'sample_count': 8, 'measurement_iterations_multiplier': 4, 'warmup_iterations': 3, 'gpu_completion_mode': 'per_iteration', 'unit': 'us', 'direction': 'lower_is_better'}"
deck,candidate,game_load.doax_menu_representative.cpu_only,20261004-193048720-b431b134f363458c80861bb75199128b,37020.6879,752811,23524.875,8,22505,23442.5,24744,24744,24744,23524.875,passed,PASS,5abb9d9faaa22325,5abb9d9faaa22325,True,ineligible,True,completed,"{'revision': 1, 'iterations': 32, 'sample_count': 8, 'measurement_iterations_multiplier': 4, 'warmup_iterations': 3, 'gpu_completion_mode': 'per_iteration', 'unit': 'us', 'direction': 'lower_is_better'}"
deck,candidate,game_load.doax_menu_representative.pfifo_only,20261004-193048720-b431b134f363458c80861bb75199128b,37020.6879,151365,4729.625,8,4195,5000.5,5072,5072,5072,4729.625,passed,PASS,f9826bbdd7912325,f9826bbdd7912325,True,ineligible,True,completed,"{'revision': 1, 'iterations': 32, 'sample_count': 8, 'measurement_iterations_multiplier': 4, 'warmup_iterations': 3, 'gpu_completion_mode': 'per_iteration', 'unit': 'us', 'direction': 'lower_is_better'}"
deck,candidate,game_load.doax_menu_representative.gpu_only,20261004-193048720-b431b134f363458c80861bb75199128b,37020.6879,1837863,57432.875,8,55063,57422.0,59495,59495,59495,57432.875,passed,PASS,d3984ab7dcb8e325,d3984ab7dcb8e325,True,ineligible,True,completed,"{'revision': 1, 'iterations': 32, 'sample_count': 8, 'measurement_iterations_multiplier': 4, 'warmup_iterations': 3, 'gpu_completion_mode': 'per_iteration', 'unit': 'us', 'direction': 'lower_is_better'}"
deck,candidate,game_load.doax_menu_representative.streaming_only,20261004-193048720-b431b134f363458c80861bb75199128b,37020.6879,458520,14328.25,8,11295,13014.0,23773,23773,23773,14328.25,passed,PASS,491294aadc23a325,491294aadc23a325,True,ineligible,True,completed,"{'revision': 1, 'iterations': 32, 'sample_count': 8, 'measurement_iterations_multiplier': 4, 'warmup_iterations': 3, 'gpu_completion_mode': 'per_iteration', 'unit': 'us', 'direction': 'lower_is_better'}"
deck,candidate,game_load.doax_menu_representative.cpu_pfifo_gpu,20261004-193048720-b431b134f363458c80861bb75199128b,37020.6879,2728680,85270.875,8,81831,85559.0,87987,87987,87987,85270.875,failed,PASS,5d530c66b8da2325,302026d9f9232325,True,ineligible,True,completed,"{'revision': 1, 'iterations': 32, 'sample_count': 8, 'measurement_iterations_multiplier': 4, 'warmup_iterations': 3, 'gpu_completion_mode': 'per_iteration', 'unit': 'us', 'direction': 'lower_is_better'}"
deck,candidate,game_load.doax_menu_representative.cpu_pfifo_gpu_streaming,20261004-193048720-b431b134f363458c80861bb75199128b,37020.6879,2808568,87767.375,8,83720,87700.5,91534,91534,91534,87767.375,passed,PASS,9e98944350a52325,9e98944350a52325,True,ineligible,True,completed,"{'revision': 1, 'iterations': 32, 'sample_count': 8, 'measurement_iterations_multiplier': 4, 'warmup_iterations': 3, 'gpu_completion_mode': 'per_iteration', 'unit': 'us', 'direction': 'lower_is_better'}"
deck,candidate,game_load.doax_menu_representative.full_system,20261004-193048720-b431b134f363458c80861bb75199128b,37020.6879,2849540,89047.75,8,85778,89438.0,92630,92630,92630,89047.75,passed,PASS,7896e875a8ad2325,7896e875a8ad2325,True,ineligible,True,completed,"{'revision': 1, 'iterations': 32, 'sample_count': 8, 'measurement_iterations_multiplier': 4, 'warmup_iterations': 3, 'gpu_completion_mode': 'per_iteration', 'unit': 'us', 'direction': 'lower_is_better'}"
deck,candidate,game_load.doax_menu_stress.cpu_only,20261004-193048720-b431b134f363458c80861bb75199128b,37020.6879,1492332,46634.875,8,44741,47152.0,47682,47682,47682,46634.875,passed,PASS,4b7c157e1e9ce325,4b7c157e1e9ce325,True,ineligible,True,completed,"{'revision': 1, 'iterations': 32, 'sample_count': 8, 'measurement_iterations_multiplier': 4, 'warmup_iterations': 3, 'gpu_completion_mode': 'per_iteration', 'unit': 'us', 'direction': 'lower_is_better'}"
deck,candidate,game_load.doax_menu_stress.pfifo_only,20261004-193048720-b431b134f363458c80861bb75199128b,37020.6879,310174,9692.625,8,8681,9591.0,10598,10598,10598,9692.625,passed,PASS,f46d8f2a39a6e325,f46d8f2a39a6e325,True,ineligible,True,completed,"{'revision': 1, 'iterations': 32, 'sample_count': 8, 'measurement_iterations_multiplier': 4, 'warmup_iterations': 3, 'gpu_completion_mode': 'per_iteration', 'unit': 'us', 'direction': 'lower_is_better'}"
deck,candidate,game_load.doax_menu_stress.gpu_only,20261004-193048720-b431b134f363458c80861bb75199128b,37020.6879,3288955,102779.5,8,97739,102027.0,109154,109154,109154,102779.5,passed,PASS,bcaf8b0e8de5a325,bcaf8b0e8de5a325,True,ineligible,True,completed,"{'revision': 1, 'iterations': 32, 'sample_count': 8, 'measurement_iterations_multiplier': 4, 'warmup_iterations': 3, 'gpu_completion_mode': 'per_iteration', 'unit': 'us', 'direction': 'lower_is_better'}"
deck,candidate,game_load.doax_menu_stress.streaming_only,20261004-193127800-7c82232a61b74b65bd8f1c0dfd285ab7,87201.8775,878408,27449.875,8,19167,29323.5,36114,36114,36114,27449.875,passed,PASS,06e0eccda97d2325,06e0eccda97d2325,True,ineligible,True,completed,"{'revision': 1, 'iterations': 32, 'sample_count': 8, 'measurement_iterations_multiplier': 4, 'warmup_iterations': 3, 'gpu_completion_mode': 'per_iteration', 'unit': 'us', 'direction': 'lower_is_better'}"
deck,candidate,game_load.doax_menu_stress.cpu_pfifo_gpu,20261004-193127800-7c82232a61b74b65bd8f1c0dfd285ab7,87201.8775,4948641,154644.625,8,151029,154753.0,157357,157357,157357,154644.625,failed,PASS,30f332d7669ba325,7707cd4649e4a325,True,ineligible,True,completed,"{'revision': 1, 'iterations': 32, 'sample_count': 8, 'measurement_iterations_multiplier': 4, 'warmup_iterations': 3, 'gpu_completion_mode': 'per_iteration', 'unit': 'us', 'direction': 'lower_is_better'}"
deck,candidate,game_load.doax_menu_stress.cpu_pfifo_gpu_streaming,20261004-193127800-7c82232a61b74b65bd8f1c0dfd285ab7,87201.8775,5628490,175890,8,166765,174944.0,187740,187740,187740,175890,passed,PASS,d4d9dedf3ef06325,d4d9dedf3ef06325,True,ineligible,True,completed,"{'revision': 1, 'iterations': 32, 'sample_count': 8, 'measurement_iterations_multiplier': 4, 'warmup_iterations': 3, 'gpu_completion_mode': 'per_iteration', 'unit': 'us', 'direction': 'lower_is_better'}"
deck,candidate,game_load.doax_menu_stress.full_system,20261004-193127800-7c82232a61b74b65bd8f1c0dfd285ab7,87201.8775,5541397,173168.25,8,169938,172331.0,177478,177478,177478,173168.25,passed,PASS,8cf51e8eb67fa325,8cf51e8eb67fa325,True,ineligible,True,completed,"{'revision': 1, 'iterations': 32, 'sample_count': 8, 'measurement_iterations_multiplier': 4, 'warmup_iterations': 3, 'gpu_completion_mode': 'per_iteration', 'unit': 'us', 'direction': 'lower_is_better'}"
deck,candidate,game_load.pgr2_ai_backup.cpu_only,20261004-193127800-7c82232a61b74b65bd8f1c0dfd285ab7,87201.8775,2350988,73468.125,8,71271,73474.5,75608,75608,75608,73468.125,passed,PASS,e6df98b3e513a325,e6df98b3e513a325,True,ineligible,True,completed,"{'revision': 1, 'iterations': 32, 'sample_count': 8, 'measurement_iterations_multiplier': 4, 'warmup_iterations': 3, 'gpu_completion_mode': 'per_iteration', 'unit': 'us', 'direction': 'lower_is_better'}"
deck,candidate,game_load.pgr2_ai_backup.pfifo_only,20261004-193127800-7c82232a61b74b65bd8f1c0dfd285ab7,87201.8775,1067828,33369.25,8,30322,33725.0,34402,34402,34402,33369.25,passed,PASS,e57ef83b3a66e325,e57ef83b3a66e325,True,ineligible,True,completed,"{'revision': 1, 'iterations': 32, 'sample_count': 8, 'measurement_iterations_multiplier': 4, 'warmup_iterations': 3, 'gpu_completion_mode': 'per_iteration', 'unit': 'us', 'direction': 'lower_is_better'}"
deck,candidate,game_load.pgr2_ai_backup.gpu_only,20261004-193127800-7c82232a61b74b65bd8f1c0dfd285ab7,87201.8775,8454643,264207.125,8,257652,263685.0,271402,271402,271402,264207.125,passed,PASS,02ffd9b12aa96325,02ffd9b12aa96325,True,ineligible,True,completed,"{'revision': 1, 'iterations': 32, 'sample_count': 8, 'measurement_iterations_multiplier': 4, 'warmup_iterations': 3, 'gpu_completion_mode': 'per_iteration', 'unit': 'us', 'direction': 'lower_is_better'}"
deck,candidate,game_load.pgr2_ai_backup.streaming_only,20261004-193127800-7c82232a61b74b65bd8f1c0dfd285ab7,87201.8775,262593,8205.75,8,6550,7778.0,10779,10779,10779,8205.75,passed,PASS,155df5f182392325,155df5f182392325,True,ineligible,True,completed,"{'revision': 1, 'iterations': 32, 'sample_count': 8, 'measurement_iterations_multiplier': 4, 'warmup_iterations': 3, 'gpu_completion_mode': 'per_iteration', 'unit': 'us', 'direction': 'lower_is_better'}"
deck,candidate,game_load.pgr2_ai_backup.cpu_pfifo_gpu,20261004-193127800-7c82232a61b74b65bd8f1c0dfd285ab7,87201.8775,11576153,361754.5,8,353062,358397.0,373735,373735,373735,361754.5,failed,PASS,519ce083c370e325,ab22104929b9e325,True,ineligible,True,completed,"{'revision': 1, 'iterations': 32, 'sample_count': 8, 'measurement_iterations_multiplier': 4, 'warmup_iterations': 3, 'gpu_completion_mode': 'per_iteration', 'unit': 'us', 'direction': 'lower_is_better'}"
deck,candidate,game_load.pgr2_ai_backup.cpu_pfifo_gpu_streaming,20261004-193127800-7c82232a61b74b65bd8f1c0dfd285ab7,87201.8775,11943492,373233.75,8,362068,373571.0,380208,380208,380208,373233.75,passed,PASS,66a43765efc02325,66a43765efc02325,True,ineligible,True,completed,"{'revision': 1, 'iterations': 32, 'sample_count': 8, 'measurement_iterations_multiplier': 4, 'warmup_iterations': 3, 'gpu_completion_mode': 'per_iteration', 'unit': 'us', 'direction': 'lower_is_better'}"
deck,candidate,game_load.pgr2_ai_backup.full_system,20261004-193127800-7c82232a61b74b65bd8f1c0dfd285ab7,87201.8775,12102414,378199.875,8,372198,376148.0,388871,388871,388871,378199.875,passed,PASS,55485325870d6325,55485325870d6325,True,ineligible,True,completed,"{'revision': 1, 'iterations': 32, 'sample_count': 8, 'measurement_iterations_multiplier': 4, 'warmup_iterations': 3, 'gpu_completion_mode': 'per_iteration', 'unit': 'us', 'direction': 'lower_is_better'}"
deck,candidate,high_vertex_count.arrays,20261004-193257053-b8b5e92e347f485ea22b0f41a96f614b,39932.0136,67863,169.32,100,111,127.0,345,461,729,169.32,failed,PASS,e67a1ce72784a588,cd6d0d64451d191b,True,ineligible,True,completed,"{'revision': 1, 'iterations': 400, 'sample_count': 100, 'measurement_iterations_multiplier': 4, 'warmup_iterations': 3, 'gpu_completion_mode': 'per_iteration', 'unit': 'us', 'direction': 'lower_is_better'}"
deck,candidate,high_vertex_count.inline_arrays,20261004-193257053-b8b5e92e347f485ea22b0f41a96f614b,39932.0136,4806731,120167.9,10,113433,118600.0,132107,132107,132107,120167.9,failed,PASS,e67a1ce72784a588,31a890c7f71db193,True,ineligible,True,completed,"{'revision': 1, 'iterations': 40, 'sample_count': 10, 'measurement_iterations_multiplier': 4, 'warmup_iterations': 3, 'gpu_completion_mode': 'per_iteration', 'unit': 'us', 'direction': 'lower_is_better'}"
deck,candidate,high_vertex_count.inline_buffers,20261004-193257053-b8b5e92e347f485ea22b0f41a96f614b,39932.0136,13758447,687922.2,5,666551,683763,716051,716051,716051,687922.2,failed,PASS,e67a1ce72784a588,f320b0df5ba62943,True,ineligible,True,completed,"{'revision': 1, 'iterations': 20, 'sample_count': 5, 'measurement_iterations_multiplier': 4, 'warmup_iterations': 3, 'gpu_completion_mode': 'per_iteration', 'unit': 'us', 'direction': 'lower_is_better'}"
deck,candidate,high_vertex_count.inline_elements,20261004-193257053-b8b5e92e347f485ea22b0f41a96f614b,39932.0136,1388977,6944.54,50,6052,6892.5,8145,8732,8732,6944.54,failed,PASS,e67a1ce72784a588,b24516b5372da0f3,True,ineligible,True,completed,"{'revision': 1, 'iterations': 200, 'sample_count': 50, 'measurement_iterations_multiplier': 4, 'warmup_iterations': 3, 'gpu_completion_mode': 'per_iteration', 'unit': 'us', 'direction': 'lower_is_better'}"
deck,candidate,primitive_type.line_loop.fixed_function,20261004-193257053-b8b5e92e347f485ea22b0f41a96f614b,39932.0136,90279,2256.6,10,2084,2238.0,2501,2501,2501,2256.6,failed,PASS,4024a5cb9bd0fa4e,d48f43c09e534094,True,ineligible,True,completed,"{'revision': 1, 'iterations': 40, 'sample_count': 10, 'measurement_iterations_multiplier': 4, 'warmup_iterations': 3, 'gpu_completion_mode': 'per_iteration', 'unit': 'us', 'direction': 'lower_is_better'}"
deck,candidate,primitive_type.line_loop.vertex_shader,20261004-193257053-b8b5e92e347f485ea22b0f41a96f614b,39932.0136,94798,2369.4,10,2097,2410.0,2578,2578,2578,2369.4,failed,PASS,4024a5cb9bd0fa4e,47373dc0c7be28f8,True,ineligible,True,completed,"{'revision': 1, 'iterations': 40, 'sample_count': 10, 'measurement_iterations_multiplier': 4, 'warmup_iterations': 3, 'gpu_completion_mode': 'per_iteration', 'unit': 'us', 'direction': 'lower_is_better'}"
deck,candidate,primitive_type.line_strip.fixed_function,20261004-193257053-b8b5e92e347f485ea22b0f41a96f614b,39932.0136,51708,1292.4,10,1142,1283.0,1422,1422,1422,1292.4,failed,PASS,4024a5cb9bd0fa4e,0964935c28234a4a,True,ineligible,True,completed,"{'revision': 1, 'iterations': 40, 'sample_count': 10, 'measurement_iterations_multiplier': 4, 'warmup_iterations': 3, 'gpu_completion_mode': 'per_iteration', 'unit': 'us', 'direction': 'lower_is_better'}"
deck,candidate,primitive_type.line_strip.vertex_shader,20261004-193257053-b8b5e92e347f485ea22b0f41a96f614b,39932.0136,51816,1294.9,10,1135,1294.0,1479,1479,1479,1294.9,failed,PASS,4024a5cb9bd0fa4e,94b433237d71b182,True,ineligible,True,completed,"{'revision': 1, 'iterations': 40, 'sample_count': 10, 'measurement_iterations_multiplier': 4, 'warmup_iterations': 3, 'gpu_completion_mode': 'per_iteration', 'unit': 'us', 'direction': 'lower_is_better'}"
deck,candidate,primitive_type.lines.fixed_function,20261004-193257053-b8b5e92e347f485ea22b0f41a96f614b,39932.0136,180503,4512.2,10,4077,4583.5,4789,4789,4789,4512.2,failed,PASS,5440c372c6a2a101,6c16b2698ec4e26b,True,ineligible,True,completed,"{'revision': 1, 'iterations': 40, 'sample_count': 10, 'measurement_iterations_multiplier': 4, 'warmup_iterations': 3, 'gpu_completion_mode': 'per_iteration', 'unit': 'us', 'direction': 'lower_is_better'}"
deck,candidate,primitive_type.lines.vertex_shader,20261004-193257053-b8b5e92e347f485ea22b0f41a96f614b,39932.0136,180880,4521.6,10,4099,4532.0,4953,4953,4953,4521.6,failed,PASS,5440c372c6a2a101,53924aa6f5e55b57,True,ineligible,True,completed,"{'revision': 1, 'iterations': 40, 'sample_count': 10, 'measurement_iterations_multiplier': 4, 'warmup_iterations': 3, 'gpu_completion_mode': 'per_iteration', 'unit': 'us', 'direction': 'lower_is_better'}"
deck,candidate,primitive_type.points.fixed_function,20261004-193257053-b8b5e92e347f485ea22b0f41a96f614b,39932.0136,91356,2283.6,10,2061,2295.5,2568,2568,2568,2283.6,failed,PASS,6813f0dbe94bac3c,7400f7a8ac9d8c86,True,ineligible,True,completed,"{'revision': 1, 'iterations': 40, 'sample_count': 10, 'measurement_iterations_multiplier': 4, 'warmup_iterations': 3, 'gpu_completion_mode': 'per_iteration', 'unit': 'us', 'direction': 'lower_is_better'}"
deck,candidate,primitive_type.points.vertex_shader,20261004-193257053-b8b5e92e347f485ea22b0f41a96f614b,39932.0136,94864,2371.2,10,2184,2319.5,2637,2637,2637,2371.2,failed,PASS,6813f0dbe94bac3c,f1d83724373d0036,True,ineligible,True,completed,"{'revision': 1, 'iterations': 40, 'sample_count': 10, 'measurement_iterations_multiplier': 4, 'warmup_iterations': 3, 'gpu_completion_mode': 'per_iteration', 'unit': 'us', 'direction': 'lower_is_better'}"
deck,candidate,primitive_type.polygon.fixed_function,20261004-193339056-4aa161adc47b4bf799e3ea6993f69e36,18800.3103,117265,2931.2,10,2484,2735.5,3678,3678,3678,2931.2,failed,PASS,e0d0b9dbefa71269,515407015a00c880,True,ineligible,True,completed,"{'revision': 1, 'iterations': 40, 'sample_count': 10, 'measurement_iterations_multiplier': 4, 'warmup_iterations': 3, 'gpu_completion_mode': 'per_iteration', 'unit': 'us', 'direction': 'lower_is_better'}"
deck,candidate,primitive_type.polygon.vertex_shader,20261004-193339056-4aa161adc47b4bf799e3ea6993f69e36,18800.3103,274387,6859.2,10,5837,6876.0,7850,7850,7850,6859.2,failed,PASS,e0d0b9dbefa71269,4376cbfa562c7d14,True,ineligible,True,completed,"{'revision': 1, 'iterations': 40, 'sample_count': 10, 'measurement_iterations_multiplier': 4, 'warmup_iterations': 3, 'gpu_completion_mode': 'per_iteration', 'unit': 'us', 'direction': 'lower_is_better'}"
deck,candidate,primitive_type.quad_strip.fixed_function,20261004-193339056-4aa161adc47b4bf799e3ea6993f69e36,18800.3103,284962,7123.7,10,3990,4339.0,13778,13778,13778,7123.7,failed,PASS,e1f46a0779ee1f21,190c4f06474f8467,True,ineligible,True,completed,"{'revision': 1, 'iterations': 40, 'sample_count': 10, 'measurement_iterations_multiplier': 4, 'warmup_iterations': 3, 'gpu_completion_mode': 'per_iteration', 'unit': 'us', 'direction': 'lower_is_better'}"
deck,candidate,primitive_type.quad_strip.vertex_shader,20261004-193339056-4aa161adc47b4bf799e3ea6993f69e36,18800.3103,176021,4400,10,3837,4447.5,4841,4841,4841,4400,failed,PASS,e1f46a0779ee1f21,d5cf212c5788c3df,True,ineligible,True,completed,"{'revision': 1, 'iterations': 40, 'sample_count': 10, 'measurement_iterations_multiplier': 4, 'warmup_iterations': 3, 'gpu_completion_mode': 'per_iteration', 'unit': 'us', 'direction': 'lower_is_better'}"
deck,candidate,primitive_type.quads.fixed_function,20261004-193339056-4aa161adc47b4bf799e3ea6993f69e36,18800.3103,285410,7134.9,10,4815,7660.0,8948,8948,8948,7134.9,failed,PASS,d14f30833e638324,b52448622bc1c001,True,ineligible,True,completed,"{'revision': 1, 'iterations': 40, 'sample_count': 10, 'measurement_iterations_multiplier': 4, 'warmup_iterations': 3, 'gpu_completion_mode': 'per_iteration', 'unit': 'us', 'direction': 'lower_is_better'}"
deck,candidate,primitive_type.quads.vertex_shader,20261004-193339056-4aa161adc47b4bf799e3ea6993f69e36,18800.3103,296462,7411,10,5463,7619.5,8965,8965,8965,7411,failed,PASS,d14f30833e638324,fbac823960948b69,True,ineligible,True,completed,"{'revision': 1, 'iterations': 40, 'sample_count': 10, 'measurement_iterations_multiplier': 4, 'warmup_iterations': 3, 'gpu_completion_mode': 'per_iteration', 'unit': 'us', 'direction': 'lower_is_better'}"
deck,candidate,primitive_type.triangle_fan.fixed_function,20261004-193339056-4aa161adc47b4bf799e3ea6993f69e36,18800.3103,46967,1173.8,10,1039,1171.0,1284,1284,1284,1173.8,failed,PASS,eadb3b4945fe25df,ba0d8daf7940c5d2,True,ineligible,True,completed,"{'revision': 1, 'iterations': 40, 'sample_count': 10, 'measurement_iterations_multiplier': 4, 'warmup_iterations': 3, 'gpu_completion_mode': 'per_iteration', 'unit': 'us', 'direction': 'lower_is_better'}"
deck,candidate,primitive_type.triangle_fan.vertex_shader,20261004-193339056-4aa161adc47b4bf799e3ea6993f69e36,18800.3103,51561,1288.6,10,1127,1300.5,1384,1384,1384,1288.6,failed,PASS,eadb3b4945fe25df,134a22bd3882e48e,True,ineligible,True,completed,"{'revision': 1, 'iterations': 40, 'sample_count': 10, 'measurement_iterations_multiplier': 4, 'warmup_iterations': 3, 'gpu_completion_mode': 'per_iteration', 'unit': 'us', 'direction': 'lower_is_better'}"
deck,candidate,primitive_type.triangle_strip.fixed_function,20261004-193339056-4aa161adc47b4bf799e3ea6993f69e36,18800.3103,93614,2340,10,2052,2412.5,2468,2468,2468,2340,failed,PASS,ee7f6eeeb2263031,d15b03d8ead6bb03,True,ineligible,True,completed,"{'revision': 1, 'iterations': 40, 'sample_count': 10, 'measurement_iterations_multiplier': 4, 'warmup_iterations': 3, 'gpu_completion_mode': 'per_iteration', 'unit': 'us', 'direction': 'lower_is_better'}"
deck,candidate,primitive_type.triangle_strip.vertex_shader,20261004-193339056-4aa161adc47b4bf799e3ea6993f69e36,18800.3103,97909,2447.4,10,2201,2462.5,2690,2690,2690,2447.4,failed,PASS,ee7f6eeeb2263031,f7cfda74a4111eff,True,ineligible,True,completed,"{'revision': 1, 'iterations': 40, 'sample_count': 10, 'measurement_iterations_multiplier': 4, 'warmup_iterations': 3, 'gpu_completion_mode': 'per_iteration', 'unit': 'us', 'direction': 'lower_is_better'}"
deck,candidate,primitive_type.triangles.fixed_function,20261004-193339056-4aa161adc47b4bf799e3ea6993f69e36,18800.3103,236119,5902.6,10,4425,6053.0,6670,6670,6670,5902.6,failed,PASS,a53b3ecbc7019828,4521bcfbdb43e248,True,ineligible,True,completed,"{'revision': 1, 'iterations': 40, 'sample_count': 10, 'measurement_iterations_multiplier': 4, 'warmup_iterations': 3, 'gpu_completion_mode': 'per_iteration', 'unit': 'us', 'direction': 'lower_is_better'}"
deck,candidate,primitive_type.triangles.vertex_shader,20261004-193339056-4aa161adc47b4bf799e3ea6993f69e36,18800.3103,237663,5941.2,10,4506,6492.5,6615,6615,6615,5941.2,failed,PASS,a53b3ecbc7019828,d86abc6e019e36fc,True,ineligible,True,completed,"{'revision': 1, 'iterations': 40, 'sample_count': 10, 'measurement_iterations_multiplier': 4, 'warmup_iterations': 3, 'gpu_completion_mode': 'per_iteration', 'unit': 'us', 'direction': 'lower_is_better'}"
deck,candidate,texture_cubemap_fallback.bordered_palette_size1,20261004-193359892-0298e28a7658437796731e80720a91e0,132648.5046,531781,16617.875,8,16307,16648.5,16728,16728,16728,16617.875,failed,FAIL,56d00ed89334a325,,True,ineligible,True,completed,"{'revision': 1, 'iterations': 32, 'sample_count': 8, 'measurement_iterations_multiplier': 4, 'warmup_iterations': 3, 'gpu_completion_mode': 'per_iteration', 'unit': 'us', 'direction': 'lower_is_better'}"
deck,candidate,texture_cubemap_fallback.bordered_palette_size2,20261004-193359892-0298e28a7658437796731e80720a91e0,132648.5046,531706,16615.5,8,16393,16640.5,16729,16729,16729,16615.5,failed,FAIL,bb93d50a6b1ba325,,True,ineligible,True,completed,"{'revision': 1, 'iterations': 32, 'sample_count': 8, 'measurement_iterations_multiplier': 4, 'warmup_iterations': 3, 'gpu_completion_mode': 'per_iteration', 'unit': 'us', 'direction': 'lower_is_better'}"
deck,candidate,texture_cubemap_fallback.bordered_palette_size4,20261004-193359892-0298e28a7658437796731e80720a91e0,132648.5046,532629,16644.25,8,16561,16633.0,16760,16760,16760,16644.25,failed,FAIL,55460e1d2302a325,,True,ineligible,True,completed,"{'revision': 1, 'iterations': 32, 'sample_count': 8, 'measurement_iterations_multiplier': 4, 'warmup_iterations': 3, 'gpu_completion_mode': 'per_iteration', 'unit': 'us', 'direction': 'lower_is_better'}"
deck,candidate,texture_cubemap_fallback.bordered_palette_size8,20261004-193359892-0298e28a7658437796731e80720a91e0,132648.5046,532985,16655.25,8,16615,16655.5,16691,16691,16691,16655.25,failed,FAIL,53ccfb3cac5633d3,,True,ineligible,True,completed,"{'revision': 1, 'iterations': 32, 'sample_count': 8, 'measurement_iterations_multiplier': 4, 'warmup_iterations': 3, 'gpu_completion_mode': 'per_iteration', 'unit': 'us', 'direction': 'lower_is_better'}"
deck,candidate,texture_cubemap_fallback.bordered_r6g5b5_size1,20261004-193359892-0298e28a7658437796731e80720a91e0,132648.5046,532770,16648.75,8,16554,16654.0,16699,16699,16699,16648.75,failed,FAIL,56d00ed89334a325,,True,ineligible,True,completed,"{'revision': 1, 'iterations': 32, 'sample_count': 8, 'measurement_iterations_multiplier': 4, 'warmup_iterations': 3, 'gpu_completion_mode': 'per_iteration', 'unit': 'us', 'direction': 'lower_is_better'}"
deck,candidate,texture_cubemap_fallback.bordered_r6g5b5_size2,20261004-193359892-0298e28a7658437796731e80720a91e0,132648.5046,532853,16651.25,8,16580,16653.5,16723,16723,16723,16651.25,failed,FAIL,0e8ba11521b73f45,,True,ineligible,True,completed,"{'revision': 1, 'iterations': 32, 'sample_count': 8, 'measurement_iterations_multiplier': 4, 'warmup_iterations': 3, 'gpu_completion_mode': 'per_iteration', 'unit': 'us', 'direction': 'lower_is_better'}"
deck,candidate,texture_cubemap_fallback.bordered_r6g5b5_size4,20261004-193359892-0298e28a7658437796731e80720a91e0,132648.5046,533002,16656.125,8,16568,16664.0,16720,16720,16720,16656.125,failed,FAIL,31dbcc2110e01525,,True,ineligible,True,completed,"{'revision': 1, 'iterations': 32, 'sample_count': 8, 'measurement_iterations_multiplier': 4, 'warmup_iterations': 3, 'gpu_completion_mode': 'per_iteration', 'unit': 'us', 'direction': 'lower_is_better'}"
deck,candidate,texture_cubemap_fallback.bordered_rgba8_size1,20261004-193359892-0298e28a7658437796731e80720a91e0,132648.5046,533031,16656.875,8,16593,16664.5,16696,16696,16696,16656.875,failed,FAIL,56d00ed89334a325,,True,ineligible,True,completed,"{'revision': 1, 'iterations': 32, 'sample_count': 8, 'measurement_iterations_multiplier': 4, 'warmup_iterations': 3, 'gpu_completion_mode': 'per_iteration', 'unit': 'us', 'direction': 'lower_is_better'}"
deck,candidate,texture_cubemap_fallback.bordered_rgba8_size2,20261004-193359892-0298e28a7658437796731e80720a91e0,132648.5046,533198,16662.125,8,16614,16663.0,16717,16717,16717,16662.125,failed,FAIL,bb93d50a6b1ba325,,True,ineligible,True,completed,"{'revision': 1, 'iterations': 32, 'sample_count': 8, 'measurement_iterations_multiplier': 4, 'warmup_iterations': 3, 'gpu_completion_mode': 'per_iteration', 'unit': 'us', 'direction': 'lower_is_better'}"
deck,candidate,texture_cubemap_fallback.bordered_rgba8_size4,20261004-193359892-0298e28a7658437796731e80720a91e0,132648.5046,533018,16656.375,8,16572,16672.5,16717,16717,16717,16656.375,failed,FAIL,55460e1d2302a325,,True,ineligible,True,completed,"{'revision': 1, 'iterations': 32, 'sample_count': 8, 'measurement_iterations_multiplier': 4, 'warmup_iterations': 3, 'gpu_completion_mode': 'per_iteration', 'unit': 'us', 'direction': 'lower_is_better'}"
deck,candidate,texture_cubemap_fallback.bordered_rgba8_size8,20261004-193359892-0298e28a7658437796731e80720a91e0,132648.5046,532677,16645.75,8,16480,16664.5,16719,16719,16719,16645.75,failed,FAIL,f3129198a7b005f5,,True,ineligible,True,completed,"{'revision': 1, 'iterations': 32, 'sample_count': 8, 'measurement_iterations_multiplier': 4, 'warmup_iterations': 3, 'gpu_completion_mode': 'per_iteration', 'unit': 'us', 'direction': 'lower_is_better'}"
deck,candidate,texture_cubemap_fallback.unbordered_subblock_dxt1,20261004-193359892-0298e28a7658437796731e80720a91e0,132648.5046,532899,16652.875,8,16567,16652.5,16720,16720,16720,16652.875,passed,PASS,be0f2013c1997ca5,,True,ineligible,True,completed,"{'revision': 1, 'iterations': 32, 'sample_count': 8, 'measurement_iterations_multiplier': 4, 'warmup_iterations': 3, 'gpu_completion_mode': 'per_iteration', 'unit': 'us', 'direction': 'lower_is_better'}"
deck,candidate,texture_cubemap_fallback.bordered_r6g5b5_size8,20261004-193614077-40b4dc760ddd4362afb0740a35e4d677,24431.9551,533048,16657.375,8,16341,16688.0,16882,16882,16882,16657.375,failed,FAIL,72ca2acdd1d976a5,,True,ineligible,True,completed,"{'revision': 1, 'iterations': 32, 'sample_count': 8, 'measurement_iterations_multiplier': 4, 'warmup_iterations': 3, 'gpu_completion_mode': 'per_iteration', 'unit': 'us', 'direction': 'lower_is_better'}"
deck,candidate,surface.basic,20261004-193640044-3d5fcd4ece9a480ea0f73fe905d162b7,29670.1544,1679598,41989.5,10,39828,41057.0,46930,46930,46930,41989.5,failed,PASS,cf6533efef4c476e,6f90d43f59b710fa,True,ineligible,True,completed,"{'revision': 1, 'iterations': 40, 'sample_count': 10, 'measurement_iterations_multiplier': 4, 'warmup_iterations': 3, 'gpu_completion_mode': 'per_iteration', 'unit': 'us', 'direction': 'lower_is_better'}"
deck,candidate,surface.cpu_read_after_gpu_write,20261004-193640044-3d5fcd4ece9a480ea0f73fe905d162b7,29670.1544,284990,3561.95,20,2911,3617.5,3742,3806,3806,3561.95,passed,PASS,572720976b602325,572720976b602325,True,ineligible,True,completed,"{'revision': 1, 'iterations': 80, 'sample_count': 20, 'measurement_iterations_multiplier': 4, 'warmup_iterations': 3, 'gpu_completion_mode': 'per_iteration', 'unit': 'us', 'direction': 'lower_is_better'}"
deck,candidate,surface.cpu_read_clean_surface,20261004-193640044-3d5fcd4ece9a480ea0f73fe905d162b7,29670.1544,173411,433.17,100,205,436.5,636,695,713,433.17,passed,PASS,aa32af524aa52325,aa32af524aa52325,True,ineligible,True,completed,"{'revision': 1, 'iterations': 400, 'sample_count': 100, 'measurement_iterations_multiplier': 4, 'warmup_iterations': 3, 'gpu_completion_mode': 'per_iteration', 'unit': 'us', 'direction': 'lower_is_better'}"
deck,candidate,surface.framebuffer_working_set_002,20261004-193640044-3d5fcd4ece9a480ea0f73fe905d162b7,29670.1544,348772,4359.25,20,2492,5059.0,5676,6002,6002,4359.25,failed,PASS,cb732f2ae5736b2d,ab1fa4b103c05f05,True,ineligible,True,completed,"{'revision': 1, 'iterations': 80, 'sample_count': 20, 'measurement_iterations_multiplier': 4, 'warmup_iterations': 3, 'gpu_completion_mode': 'per_iteration', 'unit': 'us', 'direction': 'lower_is_better'}"
deck,candidate,surface.framebuffer_working_set_008,20261004-193640044-3d5fcd4ece9a480ea0f73fe905d162b7,29670.1544,401981,5024.55,20,2914,5201.5,5984,6169,6169,5024.55,failed,PASS,7ffda0d97cce712d,8393e7935b67da71,True,ineligible,True,completed,"{'revision': 1, 'iterations': 80, 'sample_count': 20, 'measurement_iterations_multiplier': 4, 'warmup_iterations': 3, 'gpu_completion_mode': 'per_iteration', 'unit': 'us', 'direction': 'lower_is_better'}"
deck,candidate,surface.framebuffer_working_set_032,20261004-193640044-3d5fcd4ece9a480ea0f73fe905d162b7,29670.1544,339104,4238.4,20,2399,4600.5,5417,5927,5927,4238.4,failed,PASS,2baad45ae0ed71a5,4e53301a279a7e09,True,ineligible,True,completed,"{'revision': 1, 'iterations': 80, 'sample_count': 20, 'measurement_iterations_multiplier': 4, 'warmup_iterations': 3, 'gpu_completion_mode': 'per_iteration', 'unit': 'us', 'direction': 'lower_is_better'}"
deck,candidate,surface.framebuffer_working_set_064,20261004-193640044-3d5fcd4ece9a480ea0f73fe905d162b7,29670.1544,427550,5343.95,20,4520,5247.0,6181,6272,6272,5343.95,failed,PASS,2baad45ae0ed71a5,dbdfafa7ed2f28c9,True,ineligible,True,completed,"{'revision': 1, 'iterations': 80, 'sample_count': 20, 'measurement_iterations_multiplier': 4, 'warmup_iterations': 3, 'gpu_completion_mode': 'per_iteration', 'unit': 'us', 'direction': 'lower_is_better'}"
deck,candidate,surface.full_clear_elision_guard,20261004-193640044-3d5fcd4ece9a480ea0f73fe905d162b7,29670.1544,999559,2498.52,100,1531,2212.5,3860,4705,4745,2498.52,failed,PASS,49bc2d7eec9c4725,01a1571033aa9dfd,True,ineligible,True,completed,"{'revision': 1, 'iterations': 400, 'sample_count': 100, 'measurement_iterations_multiplier': 4, 'warmup_iterations': 3, 'gpu_completion_mode': 'per_iteration', 'unit': 'us', 'direction': 'lower_is_better'}"
deck,candidate,surface.overlapping_surface_churn_representative,20261004-193640044-3d5fcd4ece9a480ea0f73fe905d162b7,29670.1544,1748374,4370.58,100,3464,4296.0,5706,5925,6560,4370.58,failed,PASS,7a8c35cdc9c70725,7b4f2884714177a5,True,ineligible,True,completed,"{'revision': 1, 'iterations': 400, 'sample_count': 100, 'measurement_iterations_multiplier': 4, 'warmup_iterations': 3, 'gpu_completion_mode': 'per_iteration', 'unit': 'us', 'direction': 'lower_is_better'}"
deck,candidate,surface.overlapping_surface_churn_stress,20261004-193640044-3d5fcd4ece9a480ea0f73fe905d162b7,29670.1544,2419465,60486.2,10,53030,61009.5,68947,68947,68947,60486.2,failed,PASS,7a8c35cdc9c70725,19890b325809498d,True,ineligible,True,completed,"{'revision': 1, 'iterations': 40, 'sample_count': 10, 'measurement_iterations_multiplier': 4, 'warmup_iterations': 3, 'gpu_completion_mode': 'per_iteration', 'unit': 'us', 'direction': 'lower_is_better'}"
deck,candidate,surface.partial_channel_clear_guard,20261004-193640044-3d5fcd4ece9a480ea0f73fe905d162b7,29670.1544,1248780,3121.56,100,1500,2298.5,7312,10358,11130,3121.56,failed,PASS,b52bc22d6eedd725,31d730ce613f92bd,True,ineligible,True,completed,"{'revision': 1, 'iterations': 400, 'sample_count': 100, 'measurement_iterations_multiplier': 4, 'warmup_iterations': 3, 'gpu_completion_mode': 'per_iteration', 'unit': 'us', 'direction': 'lower_is_better'}"
deck,candidate,surface.surface_download_path,20261004-193640044-3d5fcd4ece9a480ea0f73fe905d162b7,29670.1544,2201986,55049.3,10,33599,42973.0,166353,166353,166353,55049.3,failed,PASS,3a281ef8b6b324c2,eb6604c45975bcec,True,ineligible,True,completed,"{'revision': 1, 'iterations': 40, 'sample_count': 10, 'measurement_iterations_multiplier': 4, 'warmup_iterations': 3, 'gpu_completion_mode': 'per_iteration', 'unit': 'us', 'direction': 'lower_is_better'}"
deck,candidate,surface.surface_list_lookup_002,20261004-193711750-a631090a312746e4a64a2132e9a80b9c,61899.7103,325868,4072.9,20,2933,3861.0,5172,6217,6217,4072.9,failed,PASS,fa475bc695046525,26ff617c53458a53,True,ineligible,True,completed,"{'revision': 1, 'iterations': 80, 'sample_count': 20, 'measurement_iterations_multiplier': 4, 'warmup_iterations': 3, 'gpu_completion_mode': 'per_iteration', 'unit': 'us', 'direction': 'lower_is_better'}"
deck,candidate,surface.surface_list_lookup_008,20261004-193711750-a631090a312746e4a64a2132e9a80b9c,61899.7103,483527,6043.7,20,4995,6056.0,7168,7226,7226,6043.7,failed,PASS,9489ca620c4f97a5,18e8676fcc804922,True,ineligible,True,completed,"{'revision': 1, 'iterations': 80, 'sample_count': 20, 'measurement_iterations_multiplier': 4, 'warmup_iterations': 3, 'gpu_completion_mode': 'per_iteration', 'unit': 'us', 'direction': 'lower_is_better'}"
deck,candidate,surface.surface_list_lookup_032,20261004-193711750-a631090a312746e4a64a2132e9a80b9c,61899.7103,382629,4782.6,20,3197,5073.0,5879,5933,5933,4782.6,failed,PASS,8cdf93e7e3e6ce25,1bc652a47e609cf5,True,ineligible,True,completed,"{'revision': 1, 'iterations': 80, 'sample_count': 20, 'measurement_iterations_multiplier': 4, 'warmup_iterations': 3, 'gpu_completion_mode': 'per_iteration', 'unit': 'us', 'direction': 'lower_is_better'}"
deck,candidate,surface.surface_list_lookup_128,20261004-193711750-a631090a312746e4a64a2132e9a80b9c,61899.7103,337049,4212.75,20,2079,4905.5,6259,6408,6408,4212.75,failed,PASS,8cdf93e7e3e6ce25,4b4650aa45e0be8d,True,ineligible,True,completed,"{'revision': 1, 'iterations': 80, 'sample_count': 20, 'measurement_iterations_multiplier': 4, 'warmup_iterations': 3, 'gpu_completion_mode': 'per_iteration', 'unit': 'us', 'direction': 'lower_is_better'}"
deck,candidate,surface.vulkan_memory_pressure.representative.growth,20261004-193711750-a631090a312746e4a64a2132e9a80b9c,61899.7103,1996815,124800.25,4,97468,126141.0,149451,149451,149451,124800.25,failed,PASS,17046af640418325,a1ce1e9182d42125,True,ineligible,True,completed,"{'revision': 1, 'iterations': 16, 'sample_count': 4, 'measurement_iterations_multiplier': 4, 'warmup_iterations': 3, 'gpu_completion_mode': 'per_iteration', 'unit': 'us', 'direction': 'lower_is_better'}"
deck,candidate,surface.vulkan_memory_pressure.representative.plateau,20261004-193711750-a631090a312746e4a64a2132e9a80b9c,61899.7103,2211668,138228.75,4,129572,132154.0,159035,159035,159035,138228.75,failed,PASS,490075aafd91af25,c00be5b19acc4e6f,True,ineligible,True,completed,"{'revision': 1, 'iterations': 16, 'sample_count': 4, 'measurement_iterations_multiplier': 4, 'warmup_iterations': 3, 'gpu_completion_mode': 'per_iteration', 'unit': 'us', 'direction': 'lower_is_better'}"
deck,candidate,surface.vulkan_memory_pressure.representative.alias_resize,20261004-193711750-a631090a312746e4a64a2132e9a80b9c,61899.7103,1105956,69121.75,4,58579,63300.0,91308,91308,91308,69121.75,failed,PASS,ed56b68868e2f325,0247ea98d29062c5,True,ineligible,True,completed,"{'revision': 1, 'iterations': 16, 'sample_count': 4, 'measurement_iterations_multiplier': 4, 'warmup_iterations': 3, 'gpu_completion_mode': 'per_iteration', 'unit': 'us', 'direction': 'lower_is_better'}"
deck,candidate,surface.vulkan_memory_pressure.representative.reuse,20261004-193711750-a631090a312746e4a64a2132e9a80b9c,61899.7103,2043192,127699.25,4,105859,131750.5,141437,141437,141437,127699.25,failed,PASS,b8b4854297220f25,d885d846be04bb3d,True,ineligible,True,completed,"{'revision': 1, 'iterations': 16, 'sample_count': 4, 'measurement_iterations_multiplier': 4, 'warmup_iterations': 3, 'gpu_completion_mode': 'per_iteration', 'unit': 'us', 'direction': 'lower_is_better'}"
deck,candidate,surface.vulkan_memory_pressure.representative.idle_retention,20261004-193711750-a631090a312746e4a64a2132e9a80b9c,61899.7103,23952,1496.5,4,1464,1488.0,1546,1546,1546,1496.5,failed,PASS,dfa4d6a81f791525,4ab34638455a76e1,True,ineligible,True,completed,"{'revision': 1, 'iterations': 16, 'sample_count': 4, 'measurement_iterations_multiplier': 4, 'warmup_iterations': 3, 'gpu_completion_mode': 'per_iteration', 'unit': 'us', 'direction': 'lower_is_better'}"
deck,candidate,surface.vulkan_memory_pressure.stress.growth,20261004-193711750-a631090a312746e4a64a2132e9a80b9c,61899.7103,9247147,577946.25,4,522617,554692.0,679784,679784,679784,577946.25,failed,PASS,17a43e09af9b8325,063949c8ff1686f9,True,ineligible,True,completed,"{'revision': 1, 'iterations': 16, 'sample_count': 4, 'measurement_iterations_multiplier': 4, 'warmup_iterations': 3, 'gpu_completion_mode': 'per_iteration', 'unit': 'us', 'direction': 'lower_is_better'}"
deck,candidate,surface.vulkan_memory_pressure.stress.plateau,20261004-193711750-a631090a312746e4a64a2132e9a80b9c,61899.7103,8192088,512005.25,4,455345,495143.5,602389,602389,602389,512005.25,failed,PASS,4732cd7c1520a325,769bf225e8cc48d5,True,ineligible,True,completed,"{'revision': 1, 'iterations': 16, 'sample_count': 4, 'measurement_iterations_multiplier': 4, 'warmup_iterations': 3, 'gpu_completion_mode': 'per_iteration', 'unit': 'us', 'direction': 'lower_is_better'}"
deck,candidate,surface.vulkan_memory_pressure.stress.alias_resize,20261004-193711750-a631090a312746e4a64a2132e9a80b9c,61899.7103,3686156,230384.5,4,209961,216486.5,278604,278604,278604,230384.5,failed,PASS,34e2ce9b25a3bf25,c1ab77f18dbbc86d,True,ineligible,True,completed,"{'revision': 1, 'iterations': 16, 'sample_count': 4, 'measurement_iterations_multiplier': 4, 'warmup_iterations': 3, 'gpu_completion_mode': 'per_iteration', 'unit': 'us', 'direction': 'lower_is_better'}"
deck,candidate,surface.vulkan_memory_pressure.stress.reuse,20261004-193711750-a631090a312746e4a64a2132e9a80b9c,61899.7103,8438136,527383,4,502209,524414.5,558494,558494,558494,527383,failed,PASS,0a989678bb57ff25,837b6a123bb12a09,True,ineligible,True,completed,"{'revision': 1, 'iterations': 16, 'sample_count': 4, 'measurement_iterations_multiplier': 4, 'warmup_iterations': 3, 'gpu_completion_mode': 'per_iteration', 'unit': 'us', 'direction': 'lower_is_better'}"
deck,candidate,surface.vulkan_memory_pressure.stress.idle_retention,20261004-193711750-a631090a312746e4a64a2132e9a80b9c,61899.7103,50615,3163.25,4,2752,3247.5,3406,3406,3406,3163.25,failed,PASS,c60ef78ce0171b25,a24e2d9ee2191cd8,True,ineligible,True,completed,"{'revision': 1, 'iterations': 16, 'sample_count': 4, 'measurement_iterations_multiplier': 4, 'warmup_iterations': 3, 'gpu_completion_mode': 'per_iteration', 'unit': 'us', 'direction': 'lower_is_better'}"
deck,candidate,tiny_draw.arrays.fixed_function,20261004-193815692-d448c71f9cb6428b81bcb231f3ed960c,40298.9417,2846478,71161.9,10,66173,69988.0,82305,82305,82305,71161.9,failed,PASS,acf025546cf667b5,5636eabc173a3691,True,ineligible,True,completed,"{'revision': 1, 'iterations': 40, 'sample_count': 10, 'measurement_iterations_multiplier': 4, 'warmup_iterations': 3, 'gpu_completion_mode': 'per_iteration', 'unit': 'us', 'direction': 'lower_is_better'}"
deck,candidate,tiny_draw.arrays.vertex_shader,20261004-193815692-d448c71f9cb6428b81bcb231f3ed960c,40298.9417,2664793,66619.6,10,61927,66413.0,78825,78825,78825,66619.6,failed,PASS,acf025546cf667b5,5528df4b56e8f75d,True,ineligible,True,completed,"{'revision': 1, 'iterations': 40, 'sample_count': 10, 'measurement_iterations_multiplier': 4, 'warmup_iterations': 3, 'gpu_completion_mode': 'per_iteration', 'unit': 'us', 'direction': 'lower_is_better'}"
deck,candidate,tiny_draw.inline_arrays.fixed_function,20261004-193815692-d448c71f9cb6428b81bcb231f3ed960c,40298.9417,3378435,84460.6,10,80671,83629.0,92972,92972,92972,84460.6,failed,PASS,acf025546cf667b5,24f378fc9981dad5,True,ineligible,True,completed,"{'revision': 1, 'iterations': 40, 'sample_count': 10, 'measurement_iterations_multiplier': 4, 'warmup_iterations': 3, 'gpu_completion_mode': 'per_iteration', 'unit': 'us', 'direction': 'lower_is_better'}"
deck,candidate,tiny_draw.inline_arrays.vertex_shader,20261004-193815692-d448c71f9cb6428b81bcb231f3ed960c,40298.9417,3403396,85084.5,10,75262,84145.5,97544,97544,97544,85084.5,failed,PASS,acf025546cf667b5,1f7bd52bdb2ddb2d,True,ineligible,True,completed,"{'revision': 1, 'iterations': 40, 'sample_count': 10, 'measurement_iterations_multiplier': 4, 'warmup_iterations': 3, 'gpu_completion_mode': 'per_iteration', 'unit': 'us', 'direction': 'lower_is_better'}"
deck,candidate,tiny_draw.inline_buffers.fixed_function,20261004-193815692-d448c71f9cb6428b81bcb231f3ed960c,40298.9417,2722166,68053.7,10,63502,68396.5,70896,70896,70896,68053.7,failed,PASS,acf025546cf667b5,1d33c1f03f3df5d5,True,ineligible,True,completed,"{'revision': 1, 'iterations': 40, 'sample_count': 10, 'measurement_iterations_multiplier': 4, 'warmup_iterations': 3, 'gpu_completion_mode': 'per_iteration', 'unit': 'us', 'direction': 'lower_is_better'}"
deck,candidate,tiny_draw.inline_buffers.vertex_shader,20261004-193815692-d448c71f9cb6428b81bcb231f3ed960c,40298.9417,2740855,68520.9,10,66128,68478.5,71724,71724,71724,68520.9,failed,PASS,acf025546cf667b5,98123d79a8ae06a5,True,ineligible,True,completed,"{'revision': 1, 'iterations': 40, 'sample_count': 10, 'measurement_iterations_multiplier': 4, 'warmup_iterations': 3, 'gpu_completion_mode': 'per_iteration', 'unit': 'us', 'direction': 'lower_is_better'}"
deck,candidate,tiny_draw.inline_elements.fixed_function,20261004-193815692-d448c71f9cb6428b81bcb231f3ed960c,40298.9417,2589879,64746.5,10,60375,64731.0,72105,72105,72105,64746.5,failed,PASS,acf025546cf667b5,cd0e5481b375a40d,True,ineligible,True,completed,"{'revision': 1, 'iterations': 40, 'sample_count': 10, 'measurement_iterations_multiplier': 4, 'warmup_iterations': 3, 'gpu_completion_mode': 'per_iteration', 'unit': 'us', 'direction': 'lower_is_better'}"
deck,candidate,tiny_draw.inline_elements.vertex_shader,20261004-193815692-d448c71f9cb6428b81bcb231f3ed960c,40298.9417,2624706,65617.3,10,59717,65980.0,71189,71189,71189,65617.3,failed,PASS,acf025546cf667b5,0539f844d85cc73d,True,ineligible,True,completed,"{'revision': 1, 'iterations': 40, 'sample_count': 10, 'measurement_iterations_multiplier': 4, 'warmup_iterations': 3, 'gpu_completion_mode': 'per_iteration', 'unit': 'us', 'direction': 'lower_is_better'}"
deck,candidate,uniform_thrash.uniform_thrash,20261004-193858027-3b6caf3a24624bf8b7bfa56718cb12e1,14120.0899,164248,4105.9,10,3658,4074.5,4845,4845,4845,4105.9,failed,PASS,ad445c59f8b11925,e643e886c2ebbdd5,True,ineligible,True,completed,"{'revision': 1, 'iterations': 40, 'sample_count': 10, 'measurement_iterations_multiplier': 4, 'warmup_iterations': 3, 'gpu_completion_mode': 'per_iteration', 'unit': 'us', 'direction': 'lower_is_better'}"
deck,candidate,vertex_buffer_allocation.mixed.arrays,20261004-193914185-0cfa1db8de9e4c6bb567472837e31c46,147750.952,2316172,57904,10,53069,57613.5,62367,62367,62367,,not evaluated,PASS,377e6c029807f325,377e6c029807f325,True,ineligible,True,completed,"{'revision': 1, 'iterations': 40, 'sample_count': 10, 'measurement_iterations_multiplier': 4, 'warmup_iterations': 3, 'gpu_completion_mode': 'per_iteration', 'unit': 'us', 'direction': 'lower_is_better'}"
deck,candidate,vertex_buffer_allocation.mixed.inline_arrays,20261004-193914185-0cfa1db8de9e4c6bb567472837e31c46,147750.952,18856568,471413.9,10,459688,473292.0,481828,481828,481828,,not evaluated,PASS,377e6c029807f325,377e6c029807f325,True,ineligible,True,completed,"{'revision': 1, 'iterations': 40, 'sample_count': 10, 'measurement_iterations_multiplier': 4, 'warmup_iterations': 3, 'gpu_completion_mode': 'per_iteration', 'unit': 'us', 'direction': 'lower_is_better'}"
deck,candidate,vertex_buffer_allocation.mixed.inline_buffers,20261004-193914185-0cfa1db8de9e4c6bb567472837e31c46,147750.952,74106567,1852663.8,10,1824761,1851073.0,1886141,1886141,1886141,,not evaluated,PASS,377e6c029807f325,377e6c029807f325,True,ineligible,True,completed,"{'revision': 1, 'iterations': 40, 'sample_count': 10, 'measurement_iterations_multiplier': 4, 'warmup_iterations': 3, 'gpu_completion_mode': 'per_iteration', 'unit': 'us', 'direction': 'lower_is_better'}"
deck,candidate,vertex_buffer_allocation.mixed.inline_elements,20261004-193914185-0cfa1db8de9e4c6bb567472837e31c46,147750.952,2191721,54792.5,10,51673,54885.0,58780,58780,58780,,not evaluated,PASS,377e6c029807f325,377e6c029807f325,True,ineligible,True,completed,"{'revision': 1, 'iterations': 40, 'sample_count': 10, 'measurement_iterations_multiplier': 4, 'warmup_iterations': 3, 'gpu_completion_mode': 'per_iteration', 'unit': 'us', 'direction': 'lower_is_better'}"
deck,candidate,vertex_buffer_allocation.tiny.arrays,20261004-193914185-0cfa1db8de9e4c6bb567472837e31c46,147750.952,3011004,75274.8,10,70433,74185.0,80933,80933,80933,,not evaluated,PASS,377e6c029807f325,377e6c029807f325,True,ineligible,True,completed,"{'revision': 1, 'iterations': 40, 'sample_count': 10, 'measurement_iterations_multiplier': 4, 'warmup_iterations': 3, 'gpu_completion_mode': 'per_iteration', 'unit': 'us', 'direction': 'lower_is_better'}"
deck,candidate,vertex_buffer_allocation.tiny.inline_arrays,20261004-193914185-0cfa1db8de9e4c6bb567472837e31c46,147750.952,3384779,84619.2,10,80357,83467.5,92352,92352,92352,,not evaluated,PASS,377e6c029807f325,377e6c029807f325,True,ineligible,True,completed,"{'revision': 1, 'iterations': 40, 'sample_count': 10, 'measurement_iterations_multiplier': 4, 'warmup_iterations': 3, 'gpu_completion_mode': 'per_iteration', 'unit': 'us', 'direction': 'lower_is_better'}"
deck,candidate,vertex_buffer_allocation.tiny.inline_buffers,20261004-193914185-0cfa1db8de9e4c6bb567472837e31c46,147750.952,3497906,87447.2,10,84476,86002.0,99838,99838,99838,,not evaluated,PASS,377e6c029807f325,377e6c029807f325,True,ineligible,True,completed,"{'revision': 1, 'iterations': 40, 'sample_count': 10, 'measurement_iterations_multiplier': 4, 'warmup_iterations': 3, 'gpu_completion_mode': 'per_iteration', 'unit': 'us', 'direction': 'lower_is_better'}"
deck,candidate,vertex_buffer_allocation.tiny.inline_elements,20261004-193914185-0cfa1db8de9e4c6bb567472837e31c46,147750.952,2911539,72788.1,10,69794,72093.0,79878,79878,79878,,not evaluated,PASS,377e6c029807f325,377e6c029807f325,True,ineligible,True,completed,"{'revision': 1, 'iterations': 40, 'sample_count': 10, 'measurement_iterations_multiplier': 4, 'warmup_iterations': 3, 'gpu_completion_mode': 'per_iteration', 'unit': 'us', 'direction': 'lower_is_better'}"
deck,candidate,vertex_buffer_allocation.rising_transient_growth,20261004-193914185-0cfa1db8de9e4c6bb567472837e31c46,147750.952,5401879,1350469,1,1350469,1350469,1350469,1350469,1350469,,not evaluated,PASS,377e6c029807f325,,False,ineligible,True,completed,"{'revision': 1, 'iterations': 4, 'sample_count': 1, 'measurement_iterations_multiplier': 4, 'warmup_iterations': 3, 'gpu_completion_mode': 'per_iteration', 'unit': 'us', 'direction': 'lower_is_better'}"
deck,candidate,vertex_buffer_allocation.disjoint_same_page,20261004-193914185-0cfa1db8de9e4c6bb567472837e31c46,147750.952,3066815,76669.8,10,60776,77252.5,85324,85324,85324,,not evaluated,PASS,fdcd25a37910bb25,d93bb411fee61f6d,True,ineligible,True,completed,"{'revision': 1, 'iterations': 40, 'sample_count': 10, 'measurement_iterations_multiplier': 4, 'warmup_iterations': 3, 'gpu_completion_mode': 'per_iteration', 'unit': 'us', 'direction': 'lower_is_better'}"
win,parent,busy_pfifo.pfifo_saturation,20261004-173236233-58c5f76eae92404dbdc3d0bbc6582be2,50379.6231,3543819,88595.1,10,88182,88594.0,89149,89149,89149,,not evaluated,PASS,1508607624bb8506,1508607624bb8506,True,ineligible,True,completed,"{'revision': 1, 'iterations': 40, 'sample_count': 10, 'measurement_iterations_multiplier': 4, 'warmup_iterations': 3, 'gpu_completion_mode': 'per_iteration', 'unit': 'us', 'direction': 'lower_is_better'}"
win,parent,busy_pfifo.pgraph_pattern_polling,20261004-173236233-58c5f76eae92404dbdc3d0bbc6582be2,50379.6231,19041930,4760482,1,4760482,4760482,4760482,4760482,4760482,,not evaluated,PASS,386d0f085e98c325,386d0f085e98c325,True,ineligible,True,completed,"{'revision': 1, 'iterations': 4, 'sample_count': 1, 'measurement_iterations_multiplier': 4, 'warmup_iterations': 3, 'gpu_completion_mode': 'per_iteration', 'unit': 'us', 'direction': 'lower_is_better'}"
win,parent,pfifo_array_elements.array_element_pgr2,20261004-173236233-58c5f76eae92404dbdc3d0bbc6582be2,50379.6231,15510,484.125,8,408,448.0,658,658,658,,not evaluated,PASS,bbc8b0702ffd0325,bbc8b0702ffd0325,True,ineligible,True,completed,"{'revision': 1, 'iterations': 32, 'sample_count': 8, 'measurement_iterations_multiplier': 4, 'warmup_iterations': 3, 'gpu_completion_mode': 'per_iteration', 'unit': 'us', 'direction': 'lower_is_better'}"
win,parent,pfifo_array_elements.array_element16,20261004-173236233-58c5f76eae92404dbdc3d0bbc6582be2,50379.6231,17195,537,8,510,538.0,565,565,565,,not evaluated,PASS,9c884de2a5d32325,9c884de2a5d32325,True,ineligible,True,completed,"{'revision': 1, 'iterations': 32, 'sample_count': 8, 'measurement_iterations_multiplier': 4, 'warmup_iterations': 3, 'gpu_completion_mode': 'per_iteration', 'unit': 'us', 'direction': 'lower_is_better'}"
win,parent,pfifo_array_elements.array_element32,20261004-173236233-58c5f76eae92404dbdc3d0bbc6582be2,50379.6231,30804,962.25,8,927,962.0,993,993,993,,not evaluated,PASS,e079f0cf1a994325,e079f0cf1a994325,True,ineligible,True,completed,"{'revision': 1, 'iterations': 32, 'sample_count': 8, 'measurement_iterations_multiplier': 4, 'warmup_iterations': 3, 'gpu_completion_mode': 'per_iteration', 'unit': 'us', 'direction': 'lower_is_better'}"
win,parent,pfifo_packet_boundary.array_element16_overflow,20261004-173236233-58c5f76eae92404dbdc3d0bbc6582be2,50379.6231,62505,15626,1,15626,15626,15626,15626,15626,,not evaluated,PASS,4d1756526f052325,,False,ineligible,True,completed,"{'revision': 1, 'iterations': 4, 'sample_count': 1, 'measurement_iterations_multiplier': 4, 'warmup_iterations': 3, 'gpu_completion_mode': 'per_iteration', 'unit': 'us', 'direction': 'lower_is_better'}"
win,parent,pfifo_packet_boundary.array_element32_overflow,20261004-173236233-58c5f76eae92404dbdc3d0bbc6582be2,50379.6231,123983,30995,1,30995,30995,30995,30995,30995,,not evaluated,PASS,6eb7071be692a325,,False,ineligible,True,completed,"{'revision': 1, 'iterations': 4, 'sample_count': 1, 'measurement_iterations_multiplier': 4, 'warmup_iterations': 3, 'gpu_completion_mode': 'per_iteration', 'unit': 'us', 'direction': 'lower_is_better'}"
win,parent,pfifo_packet_boundary.inline_array_overflow,20261004-173236233-58c5f76eae92404dbdc3d0bbc6582be2,50379.6231,123340,30835,1,30835,30835,30835,30835,30835,,not evaluated,PASS,847da1930526a325,,False,ineligible,True,completed,"{'revision': 1, 'iterations': 4, 'sample_count': 1, 'measurement_iterations_multiplier': 4, 'warmup_iterations': 3, 'gpu_completion_mode': 'per_iteration', 'unit': 'us', 'direction': 'lower_is_better'}"
win,parent,pfifo_packet_boundary.incrementing_inline_fallback,20261004-173236233-58c5f76eae92404dbdc3d0bbc6582be2,50379.6231,110,27,1,27,27,27,27,27,,not evaluated,PASS,640439ee8ecd2325,,False,ineligible,True,completed,"{'revision': 1, 'iterations': 4, 'sample_count': 1, 'measurement_iterations_multiplier': 4, 'warmup_iterations': 3, 'gpu_completion_mode': 'per_iteration', 'unit': 'us', 'direction': 'lower_is_better'}"
win,parent,cpu_floating_point.sse_scalar,20261004-173329221-b51f511720054424a86b3e421f0dc734,108715.9773,21049069,526226.3,10,510643,528253.0,531194,531194,531194,526226.3,passed,PASS,6962077c244da325,6962077c244da325,True,ineligible,True,completed,"{'revision': 1, 'iterations': 40, 'sample_count': 10, 'measurement_iterations_multiplier': 4, 'warmup_iterations': 3, 'gpu_completion_mode': 'per_iteration', 'unit': 'us', 'direction': 'lower_is_better'}"
win,parent,cpu_floating_point.x87_scalar,20261004-173329221-b51f511720054424a86b3e421f0dc734,108715.9773,33794455,844861,10,835971,846986.5,849989,849989,849989,844861,passed,PASS,6962077c244da325,6962077c244da325,True,ineligible,True,completed,"{'revision': 1, 'iterations': 40, 'sample_count': 10, 'measurement_iterations_multiplier': 4, 'warmup_iterations': 3, 'gpu_completion_mode': 'per_iteration', 'unit': 'us', 'direction': 'lower_is_better'}"
win,parent,cpu_translation_blocks.direct_loop,20261004-173329221-b51f511720054424a86b3e421f0dc734,108715.9773,409352,10233.4,10,9950,10109.0,10783,10783,10783,10233.4,passed,PASS,bd1fc9bf0c318325,bd1fc9bf0c318325,True,ineligible,True,completed,"{'revision': 1, 'iterations': 40, 'sample_count': 10, 'measurement_iterations_multiplier': 4, 'warmup_iterations': 3, 'gpu_completion_mode': 'per_iteration', 'unit': 'us', 'direction': 'lower_is_better'}"
win,parent,cpu_translation_blocks.indirect_dispatch,20261004-173329221-b51f511720054424a86b3e421f0dc734,108715.9773,1653231,41330.4,10,40287,40917.5,44426,44426,44426,41330.4,passed,PASS,c0426cf669a02325,c0426cf669a02325,True,ineligible,True,completed,"{'revision': 1, 'iterations': 40, 'sample_count': 10, 'measurement_iterations_multiplier': 4, 'warmup_iterations': 3, 'gpu_completion_mode': 'per_iteration', 'unit': 'us', 'direction': 'lower_is_better'}"
win,parent,cpu_translation_blocks.indirect_dispatch_stress,20261004-173329221-b51f511720054424a86b3e421f0dc734,108715.9773,32757475,818936.6,10,808283,818232.5,832671,832671,832671,818936.6,passed,PASS,fbd507cb0c622325,fbd507cb0c622325,True,ineligible,True,completed,"{'revision': 1, 'iterations': 40, 'sample_count': 10, 'measurement_iterations_multiplier': 4, 'warmup_iterations': 3, 'gpu_completion_mode': 'per_iteration', 'unit': 'us', 'direction': 'lower_is_better'}"
win,parent,fill_rate.solid,20261004-173520568-b6a7db53de9c42d1af39adc4afd04760,12637.2189,68518,1712.4,10,1523,1693.5,2040,2040,2040,1712.4,passed,PASS,08b0f60773aac775,08b0f60773aac775,True,ineligible,True,completed,"{'revision': 1, 'iterations': 40, 'sample_count': 10, 'measurement_iterations_multiplier': 4, 'warmup_iterations': 3, 'gpu_completion_mode': 'per_iteration', 'unit': 'us', 'direction': 'lower_is_better'}"
win,parent,fill_rate.textured,20261004-173520568-b6a7db53de9c42d1af39adc4afd04760,12637.2189,50034,1250.6,10,1167,1185.0,1790,1790,1790,1250.6,passed,PASS,99b433323df1684d,99b433323df1684d,True,ineligible,True,completed,"{'revision': 1, 'iterations': 40, 'sample_count': 10, 'measurement_iterations_multiplier': 4, 'warmup_iterations': 3, 'gpu_completion_mode': 'per_iteration', 'unit': 'us', 'direction': 'lower_is_better'}"
win,parent,pipeline_texture_switch.clear_texture_normal,20261004-173535813-a38b4eaba64f438aa39016fb1a2d1765,15710.8678,436925,13653.5,8,12859,13426.5,15278,15278,15278,,not evaluated,PASS,22ba4f1405cda325,22ba4f1405cda325,True,ineligible,True,completed,"{'revision': 1, 'iterations': 32, 'sample_count': 8, 'measurement_iterations_multiplier': 4, 'warmup_iterations': 3, 'gpu_completion_mode': 'per_iteration', 'unit': 'us', 'direction': 'lower_is_better'}"
win,parent,pipeline_texture_switch.palette_dma_remap,20261004-173535813-a38b4eaba64f438aa39016fb1a2d1765,15710.8678,66506,16626,1,16626,16626,16626,16626,16626,,not evaluated,PASS,fbf687de65082325,,False,ineligible,True,completed,"{'revision': 1, 'iterations': 4, 'sample_count': 1, 'measurement_iterations_multiplier': 4, 'warmup_iterations': 3, 'gpu_completion_mode': 'per_iteration', 'unit': 'us', 'direction': 'lower_is_better'}"
win,parent,pipeline_texture_switch.palette_only_update,20261004-173535813-a38b4eaba64f438aa39016fb1a2d1765,15710.8678,73647,18411,1,18411,18411,18411,18411,18411,,not evaluated,PASS,467aab2f95cda325,,False,ineligible,True,completed,"{'revision': 1, 'iterations': 4, 'sample_count': 1, 'measurement_iterations_multiplier': 4, 'warmup_iterations': 3, 'gpu_completion_mode': 'per_iteration', 'unit': 'us', 'direction': 'lower_is_better'}"
win,parent,pipeline_texture_switch.sampler_only_identity,20261004-173535813-a38b4eaba64f438aa39016fb1a2d1765,15710.8678,723174,22598.75,8,22511,22562.5,22843,22843,22843,,not evaluated,PASS,0b8438c8404da325,0b8438c8404da325,True,ineligible,True,completed,"{'revision': 1, 'iterations': 32, 'sample_count': 8, 'measurement_iterations_multiplier': 4, 'warmup_iterations': 3, 'gpu_completion_mode': 'per_iteration', 'unit': 'us', 'direction': 'lower_is_better'}"
win,parent,pipeline_texture_switch.shader_negative_control,20261004-173535813-a38b4eaba64f438aa39016fb1a2d1765,15710.8678,585678,18302,8,17946,18320.0,18507,18507,18507,,not evaluated,PASS,f110c8bd6338c325,f110c8bd6338c325,True,ineligible,True,completed,"{'revision': 1, 'iterations': 32, 'sample_count': 8, 'measurement_iterations_multiplier': 4, 'warmup_iterations': 3, 'gpu_completion_mode': 'per_iteration', 'unit': 'us', 'direction': 'lower_is_better'}"
win,parent,pipeline_texture_switch.shared_page_overlap,20261004-173535813-a38b4eaba64f438aa39016fb1a2d1765,15710.8678,73391,18347,1,18347,18347,18347,18347,18347,,not evaluated,PASS,83bb59a8648da325,,False,ineligible,True,completed,"{'revision': 1, 'iterations': 4, 'sample_count': 1, 'measurement_iterations_multiplier': 4, 'warmup_iterations': 3, 'gpu_completion_mode': 'per_iteration', 'unit': 'us', 'direction': 'lower_is_better'}"
win,parent,pipeline_texture_switch.texture_dma_remap,20261004-173535813-a38b4eaba64f438aa39016fb1a2d1765,15710.8678,66510,16627,1,16627,16627,16627,16627,16627,,not evaluated,PASS,fbf687de65082325,,False,ineligible,True,completed,"{'revision': 1, 'iterations': 4, 'sample_count': 1, 'measurement_iterations_multiplier': 4, 'warmup_iterations': 3, 'gpu_completion_mode': 'per_iteration', 'unit': 'us', 'direction': 'lower_is_better'}"
win,parent,pipeline_texture_switch.texture_switch,20261004-173535813-a38b4eaba64f438aa39016fb1a2d1765,15710.8678,597559,18673.5,8,18413,18586.0,19381,19381,19381,,not evaluated,PASS,8ae05d31fb00c325,8ae05d31fb00c325,True,ineligible,True,completed,"{'revision': 1, 'iterations': 32, 'sample_count': 8, 'measurement_iterations_multiplier': 4, 'warmup_iterations': 3, 'gpu_completion_mode': 'per_iteration', 'unit': 'us', 'direction': 'lower_is_better'}"
win,parent,report_query.clear_boundary,20261004-173554137-993d754f034c4ca0901562516a4ce1c9,12554.4265,16449,1027.5,4,821,1033.5,1222,1222,1222,,not evaluated,PASS,b5eb7c4b9c8da325,,False,ineligible,True,completed,"{'revision': 2, 'iterations': 16, 'sample_count': 4, 'measurement_iterations_multiplier': 4, 'warmup_iterations': 3, 'gpu_completion_mode': 'per_iteration', 'unit': 'us', 'direction': 'lower_is_better'}"
win,parent,report_query.dma_descriptor_rewrite,20261004-173554137-993d754f034c4ca0901562516a4ce1c9,12554.4265,4900,4900,1,4900,4900,4900,4900,4900,,not evaluated,PASS,c0c0fdbececda325,,False,ineligible,True,completed,"{'revision': 2, 'iterations': 1, 'sample_count': 1, 'measurement_iterations_multiplier': 1, 'warmup_iterations': 0, 'gpu_completion_mode': 'per_iteration', 'unit': 'us', 'direction': 'lower_is_better'}"
win,parent,report_query.dma_range_guard,20261004-173554137-993d754f034c4ca0901562516a4ce1c9,12554.4265,1702,1702,1,1702,1702,1702,1702,1702,,not evaluated,PASS,3f648ce11a4da325,,False,ineligible,True,completed,"{'revision': 2, 'iterations': 1, 'sample_count': 1, 'measurement_iterations_multiplier': 1, 'warmup_iterations': 0, 'gpu_completion_mode': 'per_iteration', 'unit': 'us', 'direction': 'lower_is_better'}"
win,parent,report_query.dma_target_switch,20261004-173554137-993d754f034c4ca0901562516a4ce1c9,12554.4265,21620,1350.5,4,1235,1336.0,1495,1495,1495,,not evaluated,PASS,4c4bd8cd440da325,,False,ineligible,True,completed,"{'revision': 2, 'iterations': 16, 'sample_count': 4, 'measurement_iterations_multiplier': 4, 'warmup_iterations': 3, 'gpu_completion_mode': 'per_iteration', 'unit': 'us', 'direction': 'lower_is_better'}"
win,parent,report_query.fifo_producer_ordering,20261004-173554137-993d754f034c4ca0901562516a4ce1c9,12554.4265,19937,1245.75,4,1085,1198.5,1501,1501,1501,,not evaluated,PASS,0d907c24a88da325,,False,ineligible,True,completed,"{'revision': 2, 'iterations': 16, 'sample_count': 4, 'measurement_iterations_multiplier': 4, 'warmup_iterations': 3, 'gpu_completion_mode': 'per_iteration', 'unit': 'us', 'direction': 'lower_is_better'}"
win,parent,report_query.multiple_boundaries,20261004-173554137-993d754f034c4ca0901562516a4ce1c9,12554.4265,11516,719.25,4,501,687.0,1002,1002,1002,,not evaluated,PASS,0c966fc9ba4da325,,False,ineligible,True,completed,"{'revision': 2, 'iterations': 16, 'sample_count': 4, 'measurement_iterations_multiplier': 4, 'warmup_iterations': 3, 'gpu_completion_mode': 'per_iteration', 'unit': 'us', 'direction': 'lower_is_better'}"
win,parent,report_query.single_boundary,20261004-173554137-993d754f034c4ca0901562516a4ce1c9,12554.4265,11479,717,4,618,681.5,887,887,887,,not evaluated,PASS,60e674c9fecda325,,False,ineligible,True,completed,"{'revision': 2, 'iterations': 16, 'sample_count': 4, 'measurement_iterations_multiplier': 4, 'warmup_iterations': 3, 'gpu_completion_mode': 'per_iteration', 'unit': 'us', 'direction': 'lower_is_better'}"
win,parent,report_query.zero_query,20261004-173554137-993d754f034c4ca0901562516a4ce1c9,12554.4265,8935,558.25,4,487,497.0,752,752,752,,not evaluated,PASS,23875dfeb40da325,,False,ineligible,True,completed,"{'revision': 2, 'iterations': 16, 'sample_count': 4, 'measurement_iterations_multiplier': 4, 'warmup_iterations': 3, 'gpu_completion_mode': 'per_iteration', 'unit': 'us', 'direction': 'lower_is_better'}"
win,parent,shader_lifecycle.readiness_train_visible,20261004-173609344-6a4c2648a344468d948521e9d13cd814,22238.3372,65990,16497,1,16497,16497,16497,16497,16497,,not evaluated,PASS,d4c939c4f0ce4325,,False,ineligible,True,completed,"{'revision': 1, 'iterations': 4, 'sample_count': 1, 'measurement_iterations_multiplier': 4, 'warmup_iterations': 3, 'gpu_completion_mode': 'per_iteration', 'unit': 'us', 'direction': 'lower_is_better'}"
win,parent,shader_lifecycle.readiness_replay_visible,20261004-173634190-c372d9a4de784895be2fd168d352349e,22108.4219,65746,16436,1,16436,16436,16436,16436,16436,,not evaluated,PASS,d4c939c4f0ce4325,,False,ineligible,True,completed,"{'revision': 1, 'iterations': 4, 'sample_count': 1, 'measurement_iterations_multiplier': 4, 'warmup_iterations': 3, 'gpu_completion_mode': 'per_iteration', 'unit': 'us', 'direction': 'lower_is_better'}"
win,parent,shader_lifecycle.readiness_identical_replay,20261004-173658914-55b1fd5108a04804ba60572f15a3262e,50292.1831,16149353,4037338,1,4037338,4037338,4037338,4037338,4037338,,not evaluated,PASS,70615ec6b77f8325,,False,ineligible,True,completed,"{'revision': 1, 'iterations': 4, 'sample_count': 1, 'measurement_iterations_multiplier': 4, 'warmup_iterations': 3, 'gpu_completion_mode': 'per_iteration', 'unit': 'us', 'direction': 'lower_is_better'}"
win,parent,shader_lifecycle.readiness_uniform_only,20261004-173751811-ecd7cc90bb0445e3877da07f38e3ee86,22152.1508,66252,16563,1,16563,16563,16563,16563,16563,,not evaluated,PASS,113d534d51f95325,,False,ineligible,True,completed,"{'revision': 1, 'iterations': 4, 'sample_count': 1, 'measurement_iterations_multiplier': 4, 'warmup_iterations': 3, 'gpu_completion_mode': 'per_iteration', 'unit': 'us', 'direction': 'lower_is_better'}"
win,parent,shader_lifecycle.readiness_early_demand,20261004-173816571-072ffbeb399a4ca1b4906e179e3f3f03,22123.4416,66008,16502,1,16502,16502,16502,16502,16502,,not evaluated,PASS,d4c939c4f0ce4325,,False,ineligible,True,completed,"{'revision': 1, 'iterations': 4, 'sample_count': 1, 'measurement_iterations_multiplier': 4, 'warmup_iterations': 3, 'gpu_completion_mode': 'per_iteration', 'unit': 'us', 'direction': 'lower_is_better'}"
win,parent,game_load.long_unlocked_scene.cpu,20261004-173841296-899563f8b2b34882a20bc244143268d6,91730.9281,784503,24515.25,8,24409,24502.5,24654,24654,24654,24515.25,passed,PASS,7c59a4dc0f8ba325,7c59a4dc0f8ba325,True,ineligible,True,completed,"{'revision': 1, 'iterations': 32, 'sample_count': 8, 'measurement_iterations_multiplier': 4, 'warmup_iterations': 3, 'gpu_completion_mode': 'per_iteration', 'unit': 'us', 'direction': 'lower_is_better'}"
win,parent,game_load.long_unlocked_scene.pfifo,20261004-173841296-899563f8b2b34882a20bc244143268d6,91730.9281,196400,6137,8,5922,6138.0,6436,6436,6436,6137,passed,PASS,7c59a4dc0f8ba325,7c59a4dc0f8ba325,True,ineligible,True,completed,"{'revision': 1, 'iterations': 32, 'sample_count': 8, 'measurement_iterations_multiplier': 4, 'warmup_iterations': 3, 'gpu_completion_mode': 'per_iteration', 'unit': 'us', 'direction': 'lower_is_better'}"
win,parent,game_load.long_unlocked_scene.alpha_overdraw,20261004-173841296-899563f8b2b34882a20bc244143268d6,91730.9281,1671877,52245.625,8,51947,52142.5,52981,52981,52981,52245.625,passed,PASS,7c59a4dc0f8ba325,7c59a4dc0f8ba325,True,ineligible,True,completed,"{'revision': 1, 'iterations': 32, 'sample_count': 8, 'measurement_iterations_multiplier': 4, 'warmup_iterations': 3, 'gpu_completion_mode': 'per_iteration', 'unit': 'us', 'direction': 'lower_is_better'}"
win,parent,game_load.long_unlocked_scene.streaming_surface_reuse,20261004-173841296-899563f8b2b34882a20bc244143268d6,91730.9281,528120,16503.375,8,15735,16649.0,16981,16981,16981,16503.375,passed,PASS,7c59a4dc0f8ba325,7c59a4dc0f8ba325,True,ineligible,True,completed,"{'revision': 1, 'iterations': 32, 'sample_count': 8, 'measurement_iterations_multiplier': 4, 'warmup_iterations': 3, 'gpu_completion_mode': 'per_iteration', 'unit': 'us', 'direction': 'lower_is_better'}"
win,parent,game_load.long_unlocked_scene.combined,20261004-173841296-899563f8b2b34882a20bc244143268d6,91730.9281,3199492,99983.75,8,98805,99958.5,101065,101065,101065,99983.75,passed,PASS,7c59a4dc0f8ba325,7c59a4dc0f8ba325,True,ineligible,True,completed,"{'revision': 1, 'iterations': 32, 'sample_count': 8, 'measurement_iterations_multiplier': 4, 'warmup_iterations': 3, 'gpu_completion_mode': 'per_iteration', 'unit': 'us', 'direction': 'lower_is_better'}"
win,parent,game_load.long_unlocked_scene.full_system,20261004-173841296-899563f8b2b34882a20bc244143268d6,91730.9281,3192972,99780,8,98885,100008.0,100871,100871,100871,99780,passed,PASS,7c59a4dc0f8ba325,7c59a4dc0f8ba325,True,ineligible,True,completed,"{'revision': 1, 'iterations': 32, 'sample_count': 8, 'measurement_iterations_multiplier': 4, 'warmup_iterations': 3, 'gpu_completion_mode': 'per_iteration', 'unit': 'us', 'direction': 'lower_is_better'}"
win,parent,game_load.cross_title_hotpath.queued_vertex_cpu_writes,20261004-173841296-899563f8b2b34882a20bc244143268d6,91730.9281,2132881,66652.125,8,66449,66709.0,66800,66800,66800,66652.125,passed,PASS,cf19c8d27e2aa325,cf19c8d27e2aa325,True,ineligible,True,completed,"{'revision': 1, 'iterations': 32, 'sample_count': 8, 'measurement_iterations_multiplier': 4, 'warmup_iterations': 3, 'gpu_completion_mode': 'per_iteration', 'unit': 'us', 'direction': 'lower_is_better'}"
win,parent,game_load.cross_title_hotpath.pgr2_small_draws,20261004-173841296-899563f8b2b34882a20bc244143268d6,91730.9281,4128403,129012.125,8,120616,129938.5,132444,132444,132444,129012.125,passed,PASS,2a1e0148d2c0e325,2a1e0148d2c0e325,True,ineligible,True,completed,"{'revision': 1, 'iterations': 32, 'sample_count': 8, 'measurement_iterations_multiplier': 4, 'warmup_iterations': 3, 'gpu_completion_mode': 'per_iteration', 'unit': 'us', 'direction': 'lower_is_better'}"
win,parent,game_load.cross_title_hotpath.texture_update_reuse,20261004-173841296-899563f8b2b34882a20bc244143268d6,91730.9281,94701,2959.25,8,2864,2966.0,3021,3021,3021,2959.25,passed,PASS,5612bef321a56325,5612bef321a56325,True,ineligible,True,completed,"{'revision': 1, 'iterations': 32, 'sample_count': 8, 'measurement_iterations_multiplier': 4, 'warmup_iterations': 3, 'gpu_completion_mode': 'per_iteration', 'unit': 'us', 'direction': 'lower_is_better'}"
win,parent,game_load.cross_title_hotpath.surface_reuse,20261004-173841296-899563f8b2b34882a20bc244143268d6,91730.9281,211412,6606.25,8,6168,6678.5,6875,6875,6875,6606.25,passed,PASS,846d9f21b7c6a325,846d9f21b7c6a325,True,ineligible,True,completed,"{'revision': 1, 'iterations': 32, 'sample_count': 8, 'measurement_iterations_multiplier': 4, 'warmup_iterations': 3, 'gpu_completion_mode': 'per_iteration', 'unit': 'us', 'direction': 'lower_is_better'}"
win,parent,game_load.cross_title_hotpath.pipeline_state_churn,20261004-173841296-899563f8b2b34882a20bc244143268d6,91730.9281,2134448,66701.125,8,65996,66796.0,67163,67163,67163,66701.125,passed,PASS,22f040b2add4a325,22f040b2add4a325,True,ineligible,True,completed,"{'revision': 1, 'iterations': 32, 'sample_count': 8, 'measurement_iterations_multiplier': 4, 'warmup_iterations': 3, 'gpu_completion_mode': 'per_iteration', 'unit': 'us', 'direction': 'lower_is_better'}"
win,parent,game_load.cross_title_hotpath.blend_constant_reuse,20261004-173841296-899563f8b2b34882a20bc244143268d6,91730.9281,3731511,116609.375,8,115900,116814.5,116984,116984,116984,116609.375,passed,PASS,a08ca118008fa325,a08ca118008fa325,True,ineligible,True,completed,"{'revision': 1, 'iterations': 32, 'sample_count': 8, 'measurement_iterations_multiplier': 4, 'warmup_iterations': 3, 'gpu_completion_mode': 'per_iteration', 'unit': 'us', 'direction': 'lower_is_better'}"
win,parent,game_load.cross_title_hotpath.texture_binding_reuse,20261004-173841296-899563f8b2b34882a20bc244143268d6,91730.9281,4798651,149957.375,8,149679,149893.0,150435,150435,150435,149957.375,passed,PASS,dfaaa3022df6a325,dfaaa3022df6a325,True,ineligible,True,completed,"{'revision': 1, 'iterations': 32, 'sample_count': 8, 'measurement_iterations_multiplier': 4, 'warmup_iterations': 3, 'gpu_completion_mode': 'per_iteration', 'unit': 'us', 'direction': 'lower_is_better'}"
win,parent,game_load.cross_title_hotpath.pgr2_lagspot_inline_elements,20261004-173841296-899563f8b2b34882a20bc244143268d6,91730.9281,3316542,103641.625,8,99796,104291.5,106388,106388,106388,103641.625,passed,PASS,1289219c28d5a325,1289219c28d5a325,True,ineligible,True,completed,"{'revision': 1, 'iterations': 32, 'sample_count': 8, 'measurement_iterations_multiplier': 4, 'warmup_iterations': 3, 'gpu_completion_mode': 'per_iteration', 'unit': 'us', 'direction': 'lower_is_better'}"
win,parent,game_load.cross_title_hotpath.scaled_surface_pressure,20261004-173841296-899563f8b2b34882a20bc244143268d6,91730.9281,9509992,297186.625,8,233709,299474.5,363915,363915,363915,297186.625,passed,PASS,e81e5b4a4675a325,e81e5b4a4675a325,True,ineligible,True,completed,"{'revision': 1, 'iterations': 32, 'sample_count': 8, 'measurement_iterations_multiplier': 4, 'warmup_iterations': 3, 'gpu_completion_mode': 'per_iteration', 'unit': 'us', 'direction': 'lower_is_better'}"
win,parent,game_load.cross_title_hotpath.s3tc_streaming_fenced_draws,20261004-173841296-899563f8b2b34882a20bc244143268d6,91730.9281,32022844,1000713.375,8,998735,1000522.0,1004051,1004051,1004051,1000713.375,passed,PASS,a0f51c6c46a52325,a0f51c6c46a52325,True,ineligible,True,completed,"{'revision': 1, 'iterations': 32, 'sample_count': 8, 'measurement_iterations_multiplier': 4, 'warmup_iterations': 3, 'gpu_completion_mode': 'per_iteration', 'unit': 'us', 'direction': 'lower_is_better'}"
win,parent,game_load.cross_title_hotpath.gpu_wait_control,20261004-173841296-899563f8b2b34882a20bc244143268d6,91730.9281,34746,1085.5,8,1039,1083.5,1147,1147,1147,1085.5,passed,PASS,828855c0a34e2325,828855c0a34e2325,True,ineligible,True,completed,"{'revision': 1, 'iterations': 32, 'sample_count': 8, 'measurement_iterations_multiplier': 4, 'warmup_iterations': 3, 'gpu_completion_mode': 'per_iteration', 'unit': 'us', 'direction': 'lower_is_better'}"
win,parent,game_load.s3tc_sync_factor.dxt1_same_address_wait,20261004-174015636-70dcdc3d9d4b40cea200f82fb4c51d83,34055.9,532614,16643.625,8,16428,16671.5,16736,16736,16736,16643.625,failed,PASS,3403675459d4d3d5,db28300321744de5,True,ineligible,True,completed,"{'revision': 1, 'iterations': 32, 'sample_count': 8, 'measurement_iterations_multiplier': 4, 'warmup_iterations': 3, 'gpu_completion_mode': 'per_iteration', 'unit': 'us', 'direction': 'lower_is_better'}"
win,parent,game_load.s3tc_sync_factor.dxt1_same_address_queued,20261004-174015636-70dcdc3d9d4b40cea200f82fb4c51d83,34055.9,533886,16683.75,8,16624,16676.0,16736,16736,16736,16683.75,failed,PASS,f87e5a36411578b2,9998993e8dcf6939,True,ineligible,True,completed,"{'revision': 1, 'iterations': 32, 'sample_count': 8, 'measurement_iterations_multiplier': 4, 'warmup_iterations': 3, 'gpu_completion_mode': 'per_iteration', 'unit': 'us', 'direction': 'lower_is_better'}"
win,parent,game_load.s3tc_sync_factor.dxt1_ring_payload_generations,20261004-174015636-70dcdc3d9d4b40cea200f82fb4c51d83,34055.9,1049957,32810.75,8,29352,33242.5,33508,33508,33508,32810.75,failed,PASS,3403675459d4d3d5,db28300321744de5,True,ineligible,True,completed,"{'revision': 1, 'iterations': 32, 'sample_count': 8, 'measurement_iterations_multiplier': 4, 'warmup_iterations': 3, 'gpu_completion_mode': 'per_iteration', 'unit': 'us', 'direction': 'lower_is_better'}"
win,parent,game_load.s3tc_sync_factor.dxt1_dirty_once_redraw,20261004-174015636-70dcdc3d9d4b40cea200f82fb4c51d83,34055.9,533229,16663.25,8,16418,16676.0,16855,16855,16855,16663.25,passed,PASS,428c04bbb0a62725,428c04bbb0a62725,True,ineligible,True,completed,"{'revision': 1, 'iterations': 32, 'sample_count': 8, 'measurement_iterations_multiplier': 4, 'warmup_iterations': 3, 'gpu_completion_mode': 'per_iteration', 'unit': 'us', 'direction': 'lower_is_better'}"
win,parent,game_load.s3tc_sync_factor.rgba8_same_address_wait,20261004-174015636-70dcdc3d9d4b40cea200f82fb4c51d83,34055.9,1599517,49984.625,8,49676,50037.0,50197,50197,50197,49984.625,passed,PASS,3403675459d4d3d5,3403675459d4d3d5,True,ineligible,True,completed,"{'revision': 1, 'iterations': 32, 'sample_count': 8, 'measurement_iterations_multiplier': 4, 'warmup_iterations': 3, 'gpu_completion_mode': 'per_iteration', 'unit': 'us', 'direction': 'lower_is_better'}"
win,parent,game_load.s3tc_sync_factor.rgba8_same_address_queued,20261004-174015636-70dcdc3d9d4b40cea200f82fb4c51d83,34055.9,1600664,50020.375,8,49611,50033.0,50261,50261,50261,50020.375,failed,PASS,b42fbd7b8f8b30e0,719d8f45c46b69f6,True,ineligible,True,completed,"{'revision': 1, 'iterations': 32, 'sample_count': 8, 'measurement_iterations_multiplier': 4, 'warmup_iterations': 3, 'gpu_completion_mode': 'per_iteration', 'unit': 'us', 'direction': 'lower_is_better'}"
win,parent,game_load.s3tc_sync_factor.rgba8_ring_payload_generations,20261004-174015636-70dcdc3d9d4b40cea200f82fb4c51d83,34055.9,4266086,133314.625,8,132474,133220.5,134447,134447,134447,133314.625,passed,PASS,3403675459d4d3d5,3403675459d4d3d5,True,ineligible,True,completed,"{'revision': 1, 'iterations': 32, 'sample_count': 8, 'measurement_iterations_multiplier': 4, 'warmup_iterations': 3, 'gpu_completion_mode': 'per_iteration', 'unit': 'us', 'direction': 'lower_is_better'}"
win,parent,game_load.s3tc_sync_factor.rgba8_dirty_once_redraw,20261004-174015636-70dcdc3d9d4b40cea200f82fb4c51d83,34055.9,532684,16646,8,16498,16599.5,16848,16848,16848,16646,passed,PASS,428c04bbb0a62725,428c04bbb0a62725,True,ineligible,True,completed,"{'revision': 1, 'iterations': 32, 'sample_count': 8, 'measurement_iterations_multiplier': 4, 'warmup_iterations': 3, 'gpu_completion_mode': 'per_iteration', 'unit': 'us', 'direction': 'lower_is_better'}"
win,parent,game_load.s3tc_sync_factor.bc2_native_eligible,20261004-174015636-70dcdc3d9d4b40cea200f82fb4c51d83,34055.9,1215871,37995.625,8,33192,37563.0,46035,46035,46035,37995.625,failed,PASS,3403675459d4d3d5,db28300321744de5,True,ineligible,True,completed,"{'revision': 1, 'iterations': 32, 'sample_count': 8, 'measurement_iterations_multiplier': 4, 'warmup_iterations': 3, 'gpu_completion_mode': 'per_iteration', 'unit': 'us', 'direction': 'lower_is_better'}"
win,parent,game_load.s3tc_sync_factor.bc2_bordered_fallback,20261004-174015636-70dcdc3d9d4b40cea200f82fb4c51d83,34055.9,3196540,99891.625,8,99487,99913.0,100165,100165,100165,99891.625,passed,PASS,db28300321744de5,db28300321744de5,True,ineligible,True,completed,"{'revision': 1, 'iterations': 32, 'sample_count': 8, 'measurement_iterations_multiplier': 4, 'warmup_iterations': 3, 'gpu_completion_mode': 'per_iteration', 'unit': 'us', 'direction': 'lower_is_better'}"
win,parent,game_load.s3tc_sync_factor.bc3_native_eligible,20261004-174015636-70dcdc3d9d4b40cea200f82fb4c51d83,34055.9,1149645,35926.125,8,33137,35341.0,41409,41409,41409,35926.125,failed,PASS,3403675459d4d3d5,db28300321744de5,True,ineligible,True,completed,"{'revision': 1, 'iterations': 32, 'sample_count': 8, 'measurement_iterations_multiplier': 4, 'warmup_iterations': 3, 'gpu_completion_mode': 'per_iteration', 'unit': 'us', 'direction': 'lower_is_better'}"
win,parent,game_load.s3tc_sync_factor.bc3_bordered_fallback,20261004-174015636-70dcdc3d9d4b40cea200f82fb4c51d83,34055.9,3215390,100480.5,8,99489,100059.0,104138,104138,104138,100480.5,passed,PASS,db28300321744de5,db28300321744de5,True,ineligible,True,completed,"{'revision': 1, 'iterations': 32, 'sample_count': 8, 'measurement_iterations_multiplier': 4, 'warmup_iterations': 3, 'gpu_completion_mode': 'per_iteration', 'unit': 'us', 'direction': 'lower_is_better'}"
win,parent,game_load.repeated_display,20261004-174052311-10a7a2ece5bc454a94946c0d46e39572,23170.8017,532832,16650.5,8,16551,16630.0,16753,16753,16753,16650.5,passed,PASS,36f446003b9d6325,36f446003b9d6325,True,ineligible,True,completed,"{'revision': 1, 'iterations': 32, 'sample_count': 8, 'measurement_iterations_multiplier': 4, 'warmup_iterations': 3, 'gpu_completion_mode': 'per_iteration', 'unit': 'us', 'direction': 'lower_is_better'}"
win,parent,game_load.repeated_display_boosted,20261004-174052311-10a7a2ece5bc454a94946c0d46e39572,23170.8017,1582572,49455.125,8,45937,49951.5,50097,50097,50097,49455.125,passed,PASS,b2bc760cb1fba325,b2bc760cb1fba325,True,ineligible,True,completed,"{'revision': 1, 'iterations': 32, 'sample_count': 8, 'measurement_iterations_multiplier': 4, 'warmup_iterations': 3, 'gpu_completion_mode': 'per_iteration', 'unit': 'us', 'direction': 'lower_is_better'}"
win,parent,game_load.doax_menu_representative.cpu_only,20261004-174052311-10a7a2ece5bc454a94946c0d46e39572,23170.8017,455174,14223.75,8,13580,13835.0,16336,16336,16336,14223.75,passed,PASS,5abb9d9faaa22325,5abb9d9faaa22325,True,ineligible,True,completed,"{'revision': 1, 'iterations': 32, 'sample_count': 8, 'measurement_iterations_multiplier': 4, 'warmup_iterations': 3, 'gpu_completion_mode': 'per_iteration', 'unit': 'us', 'direction': 'lower_is_better'}"
win,parent,game_load.doax_menu_representative.pfifo_only,20261004-174052311-10a7a2ece5bc454a94946c0d46e39572,23170.8017,82558,2579.625,8,2504,2555.0,2710,2710,2710,2579.625,passed,PASS,f9826bbdd7912325,f9826bbdd7912325,True,ineligible,True,completed,"{'revision': 1, 'iterations': 32, 'sample_count': 8, 'measurement_iterations_multiplier': 4, 'warmup_iterations': 3, 'gpu_completion_mode': 'per_iteration', 'unit': 'us', 'direction': 'lower_is_better'}"
win,parent,game_load.doax_menu_representative.gpu_only,20261004-174052311-10a7a2ece5bc454a94946c0d46e39572,23170.8017,579400,18105.875,8,17919,18084.0,18336,18336,18336,18105.875,passed,PASS,d3984ab7dcb8e325,d3984ab7dcb8e325,True,ineligible,True,completed,"{'revision': 1, 'iterations': 32, 'sample_count': 8, 'measurement_iterations_multiplier': 4, 'warmup_iterations': 3, 'gpu_completion_mode': 'per_iteration', 'unit': 'us', 'direction': 'lower_is_better'}"
win,parent,game_load.doax_menu_representative.streaming_only,20261004-174052311-10a7a2ece5bc454a94946c0d46e39572,23170.8017,176364,5511,8,5024,5372.5,6092,6092,6092,5511,passed,PASS,491294aadc23a325,491294aadc23a325,True,ineligible,True,completed,"{'revision': 1, 'iterations': 32, 'sample_count': 8, 'measurement_iterations_multiplier': 4, 'warmup_iterations': 3, 'gpu_completion_mode': 'per_iteration', 'unit': 'us', 'direction': 'lower_is_better'}"
win,parent,game_load.doax_menu_representative.cpu_pfifo_gpu,20261004-174052311-10a7a2ece5bc454a94946c0d46e39572,23170.8017,1119839,34994.75,8,34493,34945.5,35496,35496,35496,34994.75,passed,PASS,302026d9f9232325,302026d9f9232325,True,ineligible,True,completed,"{'revision': 1, 'iterations': 32, 'sample_count': 8, 'measurement_iterations_multiplier': 4, 'warmup_iterations': 3, 'gpu_completion_mode': 'per_iteration', 'unit': 'us', 'direction': 'lower_is_better'}"
win,parent,game_load.doax_menu_representative.cpu_pfifo_gpu_streaming,20261004-174052311-10a7a2ece5bc454a94946c0d46e39572,23170.8017,1244233,38881.875,8,38254,38836.0,40200,40200,40200,38881.875,passed,PASS,9e98944350a52325,9e98944350a52325,True,ineligible,True,completed,"{'revision': 1, 'iterations': 32, 'sample_count': 8, 'measurement_iterations_multiplier': 4, 'warmup_iterations': 3, 'gpu_completion_mode': 'per_iteration', 'unit': 'us', 'direction': 'lower_is_better'}"
win,parent,game_load.doax_menu_representative.full_system,20261004-174052311-10a7a2ece5bc454a94946c0d46e39572,23170.8017,1258307,39321.75,8,38470,38833.5,42281,42281,42281,39321.75,passed,PASS,7896e875a8ad2325,7896e875a8ad2325,True,ineligible,True,completed,"{'revision': 1, 'iterations': 32, 'sample_count': 8, 'measurement_iterations_multiplier': 4, 'warmup_iterations': 3, 'gpu_completion_mode': 'per_iteration', 'unit': 'us', 'direction': 'lower_is_better'}"
win,parent,game_load.doax_menu_stress.cpu_only,20261004-174052311-10a7a2ece5bc454a94946c0d46e39572,23170.8017,905519,28296.875,8,27460,28170.5,29613,29613,29613,28296.875,passed,PASS,4b7c157e1e9ce325,4b7c157e1e9ce325,True,ineligible,True,completed,"{'revision': 1, 'iterations': 32, 'sample_count': 8, 'measurement_iterations_multiplier': 4, 'warmup_iterations': 3, 'gpu_completion_mode': 'per_iteration', 'unit': 'us', 'direction': 'lower_is_better'}"
win,parent,game_load.doax_menu_stress.pfifo_only,20261004-174052311-10a7a2ece5bc454a94946c0d46e39572,23170.8017,161824,5056.5,8,5024,5055.0,5095,5095,5095,5056.5,passed,PASS,f46d8f2a39a6e325,f46d8f2a39a6e325,True,ineligible,True,completed,"{'revision': 1, 'iterations': 32, 'sample_count': 8, 'measurement_iterations_multiplier': 4, 'warmup_iterations': 3, 'gpu_completion_mode': 'per_iteration', 'unit': 'us', 'direction': 'lower_is_better'}"
win,parent,game_load.doax_menu_stress.gpu_only,20261004-174052311-10a7a2ece5bc454a94946c0d46e39572,23170.8017,1164676,36395.75,8,36191,36299.5,36687,36687,36687,36395.75,passed,PASS,bcaf8b0e8de5a325,bcaf8b0e8de5a325,True,ineligible,True,completed,"{'revision': 1, 'iterations': 32, 'sample_count': 8, 'measurement_iterations_multiplier': 4, 'warmup_iterations': 3, 'gpu_completion_mode': 'per_iteration', 'unit': 'us', 'direction': 'lower_is_better'}"
win,parent,game_load.doax_menu_stress.streaming_only,20261004-174118090-55c32d12d5b040d9a5d322ca305db13c,43017.4363,529824,16556.5,8,15968,16592.5,17157,17157,17157,16556.5,passed,PASS,06e0eccda97d2325,06e0eccda97d2325,True,ineligible,True,completed,"{'revision': 1, 'iterations': 32, 'sample_count': 8, 'measurement_iterations_multiplier': 4, 'warmup_iterations': 3, 'gpu_completion_mode': 'per_iteration', 'unit': 'us', 'direction': 'lower_is_better'}"
win,parent,game_load.doax_menu_stress.cpu_pfifo_gpu,20261004-174118090-55c32d12d5b040d9a5d322ca305db13c,43017.4363,2202171,68817.5,8,67794,68440.5,72249,72249,72249,68817.5,passed,PASS,7707cd4649e4a325,7707cd4649e4a325,True,ineligible,True,completed,"{'revision': 1, 'iterations': 32, 'sample_count': 8, 'measurement_iterations_multiplier': 4, 'warmup_iterations': 3, 'gpu_completion_mode': 'per_iteration', 'unit': 'us', 'direction': 'lower_is_better'}"
win,parent,game_load.doax_menu_stress.cpu_pfifo_gpu_streaming,20261004-174118090-55c32d12d5b040d9a5d322ca305db13c,43017.4363,2372827,74150.625,8,73198,74366.5,74970,74970,74970,74150.625,passed,PASS,d4d9dedf3ef06325,d4d9dedf3ef06325,True,ineligible,True,completed,"{'revision': 1, 'iterations': 32, 'sample_count': 8, 'measurement_iterations_multiplier': 4, 'warmup_iterations': 3, 'gpu_completion_mode': 'per_iteration', 'unit': 'us', 'direction': 'lower_is_better'}"
win,parent,game_load.doax_menu_stress.full_system,20261004-174118090-55c32d12d5b040d9a5d322ca305db13c,43017.4363,2401828,75056.75,8,73769,75072.0,76355,76355,76355,75056.75,passed,PASS,8cf51e8eb67fa325,8cf51e8eb67fa325,True,ineligible,True,completed,"{'revision': 1, 'iterations': 32, 'sample_count': 8, 'measurement_iterations_multiplier': 4, 'warmup_iterations': 3, 'gpu_completion_mode': 'per_iteration', 'unit': 'us', 'direction': 'lower_is_better'}"
win,parent,game_load.pgr2_ai_backup.cpu_only,20261004-174118090-55c32d12d5b040d9a5d322ca305db13c,43017.4363,1385137,43285.125,8,42701,43004.5,44937,44937,44937,43285.125,passed,PASS,e6df98b3e513a325,e6df98b3e513a325,True,ineligible,True,completed,"{'revision': 1, 'iterations': 32, 'sample_count': 8, 'measurement_iterations_multiplier': 4, 'warmup_iterations': 3, 'gpu_completion_mode': 'per_iteration', 'unit': 'us', 'direction': 'lower_is_better'}"
win,parent,game_load.pgr2_ai_backup.pfifo_only,20261004-174118090-55c32d12d5b040d9a5d322ca305db13c,43017.4363,538965,16842.25,8,16380,16460.0,19037,19037,19037,16842.25,passed,PASS,e57ef83b3a66e325,e57ef83b3a66e325,True,ineligible,True,completed,"{'revision': 1, 'iterations': 32, 'sample_count': 8, 'measurement_iterations_multiplier': 4, 'warmup_iterations': 3, 'gpu_completion_mode': 'per_iteration', 'unit': 'us', 'direction': 'lower_is_better'}"
win,parent,game_load.pgr2_ai_backup.gpu_only,20261004-174118090-55c32d12d5b040d9a5d322ca305db13c,43017.4363,2954152,92317,8,91445,92362.0,93083,93083,93083,92317,passed,PASS,02ffd9b12aa96325,02ffd9b12aa96325,True,ineligible,True,completed,"{'revision': 1, 'iterations': 32, 'sample_count': 8, 'measurement_iterations_multiplier': 4, 'warmup_iterations': 3, 'gpu_completion_mode': 'per_iteration', 'unit': 'us', 'direction': 'lower_is_better'}"
win,parent,game_load.pgr2_ai_backup.streaming_only,20261004-174118090-55c32d12d5b040d9a5d322ca305db13c,43017.4363,129237,4038.25,8,3687,3976.5,4612,4612,4612,4038.25,passed,PASS,155df5f182392325,155df5f182392325,True,ineligible,True,completed,"{'revision': 1, 'iterations': 32, 'sample_count': 8, 'measurement_iterations_multiplier': 4, 'warmup_iterations': 3, 'gpu_completion_mode': 'per_iteration', 'unit': 'us', 'direction': 'lower_is_better'}"
win,parent,game_load.pgr2_ai_backup.cpu_pfifo_gpu,20261004-174118090-55c32d12d5b040d9a5d322ca305db13c,43017.4363,4895812,152993.75,8,151897,152423.0,156254,156254,156254,152993.75,passed,PASS,ab22104929b9e325,ab22104929b9e325,True,ineligible,True,completed,"{'revision': 1, 'iterations': 32, 'sample_count': 8, 'measurement_iterations_multiplier': 4, 'warmup_iterations': 3, 'gpu_completion_mode': 'per_iteration', 'unit': 'us', 'direction': 'lower_is_better'}"
win,parent,game_load.pgr2_ai_backup.cpu_pfifo_gpu_streaming,20261004-174118090-55c32d12d5b040d9a5d322ca305db13c,43017.4363,5008000,156499.625,8,154346,155887.5,159803,159803,159803,156499.625,passed,PASS,66a43765efc02325,66a43765efc02325,True,ineligible,True,completed,"{'revision': 1, 'iterations': 32, 'sample_count': 8, 'measurement_iterations_multiplier': 4, 'warmup_iterations': 3, 'gpu_completion_mode': 'per_iteration', 'unit': 'us', 'direction': 'lower_is_better'}"
win,parent,game_load.pgr2_ai_backup.full_system,20261004-174118090-55c32d12d5b040d9a5d322ca305db13c,43017.4363,5000331,156259.875,8,155220,156010.5,157292,157292,157292,156259.875,passed,PASS,55485325870d6325,55485325870d6325,True,ineligible,True,completed,"{'revision': 1, 'iterations': 32, 'sample_count': 8, 'measurement_iterations_multiplier': 4, 'warmup_iterations': 3, 'gpu_completion_mode': 'per_iteration', 'unit': 'us', 'direction': 'lower_is_better'}"
win,parent,high_vertex_count.arrays,20261004-174203720-1e0a908d57c24d59b0f667259b1f3e78,22028.9575,35802,89.12,100,55,63.0,142,152,403,89.12,failed,PASS,a27c67890c2d9083,cd6d0d64451d191b,True,ineligible,True,completed,"{'revision': 1, 'iterations': 400, 'sample_count': 100, 'measurement_iterations_multiplier': 4, 'warmup_iterations': 3, 'gpu_completion_mode': 'per_iteration', 'unit': 'us', 'direction': 'lower_is_better'}"
win,parent,high_vertex_count.inline_arrays,20261004-174203720-1e0a908d57c24d59b0f667259b1f3e78,22028.9575,2352520,58812.6,10,57751,58928.5,59753,59753,59753,58812.6,failed,PASS,a27c67890c2d9083,31a890c7f71db193,True,ineligible,True,completed,"{'revision': 1, 'iterations': 40, 'sample_count': 10, 'measurement_iterations_multiplier': 4, 'warmup_iterations': 3, 'gpu_completion_mode': 'per_iteration', 'unit': 'us', 'direction': 'lower_is_better'}"
win,parent,high_vertex_count.inline_buffers,20261004-174203720-1e0a908d57c24d59b0f667259b1f3e78,22028.9575,4704173,235208.4,5,233608,234973,236547,236547,236547,235208.4,failed,PASS,a27c67890c2d9083,f320b0df5ba62943,True,ineligible,True,completed,"{'revision': 1, 'iterations': 20, 'sample_count': 5, 'measurement_iterations_multiplier': 4, 'warmup_iterations': 3, 'gpu_completion_mode': 'per_iteration', 'unit': 'us', 'direction': 'lower_is_better'}"
win,parent,high_vertex_count.inline_elements,20261004-174203720-1e0a908d57c24d59b0f667259b1f3e78,22028.9575,798209,3990.62,50,3880,3943.0,4337,4705,4705,3990.62,failed,PASS,a27c67890c2d9083,b24516b5372da0f3,True,ineligible,True,completed,"{'revision': 1, 'iterations': 200, 'sample_count': 50, 'measurement_iterations_multiplier': 4, 'warmup_iterations': 3, 'gpu_completion_mode': 'per_iteration', 'unit': 'us', 'direction': 'lower_is_better'}"
win,parent,primitive_type.line_loop.fixed_function,20261004-174203720-1e0a908d57c24d59b0f667259b1f3e78,22028.9575,23753,593.4,10,539,568.0,811,811,811,593.4,failed,PASS,f2158581ac6e3919,d48f43c09e534094,True,ineligible,True,completed,"{'revision': 1, 'iterations': 40, 'sample_count': 10, 'measurement_iterations_multiplier': 4, 'warmup_iterations': 3, 'gpu_completion_mode': 'per_iteration', 'unit': 'us', 'direction': 'lower_is_better'}"
win,parent,primitive_type.line_loop.vertex_shader,20261004-174203720-1e0a908d57c24d59b0f667259b1f3e78,22028.9575,24434,610.4,10,551,580.0,854,854,854,610.4,failed,PASS,f2158581ac6e3919,47373dc0c7be28f8,True,ineligible,True,completed,"{'revision': 1, 'iterations': 40, 'sample_count': 10, 'measurement_iterations_multiplier': 4, 'warmup_iterations': 3, 'gpu_completion_mode': 'per_iteration', 'unit': 'us', 'direction': 'lower_is_better'}"
win,parent,primitive_type.line_strip.fixed_function,20261004-174203720-1e0a908d57c24d59b0f667259b1f3e78,22028.9575,24752,618.3,10,593,621.5,635,635,635,618.3,failed,PASS,f2158581ac6e3919,0964935c28234a4a,True,ineligible,True,completed,"{'revision': 1, 'iterations': 40, 'sample_count': 10, 'measurement_iterations_multiplier': 4, 'warmup_iterations': 3, 'gpu_completion_mode': 'per_iteration', 'unit': 'us', 'direction': 'lower_is_better'}"
win,parent,primitive_type.line_strip.vertex_shader,20261004-174203720-1e0a908d57c24d59b0f667259b1f3e78,22028.9575,23309,582.3,10,551,579.0,650,650,650,582.3,failed,PASS,f2158581ac6e3919,94b433237d71b182,True,ineligible,True,completed,"{'revision': 1, 'iterations': 40, 'sample_count': 10, 'measurement_iterations_multiplier': 4, 'warmup_iterations': 3, 'gpu_completion_mode': 'per_iteration', 'unit': 'us', 'direction': 'lower_is_better'}"
win,parent,primitive_type.lines.fixed_function,20261004-174203720-1e0a908d57c24d59b0f667259b1f3e78,22028.9575,46576,1164.1,10,1111,1167.0,1222,1222,1222,1164.1,failed,PASS,1766a7f93aa72a14,6c16b2698ec4e26b,True,ineligible,True,completed,"{'revision': 1, 'iterations': 40, 'sample_count': 10, 'measurement_iterations_multiplier': 4, 'warmup_iterations': 3, 'gpu_completion_mode': 'per_iteration', 'unit': 'us', 'direction': 'lower_is_better'}"
win,parent,primitive_type.lines.vertex_shader,20261004-174203720-1e0a908d57c24d59b0f667259b1f3e78,22028.9575,48629,1215.4,10,1184,1223.0,1241,1241,1241,1215.4,failed,PASS,1766a7f93aa72a14,53924aa6f5e55b57,True,ineligible,True,completed,"{'revision': 1, 'iterations': 40, 'sample_count': 10, 'measurement_iterations_multiplier': 4, 'warmup_iterations': 3, 'gpu_completion_mode': 'per_iteration', 'unit': 'us', 'direction': 'lower_is_better'}"
win,parent,primitive_type.points.fixed_function,20261004-174203720-1e0a908d57c24d59b0f667259b1f3e78,22028.9575,22714,567.3,10,545,567.5,583,583,583,567.3,failed,PASS,5b296619f665c070,7400f7a8ac9d8c86,True,ineligible,True,completed,"{'revision': 1, 'iterations': 40, 'sample_count': 10, 'measurement_iterations_multiplier': 4, 'warmup_iterations': 3, 'gpu_completion_mode': 'per_iteration', 'unit': 'us', 'direction': 'lower_is_better'}"
win,parent,primitive_type.points.vertex_shader,20261004-174203720-1e0a908d57c24d59b0f667259b1f3e78,22028.9575,23536,588.1,10,540,580.5,696,696,696,588.1,failed,PASS,5b296619f665c070,f1d83724373d0036,True,ineligible,True,completed,"{'revision': 1, 'iterations': 40, 'sample_count': 10, 'measurement_iterations_multiplier': 4, 'warmup_iterations': 3, 'gpu_completion_mode': 'per_iteration', 'unit': 'us', 'direction': 'lower_is_better'}"
win,parent,primitive_type.polygon.fixed_function,20261004-174228865-aa1b9ea4a19e47789e295883d9a622e2,13313.2585,50344,1258.4,10,1110,1271.5,1365,1365,1365,1258.4,failed,PASS,2c4beaa06aba1000,515407015a00c880,True,ineligible,True,completed,"{'revision': 1, 'iterations': 40, 'sample_count': 10, 'measurement_iterations_multiplier': 4, 'warmup_iterations': 3, 'gpu_completion_mode': 'per_iteration', 'unit': 'us', 'direction': 'lower_is_better'}"
win,parent,primitive_type.polygon.vertex_shader,20261004-174228865-aa1b9ea4a19e47789e295883d9a622e2,13313.2585,34681,866.6,10,828,866.0,886,886,886,866.6,failed,PASS,2c4beaa06aba1000,4376cbfa562c7d14,True,ineligible,True,completed,"{'revision': 1, 'iterations': 40, 'sample_count': 10, 'measurement_iterations_multiplier': 4, 'warmup_iterations': 3, 'gpu_completion_mode': 'per_iteration', 'unit': 'us', 'direction': 'lower_is_better'}"
win,parent,primitive_type.quad_strip.fixed_function,20261004-174228865-aa1b9ea4a19e47789e295883d9a622e2,13313.2585,71656,1791.2,10,1727,1773.5,2042,2042,2042,1791.2,failed,PASS,f64b4495347cec73,190c4f06474f8467,True,ineligible,True,completed,"{'revision': 1, 'iterations': 40, 'sample_count': 10, 'measurement_iterations_multiplier': 4, 'warmup_iterations': 3, 'gpu_completion_mode': 'per_iteration', 'unit': 'us', 'direction': 'lower_is_better'}"
win,parent,primitive_type.quad_strip.vertex_shader,20261004-174228865-aa1b9ea4a19e47789e295883d9a622e2,13313.2585,45827,1145.2,10,1116,1149.5,1164,1164,1164,1145.2,failed,PASS,f64b4495347cec73,d5cf212c5788c3df,True,ineligible,True,completed,"{'revision': 1, 'iterations': 40, 'sample_count': 10, 'measurement_iterations_multiplier': 4, 'warmup_iterations': 3, 'gpu_completion_mode': 'per_iteration', 'unit': 'us', 'direction': 'lower_is_better'}"
win,parent,primitive_type.quads.fixed_function,20261004-174228865-aa1b9ea4a19e47789e295883d9a622e2,13313.2585,90898,2272.1,10,2218,2249.5,2394,2394,2394,2272.1,failed,PASS,114a1419338256e5,b52448622bc1c001,True,ineligible,True,completed,"{'revision': 1, 'iterations': 40, 'sample_count': 10, 'measurement_iterations_multiplier': 4, 'warmup_iterations': 3, 'gpu_completion_mode': 'per_iteration', 'unit': 'us', 'direction': 'lower_is_better'}"
win,parent,primitive_type.quads.vertex_shader,20261004-174228865-aa1b9ea4a19e47789e295883d9a622e2,13313.2585,89975,2248.9,10,2212,2254.0,2281,2281,2281,2248.9,failed,PASS,114a1419338256e5,fbac823960948b69,True,ineligible,True,completed,"{'revision': 1, 'iterations': 40, 'sample_count': 10, 'measurement_iterations_multiplier': 4, 'warmup_iterations': 3, 'gpu_completion_mode': 'per_iteration', 'unit': 'us', 'direction': 'lower_is_better'}"
win,parent,primitive_type.triangle_fan.fixed_function,20261004-174228865-aa1b9ea4a19e47789e295883d9a622e2,13313.2585,22738,568.2,10,541,563.5,602,602,602,568.2,failed,PASS,36644f0fd11db166,ba0d8daf7940c5d2,True,ineligible,True,completed,"{'revision': 1, 'iterations': 40, 'sample_count': 10, 'measurement_iterations_multiplier': 4, 'warmup_iterations': 3, 'gpu_completion_mode': 'per_iteration', 'unit': 'us', 'direction': 'lower_is_better'}"
win,parent,primitive_type.triangle_fan.vertex_shader,20261004-174228865-aa1b9ea4a19e47789e295883d9a622e2,13313.2585,22754,568.4,10,554,562.5,591,591,591,568.4,failed,PASS,36644f0fd11db166,134a22bd3882e48e,True,ineligible,True,completed,"{'revision': 1, 'iterations': 40, 'sample_count': 10, 'measurement_iterations_multiplier': 4, 'warmup_iterations': 3, 'gpu_completion_mode': 'per_iteration', 'unit': 'us', 'direction': 'lower_is_better'}"
win,parent,primitive_type.triangle_strip.fixed_function,20261004-174228865-aa1b9ea4a19e47789e295883d9a622e2,13313.2585,22766,568.7,10,547,570.0,583,583,583,568.7,failed,PASS,d7b289579fdaa1ab,d15b03d8ead6bb03,True,ineligible,True,completed,"{'revision': 1, 'iterations': 40, 'sample_count': 10, 'measurement_iterations_multiplier': 4, 'warmup_iterations': 3, 'gpu_completion_mode': 'per_iteration', 'unit': 'us', 'direction': 'lower_is_better'}"
win,parent,primitive_type.triangle_strip.vertex_shader,20261004-174228865-aa1b9ea4a19e47789e295883d9a622e2,13313.2585,22786,569.2,10,547,567.5,606,606,606,569.2,failed,PASS,d7b289579fdaa1ab,f7cfda74a4111eff,True,ineligible,True,completed,"{'revision': 1, 'iterations': 40, 'sample_count': 10, 'measurement_iterations_multiplier': 4, 'warmup_iterations': 3, 'gpu_completion_mode': 'per_iteration', 'unit': 'us', 'direction': 'lower_is_better'}"
win,parent,primitive_type.triangles.fixed_function,20261004-174228865-aa1b9ea4a19e47789e295883d9a622e2,13313.2585,70832,1770.5,10,1710,1762.5,1842,1842,1842,1770.5,failed,PASS,72f05baf369ceb60,4521bcfbdb43e248,True,ineligible,True,completed,"{'revision': 1, 'iterations': 40, 'sample_count': 10, 'measurement_iterations_multiplier': 4, 'warmup_iterations': 3, 'gpu_completion_mode': 'per_iteration', 'unit': 'us', 'direction': 'lower_is_better'}"
win,parent,primitive_type.triangles.vertex_shader,20261004-174228865-aa1b9ea4a19e47789e295883d9a622e2,13313.2585,67184,1679.2,10,1646,1677.5,1726,1726,1726,1679.2,failed,PASS,72f05baf369ceb60,d86abc6e019e36fc,True,ineligible,True,completed,"{'revision': 1, 'iterations': 40, 'sample_count': 10, 'measurement_iterations_multiplier': 4, 'warmup_iterations': 3, 'gpu_completion_mode': 'per_iteration', 'unit': 'us', 'direction': 'lower_is_better'}"
win,parent,texture_cubemap_fallback.bordered_palette_size1,20261004-174244797-3959af53a53648178002ffa3f15288b7,27482.9367,532789,16649.25,8,16504,16660.0,16737,16737,16737,,not evaluated,FAIL,56d00ed89334a325,,True,ineligible,False,failed,"{'revision': 1, 'iterations': 32, 'sample_count': 8, 'measurement_iterations_multiplier': 4, 'warmup_iterations': 3, 'gpu_completion_mode': 'per_iteration', 'unit': 'us', 'direction': 'lower_is_better'}"
win,parent,surface.basic,20261004-174334433-9a5c9134630b48efa3ba6b1912683d15,17938.669,798926,19972.7,10,19504,19957.0,20327,20327,20327,19972.7,failed,PASS,42459952797c47fa,6f90d43f59b710fa,True,ineligible,True,completed,"{'revision': 1, 'iterations': 40, 'sample_count': 10, 'measurement_iterations_multiplier': 4, 'warmup_iterations': 3, 'gpu_completion_mode': 'per_iteration', 'unit': 'us', 'direction': 'lower_is_better'}"
win,parent,surface.cpu_read_after_gpu_write,20261004-174334433-9a5c9134630b48efa3ba6b1912683d15,17938.669,71468,892.95,20,768,823.5,1150,1265,1265,892.95,passed,PASS,572720976b602325,572720976b602325,True,ineligible,True,completed,"{'revision': 1, 'iterations': 80, 'sample_count': 20, 'measurement_iterations_multiplier': 4, 'warmup_iterations': 3, 'gpu_completion_mode': 'per_iteration', 'unit': 'us', 'direction': 'lower_is_better'}"
win,parent,surface.cpu_read_clean_surface,20261004-174334433-9a5c9134630b48efa3ba6b1912683d15,17938.669,24033,59.7,100,57,59.0,63,74,97,59.7,passed,PASS,aa32af524aa52325,aa32af524aa52325,True,ineligible,True,completed,"{'revision': 1, 'iterations': 400, 'sample_count': 100, 'measurement_iterations_multiplier': 4, 'warmup_iterations': 3, 'gpu_completion_mode': 'per_iteration', 'unit': 'us', 'direction': 'lower_is_better'}"
win,parent,surface.framebuffer_working_set_002,20261004-174334433-9a5c9134630b48efa3ba6b1912683d15,17938.669,104924,1311.2,20,1119,1211.5,1665,1744,1744,1311.2,failed,PASS,9f3b0609a42777d5,ab1fa4b103c05f05,True,ineligible,True,completed,"{'revision': 1, 'iterations': 80, 'sample_count': 20, 'measurement_iterations_multiplier': 4, 'warmup_iterations': 3, 'gpu_completion_mode': 'per_iteration', 'unit': 'us', 'direction': 'lower_is_better'}"
win,parent,surface.framebuffer_working_set_008,20261004-174334433-9a5c9134630b48efa3ba6b1912683d15,17938.669,108669,1358.05,20,1152,1266.5,1689,1691,1691,1358.05,failed,PASS,64cbf95dec8f59e5,8393e7935b67da71,True,ineligible,True,completed,"{'revision': 1, 'iterations': 80, 'sample_count': 20, 'measurement_iterations_multiplier': 4, 'warmup_iterations': 3, 'gpu_completion_mode': 'per_iteration', 'unit': 'us', 'direction': 'lower_is_better'}"
win,parent,surface.framebuffer_working_set_032,20261004-174334433-9a5c9134630b48efa3ba6b1912683d15,17938.669,107223,1340,20,1137,1254.0,1657,1680,1680,1340,failed,PASS,a6116feb11a28c25,4e53301a279a7e09,True,ineligible,True,completed,"{'revision': 1, 'iterations': 80, 'sample_count': 20, 'measurement_iterations_multiplier': 4, 'warmup_iterations': 3, 'gpu_completion_mode': 'per_iteration', 'unit': 'us', 'direction': 'lower_is_better'}"
win,parent,surface.framebuffer_working_set_064,20261004-174334433-9a5c9134630b48efa3ba6b1912683d15,17938.669,120941,1511.45,20,1302,1448.0,1895,1921,1921,1511.45,failed,PASS,a6116feb11a28c25,dbdfafa7ed2f28c9,True,ineligible,True,completed,"{'revision': 1, 'iterations': 80, 'sample_count': 20, 'measurement_iterations_multiplier': 4, 'warmup_iterations': 3, 'gpu_completion_mode': 'per_iteration', 'unit': 'us', 'direction': 'lower_is_better'}"
win,parent,surface.full_clear_elision_guard,20261004-174334433-9a5c9134630b48efa3ba6b1912683d15,17938.669,636097,1589.84,100,1492,1538.0,1826,2061,2112,1589.84,failed,PASS,d91a0e75979a1f25,01a1571033aa9dfd,True,ineligible,True,completed,"{'revision': 1, 'iterations': 400, 'sample_count': 100, 'measurement_iterations_multiplier': 4, 'warmup_iterations': 3, 'gpu_completion_mode': 'per_iteration', 'unit': 'us', 'direction': 'lower_is_better'}"
win,parent,surface.overlapping_surface_churn_representative,20261004-174334433-9a5c9134630b48efa3ba6b1912683d15,17938.669,841677,2103.8,100,1992,2054.5,2612,2682,2706,2103.8,failed,PASS,caf66d4bf5691525,7b4f2884714177a5,True,ineligible,True,completed,"{'revision': 1, 'iterations': 400, 'sample_count': 100, 'measurement_iterations_multiplier': 4, 'warmup_iterations': 3, 'gpu_completion_mode': 'per_iteration', 'unit': 'us', 'direction': 'lower_is_better'}"
win,parent,surface.overlapping_surface_churn_stress,20261004-174334433-9a5c9134630b48efa3ba6b1912683d15,17938.669,928801,23219.6,10,22780,23095.0,23954,23954,23954,23219.6,failed,PASS,caf66d4bf5691525,19890b325809498d,True,ineligible,True,completed,"{'revision': 1, 'iterations': 40, 'sample_count': 10, 'measurement_iterations_multiplier': 4, 'warmup_iterations': 3, 'gpu_completion_mode': 'per_iteration', 'unit': 'us', 'direction': 'lower_is_better'}"
win,parent,surface.partial_channel_clear_guard,20261004-174334433-9a5c9134630b48efa3ba6b1912683d15,17938.669,630567,1576.08,100,1495,1529.0,1824,2048,2080,1576.08,failed,PASS,eb2cb498aa73af25,31d730ce613f92bd,True,ineligible,True,completed,"{'revision': 1, 'iterations': 400, 'sample_count': 100, 'measurement_iterations_multiplier': 4, 'warmup_iterations': 3, 'gpu_completion_mode': 'per_iteration', 'unit': 'us', 'direction': 'lower_is_better'}"
win,parent,surface.surface_download_path,20261004-174334433-9a5c9134630b48efa3ba6b1912683d15,17938.669,550030,13750.4,10,13381,13700.5,14137,14137,14137,13750.4,failed,PASS,2b0e8aac0f8838e8,eb6604c45975bcec,True,ineligible,True,completed,"{'revision': 1, 'iterations': 40, 'sample_count': 10, 'measurement_iterations_multiplier': 4, 'warmup_iterations': 3, 'gpu_completion_mode': 'per_iteration', 'unit': 'us', 'direction': 'lower_is_better'}"
win,parent,surface.surface_list_lookup_002,20261004-174354989-751f0cd29c8742febbe714a3e120700a,18614.4323,140585,1756.9,20,1464,1717.5,1965,2329,2329,1756.9,failed,PASS,fa475bc695046525,26ff617c53458a53,True,ineligible,True,completed,"{'revision': 1, 'iterations': 80, 'sample_count': 20, 'measurement_iterations_multiplier': 4, 'warmup_iterations': 3, 'gpu_completion_mode': 'per_iteration', 'unit': 'us', 'direction': 'lower_is_better'}"
win,parent,surface.surface_list_lookup_008,20261004-174354989-751f0cd29c8742febbe714a3e120700a,18614.4323,110309,1378.55,20,1132,1275.0,1748,1781,1781,1378.55,failed,PASS,eaf6788dfe8d2f25,18e8676fcc804922,True,ineligible,True,completed,"{'revision': 1, 'iterations': 80, 'sample_count': 20, 'measurement_iterations_multiplier': 4, 'warmup_iterations': 3, 'gpu_completion_mode': 'per_iteration', 'unit': 'us', 'direction': 'lower_is_better'}"
win,parent,surface.surface_list_lookup_032,20261004-174354989-751f0cd29c8742febbe714a3e120700a,18614.4323,117376,1466.8,20,1290,1351.0,1805,1986,1986,1466.8,failed,PASS,c6275b91195a5325,1bc652a47e609cf5,True,ineligible,True,completed,"{'revision': 1, 'iterations': 80, 'sample_count': 20, 'measurement_iterations_multiplier': 4, 'warmup_iterations': 3, 'gpu_completion_mode': 'per_iteration', 'unit': 'us', 'direction': 'lower_is_better'}"
win,parent,surface.surface_list_lookup_128,20261004-174354989-751f0cd29c8742febbe714a3e120700a,18614.4323,110239,1377.7,20,1164,1293.5,1690,1873,1873,1377.7,failed,PASS,c6275b91195a5325,4b4650aa45e0be8d,True,ineligible,True,completed,"{'revision': 1, 'iterations': 80, 'sample_count': 20, 'measurement_iterations_multiplier': 4, 'warmup_iterations': 3, 'gpu_completion_mode': 'per_iteration', 'unit': 'us', 'direction': 'lower_is_better'}"
win,parent,surface.vulkan_memory_pressure.representative.growth,20261004-174354989-751f0cd29c8742febbe714a3e120700a,18614.4323,203385,12711.25,4,12415,12714.5,13001,13001,13001,12711.25,failed,PASS,1b85a83206804325,a1ce1e9182d42125,True,ineligible,True,completed,"{'revision': 1, 'iterations': 16, 'sample_count': 4, 'measurement_iterations_multiplier': 4, 'warmup_iterations': 3, 'gpu_completion_mode': 'per_iteration', 'unit': 'us', 'direction': 'lower_is_better'}"
win,parent,surface.vulkan_memory_pressure.representative.plateau,20261004-174354989-751f0cd29c8742febbe714a3e120700a,18614.4323,203742,12733.5,4,12236,12702.5,13293,13293,13293,12733.5,failed,PASS,94973dc83ee12325,c00be5b19acc4e6f,True,ineligible,True,completed,"{'revision': 1, 'iterations': 16, 'sample_count': 4, 'measurement_iterations_multiplier': 4, 'warmup_iterations': 3, 'gpu_completion_mode': 'per_iteration', 'unit': 'us', 'direction': 'lower_is_better'}"
win,parent,surface.vulkan_memory_pressure.representative.alias_resize,20261004-174354989-751f0cd29c8742febbe714a3e120700a,18614.4323,201790,12611.5,4,12453,12599.0,12795,12795,12795,12611.5,failed,PASS,7e3cba40d2e56b25,0247ea98d29062c5,True,ineligible,True,completed,"{'revision': 1, 'iterations': 16, 'sample_count': 4, 'measurement_iterations_multiplier': 4, 'warmup_iterations': 3, 'gpu_completion_mode': 'per_iteration', 'unit': 'us', 'direction': 'lower_is_better'}"
win,parent,surface.vulkan_memory_pressure.representative.reuse,20261004-174354989-751f0cd29c8742febbe714a3e120700a,18614.4323,203872,12741.5,4,12271,12558.0,13579,13579,13579,12741.5,failed,PASS,834dc31dcb46cb25,d885d846be04bb3d,True,ineligible,True,completed,"{'revision': 1, 'iterations': 16, 'sample_count': 4, 'measurement_iterations_multiplier': 4, 'warmup_iterations': 3, 'gpu_completion_mode': 'per_iteration', 'unit': 'us', 'direction': 'lower_is_better'}"
win,parent,surface.vulkan_memory_pressure.representative.idle_retention,20261004-174354989-751f0cd29c8742febbe714a3e120700a,18614.4323,14923,932.5,4,687,989.0,1065,1065,1065,932.5,failed,PASS,e45ec923aeb05125,4ab34638455a76e1,True,ineligible,True,completed,"{'revision': 1, 'iterations': 16, 'sample_count': 4, 'measurement_iterations_multiplier': 4, 'warmup_iterations': 3, 'gpu_completion_mode': 'per_iteration', 'unit': 'us', 'direction': 'lower_is_better'}"
win,parent,surface.vulkan_memory_pressure.stress.growth,20261004-174354989-751f0cd29c8742febbe714a3e120700a,18614.4323,777177,48573.25,4,48225,48552.0,48964,48964,48964,48573.25,failed,PASS,16b728a467be7f25,063949c8ff1686f9,True,ineligible,True,completed,"{'revision': 1, 'iterations': 16, 'sample_count': 4, 'measurement_iterations_multiplier': 4, 'warmup_iterations': 3, 'gpu_completion_mode': 'per_iteration', 'unit': 'us', 'direction': 'lower_is_better'}"
win,parent,surface.vulkan_memory_pressure.stress.plateau,20261004-174354989-751f0cd29c8742febbe714a3e120700a,18614.4323,778471,48654,4,48402,48574.5,49065,49065,49065,48654,failed,PASS,2936a367d6aa6725,769bf225e8cc48d5,True,ineligible,True,completed,"{'revision': 1, 'iterations': 16, 'sample_count': 4, 'measurement_iterations_multiplier': 4, 'warmup_iterations': 3, 'gpu_completion_mode': 'per_iteration', 'unit': 'us', 'direction': 'lower_is_better'}"
win,parent,surface.vulkan_memory_pressure.stress.alias_resize,20261004-174354989-751f0cd29c8742febbe714a3e120700a,18614.4323,828788,51798.75,4,51192,51710.5,52582,52582,52582,51798.75,failed,PASS,d5ab377572e54f25,c1ab77f18dbbc86d,True,ineligible,True,completed,"{'revision': 1, 'iterations': 16, 'sample_count': 4, 'measurement_iterations_multiplier': 4, 'warmup_iterations': 3, 'gpu_completion_mode': 'per_iteration', 'unit': 'us', 'direction': 'lower_is_better'}"
win,parent,surface.vulkan_memory_pressure.stress.reuse,20261004-174354989-751f0cd29c8742febbe714a3e120700a,18614.4323,852002,53249.5,4,52546,53084.0,54284,54284,54284,53249.5,failed,PASS,12e4fbb929c6c725,837b6a123bb12a09,True,ineligible,True,completed,"{'revision': 1, 'iterations': 16, 'sample_count': 4, 'measurement_iterations_multiplier': 4, 'warmup_iterations': 3, 'gpu_completion_mode': 'per_iteration', 'unit': 'us', 'direction': 'lower_is_better'}"
win,parent,surface.vulkan_memory_pressure.stress.idle_retention,20261004-174354989-751f0cd29c8742febbe714a3e120700a,18614.4323,9497,593.25,4,566,600.0,607,607,607,593.25,failed,PASS,0289a35e3cbf6925,a24e2d9ee2191cd8,True,ineligible,True,completed,"{'revision': 1, 'iterations': 16, 'sample_count': 4, 'measurement_iterations_multiplier': 4, 'warmup_iterations': 3, 'gpu_completion_mode': 'per_iteration', 'unit': 'us', 'direction': 'lower_is_better'}"
win,parent,tiny_draw.arrays.fixed_function,20261004-174416224-464463cefe4c486fbc8714860d180f4a,21074.6425,1367074,34176.7,10,33436,34117.0,35755,35755,35755,34176.7,failed,PASS,acf025546cf667b5,5636eabc173a3691,True,ineligible,True,completed,"{'revision': 1, 'iterations': 40, 'sample_count': 10, 'measurement_iterations_multiplier': 4, 'warmup_iterations': 3, 'gpu_completion_mode': 'per_iteration', 'unit': 'us', 'direction': 'lower_is_better'}"
win,parent,tiny_draw.arrays.vertex_shader,20261004-174416224-464463cefe4c486fbc8714860d180f4a,21074.6425,949477,23736.5,10,23459,23749.5,24106,24106,24106,23736.5,failed,PASS,acf025546cf667b5,5528df4b56e8f75d,True,ineligible,True,completed,"{'revision': 1, 'iterations': 40, 'sample_count': 10, 'measurement_iterations_multiplier': 4, 'warmup_iterations': 3, 'gpu_completion_mode': 'per_iteration', 'unit': 'us', 'direction': 'lower_is_better'}"
win,parent,tiny_draw.inline_arrays.fixed_function,20261004-174416224-464463cefe4c486fbc8714860d180f4a,21074.6425,1179291,29482,10,29151,29355.5,30330,30330,30330,29482,failed,PASS,acf025546cf667b5,24f378fc9981dad5,True,ineligible,True,completed,"{'revision': 1, 'iterations': 40, 'sample_count': 10, 'measurement_iterations_multiplier': 4, 'warmup_iterations': 3, 'gpu_completion_mode': 'per_iteration', 'unit': 'us', 'direction': 'lower_is_better'}"
win,parent,tiny_draw.inline_arrays.vertex_shader,20261004-174416224-464463cefe4c486fbc8714860d180f4a,21074.6425,1135954,28398.3,10,28134,28327.5,28996,28996,28996,28398.3,failed,PASS,acf025546cf667b5,1f7bd52bdb2ddb2d,True,ineligible,True,completed,"{'revision': 1, 'iterations': 40, 'sample_count': 10, 'measurement_iterations_multiplier': 4, 'warmup_iterations': 3, 'gpu_completion_mode': 'per_iteration', 'unit': 'us', 'direction': 'lower_is_better'}"
win,parent,tiny_draw.inline_buffers.fixed_function,20261004-174416224-464463cefe4c486fbc8714860d180f4a,21074.6425,731143,18278.2,10,17950,18014.5,20385,20385,20385,18278.2,failed,PASS,acf025546cf667b5,1d33c1f03f3df5d5,True,ineligible,True,completed,"{'revision': 1, 'iterations': 40, 'sample_count': 10, 'measurement_iterations_multiplier': 4, 'warmup_iterations': 3, 'gpu_completion_mode': 'per_iteration', 'unit': 'us', 'direction': 'lower_is_better'}"
win,parent,tiny_draw.inline_buffers.vertex_shader,20261004-174416224-464463cefe4c486fbc8714860d180f4a,21074.6425,733750,18343.4,10,17879,18142.0,20126,20126,20126,18343.4,failed,PASS,acf025546cf667b5,98123d79a8ae06a5,True,ineligible,True,completed,"{'revision': 1, 'iterations': 40, 'sample_count': 10, 'measurement_iterations_multiplier': 4, 'warmup_iterations': 3, 'gpu_completion_mode': 'per_iteration', 'unit': 'us', 'direction': 'lower_is_better'}"
win,parent,tiny_draw.inline_elements.fixed_function,20261004-174416224-464463cefe4c486fbc8714860d180f4a,21074.6425,935031,23375.4,10,23004,23425.0,23637,23637,23637,23375.4,failed,PASS,acf025546cf667b5,cd0e5481b375a40d,True,ineligible,True,completed,"{'revision': 1, 'iterations': 40, 'sample_count': 10, 'measurement_iterations_multiplier': 4, 'warmup_iterations': 3, 'gpu_completion_mode': 'per_iteration', 'unit': 'us', 'direction': 'lower_is_better'}"
win,parent,tiny_draw.inline_elements.vertex_shader,20261004-174416224-464463cefe4c486fbc8714860d180f4a,21074.6425,943595,23589.6,10,23337,23572.0,24001,24001,24001,23589.6,failed,PASS,acf025546cf667b5,0539f844d85cc73d,True,ineligible,True,completed,"{'revision': 1, 'iterations': 40, 'sample_count': 10, 'measurement_iterations_multiplier': 4, 'warmup_iterations': 3, 'gpu_completion_mode': 'per_iteration', 'unit': 'us', 'direction': 'lower_is_better'}"
win,parent,uniform_thrash.uniform_thrash,20261004-174439924-03673e6f23914ef28e0d538c1206dc35,12101.6139,68300,1707.1,10,1461,1704.5,1983,1983,1983,1707.1,failed,PASS,09eb5907ef624c25,e643e886c2ebbdd5,True,ineligible,True,completed,"{'revision': 1, 'iterations': 40, 'sample_count': 10, 'measurement_iterations_multiplier': 4, 'warmup_iterations': 3, 'gpu_completion_mode': 'per_iteration', 'unit': 'us', 'direction': 'lower_is_better'}"
win,parent,vertex_buffer_allocation.mixed.arrays,20261004-174454636-c0c91d5b0a36437593aae7a8a917111b,64837.964,1203699,30092,10,29224,29818.0,31476,31476,31476,,not evaluated,PASS,377e6c029807f325,377e6c029807f325,True,ineligible,True,completed,"{'revision': 1, 'iterations': 40, 'sample_count': 10, 'measurement_iterations_multiplier': 4, 'warmup_iterations': 3, 'gpu_completion_mode': 'per_iteration', 'unit': 'us', 'direction': 'lower_is_better'}"
win,parent,vertex_buffer_allocation.mixed.inline_arrays,20261004-174454636-c0c91d5b0a36437593aae7a8a917111b,64837.964,8910345,222758.1,10,221590,222818.5,224217,224217,224217,,not evaluated,PASS,377e6c029807f325,377e6c029807f325,True,ineligible,True,completed,"{'revision': 1, 'iterations': 40, 'sample_count': 10, 'measurement_iterations_multiplier': 4, 'warmup_iterations': 3, 'gpu_completion_mode': 'per_iteration', 'unit': 'us', 'direction': 'lower_is_better'}"
win,parent,vertex_buffer_allocation.mixed.inline_buffers,20261004-174454636-c0c91d5b0a36437593aae7a8a917111b,64837.964,25829347,645733.4,10,641595,646169.0,648505,648505,648505,,not evaluated,PASS,377e6c029807f325,377e6c029807f325,True,ineligible,True,completed,"{'revision': 1, 'iterations': 40, 'sample_count': 10, 'measurement_iterations_multiplier': 4, 'warmup_iterations': 3, 'gpu_completion_mode': 'per_iteration', 'unit': 'us', 'direction': 'lower_is_better'}"
win,parent,vertex_buffer_allocation.mixed.inline_elements,20261004-174454636-c0c91d5b0a36437593aae7a8a917111b,64837.964,1308810,32719.9,10,32137,32606.0,33806,33806,33806,,not evaluated,PASS,377e6c029807f325,377e6c029807f325,True,ineligible,True,completed,"{'revision': 1, 'iterations': 40, 'sample_count': 10, 'measurement_iterations_multiplier': 4, 'warmup_iterations': 3, 'gpu_completion_mode': 'per_iteration', 'unit': 'us', 'direction': 'lower_is_better'}"
win,parent,vertex_buffer_allocation.tiny.arrays,20261004-174454636-c0c91d5b0a36437593aae7a8a917111b,64837.964,1341206,33529.7,10,32593,33554.5,34269,34269,34269,,not evaluated,PASS,377e6c029807f325,377e6c029807f325,True,ineligible,True,completed,"{'revision': 1, 'iterations': 40, 'sample_count': 10, 'measurement_iterations_multiplier': 4, 'warmup_iterations': 3, 'gpu_completion_mode': 'per_iteration', 'unit': 'us', 'direction': 'lower_is_better'}"
win,parent,vertex_buffer_allocation.tiny.inline_arrays,20261004-174454636-c0c91d5b0a36437593aae7a8a917111b,64837.964,1462639,36565.8,10,36242,36453.5,37407,37407,37407,,not evaluated,PASS,377e6c029807f325,377e6c029807f325,True,ineligible,True,completed,"{'revision': 1, 'iterations': 40, 'sample_count': 10, 'measurement_iterations_multiplier': 4, 'warmup_iterations': 3, 'gpu_completion_mode': 'per_iteration', 'unit': 'us', 'direction': 'lower_is_better'}"
win,parent,vertex_buffer_allocation.tiny.inline_buffers,20261004-174454636-c0c91d5b0a36437593aae7a8a917111b,64837.964,1456810,36419.8,10,35658,35783.0,40052,40052,40052,,not evaluated,PASS,377e6c029807f325,377e6c029807f325,True,ineligible,True,completed,"{'revision': 1, 'iterations': 40, 'sample_count': 10, 'measurement_iterations_multiplier': 4, 'warmup_iterations': 3, 'gpu_completion_mode': 'per_iteration', 'unit': 'us', 'direction': 'lower_is_better'}"
win,parent,vertex_buffer_allocation.tiny.inline_elements,20261004-174454636-c0c91d5b0a36437593aae7a8a917111b,64837.964,1345461,33636.2,10,31492,33754.5,34908,34908,34908,,not evaluated,PASS,377e6c029807f325,377e6c029807f325,True,ineligible,True,completed,"{'revision': 1, 'iterations': 40, 'sample_count': 10, 'measurement_iterations_multiplier': 4, 'warmup_iterations': 3, 'gpu_completion_mode': 'per_iteration', 'unit': 'us', 'direction': 'lower_is_better'}"
win,parent,vertex_buffer_allocation.rising_transient_growth,20261004-174454636-c0c91d5b0a36437593aae7a8a917111b,64837.964,2663815,665953,1,665953,665953,665953,665953,665953,,not evaluated,PASS,377e6c029807f325,,False,ineligible,True,completed,"{'revision': 1, 'iterations': 4, 'sample_count': 1, 'measurement_iterations_multiplier': 4, 'warmup_iterations': 3, 'gpu_completion_mode': 'per_iteration', 'unit': 'us', 'direction': 'lower_is_better'}"
win,parent,vertex_buffer_allocation.disjoint_same_page,20261004-174454636-c0c91d5b0a36437593aae7a8a917111b,64837.964,1234377,30859.1,10,25744,31056.0,34526,34526,34526,,not evaluated,PASS,fdcd25a37910bb25,d93bb411fee61f6d,True,ineligible,True,completed,"{'revision': 1, 'iterations': 40, 'sample_count': 10, 'measurement_iterations_multiplier': 4, 'warmup_iterations': 3, 'gpu_completion_mode': 'per_iteration', 'unit': 'us', 'direction': 'lower_is_better'}"
win,candidate,busy_pfifo.pfifo_saturation,20261004-191138722-cf8875ed93e44075a87978f74c1dc3bf,49742.6465,3504102,87602.2,10,87214,87503.5,88367,88367,88367,,not evaluated,PASS,1508607624bb8506,1508607624bb8506,True,ineligible,True,completed,"{'revision': 1, 'iterations': 40, 'sample_count': 10, 'measurement_iterations_multiplier': 4, 'warmup_iterations': 3, 'gpu_completion_mode': 'per_iteration', 'unit': 'us', 'direction': 'lower_is_better'}"
win,candidate,busy_pfifo.pgraph_pattern_polling,20261004-191138722-cf8875ed93e44075a87978f74c1dc3bf,49742.6465,18497747,4624436,1,4624436,4624436,4624436,4624436,4624436,,not evaluated,PASS,386d0f085e98c325,386d0f085e98c325,True,ineligible,True,completed,"{'revision': 1, 'iterations': 4, 'sample_count': 1, 'measurement_iterations_multiplier': 4, 'warmup_iterations': 3, 'gpu_completion_mode': 'per_iteration', 'unit': 'us', 'direction': 'lower_is_better'}"
win,candidate,pfifo_array_elements.array_element_pgr2,20261004-191138722-cf8875ed93e44075a87978f74c1dc3bf,49742.6465,15111,471.625,8,415,425.0,603,603,603,,not evaluated,PASS,bbc8b0702ffd0325,bbc8b0702ffd0325,True,ineligible,True,completed,"{'revision': 1, 'iterations': 32, 'sample_count': 8, 'measurement_iterations_multiplier': 4, 'warmup_iterations': 3, 'gpu_completion_mode': 'per_iteration', 'unit': 'us', 'direction': 'lower_is_better'}"
win,candidate,pfifo_array_elements.array_element16,20261004-191138722-cf8875ed93e44075a87978f74c1dc3bf,49742.6465,17250,538.75,8,522,538.5,568,568,568,,not evaluated,PASS,9c884de2a5d32325,9c884de2a5d32325,True,ineligible,True,completed,"{'revision': 1, 'iterations': 32, 'sample_count': 8, 'measurement_iterations_multiplier': 4, 'warmup_iterations': 3, 'gpu_completion_mode': 'per_iteration', 'unit': 'us', 'direction': 'lower_is_better'}"
win,candidate,pfifo_array_elements.array_element32,20261004-191138722-cf8875ed93e44075a87978f74c1dc3bf,49742.6465,31280,977.125,8,958,964.0,1069,1069,1069,,not evaluated,PASS,e079f0cf1a994325,e079f0cf1a994325,True,ineligible,True,completed,"{'revision': 1, 'iterations': 32, 'sample_count': 8, 'measurement_iterations_multiplier': 4, 'warmup_iterations': 3, 'gpu_completion_mode': 'per_iteration', 'unit': 'us', 'direction': 'lower_is_better'}"
win,candidate,pfifo_packet_boundary.array_element16_overflow,20261004-191138722-cf8875ed93e44075a87978f74c1dc3bf,49742.6465,60262,15065,1,15065,15065,15065,15065,15065,,not evaluated,PASS,4d1756526f052325,,False,ineligible,True,completed,"{'revision': 1, 'iterations': 4, 'sample_count': 1, 'measurement_iterations_multiplier': 4, 'warmup_iterations': 3, 'gpu_completion_mode': 'per_iteration', 'unit': 'us', 'direction': 'lower_is_better'}"
win,candidate,pfifo_packet_boundary.array_element32_overflow,20261004-191138722-cf8875ed93e44075a87978f74c1dc3bf,49742.6465,120261,30065,1,30065,30065,30065,30065,30065,,not evaluated,PASS,6eb7071be692a325,,False,ineligible,True,completed,"{'revision': 1, 'iterations': 4, 'sample_count': 1, 'measurement_iterations_multiplier': 4, 'warmup_iterations': 3, 'gpu_completion_mode': 'per_iteration', 'unit': 'us', 'direction': 'lower_is_better'}"
win,candidate,pfifo_packet_boundary.inline_array_overflow,20261004-191138722-cf8875ed93e44075a87978f74c1dc3bf,49742.6465,121561,30390,1,30390,30390,30390,30390,30390,,not evaluated,PASS,847da1930526a325,,False,ineligible,True,completed,"{'revision': 1, 'iterations': 4, 'sample_count': 1, 'measurement_iterations_multiplier': 4, 'warmup_iterations': 3, 'gpu_completion_mode': 'per_iteration', 'unit': 'us', 'direction': 'lower_is_better'}"
win,candidate,pfifo_packet_boundary.incrementing_inline_fallback,20261004-191138722-cf8875ed93e44075a87978f74c1dc3bf,49742.6465,112,28,1,28,28,28,28,28,,not evaluated,PASS,640439ee8ecd2325,,False,ineligible,True,completed,"{'revision': 1, 'iterations': 4, 'sample_count': 1, 'measurement_iterations_multiplier': 4, 'warmup_iterations': 3, 'gpu_completion_mode': 'per_iteration', 'unit': 'us', 'direction': 'lower_is_better'}"
win,candidate,cpu_floating_point.sse_scalar,20261004-191231083-88dbfce62c9847f4b0d58aab5ac75540,109392.8391,22048145,551203.2,10,530284,554360.5,562071,562071,562071,551203.2,passed,PASS,6962077c244da325,6962077c244da325,True,ineligible,True,completed,"{'revision': 1, 'iterations': 40, 'sample_count': 10, 'measurement_iterations_multiplier': 4, 'warmup_iterations': 3, 'gpu_completion_mode': 'per_iteration', 'unit': 'us', 'direction': 'lower_is_better'}"
win,candidate,cpu_floating_point.x87_scalar,20261004-191231083-88dbfce62c9847f4b0d58aab5ac75540,109392.8391,33589052,839725.8,10,834296,838746.0,848497,848497,848497,839725.8,passed,PASS,6962077c244da325,6962077c244da325,True,ineligible,True,completed,"{'revision': 1, 'iterations': 40, 'sample_count': 10, 'measurement_iterations_multiplier': 4, 'warmup_iterations': 3, 'gpu_completion_mode': 'per_iteration', 'unit': 'us', 'direction': 'lower_is_better'}"
win,candidate,cpu_translation_blocks.direct_loop,20261004-191231083-88dbfce62c9847f4b0d58aab5ac75540,109392.8391,403576,10089,10,10016,10036.5,10312,10312,10312,10089,passed,PASS,bd1fc9bf0c318325,bd1fc9bf0c318325,True,ineligible,True,completed,"{'revision': 1, 'iterations': 40, 'sample_count': 10, 'measurement_iterations_multiplier': 4, 'warmup_iterations': 3, 'gpu_completion_mode': 'per_iteration', 'unit': 'us', 'direction': 'lower_is_better'}"
win,candidate,cpu_translation_blocks.indirect_dispatch,20261004-191231083-88dbfce62c9847f4b0d58aab5ac75540,109392.8391,1636277,40906.6,10,40094,40581.0,42501,42501,42501,40906.6,passed,PASS,c0426cf669a02325,c0426cf669a02325,True,ineligible,True,completed,"{'revision': 1, 'iterations': 40, 'sample_count': 10, 'measurement_iterations_multiplier': 4, 'warmup_iterations': 3, 'gpu_completion_mode': 'per_iteration', 'unit': 'us', 'direction': 'lower_is_better'}"
win,candidate,cpu_translation_blocks.indirect_dispatch_stress,20261004-191231083-88dbfce62c9847f4b0d58aab5ac75540,109392.8391,32652873,816321.4,10,810977,816560.0,821480,821480,821480,816321.4,passed,PASS,fbd507cb0c622325,fbd507cb0c622325,True,ineligible,True,completed,"{'revision': 1, 'iterations': 40, 'sample_count': 10, 'measurement_iterations_multiplier': 4, 'warmup_iterations': 3, 'gpu_completion_mode': 'per_iteration', 'unit': 'us', 'direction': 'lower_is_better'}"
win,candidate,fill_rate.solid,20261004-191423085-611d53b361fd4623b8e1969ef36bf64d,12220.3837,68237,1705.5,10,1488,1718.5,2069,2069,2069,1705.5,passed,PASS,08b0f60773aac775,08b0f60773aac775,True,ineligible,True,completed,"{'revision': 1, 'iterations': 40, 'sample_count': 10, 'measurement_iterations_multiplier': 4, 'warmup_iterations': 3, 'gpu_completion_mode': 'per_iteration', 'unit': 'us', 'direction': 'lower_is_better'}"
win,candidate,fill_rate.textured,20261004-191423085-611d53b361fd4623b8e1969ef36bf64d,12220.3837,50095,1252.2,10,1173,1206.0,1482,1482,1482,1252.2,passed,PASS,99b433323df1684d,99b433323df1684d,True,ineligible,True,completed,"{'revision': 1, 'iterations': 40, 'sample_count': 10, 'measurement_iterations_multiplier': 4, 'warmup_iterations': 3, 'gpu_completion_mode': 'per_iteration', 'unit': 'us', 'direction': 'lower_is_better'}"
win,candidate,pipeline_texture_switch.clear_texture_normal,20261004-191437928-ae6027b9296d4784aa4cbe1ac432c2a2,15695.865,408847,12776,8,12380,12772.0,13124,13124,13124,,not evaluated,PASS,22ba4f1405cda325,22ba4f1405cda325,True,ineligible,True,completed,"{'revision': 1, 'iterations': 32, 'sample_count': 8, 'measurement_iterations_multiplier': 4, 'warmup_iterations': 3, 'gpu_completion_mode': 'per_iteration', 'unit': 'us', 'direction': 'lower_is_better'}"
win,candidate,pipeline_texture_switch.palette_dma_remap,20261004-191437928-ae6027b9296d4784aa4cbe1ac432c2a2,15695.865,66459,16614,1,16614,16614,16614,16614,16614,,not evaluated,PASS,fbf687de65082325,,False,ineligible,True,completed,"{'revision': 1, 'iterations': 4, 'sample_count': 1, 'measurement_iterations_multiplier': 4, 'warmup_iterations': 3, 'gpu_completion_mode': 'per_iteration', 'unit': 'us', 'direction': 'lower_is_better'}"
win,candidate,pipeline_texture_switch.palette_only_update,20261004-191437928-ae6027b9296d4784aa4cbe1ac432c2a2,15695.865,74433,18608,1,18608,18608,18608,18608,18608,,not evaluated,PASS,467aab2f95cda325,,False,ineligible,True,completed,"{'revision': 1, 'iterations': 4, 'sample_count': 1, 'measurement_iterations_multiplier': 4, 'warmup_iterations': 3, 'gpu_completion_mode': 'per_iteration', 'unit': 'us', 'direction': 'lower_is_better'}"
win,candidate,pipeline_texture_switch.sampler_only_identity,20261004-191437928-ae6027b9296d4784aa4cbe1ac432c2a2,15695.865,729495,22796.375,8,22565,22717.5,23481,23481,23481,,not evaluated,PASS,0b8438c8404da325,0b8438c8404da325,True,ineligible,True,completed,"{'revision': 1, 'iterations': 32, 'sample_count': 8, 'measurement_iterations_multiplier': 4, 'warmup_iterations': 3, 'gpu_completion_mode': 'per_iteration', 'unit': 'us', 'direction': 'lower_is_better'}"
win,candidate,pipeline_texture_switch.shader_negative_control,20261004-191437928-ae6027b9296d4784aa4cbe1ac432c2a2,15695.865,593600,18549.625,8,18393,18553.0,18738,18738,18738,,not evaluated,PASS,f110c8bd6338c325,f110c8bd6338c325,True,ineligible,True,completed,"{'revision': 1, 'iterations': 32, 'sample_count': 8, 'measurement_iterations_multiplier': 4, 'warmup_iterations': 3, 'gpu_completion_mode': 'per_iteration', 'unit': 'us', 'direction': 'lower_is_better'}"
win,candidate,pipeline_texture_switch.shared_page_overlap,20261004-191437928-ae6027b9296d4784aa4cbe1ac432c2a2,15695.865,74979,18744,1,18744,18744,18744,18744,18744,,not evaluated,PASS,83bb59a8648da325,,False,ineligible,True,completed,"{'revision': 1, 'iterations': 4, 'sample_count': 1, 'measurement_iterations_multiplier': 4, 'warmup_iterations': 3, 'gpu_completion_mode': 'per_iteration', 'unit': 'us', 'direction': 'lower_is_better'}"
win,candidate,pipeline_texture_switch.texture_dma_remap,20261004-191437928-ae6027b9296d4784aa4cbe1ac432c2a2,15695.865,66494,16623,1,16623,16623,16623,16623,16623,,not evaluated,PASS,fbf687de65082325,,False,ineligible,True,completed,"{'revision': 1, 'iterations': 4, 'sample_count': 1, 'measurement_iterations_multiplier': 4, 'warmup_iterations': 3, 'gpu_completion_mode': 'per_iteration', 'unit': 'us', 'direction': 'lower_is_better'}"
win,candidate,pipeline_texture_switch.texture_switch,20261004-191437928-ae6027b9296d4784aa4cbe1ac432c2a2,15695.865,602300,18821.375,8,18642,18776.0,19283,19283,19283,,not evaluated,PASS,8ae05d31fb00c325,8ae05d31fb00c325,True,ineligible,True,completed,"{'revision': 1, 'iterations': 32, 'sample_count': 8, 'measurement_iterations_multiplier': 4, 'warmup_iterations': 3, 'gpu_completion_mode': 'per_iteration', 'unit': 'us', 'direction': 'lower_is_better'}"
win,candidate,report_query.clear_boundary,20261004-191456237-420158c3083b4827a0a30a353e8597f0,12902.6435,17086,1067.5,4,796,1076.5,1321,1321,1321,,not evaluated,PASS,b5eb7c4b9c8da325,,False,ineligible,True,completed,"{'revision': 2, 'iterations': 16, 'sample_count': 4, 'measurement_iterations_multiplier': 4, 'warmup_iterations': 3, 'gpu_completion_mode': 'per_iteration', 'unit': 'us', 'direction': 'lower_is_better'}"
win,candidate,report_query.dma_descriptor_rewrite,20261004-191456237-420158c3083b4827a0a30a353e8597f0,12902.6435,4626,4626,1,4626,4626,4626,4626,4626,,not evaluated,PASS,c0c0fdbececda325,,False,ineligible,True,completed,"{'revision': 2, 'iterations': 1, 'sample_count': 1, 'measurement_iterations_multiplier': 1, 'warmup_iterations': 0, 'gpu_completion_mode': 'per_iteration', 'unit': 'us', 'direction': 'lower_is_better'}"
win,candidate,report_query.dma_range_guard,20261004-191456237-420158c3083b4827a0a30a353e8597f0,12902.6435,3351,3351,1,3351,3351,3351,3351,3351,,not evaluated,PASS,3f648ce11a4da325,,False,ineligible,True,completed,"{'revision': 2, 'iterations': 1, 'sample_count': 1, 'measurement_iterations_multiplier': 1, 'warmup_iterations': 0, 'gpu_completion_mode': 'per_iteration', 'unit': 'us', 'direction': 'lower_is_better'}"
win,candidate,report_query.dma_target_switch,20261004-191456237-420158c3083b4827a0a30a353e8597f0,12902.6435,21319,1332.25,4,1021,1369.5,1569,1569,1569,,not evaluated,PASS,4c4bd8cd440da325,,False,ineligible,True,completed,"{'revision': 2, 'iterations': 16, 'sample_count': 4, 'measurement_iterations_multiplier': 4, 'warmup_iterations': 3, 'gpu_completion_mode': 'per_iteration', 'unit': 'us', 'direction': 'lower_is_better'}"
win,candidate,report_query.fifo_producer_ordering,20261004-191456237-420158c3083b4827a0a30a353e8597f0,12902.6435,20848,1302.75,4,1181,1213.5,1603,1603,1603,,not evaluated,PASS,0d907c24a88da325,,False,ineligible,True,completed,"{'revision': 2, 'iterations': 16, 'sample_count': 4, 'measurement_iterations_multiplier': 4, 'warmup_iterations': 3, 'gpu_completion_mode': 'per_iteration', 'unit': 'us', 'direction': 'lower_is_better'}"
win,candidate,report_query.multiple_boundaries,20261004-191456237-420158c3083b4827a0a30a353e8597f0,12902.6435,15255,953.25,4,746,873.5,1320,1320,1320,,not evaluated,PASS,0c966fc9ba4da325,,False,ineligible,True,completed,"{'revision': 2, 'iterations': 16, 'sample_count': 4, 'measurement_iterations_multiplier': 4, 'warmup_iterations': 3, 'gpu_completion_mode': 'per_iteration', 'unit': 'us', 'direction': 'lower_is_better'}"
win,candidate,report_query.single_boundary,20261004-191456237-420158c3083b4827a0a30a353e8597f0,12902.6435,11133,695.5,4,617,649.0,867,867,867,,not evaluated,PASS,60e674c9fecda325,,False,ineligible,True,completed,"{'revision': 2, 'iterations': 16, 'sample_count': 4, 'measurement_iterations_multiplier': 4, 'warmup_iterations': 3, 'gpu_completion_mode': 'per_iteration', 'unit': 'us', 'direction': 'lower_is_better'}"
win,candidate,report_query.zero_query,20261004-191456237-420158c3083b4827a0a30a353e8597f0,12902.6435,8613,538,4,489,493.5,676,676,676,,not evaluated,PASS,23875dfeb40da325,,False,ineligible,True,completed,"{'revision': 2, 'iterations': 16, 'sample_count': 4, 'measurement_iterations_multiplier': 4, 'warmup_iterations': 3, 'gpu_completion_mode': 'per_iteration', 'unit': 'us', 'direction': 'lower_is_better'}"
win,candidate,shader_lifecycle.readiness_train_visible,20261004-191511756-996ee7bc342741f0bb417252f164131a,22141.5247,66300,16575,1,16575,16575,16575,16575,16575,,not evaluated,PASS,d4c939c4f0ce4325,,False,ineligible,True,completed,"{'revision': 1, 'iterations': 4, 'sample_count': 1, 'measurement_iterations_multiplier': 4, 'warmup_iterations': 3, 'gpu_completion_mode': 'per_iteration', 'unit': 'us', 'direction': 'lower_is_better'}"
win,candidate,shader_lifecycle.readiness_replay_visible,20261004-191536502-de9a8192defe4c3e8e8da8f8a1e5a3a3,22159.7257,66035,16508,1,16508,16508,16508,16508,16508,,not evaluated,PASS,d4c939c4f0ce4325,,False,ineligible,True,completed,"{'revision': 1, 'iterations': 4, 'sample_count': 1, 'measurement_iterations_multiplier': 4, 'warmup_iterations': 3, 'gpu_completion_mode': 'per_iteration', 'unit': 'us', 'direction': 'lower_is_better'}"
win,candidate,shader_lifecycle.readiness_identical_replay,20261004-191601288-6ecd6192fde34c0ea7061f7ec0ce7166,50236.4403,16096130,4024032,1,4024032,4024032,4024032,4024032,4024032,,not evaluated,PASS,70615ec6b77f8325,,False,ineligible,True,completed,"{'revision': 1, 'iterations': 4, 'sample_count': 1, 'measurement_iterations_multiplier': 4, 'warmup_iterations': 3, 'gpu_completion_mode': 'per_iteration', 'unit': 'us', 'direction': 'lower_is_better'}"
win,candidate,shader_lifecycle.readiness_uniform_only,20261004-191654131-094ce5205c6247eba877506a2b0ba742,22169.3874,65895,16473,1,16473,16473,16473,16473,16473,,not evaluated,PASS,113d534d51f95325,,False,ineligible,True,completed,"{'revision': 1, 'iterations': 4, 'sample_count': 1, 'measurement_iterations_multiplier': 4, 'warmup_iterations': 3, 'gpu_completion_mode': 'per_iteration', 'unit': 'us', 'direction': 'lower_is_better'}"
win,candidate,shader_lifecycle.readiness_early_demand,20261004-191718904-2d30f302cf8545bdbcf472b04613b9d1,22496.2562,65938,16484,1,16484,16484,16484,16484,16484,,not evaluated,PASS,d4c939c4f0ce4325,,False,ineligible,True,completed,"{'revision': 1, 'iterations': 4, 'sample_count': 1, 'measurement_iterations_multiplier': 4, 'warmup_iterations': 3, 'gpu_completion_mode': 'per_iteration', 'unit': 'us', 'direction': 'lower_is_better'}"
win,candidate,game_load.long_unlocked_scene.cpu,20261004-191744031-3c89995e4dcc4ee7a8f5d36adc86b07b,91541.2482,789393,24668.125,8,24454,24644.0,25047,25047,25047,24668.125,passed,PASS,7c59a4dc0f8ba325,7c59a4dc0f8ba325,True,ineligible,True,completed,"{'revision': 1, 'iterations': 32, 'sample_count': 8, 'measurement_iterations_multiplier': 4, 'warmup_iterations': 3, 'gpu_completion_mode': 'per_iteration', 'unit': 'us', 'direction': 'lower_is_better'}"
win,candidate,game_load.long_unlocked_scene.pfifo,20261004-191744031-3c89995e4dcc4ee7a8f5d36adc86b07b,91541.2482,194910,6090.625,8,5878,6096.0,6230,6230,6230,6090.625,passed,PASS,7c59a4dc0f8ba325,7c59a4dc0f8ba325,True,ineligible,True,completed,"{'revision': 1, 'iterations': 32, 'sample_count': 8, 'measurement_iterations_multiplier': 4, 'warmup_iterations': 3, 'gpu_completion_mode': 'per_iteration', 'unit': 'us', 'direction': 'lower_is_better'}"
win,candidate,game_load.long_unlocked_scene.alpha_overdraw,20261004-191744031-3c89995e4dcc4ee7a8f5d36adc86b07b,91541.2482,1614055,50438.75,8,49699,50502.0,50877,50877,50877,50438.75,passed,PASS,7c59a4dc0f8ba325,7c59a4dc0f8ba325,True,ineligible,True,completed,"{'revision': 1, 'iterations': 32, 'sample_count': 8, 'measurement_iterations_multiplier': 4, 'warmup_iterations': 3, 'gpu_completion_mode': 'per_iteration', 'unit': 'us', 'direction': 'lower_is_better'}"
win,candidate,game_load.long_unlocked_scene.streaming_surface_reuse,20261004-191744031-3c89995e4dcc4ee7a8f5d36adc86b07b,91541.2482,530103,16565.5,8,16066,16564.0,17125,17125,17125,16565.5,passed,PASS,7c59a4dc0f8ba325,7c59a4dc0f8ba325,True,ineligible,True,completed,"{'revision': 1, 'iterations': 32, 'sample_count': 8, 'measurement_iterations_multiplier': 4, 'warmup_iterations': 3, 'gpu_completion_mode': 'per_iteration', 'unit': 'us', 'direction': 'lower_is_better'}"
win,candidate,game_load.long_unlocked_scene.combined,20261004-191744031-3c89995e4dcc4ee7a8f5d36adc86b07b,91541.2482,3142517,98203.25,8,97838,98161.0,98643,98643,98643,98203.25,passed,PASS,7c59a4dc0f8ba325,7c59a4dc0f8ba325,True,ineligible,True,completed,"{'revision': 1, 'iterations': 32, 'sample_count': 8, 'measurement_iterations_multiplier': 4, 'warmup_iterations': 3, 'gpu_completion_mode': 'per_iteration', 'unit': 'us', 'direction': 'lower_is_better'}"
win,candidate,game_load.long_unlocked_scene.full_system,20261004-191744031-3c89995e4dcc4ee7a8f5d36adc86b07b,91541.2482,3133844,97932.25,8,97110,97906.0,98609,98609,98609,97932.25,passed,PASS,7c59a4dc0f8ba325,7c59a4dc0f8ba325,True,ineligible,True,completed,"{'revision': 1, 'iterations': 32, 'sample_count': 8, 'measurement_iterations_multiplier': 4, 'warmup_iterations': 3, 'gpu_completion_mode': 'per_iteration', 'unit': 'us', 'direction': 'lower_is_better'}"
win,candidate,game_load.cross_title_hotpath.queued_vertex_cpu_writes,20261004-191744031-3c89995e4dcc4ee7a8f5d36adc86b07b,91541.2482,2133035,66657,8,65993,66573.0,67380,67380,67380,66657,passed,PASS,cf19c8d27e2aa325,cf19c8d27e2aa325,True,ineligible,True,completed,"{'revision': 1, 'iterations': 32, 'sample_count': 8, 'measurement_iterations_multiplier': 4, 'warmup_iterations': 3, 'gpu_completion_mode': 'per_iteration', 'unit': 'us', 'direction': 'lower_is_better'}"
win,candidate,game_load.cross_title_hotpath.pgr2_small_draws,20261004-191744031-3c89995e4dcc4ee7a8f5d36adc86b07b,91541.2482,4040961,126279.75,8,117538,127025.0,129145,129145,129145,126279.75,passed,PASS,2a1e0148d2c0e325,2a1e0148d2c0e325,True,ineligible,True,completed,"{'revision': 1, 'iterations': 32, 'sample_count': 8, 'measurement_iterations_multiplier': 4, 'warmup_iterations': 3, 'gpu_completion_mode': 'per_iteration', 'unit': 'us', 'direction': 'lower_is_better'}"
win,candidate,game_load.cross_title_hotpath.texture_update_reuse,20261004-191744031-3c89995e4dcc4ee7a8f5d36adc86b07b,91541.2482,94975,2967.625,8,2835,2900.5,3469,3469,3469,2967.625,passed,PASS,5612bef321a56325,5612bef321a56325,True,ineligible,True,completed,"{'revision': 1, 'iterations': 32, 'sample_count': 8, 'measurement_iterations_multiplier': 4, 'warmup_iterations': 3, 'gpu_completion_mode': 'per_iteration', 'unit': 'us', 'direction': 'lower_is_better'}"
win,candidate,game_load.cross_title_hotpath.surface_reuse,20261004-191744031-3c89995e4dcc4ee7a8f5d36adc86b07b,91541.2482,207933,6497.625,8,6118,6503.5,6880,6880,6880,6497.625,passed,PASS,846d9f21b7c6a325,846d9f21b7c6a325,True,ineligible,True,completed,"{'revision': 1, 'iterations': 32, 'sample_count': 8, 'measurement_iterations_multiplier': 4, 'warmup_iterations': 3, 'gpu_completion_mode': 'per_iteration', 'unit': 'us', 'direction': 'lower_is_better'}"
win,candidate,game_load.cross_title_hotpath.pipeline_state_churn,20261004-191744031-3c89995e4dcc4ee7a8f5d36adc86b07b,91541.2482,2126983,66467.75,8,65100,66671.0,66765,66765,66765,66467.75,passed,PASS,22f040b2add4a325,22f040b2add4a325,True,ineligible,True,completed,"{'revision': 1, 'iterations': 32, 'sample_count': 8, 'measurement_iterations_multiplier': 4, 'warmup_iterations': 3, 'gpu_completion_mode': 'per_iteration', 'unit': 'us', 'direction': 'lower_is_better'}"
win,candidate,game_load.cross_title_hotpath.blend_constant_reuse,20261004-191744031-3c89995e4dcc4ee7a8f5d36adc86b07b,91541.2482,3735084,116721,8,116199,116771.0,116957,116957,116957,116721,passed,PASS,a08ca118008fa325,a08ca118008fa325,True,ineligible,True,completed,"{'revision': 1, 'iterations': 32, 'sample_count': 8, 'measurement_iterations_multiplier': 4, 'warmup_iterations': 3, 'gpu_completion_mode': 'per_iteration', 'unit': 'us', 'direction': 'lower_is_better'}"
win,candidate,game_load.cross_title_hotpath.texture_binding_reuse,20261004-191744031-3c89995e4dcc4ee7a8f5d36adc86b07b,91541.2482,4816791,150524.375,8,149055,149887.5,154613,154613,154613,150524.375,passed,PASS,dfaaa3022df6a325,dfaaa3022df6a325,True,ineligible,True,completed,"{'revision': 1, 'iterations': 32, 'sample_count': 8, 'measurement_iterations_multiplier': 4, 'warmup_iterations': 3, 'gpu_completion_mode': 'per_iteration', 'unit': 'us', 'direction': 'lower_is_better'}"
win,candidate,game_load.cross_title_hotpath.pgr2_lagspot_inline_elements,20261004-191744031-3c89995e4dcc4ee7a8f5d36adc86b07b,91541.2482,3271200,102224.625,8,97505,102141.0,106599,106599,106599,102224.625,passed,PASS,1289219c28d5a325,1289219c28d5a325,True,ineligible,True,completed,"{'revision': 1, 'iterations': 32, 'sample_count': 8, 'measurement_iterations_multiplier': 4, 'warmup_iterations': 3, 'gpu_completion_mode': 'per_iteration', 'unit': 'us', 'direction': 'lower_is_better'}"
win,candidate,game_load.cross_title_hotpath.scaled_surface_pressure,20261004-191744031-3c89995e4dcc4ee7a8f5d36adc86b07b,91541.2482,9656518,301765.875,8,231410,296540.0,381308,381308,381308,301765.875,passed,PASS,e81e5b4a4675a325,e81e5b4a4675a325,True,ineligible,True,completed,"{'revision': 1, 'iterations': 32, 'sample_count': 8, 'measurement_iterations_multiplier': 4, 'warmup_iterations': 3, 'gpu_completion_mode': 'per_iteration', 'unit': 'us', 'direction': 'lower_is_better'}"
win,candidate,game_load.cross_title_hotpath.s3tc_streaming_fenced_draws,20261004-191744031-3c89995e4dcc4ee7a8f5d36adc86b07b,91541.2482,32004280,1000133.5,8,998742,999834.0,1002417,1002417,1002417,1000133.5,passed,PASS,a0f51c6c46a52325,a0f51c6c46a52325,True,ineligible,True,completed,"{'revision': 1, 'iterations': 32, 'sample_count': 8, 'measurement_iterations_multiplier': 4, 'warmup_iterations': 3, 'gpu_completion_mode': 'per_iteration', 'unit': 'us', 'direction': 'lower_is_better'}"
win,candidate,game_load.cross_title_hotpath.gpu_wait_control,20261004-191744031-3c89995e4dcc4ee7a8f5d36adc86b07b,91541.2482,36801,1149.75,8,1070,1127.5,1324,1324,1324,1149.75,passed,PASS,828855c0a34e2325,828855c0a34e2325,True,ineligible,True,completed,"{'revision': 1, 'iterations': 32, 'sample_count': 8, 'measurement_iterations_multiplier': 4, 'warmup_iterations': 3, 'gpu_completion_mode': 'per_iteration', 'unit': 'us', 'direction': 'lower_is_better'}"
win,candidate,game_load.s3tc_sync_factor.dxt1_same_address_wait,20261004-191918184-df071e65b1774e948b8bfe2f4f850619,34044.7969,532579,16642.75,8,16468,16663.5,16756,16756,16756,16642.75,failed,PASS,3403675459d4d3d5,db28300321744de5,True,ineligible,True,completed,"{'revision': 1, 'iterations': 32, 'sample_count': 8, 'measurement_iterations_multiplier': 4, 'warmup_iterations': 3, 'gpu_completion_mode': 'per_iteration', 'unit': 'us', 'direction': 'lower_is_better'}"
win,candidate,game_load.s3tc_sync_factor.dxt1_same_address_queued,20261004-191918184-df071e65b1774e948b8bfe2f4f850619,34044.7969,533148,16660.5,8,16582,16657.5,16751,16751,16751,16660.5,failed,PASS,768661a28167f1b8,9998993e8dcf6939,True,ineligible,True,completed,"{'revision': 1, 'iterations': 32, 'sample_count': 8, 'measurement_iterations_multiplier': 4, 'warmup_iterations': 3, 'gpu_completion_mode': 'per_iteration', 'unit': 'us', 'direction': 'lower_is_better'}"
win,candidate,game_load.s3tc_sync_factor.dxt1_ring_payload_generations,20261004-191918184-df071e65b1774e948b8bfe2f4f850619,34044.7969,1066778,33336.375,8,33304,33334.0,33386,33386,33386,33336.375,failed,PASS,3403675459d4d3d5,db28300321744de5,True,ineligible,True,completed,"{'revision': 1, 'iterations': 32, 'sample_count': 8, 'measurement_iterations_multiplier': 4, 'warmup_iterations': 3, 'gpu_completion_mode': 'per_iteration', 'unit': 'us', 'direction': 'lower_is_better'}"
win,candidate,game_load.s3tc_sync_factor.dxt1_dirty_once_redraw,20261004-191918184-df071e65b1774e948b8bfe2f4f850619,34044.7969,532840,16650.875,8,16498,16673.5,16760,16760,16760,16650.875,passed,PASS,428c04bbb0a62725,428c04bbb0a62725,True,ineligible,True,completed,"{'revision': 1, 'iterations': 32, 'sample_count': 8, 'measurement_iterations_multiplier': 4, 'warmup_iterations': 3, 'gpu_completion_mode': 'per_iteration', 'unit': 'us', 'direction': 'lower_is_better'}"
win,candidate,game_load.s3tc_sync_factor.rgba8_same_address_wait,20261004-191918184-df071e65b1774e948b8bfe2f4f850619,34044.7969,1599259,49976.375,8,48460,50007.5,51843,51843,51843,49976.375,passed,PASS,3403675459d4d3d5,3403675459d4d3d5,True,ineligible,True,completed,"{'revision': 1, 'iterations': 32, 'sample_count': 8, 'measurement_iterations_multiplier': 4, 'warmup_iterations': 3, 'gpu_completion_mode': 'per_iteration', 'unit': 'us', 'direction': 'lower_is_better'}"
win,candidate,game_load.s3tc_sync_factor.rgba8_same_address_queued,20261004-191918184-df071e65b1774e948b8bfe2f4f850619,34044.7969,1599966,49998.625,8,49781,49977.0,50423,50423,50423,49998.625,failed,PASS,aaee16bf0f912538,719d8f45c46b69f6,True,ineligible,True,completed,"{'revision': 1, 'iterations': 32, 'sample_count': 8, 'measurement_iterations_multiplier': 4, 'warmup_iterations': 3, 'gpu_completion_mode': 'per_iteration', 'unit': 'us', 'direction': 'lower_is_better'}"
win,candidate,game_load.s3tc_sync_factor.rgba8_ring_payload_generations,20261004-191918184-df071e65b1774e948b8bfe2f4f850619,34044.7969,4268265,133382.875,8,132981,133426.5,133711,133711,133711,133382.875,passed,PASS,3403675459d4d3d5,3403675459d4d3d5,True,ineligible,True,completed,"{'revision': 1, 'iterations': 32, 'sample_count': 8, 'measurement_iterations_multiplier': 4, 'warmup_iterations': 3, 'gpu_completion_mode': 'per_iteration', 'unit': 'us', 'direction': 'lower_is_better'}"
win,candidate,game_load.s3tc_sync_factor.rgba8_dirty_once_redraw,20261004-191918184-df071e65b1774e948b8bfe2f4f850619,34044.7969,534527,16703.625,8,16542,16697.5,16905,16905,16905,16703.625,passed,PASS,428c04bbb0a62725,428c04bbb0a62725,True,ineligible,True,completed,"{'revision': 1, 'iterations': 32, 'sample_count': 8, 'measurement_iterations_multiplier': 4, 'warmup_iterations': 3, 'gpu_completion_mode': 'per_iteration', 'unit': 'us', 'direction': 'lower_is_better'}"
win,candidate,game_load.s3tc_sync_factor.bc2_native_eligible,20261004-191918184-df071e65b1774e948b8bfe2f4f850619,34044.7969,1099079,34345.875,8,33131,33450.5,37315,37315,37315,34345.875,failed,PASS,3403675459d4d3d5,db28300321744de5,True,ineligible,True,completed,"{'revision': 1, 'iterations': 32, 'sample_count': 8, 'measurement_iterations_multiplier': 4, 'warmup_iterations': 3, 'gpu_completion_mode': 'per_iteration', 'unit': 'us', 'direction': 'lower_is_better'}"
win,candidate,game_load.s3tc_sync_factor.bc2_bordered_fallback,20261004-191918184-df071e65b1774e948b8bfe2f4f850619,34044.7969,3214028,100438,8,99797,99959.0,103464,103464,103464,100438,passed,PASS,db28300321744de5,db28300321744de5,True,ineligible,True,completed,"{'revision': 1, 'iterations': 32, 'sample_count': 8, 'measurement_iterations_multiplier': 4, 'warmup_iterations': 3, 'gpu_completion_mode': 'per_iteration', 'unit': 'us', 'direction': 'lower_is_better'}"
win,candidate,game_load.s3tc_sync_factor.bc3_native_eligible,20261004-191918184-df071e65b1774e948b8bfe2f4f850619,34044.7969,1099535,34360.125,8,33133,33400.5,37408,37408,37408,34360.125,failed,PASS,3403675459d4d3d5,db28300321744de5,True,ineligible,True,completed,"{'revision': 1, 'iterations': 32, 'sample_count': 8, 'measurement_iterations_multiplier': 4, 'warmup_iterations': 3, 'gpu_completion_mode': 'per_iteration', 'unit': 'us', 'direction': 'lower_is_better'}"
win,candidate,game_load.s3tc_sync_factor.bc3_bordered_fallback,20261004-191918184-df071e65b1774e948b8bfe2f4f850619,34044.7969,3200018,100000.125,8,99705,99973.5,100461,100461,100461,100000.125,passed,PASS,db28300321744de5,db28300321744de5,True,ineligible,True,completed,"{'revision': 1, 'iterations': 32, 'sample_count': 8, 'measurement_iterations_multiplier': 4, 'warmup_iterations': 3, 'gpu_completion_mode': 'per_iteration', 'unit': 'us', 'direction': 'lower_is_better'}"
win,candidate,game_load.repeated_display,20261004-191954841-6329baa3edd3442a881627163c406a1d,23259.7603,532796,16649.5,8,16520,16663.0,16698,16698,16698,16649.5,passed,PASS,36f446003b9d6325,36f446003b9d6325,True,ineligible,True,completed,"{'revision': 1, 'iterations': 32, 'sample_count': 8, 'measurement_iterations_multiplier': 4, 'warmup_iterations': 3, 'gpu_completion_mode': 'per_iteration', 'unit': 'us', 'direction': 'lower_is_better'}"
win,candidate,game_load.repeated_display_boosted,20261004-191954841-6329baa3edd3442a881627163c406a1d,23259.7603,1582676,49458.375,8,46241,49910.0,50154,50154,50154,49458.375,passed,PASS,b2bc760cb1fba325,b2bc760cb1fba325,True,ineligible,True,completed,"{'revision': 1, 'iterations': 32, 'sample_count': 8, 'measurement_iterations_multiplier': 4, 'warmup_iterations': 3, 'gpu_completion_mode': 'per_iteration', 'unit': 'us', 'direction': 'lower_is_better'}"
win,candidate,game_load.doax_menu_representative.cpu_only,20261004-191954841-6329baa3edd3442a881627163c406a1d,23259.7603,506844,15838.5,8,13594,15372.5,20243,20243,20243,15838.5,passed,PASS,5abb9d9faaa22325,5abb9d9faaa22325,True,ineligible,True,completed,"{'revision': 1, 'iterations': 32, 'sample_count': 8, 'measurement_iterations_multiplier': 4, 'warmup_iterations': 3, 'gpu_completion_mode': 'per_iteration', 'unit': 'us', 'direction': 'lower_is_better'}"
win,candidate,game_load.doax_menu_representative.pfifo_only,20261004-191954841-6329baa3edd3442a881627163c406a1d,23259.7603,81256,2538.875,8,2475,2521.0,2718,2718,2718,2538.875,passed,PASS,f9826bbdd7912325,f9826bbdd7912325,True,ineligible,True,completed,"{'revision': 1, 'iterations': 32, 'sample_count': 8, 'measurement_iterations_multiplier': 4, 'warmup_iterations': 3, 'gpu_completion_mode': 'per_iteration', 'unit': 'us', 'direction': 'lower_is_better'}"
win,candidate,game_load.doax_menu_representative.gpu_only,20261004-191954841-6329baa3edd3442a881627163c406a1d,23259.7603,598759,18710.75,8,18157,18365.5,21076,21076,21076,18710.75,passed,PASS,d3984ab7dcb8e325,d3984ab7dcb8e325,True,ineligible,True,completed,"{'revision': 1, 'iterations': 32, 'sample_count': 8, 'measurement_iterations_multiplier': 4, 'warmup_iterations': 3, 'gpu_completion_mode': 'per_iteration', 'unit': 'us', 'direction': 'lower_is_better'}"
win,candidate,game_load.doax_menu_representative.streaming_only,20261004-191954841-6329baa3edd3442a881627163c406a1d,23259.7603,174731,5460,8,5034,5393.5,5966,5966,5966,5460,passed,PASS,491294aadc23a325,491294aadc23a325,True,ineligible,True,completed,"{'revision': 1, 'iterations': 32, 'sample_count': 8, 'measurement_iterations_multiplier': 4, 'warmup_iterations': 3, 'gpu_completion_mode': 'per_iteration', 'unit': 'us', 'direction': 'lower_is_better'}"
win,candidate,game_load.doax_menu_representative.cpu_pfifo_gpu,20261004-191954841-6329baa3edd3442a881627163c406a1d,23259.7603,1130385,35324.25,8,34588,34961.5,37886,37886,37886,35324.25,passed,PASS,302026d9f9232325,302026d9f9232325,True,ineligible,True,completed,"{'revision': 1, 'iterations': 32, 'sample_count': 8, 'measurement_iterations_multiplier': 4, 'warmup_iterations': 3, 'gpu_completion_mode': 'per_iteration', 'unit': 'us', 'direction': 'lower_is_better'}"
win,candidate,game_load.doax_menu_representative.cpu_pfifo_gpu_streaming,20261004-191954841-6329baa3edd3442a881627163c406a1d,23259.7603,1247854,38995,8,38621,38956.5,39452,39452,39452,38995,passed,PASS,9e98944350a52325,9e98944350a52325,True,ineligible,True,completed,"{'revision': 1, 'iterations': 32, 'sample_count': 8, 'measurement_iterations_multiplier': 4, 'warmup_iterations': 3, 'gpu_completion_mode': 'per_iteration', 'unit': 'us', 'direction': 'lower_is_better'}"
win,candidate,game_load.doax_menu_representative.full_system,20261004-191954841-6329baa3edd3442a881627163c406a1d,23259.7603,1249051,39032.625,8,38431,38852.0,39971,39971,39971,39032.625,passed,PASS,7896e875a8ad2325,7896e875a8ad2325,True,ineligible,True,completed,"{'revision': 1, 'iterations': 32, 'sample_count': 8, 'measurement_iterations_multiplier': 4, 'warmup_iterations': 3, 'gpu_completion_mode': 'per_iteration', 'unit': 'us', 'direction': 'lower_is_better'}"
win,candidate,game_load.doax_menu_stress.cpu_only,20261004-191954841-6329baa3edd3442a881627163c406a1d,23259.7603,879148,27473.125,8,27292,27469.0,27784,27784,27784,27473.125,passed,PASS,4b7c157e1e9ce325,4b7c157e1e9ce325,True,ineligible,True,completed,"{'revision': 1, 'iterations': 32, 'sample_count': 8, 'measurement_iterations_multiplier': 4, 'warmup_iterations': 3, 'gpu_completion_mode': 'per_iteration', 'unit': 'us', 'direction': 'lower_is_better'}"
win,candidate,game_load.doax_menu_stress.pfifo_only,20261004-191954841-6329baa3edd3442a881627163c406a1d,23259.7603,159441,4982.25,8,4956,4984.5,5000,5000,5000,4982.25,passed,PASS,f46d8f2a39a6e325,f46d8f2a39a6e325,True,ineligible,True,completed,"{'revision': 1, 'iterations': 32, 'sample_count': 8, 'measurement_iterations_multiplier': 4, 'warmup_iterations': 3, 'gpu_completion_mode': 'per_iteration', 'unit': 'us', 'direction': 'lower_is_better'}"
win,candidate,game_load.doax_menu_stress.gpu_only,20261004-191954841-6329baa3edd3442a881627163c406a1d,23259.7603,1173773,36680.125,8,36394,36679.5,37040,37040,37040,36680.125,passed,PASS,bcaf8b0e8de5a325,bcaf8b0e8de5a325,True,ineligible,True,completed,"{'revision': 1, 'iterations': 32, 'sample_count': 8, 'measurement_iterations_multiplier': 4, 'warmup_iterations': 3, 'gpu_completion_mode': 'per_iteration', 'unit': 'us', 'direction': 'lower_is_better'}"
win,candidate,game_load.doax_menu_stress.streaming_only,20261004-192020707-146d9f5b89af4a898a4a597bb9db6b64,42753.8365,510613,15956.375,8,15461,15997.5,16441,16441,16441,15956.375,passed,PASS,06e0eccda97d2325,06e0eccda97d2325,True,ineligible,True,completed,"{'revision': 1, 'iterations': 32, 'sample_count': 8, 'measurement_iterations_multiplier': 4, 'warmup_iterations': 3, 'gpu_completion_mode': 'per_iteration', 'unit': 'us', 'direction': 'lower_is_better'}"
win,candidate,game_load.doax_menu_stress.cpu_pfifo_gpu,20261004-192020707-146d9f5b89af4a898a4a597bb9db6b64,42753.8365,2185209,68287.5,8,67356,67633.5,70726,70726,70726,68287.5,passed,PASS,7707cd4649e4a325,7707cd4649e4a325,True,ineligible,True,completed,"{'revision': 1, 'iterations': 32, 'sample_count': 8, 'measurement_iterations_multiplier': 4, 'warmup_iterations': 3, 'gpu_completion_mode': 'per_iteration', 'unit': 'us', 'direction': 'lower_is_better'}"
win,candidate,game_load.doax_menu_stress.cpu_pfifo_gpu_streaming,20261004-192020707-146d9f5b89af4a898a4a597bb9db6b64,42753.8365,2349739,73429.125,8,72908,73341.0,74251,74251,74251,73429.125,passed,PASS,d4d9dedf3ef06325,d4d9dedf3ef06325,True,ineligible,True,completed,"{'revision': 1, 'iterations': 32, 'sample_count': 8, 'measurement_iterations_multiplier': 4, 'warmup_iterations': 3, 'gpu_completion_mode': 'per_iteration', 'unit': 'us', 'direction': 'lower_is_better'}"
win,candidate,game_load.doax_menu_stress.full_system,20261004-192020707-146d9f5b89af4a898a4a597bb9db6b64,42753.8365,2361368,73792.375,8,72700,73648.0,75607,75607,75607,73792.375,passed,PASS,8cf51e8eb67fa325,8cf51e8eb67fa325,True,ineligible,True,completed,"{'revision': 1, 'iterations': 32, 'sample_count': 8, 'measurement_iterations_multiplier': 4, 'warmup_iterations': 3, 'gpu_completion_mode': 'per_iteration', 'unit': 'us', 'direction': 'lower_is_better'}"
win,candidate,game_load.pgr2_ai_backup.cpu_only,20261004-192020707-146d9f5b89af4a898a4a597bb9db6b64,42753.8365,1343306,41977.875,8,41748,41983.5,42292,42292,42292,41977.875,passed,PASS,e6df98b3e513a325,e6df98b3e513a325,True,ineligible,True,completed,"{'revision': 1, 'iterations': 32, 'sample_count': 8, 'measurement_iterations_multiplier': 4, 'warmup_iterations': 3, 'gpu_completion_mode': 'per_iteration', 'unit': 'us', 'direction': 'lower_is_better'}"
win,candidate,game_load.pgr2_ai_backup.pfifo_only,20261004-192020707-146d9f5b89af4a898a4a597bb9db6b64,42753.8365,523401,16355.75,8,16255,16353.0,16442,16442,16442,16355.75,passed,PASS,e57ef83b3a66e325,e57ef83b3a66e325,True,ineligible,True,completed,"{'revision': 1, 'iterations': 32, 'sample_count': 8, 'measurement_iterations_multiplier': 4, 'warmup_iterations': 3, 'gpu_completion_mode': 'per_iteration', 'unit': 'us', 'direction': 'lower_is_better'}"
win,candidate,game_load.pgr2_ai_backup.gpu_only,20261004-192020707-146d9f5b89af4a898a4a597bb9db6b64,42753.8365,2944365,92011.125,8,91155,91721.0,95104,95104,95104,92011.125,passed,PASS,02ffd9b12aa96325,02ffd9b12aa96325,True,ineligible,True,completed,"{'revision': 1, 'iterations': 32, 'sample_count': 8, 'measurement_iterations_multiplier': 4, 'warmup_iterations': 3, 'gpu_completion_mode': 'per_iteration', 'unit': 'us', 'direction': 'lower_is_better'}"
win,candidate,game_load.pgr2_ai_backup.streaming_only,20261004-192020707-146d9f5b89af4a898a4a597bb9db6b64,42753.8365,123023,3844,8,3557,3679.0,4790,4790,4790,3844,passed,PASS,155df5f182392325,155df5f182392325,True,ineligible,True,completed,"{'revision': 1, 'iterations': 32, 'sample_count': 8, 'measurement_iterations_multiplier': 4, 'warmup_iterations': 3, 'gpu_completion_mode': 'per_iteration', 'unit': 'us', 'direction': 'lower_is_better'}"
win,candidate,game_load.pgr2_ai_backup.cpu_pfifo_gpu,20261004-192020707-146d9f5b89af4a898a4a597bb9db6b64,42753.8365,4860553,151891.875,8,150511,151438.5,155261,155261,155261,151891.875,passed,PASS,ab22104929b9e325,ab22104929b9e325,True,ineligible,True,completed,"{'revision': 1, 'iterations': 32, 'sample_count': 8, 'measurement_iterations_multiplier': 4, 'warmup_iterations': 3, 'gpu_completion_mode': 'per_iteration', 'unit': 'us', 'direction': 'lower_is_better'}"
win,candidate,game_load.pgr2_ai_backup.cpu_pfifo_gpu_streaming,20261004-192020707-146d9f5b89af4a898a4a597bb9db6b64,42753.8365,4944021,154500.125,8,153700,154275.5,155863,155863,155863,154500.125,passed,PASS,66a43765efc02325,66a43765efc02325,True,ineligible,True,completed,"{'revision': 1, 'iterations': 32, 'sample_count': 8, 'measurement_iterations_multiplier': 4, 'warmup_iterations': 3, 'gpu_completion_mode': 'per_iteration', 'unit': 'us', 'direction': 'lower_is_better'}"
win,candidate,game_load.pgr2_ai_backup.full_system,20261004-192020707-146d9f5b89af4a898a4a597bb9db6b64,42753.8365,4972595,155393.25,8,154162,155348.0,157618,157618,157618,155393.25,passed,PASS,55485325870d6325,55485325870d6325,True,ineligible,True,completed,"{'revision': 1, 'iterations': 32, 'sample_count': 8, 'measurement_iterations_multiplier': 4, 'warmup_iterations': 3, 'gpu_completion_mode': 'per_iteration', 'unit': 'us', 'direction': 'lower_is_better'}"
win,candidate,high_vertex_count.arrays,20261004-192106587-fae0cdde9c89453f9b41a5f4203ab5a4,21986.171,37560,93.5,100,55,62.0,161,163,438,93.5,failed,PASS,a27c67890c2d9083,cd6d0d64451d191b,True,ineligible,True,completed,"{'revision': 1, 'iterations': 400, 'sample_count': 100, 'measurement_iterations_multiplier': 4, 'warmup_iterations': 3, 'gpu_completion_mode': 'per_iteration', 'unit': 'us', 'direction': 'lower_is_better'}"
win,candidate,high_vertex_count.inline_arrays,20261004-192106587-fae0cdde9c89453f9b41a5f4203ab5a4,21986.171,2372991,59324.4,10,58574,59504.5,59885,59885,59885,59324.4,failed,PASS,a27c67890c2d9083,31a890c7f71db193,True,ineligible,True,completed,"{'revision': 1, 'iterations': 40, 'sample_count': 10, 'measurement_iterations_multiplier': 4, 'warmup_iterations': 3, 'gpu_completion_mode': 'per_iteration', 'unit': 'us', 'direction': 'lower_is_better'}"
win,candidate,high_vertex_count.inline_buffers,20261004-192106587-fae0cdde9c89453f9b41a5f4203ab5a4,21986.171,4723182,236158.6,5,234636,236261,237752,237752,237752,236158.6,failed,PASS,a27c67890c2d9083,f320b0df5ba62943,True,ineligible,True,completed,"{'revision': 1, 'iterations': 20, 'sample_count': 5, 'measurement_iterations_multiplier': 4, 'warmup_iterations': 3, 'gpu_completion_mode': 'per_iteration', 'unit': 'us', 'direction': 'lower_is_better'}"
win,candidate,high_vertex_count.inline_elements,20261004-192106587-fae0cdde9c89453f9b41a5f4203ab5a4,21986.171,796369,3981.46,50,3895,3961.5,4150,4439,4439,3981.46,failed,PASS,a27c67890c2d9083,b24516b5372da0f3,True,ineligible,True,completed,"{'revision': 1, 'iterations': 200, 'sample_count': 50, 'measurement_iterations_multiplier': 4, 'warmup_iterations': 3, 'gpu_completion_mode': 'per_iteration', 'unit': 'us', 'direction': 'lower_is_better'}"
win,candidate,primitive_type.line_loop.fixed_function,20261004-192106587-fae0cdde9c89453f9b41a5f4203ab5a4,21986.171,24859,621.1,10,564,574.0,990,990,990,621.1,failed,PASS,f2158581ac6e3919,d48f43c09e534094,True,ineligible,True,completed,"{'revision': 1, 'iterations': 40, 'sample_count': 10, 'measurement_iterations_multiplier': 4, 'warmup_iterations': 3, 'gpu_completion_mode': 'per_iteration', 'unit': 'us', 'direction': 'lower_is_better'}"
win,candidate,primitive_type.line_loop.vertex_shader,20261004-192106587-fae0cdde9c89453f9b41a5f4203ab5a4,21986.171,23150,578.4,10,562,579.0,594,594,594,578.4,failed,PASS,f2158581ac6e3919,47373dc0c7be28f8,True,ineligible,True,completed,"{'revision': 1, 'iterations': 40, 'sample_count': 10, 'measurement_iterations_multiplier': 4, 'warmup_iterations': 3, 'gpu_completion_mode': 'per_iteration', 'unit': 'us', 'direction': 'lower_is_better'}"
win,candidate,primitive_type.line_strip.fixed_function,20261004-192106587-fae0cdde9c89453f9b41a5f4203ab5a4,21986.171,24766,618.7,10,603,618.5,628,628,628,618.7,failed,PASS,f2158581ac6e3919,0964935c28234a4a,True,ineligible,True,completed,"{'revision': 1, 'iterations': 40, 'sample_count': 10, 'measurement_iterations_multiplier': 4, 'warmup_iterations': 3, 'gpu_completion_mode': 'per_iteration', 'unit': 'us', 'direction': 'lower_is_better'}"
win,candidate,primitive_type.line_strip.vertex_shader,20261004-192106587-fae0cdde9c89453f9b41a5f4203ab5a4,21986.171,23373,583.9,10,548,581.0,631,631,631,583.9,failed,PASS,f2158581ac6e3919,94b433237d71b182,True,ineligible,True,completed,"{'revision': 1, 'iterations': 40, 'sample_count': 10, 'measurement_iterations_multiplier': 4, 'warmup_iterations': 3, 'gpu_completion_mode': 'per_iteration', 'unit': 'us', 'direction': 'lower_is_better'}"
win,candidate,primitive_type.lines.fixed_function,20261004-192106587-fae0cdde9c89453f9b41a5f4203ab5a4,21986.171,46944,1173.3,10,1137,1179.0,1191,1191,1191,1173.3,failed,PASS,1766a7f93aa72a14,6c16b2698ec4e26b,True,ineligible,True,completed,"{'revision': 1, 'iterations': 40, 'sample_count': 10, 'measurement_iterations_multiplier': 4, 'warmup_iterations': 3, 'gpu_completion_mode': 'per_iteration', 'unit': 'us', 'direction': 'lower_is_better'}"
win,candidate,primitive_type.lines.vertex_shader,20261004-192106587-fae0cdde9c89453f9b41a5f4203ab5a4,21986.171,48967,1223.8,10,1187,1232.5,1249,1249,1249,1223.8,failed,PASS,1766a7f93aa72a14,53924aa6f5e55b57,True,ineligible,True,completed,"{'revision': 1, 'iterations': 40, 'sample_count': 10, 'measurement_iterations_multiplier': 4, 'warmup_iterations': 3, 'gpu_completion_mode': 'per_iteration', 'unit': 'us', 'direction': 'lower_is_better'}"
win,candidate,primitive_type.points.fixed_function,20261004-192106587-fae0cdde9c89453f9b41a5f4203ab5a4,21986.171,23219,580.2,10,563,582.0,596,596,596,580.2,failed,PASS,5b296619f665c070,7400f7a8ac9d8c86,True,ineligible,True,completed,"{'revision': 1, 'iterations': 40, 'sample_count': 10, 'measurement_iterations_multiplier': 4, 'warmup_iterations': 3, 'gpu_completion_mode': 'per_iteration', 'unit': 'us', 'direction': 'lower_is_better'}"
win,candidate,primitive_type.points.vertex_shader,20261004-192106587-fae0cdde9c89453f9b41a5f4203ab5a4,21986.171,24790,619.3,10,547,586.5,924,924,924,619.3,failed,PASS,5b296619f665c070,f1d83724373d0036,True,ineligible,True,completed,"{'revision': 1, 'iterations': 40, 'sample_count': 10, 'measurement_iterations_multiplier': 4, 'warmup_iterations': 3, 'gpu_completion_mode': 'per_iteration', 'unit': 'us', 'direction': 'lower_is_better'}"
win,candidate,primitive_type.polygon.fixed_function,20261004-192131192-391efd83cfac4bb5941a61762dacb9c2,13363.3892,49628,1240.2,10,1059,1258.0,1377,1377,1377,1240.2,failed,PASS,2c4beaa06aba1000,515407015a00c880,True,ineligible,True,completed,"{'revision': 1, 'iterations': 40, 'sample_count': 10, 'measurement_iterations_multiplier': 4, 'warmup_iterations': 3, 'gpu_completion_mode': 'per_iteration', 'unit': 'us', 'direction': 'lower_is_better'}"
win,candidate,primitive_type.polygon.vertex_shader,20261004-192131192-391efd83cfac4bb5941a61762dacb9c2,13363.3892,34579,864.1,10,850,863.5,877,877,877,864.1,failed,PASS,2c4beaa06aba1000,4376cbfa562c7d14,True,ineligible,True,completed,"{'revision': 1, 'iterations': 40, 'sample_count': 10, 'measurement_iterations_multiplier': 4, 'warmup_iterations': 3, 'gpu_completion_mode': 'per_iteration', 'unit': 'us', 'direction': 'lower_is_better'}"
win,candidate,primitive_type.quad_strip.fixed_function,20261004-192131192-391efd83cfac4bb5941a61762dacb9c2,13363.3892,70095,1751.9,10,1726,1743.5,1783,1783,1783,1751.9,failed,PASS,f64b4495347cec73,190c4f06474f8467,True,ineligible,True,completed,"{'revision': 1, 'iterations': 40, 'sample_count': 10, 'measurement_iterations_multiplier': 4, 'warmup_iterations': 3, 'gpu_completion_mode': 'per_iteration', 'unit': 'us', 'direction': 'lower_is_better'}"
win,candidate,primitive_type.quad_strip.vertex_shader,20261004-192131192-391efd83cfac4bb5941a61762dacb9c2,13363.3892,45948,1148.3,10,1108,1146.0,1200,1200,1200,1148.3,failed,PASS,f64b4495347cec73,d5cf212c5788c3df,True,ineligible,True,completed,"{'revision': 1, 'iterations': 40, 'sample_count': 10, 'measurement_iterations_multiplier': 4, 'warmup_iterations': 3, 'gpu_completion_mode': 'per_iteration', 'unit': 'us', 'direction': 'lower_is_better'}"
win,candidate,primitive_type.quads.fixed_function,20261004-192131192-391efd83cfac4bb5941a61762dacb9c2,13363.3892,89735,2243,10,2175,2236.5,2325,2325,2325,2243,failed,PASS,114a1419338256e5,b52448622bc1c001,True,ineligible,True,completed,"{'revision': 1, 'iterations': 40, 'sample_count': 10, 'measurement_iterations_multiplier': 4, 'warmup_iterations': 3, 'gpu_completion_mode': 'per_iteration', 'unit': 'us', 'direction': 'lower_is_better'}"
win,candidate,primitive_type.quads.vertex_shader,20261004-192131192-391efd83cfac4bb5941a61762dacb9c2,13363.3892,92822,2320.2,10,2255,2310.5,2479,2479,2479,2320.2,failed,PASS,114a1419338256e5,fbac823960948b69,True,ineligible,True,completed,"{'revision': 1, 'iterations': 40, 'sample_count': 10, 'measurement_iterations_multiplier': 4, 'warmup_iterations': 3, 'gpu_completion_mode': 'per_iteration', 'unit': 'us', 'direction': 'lower_is_better'}"
win,candidate,primitive_type.triangle_fan.fixed_function,20261004-192131192-391efd83cfac4bb5941a61762dacb9c2,13363.3892,22986,574.2,10,543,575.0,590,590,590,574.2,failed,PASS,36644f0fd11db166,ba0d8daf7940c5d2,True,ineligible,True,completed,"{'revision': 1, 'iterations': 40, 'sample_count': 10, 'measurement_iterations_multiplier': 4, 'warmup_iterations': 3, 'gpu_completion_mode': 'per_iteration', 'unit': 'us', 'direction': 'lower_is_better'}"
win,candidate,primitive_type.triangle_fan.vertex_shader,20261004-192131192-391efd83cfac4bb5941a61762dacb9c2,13363.3892,22908,572.3,10,544,573.5,587,587,587,572.3,failed,PASS,36644f0fd11db166,134a22bd3882e48e,True,ineligible,True,completed,"{'revision': 1, 'iterations': 40, 'sample_count': 10, 'measurement_iterations_multiplier': 4, 'warmup_iterations': 3, 'gpu_completion_mode': 'per_iteration', 'unit': 'us', 'direction': 'lower_is_better'}"
win,candidate,primitive_type.triangle_strip.fixed_function,20261004-192131192-391efd83cfac4bb5941a61762dacb9c2,13363.3892,23010,574.8,10,544,572.5,607,607,607,574.8,failed,PASS,d7b289579fdaa1ab,d15b03d8ead6bb03,True,ineligible,True,completed,"{'revision': 1, 'iterations': 40, 'sample_count': 10, 'measurement_iterations_multiplier': 4, 'warmup_iterations': 3, 'gpu_completion_mode': 'per_iteration', 'unit': 'us', 'direction': 'lower_is_better'}"
win,candidate,primitive_type.triangle_strip.vertex_shader,20261004-192131192-391efd83cfac4bb5941a61762dacb9c2,13363.3892,23211,579.9,10,551,575.5,637,637,637,579.9,failed,PASS,d7b289579fdaa1ab,f7cfda74a4111eff,True,ineligible,True,completed,"{'revision': 1, 'iterations': 40, 'sample_count': 10, 'measurement_iterations_multiplier': 4, 'warmup_iterations': 3, 'gpu_completion_mode': 'per_iteration', 'unit': 'us', 'direction': 'lower_is_better'}"
win,candidate,primitive_type.triangles.fixed_function,20261004-192131192-391efd83cfac4bb5941a61762dacb9c2,13363.3892,70312,1757.3,10,1714,1758.0,1805,1805,1805,1757.3,failed,PASS,72f05baf369ceb60,4521bcfbdb43e248,True,ineligible,True,completed,"{'revision': 1, 'iterations': 40, 'sample_count': 10, 'measurement_iterations_multiplier': 4, 'warmup_iterations': 3, 'gpu_completion_mode': 'per_iteration', 'unit': 'us', 'direction': 'lower_is_better'}"
win,candidate,primitive_type.triangles.vertex_shader,20261004-192131192-391efd83cfac4bb5941a61762dacb9c2,13363.3892,68221,1705.1,10,1642,1692.5,1790,1790,1790,1705.1,failed,PASS,72f05baf369ceb60,d86abc6e019e36fc,True,ineligible,True,completed,"{'revision': 1, 'iterations': 40, 'sample_count': 10, 'measurement_iterations_multiplier': 4, 'warmup_iterations': 3, 'gpu_completion_mode': 'per_iteration', 'unit': 'us', 'direction': 'lower_is_better'}"
win,candidate,texture_cubemap_fallback.bordered_palette_size1,20261004-192147186-edb5b808a02741f59283011f7054a58a,26951.5182,533015,16656.25,8,16582,16652.5,16736,16736,16736,,not evaluated,FAIL,56d00ed89334a325,,True,ineligible,False,failed,"{'revision': 1, 'iterations': 32, 'sample_count': 8, 'measurement_iterations_multiplier': 4, 'warmup_iterations': 3, 'gpu_completion_mode': 'per_iteration', 'unit': 'us', 'direction': 'lower_is_better'}"
win,candidate,surface.basic,20261004-192236597-222565c0d20343fdb89b24b0a9ef8f29,18128.909,809802,20244.8,10,19709,20276.0,20933,20933,20933,20244.8,failed,PASS,42459952797c47fa,6f90d43f59b710fa,True,ineligible,True,completed,"{'revision': 1, 'iterations': 40, 'sample_count': 10, 'measurement_iterations_multiplier': 4, 'warmup_iterations': 3, 'gpu_completion_mode': 'per_iteration', 'unit': 'us', 'direction': 'lower_is_better'}"
win,candidate,surface.cpu_read_after_gpu_write,20261004-192236597-222565c0d20343fdb89b24b0a9ef8f29,18128.909,70492,880.8,20,774,800.5,1211,1267,1267,880.8,passed,PASS,572720976b602325,572720976b602325,True,ineligible,True,completed,"{'revision': 1, 'iterations': 80, 'sample_count': 20, 'measurement_iterations_multiplier': 4, 'warmup_iterations': 3, 'gpu_completion_mode': 'per_iteration', 'unit': 'us', 'direction': 'lower_is_better'}"
win,candidate,surface.cpu_read_clean_surface,20261004-192236597-222565c0d20343fdb89b24b0a9ef8f29,18128.909,25646,63.69,100,57,62.0,67,101,164,63.69,passed,PASS,aa32af524aa52325,aa32af524aa52325,True,ineligible,True,completed,"{'revision': 1, 'iterations': 400, 'sample_count': 100, 'measurement_iterations_multiplier': 4, 'warmup_iterations': 3, 'gpu_completion_mode': 'per_iteration', 'unit': 'us', 'direction': 'lower_is_better'}"
win,candidate,surface.framebuffer_working_set_002,20261004-192236597-222565c0d20343fdb89b24b0a9ef8f29,18128.909,105056,1312.8,20,1122,1234.0,1649,1671,1671,1312.8,failed,PASS,9f3b0609a42777d5,ab1fa4b103c05f05,True,ineligible,True,completed,"{'revision': 1, 'iterations': 80, 'sample_count': 20, 'measurement_iterations_multiplier': 4, 'warmup_iterations': 3, 'gpu_completion_mode': 'per_iteration', 'unit': 'us', 'direction': 'lower_is_better'}"
win,candidate,surface.framebuffer_working_set_008,20261004-192236597-222565c0d20343fdb89b24b0a9ef8f29,18128.909,107240,1340.1,20,1148,1259.5,1600,1729,1729,1340.1,failed,PASS,64cbf95dec8f59e5,8393e7935b67da71,True,ineligible,True,completed,"{'revision': 1, 'iterations': 80, 'sample_count': 20, 'measurement_iterations_multiplier': 4, 'warmup_iterations': 3, 'gpu_completion_mode': 'per_iteration', 'unit': 'us', 'direction': 'lower_is_better'}"
win,candidate,surface.framebuffer_working_set_032,20261004-192236597-222565c0d20343fdb89b24b0a9ef8f29,18128.909,105342,1316.45,20,1150,1275.0,1522,1559,1559,1316.45,failed,PASS,a6116feb11a28c25,4e53301a279a7e09,True,ineligible,True,completed,"{'revision': 1, 'iterations': 80, 'sample_count': 20, 'measurement_iterations_multiplier': 4, 'warmup_iterations': 3, 'gpu_completion_mode': 'per_iteration', 'unit': 'us', 'direction': 'lower_is_better'}"
win,candidate,surface.framebuffer_working_set_064,20261004-192236597-222565c0d20343fdb89b24b0a9ef8f29,18128.909,120473,1505.5,20,1325,1467.0,1697,1716,1716,1505.5,failed,PASS,a6116feb11a28c25,dbdfafa7ed2f28c9,True,ineligible,True,completed,"{'revision': 1, 'iterations': 80, 'sample_count': 20, 'measurement_iterations_multiplier': 4, 'warmup_iterations': 3, 'gpu_completion_mode': 'per_iteration', 'unit': 'us', 'direction': 'lower_is_better'}"
win,candidate,surface.full_clear_elision_guard,20261004-192236597-222565c0d20343fdb89b24b0a9ef8f29,18128.909,632443,1580.73,100,1492,1533.0,1819,1981,2090,1580.73,failed,PASS,d91a0e75979a1f25,01a1571033aa9dfd,True,ineligible,True,completed,"{'revision': 1, 'iterations': 400, 'sample_count': 100, 'measurement_iterations_multiplier': 4, 'warmup_iterations': 3, 'gpu_completion_mode': 'per_iteration', 'unit': 'us', 'direction': 'lower_is_better'}"
win,candidate,surface.overlapping_surface_churn_representative,20261004-192236597-222565c0d20343fdb89b24b0a9ef8f29,18128.909,847837,2119.19,100,1937,2085.5,2630,2697,2708,2119.19,failed,PASS,caf66d4bf5691525,7b4f2884714177a5,True,ineligible,True,completed,"{'revision': 1, 'iterations': 400, 'sample_count': 100, 'measurement_iterations_multiplier': 4, 'warmup_iterations': 3, 'gpu_completion_mode': 'per_iteration', 'unit': 'us', 'direction': 'lower_is_better'}"
win,candidate,surface.overlapping_surface_churn_stress,20261004-192236597-222565c0d20343fdb89b24b0a9ef8f29,18128.909,928106,23202.2,10,22686,23237.5,23592,23592,23592,23202.2,failed,PASS,caf66d4bf5691525,19890b325809498d,True,ineligible,True,completed,"{'revision': 1, 'iterations': 40, 'sample_count': 10, 'measurement_iterations_multiplier': 4, 'warmup_iterations': 3, 'gpu_completion_mode': 'per_iteration', 'unit': 'us', 'direction': 'lower_is_better'}"
win,candidate,surface.partial_channel_clear_guard,20261004-192236597-222565c0d20343fdb89b24b0a9ef8f29,18128.909,639621,1598.69,100,1499,1541.0,1970,2081,2176,1598.69,failed,PASS,eb2cb498aa73af25,31d730ce613f92bd,True,ineligible,True,completed,"{'revision': 1, 'iterations': 400, 'sample_count': 100, 'measurement_iterations_multiplier': 4, 'warmup_iterations': 3, 'gpu_completion_mode': 'per_iteration', 'unit': 'us', 'direction': 'lower_is_better'}"
win,candidate,surface.surface_download_path,20261004-192236597-222565c0d20343fdb89b24b0a9ef8f29,18128.909,549576,13739.1,10,13292,13664.5,14730,14730,14730,13739.1,failed,PASS,2b0e8aac0f8838e8,eb6604c45975bcec,True,ineligible,True,completed,"{'revision': 1, 'iterations': 40, 'sample_count': 10, 'measurement_iterations_multiplier': 4, 'warmup_iterations': 3, 'gpu_completion_mode': 'per_iteration', 'unit': 'us', 'direction': 'lower_is_better'}"
win,candidate,surface.surface_list_lookup_002,20261004-192257332-7e1ac25af4354d52af758edce2050d36,18314.748,134449,1680.2,20,1436,1666.5,1998,2065,2065,1680.2,failed,PASS,fa475bc695046525,26ff617c53458a53,True,ineligible,True,completed,"{'revision': 1, 'iterations': 80, 'sample_count': 20, 'measurement_iterations_multiplier': 4, 'warmup_iterations': 3, 'gpu_completion_mode': 'per_iteration', 'unit': 'us', 'direction': 'lower_is_better'}"
win,candidate,surface.surface_list_lookup_008,20261004-192257332-7e1ac25af4354d52af758edce2050d36,18314.748,107834,1347.6,20,1145,1282.5,1607,1793,1793,1347.6,failed,PASS,eaf6788dfe8d2f25,18e8676fcc804922,True,ineligible,True,completed,"{'revision': 1, 'iterations': 80, 'sample_count': 20, 'measurement_iterations_multiplier': 4, 'warmup_iterations': 3, 'gpu_completion_mode': 'per_iteration', 'unit': 'us', 'direction': 'lower_is_better'}"
win,candidate,surface.surface_list_lookup_032,20261004-192257332-7e1ac25af4354d52af758edce2050d36,18314.748,107625,1345,20,1159,1292.0,1601,1937,1937,1345,failed,PASS,c6275b91195a5325,1bc652a47e609cf5,True,ineligible,True,completed,"{'revision': 1, 'iterations': 80, 'sample_count': 20, 'measurement_iterations_multiplier': 4, 'warmup_iterations': 3, 'gpu_completion_mode': 'per_iteration', 'unit': 'us', 'direction': 'lower_is_better'}"
win,candidate,surface.surface_list_lookup_128,20261004-192257332-7e1ac25af4354d52af758edce2050d36,18314.748,107864,1347.9,20,1184,1340.5,1570,1570,1570,1347.9,failed,PASS,c6275b91195a5325,4b4650aa45e0be8d,True,ineligible,True,completed,"{'revision': 1, 'iterations': 80, 'sample_count': 20, 'measurement_iterations_multiplier': 4, 'warmup_iterations': 3, 'gpu_completion_mode': 'per_iteration', 'unit': 'us', 'direction': 'lower_is_better'}"
win,candidate,surface.vulkan_memory_pressure.representative.growth,20261004-192257332-7e1ac25af4354d52af758edce2050d36,18314.748,204148,12759,4,12504,12757.0,13018,13018,13018,12759,failed,PASS,1b85a83206804325,a1ce1e9182d42125,True,ineligible,True,completed,"{'revision': 1, 'iterations': 16, 'sample_count': 4, 'measurement_iterations_multiplier': 4, 'warmup_iterations': 3, 'gpu_completion_mode': 'per_iteration', 'unit': 'us', 'direction': 'lower_is_better'}"
win,candidate,surface.vulkan_memory_pressure.representative.plateau,20261004-192257332-7e1ac25af4354d52af758edce2050d36,18314.748,205537,12845.75,4,12414,12940.0,13089,13089,13089,12845.75,failed,PASS,94973dc83ee12325,c00be5b19acc4e6f,True,ineligible,True,completed,"{'revision': 1, 'iterations': 16, 'sample_count': 4, 'measurement_iterations_multiplier': 4, 'warmup_iterations': 3, 'gpu_completion_mode': 'per_iteration', 'unit': 'us', 'direction': 'lower_is_better'}"
win,candidate,surface.vulkan_memory_pressure.representative.alias_resize,20261004-192257332-7e1ac25af4354d52af758edce2050d36,18314.748,203400,12712.25,4,11991,12821.5,13215,13215,13215,12712.25,failed,PASS,7e3cba40d2e56b25,0247ea98d29062c5,True,ineligible,True,completed,"{'revision': 1, 'iterations': 16, 'sample_count': 4, 'measurement_iterations_multiplier': 4, 'warmup_iterations': 3, 'gpu_completion_mode': 'per_iteration', 'unit': 'us', 'direction': 'lower_is_better'}"
win,candidate,surface.vulkan_memory_pressure.representative.reuse,20261004-192257332-7e1ac25af4354d52af758edce2050d36,18314.748,204866,12803.75,4,12203,12903.0,13206,13206,13206,12803.75,failed,PASS,834dc31dcb46cb25,d885d846be04bb3d,True,ineligible,True,completed,"{'revision': 1, 'iterations': 16, 'sample_count': 4, 'measurement_iterations_multiplier': 4, 'warmup_iterations': 3, 'gpu_completion_mode': 'per_iteration', 'unit': 'us', 'direction': 'lower_is_better'}"
win,candidate,surface.vulkan_memory_pressure.representative.idle_retention,20261004-192257332-7e1ac25af4354d52af758edce2050d36,18314.748,15473,966.75,4,793,1016.0,1042,1042,1042,966.75,failed,PASS,e45ec923aeb05125,4ab34638455a76e1,True,ineligible,True,completed,"{'revision': 1, 'iterations': 16, 'sample_count': 4, 'measurement_iterations_multiplier': 4, 'warmup_iterations': 3, 'gpu_completion_mode': 'per_iteration', 'unit': 'us', 'direction': 'lower_is_better'}"
win,candidate,surface.vulkan_memory_pressure.stress.growth,20261004-192257332-7e1ac25af4354d52af758edce2050d36,18314.748,768008,48000.25,4,47711,47882.0,48526,48526,48526,48000.25,failed,PASS,16b728a467be7f25,063949c8ff1686f9,True,ineligible,True,completed,"{'revision': 1, 'iterations': 16, 'sample_count': 4, 'measurement_iterations_multiplier': 4, 'warmup_iterations': 3, 'gpu_completion_mode': 'per_iteration', 'unit': 'us', 'direction': 'lower_is_better'}"
win,candidate,surface.vulkan_memory_pressure.stress.plateau,20261004-192257332-7e1ac25af4354d52af758edce2050d36,18314.748,769710,48106.5,4,47725,48043.5,48614,48614,48614,48106.5,failed,PASS,2936a367d6aa6725,769bf225e8cc48d5,True,ineligible,True,completed,"{'revision': 1, 'iterations': 16, 'sample_count': 4, 'measurement_iterations_multiplier': 4, 'warmup_iterations': 3, 'gpu_completion_mode': 'per_iteration', 'unit': 'us', 'direction': 'lower_is_better'}"
win,candidate,surface.vulkan_memory_pressure.stress.alias_resize,20261004-192257332-7e1ac25af4354d52af758edce2050d36,18314.748,825321,51582.25,4,50776,51525.5,52502,52502,52502,51582.25,failed,PASS,d5ab377572e54f25,c1ab77f18dbbc86d,True,ineligible,True,completed,"{'revision': 1, 'iterations': 16, 'sample_count': 4, 'measurement_iterations_multiplier': 4, 'warmup_iterations': 3, 'gpu_completion_mode': 'per_iteration', 'unit': 'us', 'direction': 'lower_is_better'}"
win,candidate,surface.vulkan_memory_pressure.stress.reuse,20261004-192257332-7e1ac25af4354d52af758edce2050d36,18314.748,886762,55422,4,54451,55563.0,56111,56111,56111,55422,failed,PASS,12e4fbb929c6c725,837b6a123bb12a09,True,ineligible,True,completed,"{'revision': 1, 'iterations': 16, 'sample_count': 4, 'measurement_iterations_multiplier': 4, 'warmup_iterations': 3, 'gpu_completion_mode': 'per_iteration', 'unit': 'us', 'direction': 'lower_is_better'}"
win,candidate,surface.vulkan_memory_pressure.stress.idle_retention,20261004-192257332-7e1ac25af4354d52af758edce2050d36,18314.748,9566,597.5,4,575,596.0,623,623,623,597.5,failed,PASS,0289a35e3cbf6925,a24e2d9ee2191cd8,True,ineligible,True,completed,"{'revision': 1, 'iterations': 16, 'sample_count': 4, 'measurement_iterations_multiplier': 4, 'warmup_iterations': 3, 'gpu_completion_mode': 'per_iteration', 'unit': 'us', 'direction': 'lower_is_better'}"
win,candidate,tiny_draw.arrays.fixed_function,20261004-192318264-86444b44373b46458ddc7ea0d32758c8,21158.1408,1326417,33160.1,10,32539,33101.0,33956,33956,33956,33160.1,failed,PASS,acf025546cf667b5,5636eabc173a3691,True,ineligible,True,completed,"{'revision': 1, 'iterations': 40, 'sample_count': 10, 'measurement_iterations_multiplier': 4, 'warmup_iterations': 3, 'gpu_completion_mode': 'per_iteration', 'unit': 'us', 'direction': 'lower_is_better'}"
win,candidate,tiny_draw.arrays.vertex_shader,20261004-192318264-86444b44373b46458ddc7ea0d32758c8,21158.1408,953706,23842.4,10,23556,23839.0,24096,24096,24096,23842.4,failed,PASS,acf025546cf667b5,5528df4b56e8f75d,True,ineligible,True,completed,"{'revision': 1, 'iterations': 40, 'sample_count': 10, 'measurement_iterations_multiplier': 4, 'warmup_iterations': 3, 'gpu_completion_mode': 'per_iteration', 'unit': 'us', 'direction': 'lower_is_better'}"
win,candidate,tiny_draw.inline_arrays.fixed_function,20261004-192318264-86444b44373b46458ddc7ea0d32758c8,21158.1408,1192102,29802.1,10,29650,29718.0,30053,30053,30053,29802.1,failed,PASS,acf025546cf667b5,24f378fc9981dad5,True,ineligible,True,completed,"{'revision': 1, 'iterations': 40, 'sample_count': 10, 'measurement_iterations_multiplier': 4, 'warmup_iterations': 3, 'gpu_completion_mode': 'per_iteration', 'unit': 'us', 'direction': 'lower_is_better'}"
win,candidate,tiny_draw.inline_arrays.vertex_shader,20261004-192318264-86444b44373b46458ddc7ea0d32758c8,21158.1408,1149956,28748.5,10,28433,28714.0,29209,29209,29209,28748.5,failed,PASS,acf025546cf667b5,1f7bd52bdb2ddb2d,True,ineligible,True,completed,"{'revision': 1, 'iterations': 40, 'sample_count': 10, 'measurement_iterations_multiplier': 4, 'warmup_iterations': 3, 'gpu_completion_mode': 'per_iteration', 'unit': 'us', 'direction': 'lower_is_better'}"
win,candidate,tiny_draw.inline_buffers.fixed_function,20261004-192318264-86444b44373b46458ddc7ea0d32758c8,21158.1408,745325,18632.7,10,17871,18263.5,21102,21102,21102,18632.7,failed,PASS,acf025546cf667b5,1d33c1f03f3df5d5,True,ineligible,True,completed,"{'revision': 1, 'iterations': 40, 'sample_count': 10, 'measurement_iterations_multiplier': 4, 'warmup_iterations': 3, 'gpu_completion_mode': 'per_iteration', 'unit': 'us', 'direction': 'lower_is_better'}"
win,candidate,tiny_draw.inline_buffers.vertex_shader,20261004-192318264-86444b44373b46458ddc7ea0d32758c8,21158.1408,745444,18635.7,10,17981,18274.5,20682,20682,20682,18635.7,failed,PASS,acf025546cf667b5,98123d79a8ae06a5,True,ineligible,True,completed,"{'revision': 1, 'iterations': 40, 'sample_count': 10, 'measurement_iterations_multiplier': 4, 'warmup_iterations': 3, 'gpu_completion_mode': 'per_iteration', 'unit': 'us', 'direction': 'lower_is_better'}"
win,candidate,tiny_draw.inline_elements.fixed_function,20261004-192318264-86444b44373b46458ddc7ea0d32758c8,21158.1408,946913,23672.4,10,23446,23637.5,24201,24201,24201,23672.4,failed,PASS,acf025546cf667b5,cd0e5481b375a40d,True,ineligible,True,completed,"{'revision': 1, 'iterations': 40, 'sample_count': 10, 'measurement_iterations_multiplier': 4, 'warmup_iterations': 3, 'gpu_completion_mode': 'per_iteration', 'unit': 'us', 'direction': 'lower_is_better'}"
win,candidate,tiny_draw.inline_elements.vertex_shader,20261004-192318264-86444b44373b46458ddc7ea0d32758c8,21158.1408,952663,23816.3,10,23440,23743.0,24568,24568,24568,23816.3,failed,PASS,acf025546cf667b5,0539f844d85cc73d,True,ineligible,True,completed,"{'revision': 1, 'iterations': 40, 'sample_count': 10, 'measurement_iterations_multiplier': 4, 'warmup_iterations': 3, 'gpu_completion_mode': 'per_iteration', 'unit': 'us', 'direction': 'lower_is_better'}"
win,candidate,uniform_thrash.uniform_thrash,20261004-192342041-2fdc3d31adaa46b88c0d2cf8b69648a0,12126.5733,70915,1772.5,10,1272,1824.0,2094,2094,2094,1772.5,failed,PASS,09eb5907ef624c25,e643e886c2ebbdd5,True,ineligible,True,completed,"{'revision': 1, 'iterations': 40, 'sample_count': 10, 'measurement_iterations_multiplier': 4, 'warmup_iterations': 3, 'gpu_completion_mode': 'per_iteration', 'unit': 'us', 'direction': 'lower_is_better'}"
win,candidate,vertex_buffer_allocation.mixed.arrays,20261004-192356793-448fba023cd74e4eb36a8728de6233b6,63982.8193,1210379,30259,10,29363,29898.5,31858,31858,31858,,not evaluated,PASS,377e6c029807f325,377e6c029807f325,True,ineligible,True,completed,"{'revision': 1, 'iterations': 40, 'sample_count': 10, 'measurement_iterations_multiplier': 4, 'warmup_iterations': 3, 'gpu_completion_mode': 'per_iteration', 'unit': 'us', 'direction': 'lower_is_better'}"
win,candidate,vertex_buffer_allocation.mixed.inline_arrays,20261004-192356793-448fba023cd74e4eb36a8728de6233b6,63982.8193,8922885,223071.8,10,221741,223186.0,224015,224015,224015,,not evaluated,PASS,377e6c029807f325,377e6c029807f325,True,ineligible,True,completed,"{'revision': 1, 'iterations': 40, 'sample_count': 10, 'measurement_iterations_multiplier': 4, 'warmup_iterations': 3, 'gpu_completion_mode': 'per_iteration', 'unit': 'us', 'direction': 'lower_is_better'}"
win,candidate,vertex_buffer_allocation.mixed.inline_buffers,20261004-192356793-448fba023cd74e4eb36a8728de6233b6,63982.8193,25231176,630779.1,10,628652,630532.0,633676,633676,633676,,not evaluated,PASS,377e6c029807f325,377e6c029807f325,True,ineligible,True,completed,"{'revision': 1, 'iterations': 40, 'sample_count': 10, 'measurement_iterations_multiplier': 4, 'warmup_iterations': 3, 'gpu_completion_mode': 'per_iteration', 'unit': 'us', 'direction': 'lower_is_better'}"
win,candidate,vertex_buffer_allocation.mixed.inline_elements,20261004-192356793-448fba023cd74e4eb36a8728de6233b6,63982.8193,1341804,33544.8,10,32185,33014.5,36370,36370,36370,,not evaluated,PASS,377e6c029807f325,377e6c029807f325,True,ineligible,True,completed,"{'revision': 1, 'iterations': 40, 'sample_count': 10, 'measurement_iterations_multiplier': 4, 'warmup_iterations': 3, 'gpu_completion_mode': 'per_iteration', 'unit': 'us', 'direction': 'lower_is_better'}"
win,candidate,vertex_buffer_allocation.tiny.arrays,20261004-192356793-448fba023cd74e4eb36a8728de6233b6,63982.8193,1313256,32831,10,31788,32845.0,33757,33757,33757,,not evaluated,PASS,377e6c029807f325,377e6c029807f325,True,ineligible,True,completed,"{'revision': 1, 'iterations': 40, 'sample_count': 10, 'measurement_iterations_multiplier': 4, 'warmup_iterations': 3, 'gpu_completion_mode': 'per_iteration', 'unit': 'us', 'direction': 'lower_is_better'}"
win,candidate,vertex_buffer_allocation.tiny.inline_arrays,20261004-192356793-448fba023cd74e4eb36a8728de6233b6,63982.8193,1448595,36214.4,10,35573,36129.0,37069,37069,37069,,not evaluated,PASS,377e6c029807f325,377e6c029807f325,True,ineligible,True,completed,"{'revision': 1, 'iterations': 40, 'sample_count': 10, 'measurement_iterations_multiplier': 4, 'warmup_iterations': 3, 'gpu_completion_mode': 'per_iteration', 'unit': 'us', 'direction': 'lower_is_better'}"
win,candidate,vertex_buffer_allocation.tiny.inline_buffers,20261004-192356793-448fba023cd74e4eb36a8728de6233b6,63982.8193,1418412,35459.9,10,34958,35252.5,36931,36931,36931,,not evaluated,PASS,377e6c029807f325,377e6c029807f325,True,ineligible,True,completed,"{'revision': 1, 'iterations': 40, 'sample_count': 10, 'measurement_iterations_multiplier': 4, 'warmup_iterations': 3, 'gpu_completion_mode': 'per_iteration', 'unit': 'us', 'direction': 'lower_is_better'}"
win,candidate,vertex_buffer_allocation.tiny.inline_elements,20261004-192356793-448fba023cd74e4eb36a8728de6233b6,63982.8193,1335570,33388.9,10,32447,33046.5,36966,36966,36966,,not evaluated,PASS,377e6c029807f325,377e6c029807f325,True,ineligible,True,completed,"{'revision': 1, 'iterations': 40, 'sample_count': 10, 'measurement_iterations_multiplier': 4, 'warmup_iterations': 3, 'gpu_completion_mode': 'per_iteration', 'unit': 'us', 'direction': 'lower_is_better'}"
win,candidate,vertex_buffer_allocation.rising_transient_growth,20261004-192356793-448fba023cd74e4eb36a8728de6233b6,63982.8193,2604942,651235,1,651235,651235,651235,651235,651235,,not evaluated,PASS,377e6c029807f325,,False,ineligible,True,completed,"{'revision': 1, 'iterations': 4, 'sample_count': 1, 'measurement_iterations_multiplier': 4, 'warmup_iterations': 3, 'gpu_completion_mode': 'per_iteration', 'unit': 'us', 'direction': 'lower_is_better'}"
win,candidate,vertex_buffer_allocation.disjoint_same_page,20261004-192356793-448fba023cd74e4eb36a8728de6233b6,63982.8193,1219379,30484,10,26208,30585.5,34210,34210,34210,,not evaluated,PASS,fdcd25a37910bb25,d93bb411fee61f6d,True,ineligible,True,completed,"{'revision': 1, 'iterations': 40, 'sample_count': 10, 'measurement_iterations_multiplier': 4, 'warmup_iterations': 3, 'gpu_completion_mode': 'per_iteration', 'unit': 'us', 'direction': 'lower_is_better'}"
