host,side,test,runId,meanUs,minSampleMeanUs,medianSampleMeanUs,p95SampleMeanUs,p99SampleMeanUs,maxSampleMeanUs,guestTotalWorkUs,sharedChunkProcessWallMs,samples,rawResultsComplete,guestOutcome,runnerCheck,oraclePresent,oracleApplicable,framebufferComparisonEligible,framebufferComparisonReason,framebuffer,execution,fixedWork
deck,parent,busy_pfifo.pfifo_saturation,20261005-083247261-8aed040b339242eba541271c72a41368,122019.9,116904,119895.5,130048,130048,130048,4880815,85493.9495,10,True,PASS,not evaluated,True,,,,618832b1599bf211,completed,"{'revision': 1, 'iterations': 40, 'sample_count': 10, 'measurement_iterations_multiplier': 4, 'warmup_iterations': 3, 'gpu_completion_mode': 'per_iteration', 'unit': 'us', 'direction': 'lower_is_better'}"
deck,parent,busy_pfifo.pgraph_pattern_polling,20261005-083247261-8aed040b339242eba541271c72a41368,8815138,8815138,8815138,8815138,8815138,8815138,35260555,85493.9495,1,True,PASS,not evaluated,True,,,,386d0f085e98c325,completed,"{'revision': 1, 'iterations': 4, 'sample_count': 1, 'measurement_iterations_multiplier': 4, 'warmup_iterations': 3, 'gpu_completion_mode': 'per_iteration', 'unit': 'us', 'direction': 'lower_is_better'}"
deck,parent,pfifo_array_elements.array_element_pgr2,20261005-083247261-8aed040b339242eba541271c72a41368,1560,1365,1558.5,1750,1750,1750,49932,85493.9495,8,True,PASS,not evaluated,True,,,,bbc8b0702ffd0325,completed,"{'revision': 1, 'iterations': 32, 'sample_count': 8, 'measurement_iterations_multiplier': 4, 'warmup_iterations': 3, 'gpu_completion_mode': 'per_iteration', 'unit': 'us', 'direction': 'lower_is_better'}"
deck,parent,pfifo_array_elements.array_element16,20261005-083247261-8aed040b339242eba541271c72a41368,1982.625,1787,1981.0,2113,2113,2113,63457,85493.9495,8,True,PASS,not evaluated,True,,,,9c884de2a5d32325,completed,"{'revision': 1, 'iterations': 32, 'sample_count': 8, 'measurement_iterations_multiplier': 4, 'warmup_iterations': 3, 'gpu_completion_mode': 'per_iteration', 'unit': 'us', 'direction': 'lower_is_better'}"
deck,parent,pfifo_array_elements.array_element32,20261005-083247261-8aed040b339242eba541271c72a41368,2044,1666,2024.0,2427,2427,2427,65423,85493.9495,8,True,PASS,not evaluated,True,,,,e079f0cf1a994325,completed,"{'revision': 1, 'iterations': 32, 'sample_count': 8, 'measurement_iterations_multiplier': 4, 'warmup_iterations': 3, 'gpu_completion_mode': 'per_iteration', 'unit': 'us', 'direction': 'lower_is_better'}"
deck,parent,pfifo_packet_boundary.array_element16_overflow,20261005-083247261-8aed040b339242eba541271c72a41368,36754,36754,36754,36754,36754,36754,147016,85493.9495,1,True,PASS,not evaluated,False,,,,4d1756526f052325,completed,"{'revision': 1, 'iterations': 4, 'sample_count': 1, 'measurement_iterations_multiplier': 4, 'warmup_iterations': 3, 'gpu_completion_mode': 'per_iteration', 'unit': 'us', 'direction': 'lower_is_better'}"
deck,parent,pfifo_packet_boundary.array_element32_overflow,20261005-083247261-8aed040b339242eba541271c72a41368,73612,73612,73612,73612,73612,73612,294451,85493.9495,1,True,PASS,not evaluated,False,,,,6eb7071be692a325,completed,"{'revision': 1, 'iterations': 4, 'sample_count': 1, 'measurement_iterations_multiplier': 4, 'warmup_iterations': 3, 'gpu_completion_mode': 'per_iteration', 'unit': 'us', 'direction': 'lower_is_better'}"
deck,parent,pfifo_packet_boundary.inline_array_overflow,20261005-083247261-8aed040b339242eba541271c72a41368,73038,73038,73038,73038,73038,73038,292155,85493.9495,1,True,PASS,not evaluated,False,,,,847da1930526a325,completed,"{'revision': 1, 'iterations': 4, 'sample_count': 1, 'measurement_iterations_multiplier': 4, 'warmup_iterations': 3, 'gpu_completion_mode': 'per_iteration', 'unit': 'us', 'direction': 'lower_is_better'}"
deck,parent,pfifo_packet_boundary.incrementing_inline_fallback,20261005-083247261-8aed040b339242eba541271c72a41368,62,62,62,62,62,62,251,85493.9495,1,True,PASS,not evaluated,False,,,,640439ee8ecd2325,completed,"{'revision': 1, 'iterations': 4, 'sample_count': 1, 'measurement_iterations_multiplier': 4, 'warmup_iterations': 3, 'gpu_completion_mode': 'per_iteration', 'unit': 'us', 'direction': 'lower_is_better'}"
deck,parent,cpu_floating_point.sse_scalar,20261005-083414797-48b7e08629184eb39b83427b1fd93961,1205053,1186348,1203199.5,1223931,1223931,1223931,48202135,173977.6058,10,True,PASS,passed,True,,,,6962077c244da325,completed,"{'revision': 1, 'iterations': 40, 'sample_count': 10, 'measurement_iterations_multiplier': 4, 'warmup_iterations': 3, 'gpu_completion_mode': 'per_iteration', 'unit': 'us', 'direction': 'lower_is_better'}"
deck,parent,cpu_floating_point.x87_scalar,20261005-083414797-48b7e08629184eb39b83427b1fd93961,1112557.8,1096915,1110037.5,1138305,1138305,1138305,44502328,173977.6058,10,True,PASS,passed,True,,,,6962077c244da325,completed,"{'revision': 1, 'iterations': 40, 'sample_count': 10, 'measurement_iterations_multiplier': 4, 'warmup_iterations': 3, 'gpu_completion_mode': 'per_iteration', 'unit': 'us', 'direction': 'lower_is_better'}"
deck,parent,cpu_translation_blocks.direct_loop,20261005-083414797-48b7e08629184eb39b83427b1fd93961,20021.7,18629,20230.5,21448,21448,21448,800877,173977.6058,10,True,PASS,passed,True,,,,bd1fc9bf0c318325,completed,"{'revision': 1, 'iterations': 40, 'sample_count': 10, 'measurement_iterations_multiplier': 4, 'warmup_iterations': 3, 'gpu_completion_mode': 'per_iteration', 'unit': 'us', 'direction': 'lower_is_better'}"
deck,parent,cpu_translation_blocks.indirect_dispatch,20261005-083414797-48b7e08629184eb39b83427b1fd93961,64447.3,61129,64681.5,68483,68483,68483,2577911,173977.6058,10,True,PASS,passed,True,,,,c0426cf669a02325,completed,"{'revision': 1, 'iterations': 40, 'sample_count': 10, 'measurement_iterations_multiplier': 4, 'warmup_iterations': 3, 'gpu_completion_mode': 'per_iteration', 'unit': 'us', 'direction': 'lower_is_better'}"
deck,parent,cpu_translation_blocks.indirect_dispatch_stress,20261005-083414797-48b7e08629184eb39b83427b1fd93961,1301262.9,1268475,1296452.0,1340121,1340121,1340121,52050531,173977.6058,10,True,PASS,passed,True,,,,fbd507cb0c622325,completed,"{'revision': 1, 'iterations': 40, 'sample_count': 10, 'measurement_iterations_multiplier': 4, 'warmup_iterations': 3, 'gpu_completion_mode': 'per_iteration', 'unit': 'us', 'direction': 'lower_is_better'}"
deck,parent,fill_rate.solid,20261005-083710862-a542aa21035545f995c4feb92e0029af,4165.2,3729,4133.5,4666,4666,4666,166628,15464.9129,10,True,PASS,failed,True,,,,aa539e0bcd4e54b3,completed,"{'revision': 1, 'iterations': 40, 'sample_count': 10, 'measurement_iterations_multiplier': 4, 'warmup_iterations': 3, 'gpu_completion_mode': 'per_iteration', 'unit': 'us', 'direction': 'lower_is_better'}"
deck,parent,fill_rate.textured,20261005-083710862-a542aa21035545f995c4feb92e0029af,8510.5,6720,8478.0,10190,10190,10190,340439,15464.9129,10,True,PASS,failed,True,,,,92f42c56c1fbe869,completed,"{'revision': 1, 'iterations': 40, 'sample_count': 10, 'measurement_iterations_multiplier': 4, 'warmup_iterations': 3, 'gpu_completion_mode': 'per_iteration', 'unit': 'us', 'direction': 'lower_is_better'}"
deck,parent,pipeline_texture_switch.clear_texture_normal,20261005-083728364-023d3e68d432484ab250f093c4d42615,36050.625,26554,37616.5,44161,44161,44161,1153634,24412.4549,8,True,PASS,not evaluated,True,,,,22ba4f1405cda325,completed,"{'revision': 1, 'iterations': 32, 'sample_count': 8, 'measurement_iterations_multiplier': 4, 'warmup_iterations': 3, 'gpu_completion_mode': 'per_iteration', 'unit': 'us', 'direction': 'lower_is_better'}"
deck,parent,pipeline_texture_switch.palette_dma_remap,20261005-083728364-023d3e68d432484ab250f093c4d42615,16545,16545,16545,16545,16545,16545,66182,24412.4549,1,True,PASS,not evaluated,False,,,,fbf687de65082325,completed,"{'revision': 1, 'iterations': 4, 'sample_count': 1, 'measurement_iterations_multiplier': 4, 'warmup_iterations': 3, 'gpu_completion_mode': 'per_iteration', 'unit': 'us', 'direction': 'lower_is_better'}"
deck,parent,pipeline_texture_switch.palette_only_update,20261005-083728364-023d3e68d432484ab250f093c4d42615,55323,55323,55323,55323,55323,55323,221295,24412.4549,1,True,PASS,not evaluated,False,,,,467aab2f95cda325,completed,"{'revision': 1, 'iterations': 4, 'sample_count': 1, 'measurement_iterations_multiplier': 4, 'warmup_iterations': 3, 'gpu_completion_mode': 'per_iteration', 'unit': 'us', 'direction': 'lower_is_better'}"
deck,parent,pipeline_texture_switch.sampler_only_identity,20261005-083728364-023d3e68d432484ab250f093c4d42615,59091,57063,57969.5,67584,67584,67584,1890927,24412.4549,8,True,PASS,not evaluated,True,,,,0b8438c8404da325,completed,"{'revision': 1, 'iterations': 32, 'sample_count': 8, 'measurement_iterations_multiplier': 4, 'warmup_iterations': 3, 'gpu_completion_mode': 'per_iteration', 'unit': 'us', 'direction': 'lower_is_better'}"
deck,parent,pipeline_texture_switch.shader_negative_control,20261005-083728364-023d3e68d432484ab250f093c4d42615,48922.125,44530,47325.5,57525,57525,57525,1565524,24412.4549,8,True,PASS,not evaluated,True,,,,f110c8bd6338c325,completed,"{'revision': 1, 'iterations': 32, 'sample_count': 8, 'measurement_iterations_multiplier': 4, 'warmup_iterations': 3, 'gpu_completion_mode': 'per_iteration', 'unit': 'us', 'direction': 'lower_is_better'}"
deck,parent,pipeline_texture_switch.shared_page_overlap,20261005-083728364-023d3e68d432484ab250f093c4d42615,49189,49189,49189,49189,49189,49189,196758,24412.4549,1,True,PASS,not evaluated,False,,,,83bb59a8648da325,completed,"{'revision': 1, 'iterations': 4, 'sample_count': 1, 'measurement_iterations_multiplier': 4, 'warmup_iterations': 3, 'gpu_completion_mode': 'per_iteration', 'unit': 'us', 'direction': 'lower_is_better'}"
deck,parent,pipeline_texture_switch.texture_dma_remap,20261005-083728364-023d3e68d432484ab250f093c4d42615,16487,16487,16487,16487,16487,16487,65950,24412.4549,1,True,PASS,not evaluated,False,,,,fbf687de65082325,completed,"{'revision': 1, 'iterations': 4, 'sample_count': 1, 'measurement_iterations_multiplier': 4, 'warmup_iterations': 3, 'gpu_completion_mode': 'per_iteration', 'unit': 'us', 'direction': 'lower_is_better'}"
deck,parent,pipeline_texture_switch.texture_switch,20261005-083728364-023d3e68d432484ab250f093c4d42615,51053.25,47336,49631.0,57270,57270,57270,1633714,24412.4549,8,True,PASS,not evaluated,True,,,,8ae05d31fb00c325,completed,"{'revision': 1, 'iterations': 32, 'sample_count': 8, 'measurement_iterations_multiplier': 4, 'warmup_iterations': 3, 'gpu_completion_mode': 'per_iteration', 'unit': 'us', 'direction': 'lower_is_better'}"
deck,parent,report_query.clear_boundary,20261005-083754853-4d2ad67c6b3f41bbb6d0fce7b66923e6,2223.75,2118,2152.5,2472,2472,2472,35587,16981.9477,4,True,PASS,not evaluated,False,,,,b5eb7c4b9c8da325,completed,"{'revision': 2, 'iterations': 16, 'sample_count': 4, 'measurement_iterations_multiplier': 4, 'warmup_iterations': 3, 'gpu_completion_mode': 'per_iteration', 'unit': 'us', 'direction': 'lower_is_better'}"
deck,parent,report_query.dma_descriptor_rewrite,20261005-083754853-4d2ad67c6b3f41bbb6d0fce7b66923e6,23598,23598,23598,23598,23598,23598,23598,16981.9477,1,True,PASS,not evaluated,False,,,,c0c0fdbececda325,completed,"{'revision': 2, 'iterations': 1, 'sample_count': 1, 'measurement_iterations_multiplier': 1, 'warmup_iterations': 0, 'gpu_completion_mode': 'per_iteration', 'unit': 'us', 'direction': 'lower_is_better'}"
deck,parent,report_query.dma_range_guard,20261005-083754853-4d2ad67c6b3f41bbb6d0fce7b66923e6,7774,7774,7774,7774,7774,7774,7774,16981.9477,1,True,PASS,not evaluated,False,,,,3f648ce11a4da325,completed,"{'revision': 2, 'iterations': 1, 'sample_count': 1, 'measurement_iterations_multiplier': 1, 'warmup_iterations': 0, 'gpu_completion_mode': 'per_iteration', 'unit': 'us', 'direction': 'lower_is_better'}"
deck,parent,report_query.dma_target_switch,20261005-083754853-4d2ad67c6b3f41bbb6d0fce7b66923e6,755,616,734.0,936,936,936,12085,16981.9477,4,True,PASS,not evaluated,False,,,,4c4bd8cd440da325,completed,"{'revision': 2, 'iterations': 16, 'sample_count': 4, 'measurement_iterations_multiplier': 4, 'warmup_iterations': 3, 'gpu_completion_mode': 'per_iteration', 'unit': 'us', 'direction': 'lower_is_better'}"
deck,parent,report_query.fifo_producer_ordering,20261005-083754853-4d2ad67c6b3f41bbb6d0fce7b66923e6,2412.5,1694,2486.5,2983,2983,2983,38605,16981.9477,4,True,PASS,not evaluated,False,,,,0d907c24a88da325,completed,"{'revision': 2, 'iterations': 16, 'sample_count': 4, 'measurement_iterations_multiplier': 4, 'warmup_iterations': 3, 'gpu_completion_mode': 'per_iteration', 'unit': 'us', 'direction': 'lower_is_better'}"
deck,parent,report_query.multiple_boundaries,20261005-083754853-4d2ad67c6b3f41bbb6d0fce7b66923e6,2285.75,1755,2177.0,3034,3034,3034,36572,16981.9477,4,True,PASS,not evaluated,False,,,,0c966fc9ba4da325,completed,"{'revision': 2, 'iterations': 16, 'sample_count': 4, 'measurement_iterations_multiplier': 4, 'warmup_iterations': 3, 'gpu_completion_mode': 'per_iteration', 'unit': 'us', 'direction': 'lower_is_better'}"
deck,parent,report_query.single_boundary,20261005-083754853-4d2ad67c6b3f41bbb6d0fce7b66923e6,658.5,348,382.5,1521,1521,1521,10544,16981.9477,4,True,PASS,not evaluated,False,,,,60e674c9fecda325,completed,"{'revision': 2, 'iterations': 16, 'sample_count': 4, 'measurement_iterations_multiplier': 4, 'warmup_iterations': 3, 'gpu_completion_mode': 'per_iteration', 'unit': 'us', 'direction': 'lower_is_better'}"
deck,parent,report_query.zero_query,20261005-083754853-4d2ad67c6b3f41bbb6d0fce7b66923e6,3455.75,3393,3427.5,3575,3575,3575,55299,16981.9477,4,True,PASS,not evaluated,False,,,,23875dfeb40da325,completed,"{'revision': 2, 'iterations': 16, 'sample_count': 4, 'measurement_iterations_multiplier': 4, 'warmup_iterations': 3, 'gpu_completion_mode': 'per_iteration', 'unit': 'us', 'direction': 'lower_is_better'}"
deck,parent,shader_lifecycle.readiness_train_visible,20261005-083813874-faee7b171414481382c10ae9351fd4a6,16571,16571,16571,16571,16571,16571,66285,24305.2637,1,True,PASS,not evaluated,False,,,,d4c939c4f0ce4325,completed,"{'revision': 1, 'iterations': 4, 'sample_count': 1, 'measurement_iterations_multiplier': 4, 'warmup_iterations': 3, 'gpu_completion_mode': 'per_iteration', 'unit': 'us', 'direction': 'lower_is_better'}"
deck,parent,shader_lifecycle.readiness_replay_visible,20261005-083839716-4beee5db3917449b921667bff016fb46,16481,16481,16481,16481,16481,16481,65926,24150.0096,1,True,PASS,not evaluated,False,,,,d4c939c4f0ce4325,completed,"{'revision': 1, 'iterations': 4, 'sample_count': 1, 'measurement_iterations_multiplier': 4, 'warmup_iterations': 3, 'gpu_completion_mode': 'per_iteration', 'unit': 'us', 'direction': 'lower_is_better'}"
deck,parent,shader_lifecycle.readiness_identical_replay,20261005-083912335-15de539287d340c1bb45b2b15ace72f8,4016399,4016399,4016399,4016399,4016399,4016399,16065596,52474.7065,1,True,PASS,not evaluated,False,,,,70615ec6b77f8325,completed,"{'revision': 1, 'iterations': 4, 'sample_count': 1, 'measurement_iterations_multiplier': 4, 'warmup_iterations': 3, 'gpu_completion_mode': 'per_iteration', 'unit': 'us', 'direction': 'lower_is_better'}"
deck,parent,shader_lifecycle.readiness_uniform_only,20261005-084006850-7aea16afd39d49bb88c411de39a893a0,16226,16226,16226,16226,16226,16226,64906,24227.0062,1,True,PASS,not evaluated,False,,,,113d534d51f95325,completed,"{'revision': 1, 'iterations': 4, 'sample_count': 1, 'measurement_iterations_multiplier': 4, 'warmup_iterations': 3, 'gpu_completion_mode': 'per_iteration', 'unit': 'us', 'direction': 'lower_is_better'}"
deck,parent,shader_lifecycle.readiness_early_demand,20261005-084033137-7667b78fb82a4336a80c16ce9618a008,16322,16322,16322,16322,16322,16322,65291,24237.7266,1,True,PASS,not evaluated,False,,,,d4c939c4f0ce4325,completed,"{'revision': 1, 'iterations': 4, 'sample_count': 1, 'measurement_iterations_multiplier': 4, 'warmup_iterations': 3, 'gpu_completion_mode': 'per_iteration', 'unit': 'us', 'direction': 'lower_is_better'}"
deck,parent,game_load.long_unlocked_scene.cpu,20261005-084059434-20c1670e90e242fa84d5e63c3a5f653b,41093.875,40493,41069.0,41605,41605,41605,1315017,234471.7653,8,True,PASS,passed,True,,,,7c59a4dc0f8ba325,completed,"{'revision': 1, 'iterations': 32, 'sample_count': 8, 'measurement_iterations_multiplier': 4, 'warmup_iterations': 3, 'gpu_completion_mode': 'per_iteration', 'unit': 'us', 'direction': 'lower_is_better'}"
deck,parent,game_load.long_unlocked_scene.pfifo,20261005-084059434-20c1670e90e242fa84d5e63c3a5f653b,9792,9405,9741.0,10567,10567,10567,313356,234471.7653,8,True,PASS,passed,True,,,,7c59a4dc0f8ba325,completed,"{'revision': 1, 'iterations': 32, 'sample_count': 8, 'measurement_iterations_multiplier': 4, 'warmup_iterations': 3, 'gpu_completion_mode': 'per_iteration', 'unit': 'us', 'direction': 'lower_is_better'}"
deck,parent,game_load.long_unlocked_scene.alpha_overdraw,20261005-084059434-20c1670e90e242fa84d5e63c3a5f653b,111527.125,107597,110289.5,116985,116985,116985,3568882,234471.7653,8,True,PASS,passed,True,,,,7c59a4dc0f8ba325,completed,"{'revision': 1, 'iterations': 32, 'sample_count': 8, 'measurement_iterations_multiplier': 4, 'warmup_iterations': 3, 'gpu_completion_mode': 'per_iteration', 'unit': 'us', 'direction': 'lower_is_better'}"
deck,parent,game_load.long_unlocked_scene.streaming_surface_reuse,20261005-084059434-20c1670e90e242fa84d5e63c3a5f653b,27887.875,22211,26123.0,35994,35994,35994,892419,234471.7653,8,True,PASS,passed,True,,,,7c59a4dc0f8ba325,completed,"{'revision': 1, 'iterations': 32, 'sample_count': 8, 'measurement_iterations_multiplier': 4, 'warmup_iterations': 3, 'gpu_completion_mode': 'per_iteration', 'unit': 'us', 'direction': 'lower_is_better'}"
deck,parent,game_load.long_unlocked_scene.combined,20261005-084059434-20c1670e90e242fa84d5e63c3a5f653b,201187.625,195234,199120.5,211074,211074,211074,6438015,234471.7653,8,True,PASS,passed,True,,,,7c59a4dc0f8ba325,completed,"{'revision': 1, 'iterations': 32, 'sample_count': 8, 'measurement_iterations_multiplier': 4, 'warmup_iterations': 3, 'gpu_completion_mode': 'per_iteration', 'unit': 'us', 'direction': 'lower_is_better'}"
deck,parent,game_load.long_unlocked_scene.full_system,20261005-084059434-20c1670e90e242fa84d5e63c3a5f653b,201536.125,193421,201852.5,209671,209671,209671,6449163,234471.7653,8,True,PASS,passed,True,,,,7c59a4dc0f8ba325,completed,"{'revision': 1, 'iterations': 32, 'sample_count': 8, 'measurement_iterations_multiplier': 4, 'warmup_iterations': 3, 'gpu_completion_mode': 'per_iteration', 'unit': 'us', 'direction': 'lower_is_better'}"
deck,parent,game_load.cross_title_hotpath.queued_vertex_cpu_writes,20261005-084059434-20c1670e90e242fa84d5e63c3a5f653b,148586.625,140777,144998.0,166242,166242,166242,4754781,234471.7653,8,True,PASS,passed,True,,,,cf19c8d27e2aa325,completed,"{'revision': 1, 'iterations': 32, 'sample_count': 8, 'measurement_iterations_multiplier': 4, 'warmup_iterations': 3, 'gpu_completion_mode': 'per_iteration', 'unit': 'us', 'direction': 'lower_is_better'}"
deck,parent,game_load.cross_title_hotpath.pgr2_small_draws,20261005-084059434-20c1670e90e242fa84d5e63c3a5f653b,279559.5,275201,278853.5,285495,285495,285495,8945916,234471.7653,8,True,PASS,passed,True,,,,2a1e0148d2c0e325,completed,"{'revision': 1, 'iterations': 32, 'sample_count': 8, 'measurement_iterations_multiplier': 4, 'warmup_iterations': 3, 'gpu_completion_mode': 'per_iteration', 'unit': 'us', 'direction': 'lower_is_better'}"
deck,parent,game_load.cross_title_hotpath.texture_update_reuse,20261005-084059434-20c1670e90e242fa84d5e63c3a5f653b,4171.25,3998,4148.5,4462,4462,4462,133496,234471.7653,8,True,PASS,passed,True,,,,5612bef321a56325,completed,"{'revision': 1, 'iterations': 32, 'sample_count': 8, 'measurement_iterations_multiplier': 4, 'warmup_iterations': 3, 'gpu_completion_mode': 'per_iteration', 'unit': 'us', 'direction': 'lower_is_better'}"
deck,parent,game_load.cross_title_hotpath.surface_reuse,20261005-084059434-20c1670e90e242fa84d5e63c3a5f653b,15994.25,14082,15846.0,17575,17575,17575,511827,234471.7653,8,True,PASS,passed,True,,,,846d9f21b7c6a325,completed,"{'revision': 1, 'iterations': 32, 'sample_count': 8, 'measurement_iterations_multiplier': 4, 'warmup_iterations': 3, 'gpu_completion_mode': 'per_iteration', 'unit': 'us', 'direction': 'lower_is_better'}"
deck,parent,game_load.cross_title_hotpath.pipeline_state_churn,20261005-084059434-20c1670e90e242fa84d5e63c3a5f653b,137004,134545,137187.5,138847,138847,138847,4384138,234471.7653,8,True,PASS,passed,True,,,,22f040b2add4a325,completed,"{'revision': 1, 'iterations': 32, 'sample_count': 8, 'measurement_iterations_multiplier': 4, 'warmup_iterations': 3, 'gpu_completion_mode': 'per_iteration', 'unit': 'us', 'direction': 'lower_is_better'}"
deck,parent,game_load.cross_title_hotpath.blend_constant_reuse,20261005-084059434-20c1670e90e242fa84d5e63c3a5f653b,274814.5,268034,272789.5,283456,283456,283456,8794075,234471.7653,8,True,PASS,passed,True,,,,a08ca118008fa325,completed,"{'revision': 1, 'iterations': 32, 'sample_count': 8, 'measurement_iterations_multiplier': 4, 'warmup_iterations': 3, 'gpu_completion_mode': 'per_iteration', 'unit': 'us', 'direction': 'lower_is_better'}"
deck,parent,game_load.cross_title_hotpath.texture_binding_reuse,20261005-084059434-20c1670e90e242fa84d5e63c3a5f653b,351353.25,340988,351370.5,363941,363941,363941,11243314,234471.7653,8,True,PASS,passed,True,,,,dfaaa3022df6a325,completed,"{'revision': 1, 'iterations': 32, 'sample_count': 8, 'measurement_iterations_multiplier': 4, 'warmup_iterations': 3, 'gpu_completion_mode': 'per_iteration', 'unit': 'us', 'direction': 'lower_is_better'}"
deck,parent,game_load.cross_title_hotpath.pgr2_lagspot_inline_elements,20261005-084059434-20c1670e90e242fa84d5e63c3a5f653b,218535.5,214841,217143.0,224971,224971,224971,6993142,234471.7653,8,True,PASS,passed,True,,,,1289219c28d5a325,completed,"{'revision': 1, 'iterations': 32, 'sample_count': 8, 'measurement_iterations_multiplier': 4, 'warmup_iterations': 3, 'gpu_completion_mode': 'per_iteration', 'unit': 'us', 'direction': 'lower_is_better'}"
deck,parent,game_load.cross_title_hotpath.scaled_surface_pressure,20261005-084059434-20c1670e90e242fa84d5e63c3a5f653b,1534665.75,1386460,1528507.0,1668569,1668569,1668569,49109315,234471.7653,8,True,PASS,passed,True,,,,e81e5b4a4675a325,completed,"{'revision': 1, 'iterations': 32, 'sample_count': 8, 'measurement_iterations_multiplier': 4, 'warmup_iterations': 3, 'gpu_completion_mode': 'per_iteration', 'unit': 'us', 'direction': 'lower_is_better'}"
deck,parent,game_load.cross_title_hotpath.s3tc_streaming_fenced_draws,20261005-084059434-20c1670e90e242fa84d5e63c3a5f653b,2608921.375,2555428,2601808.5,2683253,2683253,2683253,83485495,234471.7653,8,True,PASS,passed,True,,,,a0f51c6c46a52325,completed,"{'revision': 1, 'iterations': 32, 'sample_count': 8, 'measurement_iterations_multiplier': 4, 'warmup_iterations': 3, 'gpu_completion_mode': 'per_iteration', 'unit': 'us', 'direction': 'lower_is_better'}"
deck,parent,game_load.cross_title_hotpath.gpu_wait_control,20261005-084059434-20c1670e90e242fa84d5e63c3a5f653b,4897.125,4594,4903.0,5286,5286,5286,156725,234471.7653,8,True,PASS,passed,True,,,,828855c0a34e2325,completed,"{'revision': 1, 'iterations': 32, 'sample_count': 8, 'measurement_iterations_multiplier': 4, 'warmup_iterations': 3, 'gpu_completion_mode': 'per_iteration', 'unit': 'us', 'direction': 'lower_is_better'}"
deck,parent,game_load.s3tc_sync_factor.dxt1_same_address_wait,20261005-084455948-2c6164d406564fc8b4999b85af8b5e65,18029.125,15333,16669.0,24620,24620,24620,576945,55938.2838,8,True,PASS,failed,True,True,True,,3403675459d4d3d5,completed,"{'revision': 1, 'iterations': 32, 'sample_count': 8, 'measurement_iterations_multiplier': 4, 'warmup_iterations': 3, 'gpu_completion_mode': 'per_iteration', 'unit': 'us', 'direction': 'lower_is_better'}"
deck,parent,game_load.s3tc_sync_factor.dxt1_same_address_queued,20261005-084455948-2c6164d406564fc8b4999b85af8b5e65,17619.5,16267,16500.5,25055,25055,25055,563836,55938.2838,8,True,PASS,failed,True,False,False,unsynchronized same-address writes have no defined per-draw source generation,bb94c40970d2bf04,completed,"{'revision': 1, 'iterations': 32, 'sample_count': 8, 'measurement_iterations_multiplier': 4, 'warmup_iterations': 3, 'gpu_completion_mode': 'per_iteration', 'unit': 'us', 'direction': 'lower_is_better'}"
deck,parent,game_load.s3tc_sync_factor.dxt1_ring_payload_generations,20261005-084455948-2c6164d406564fc8b4999b85af8b5e65,50057.25,49214,50119.5,50653,50653,50653,1601845,55938.2838,8,True,PASS,failed,True,True,True,,3403675459d4d3d5,completed,"{'revision': 1, 'iterations': 32, 'sample_count': 8, 'measurement_iterations_multiplier': 4, 'warmup_iterations': 3, 'gpu_completion_mode': 'per_iteration', 'unit': 'us', 'direction': 'lower_is_better'}"
deck,parent,game_load.s3tc_sync_factor.dxt1_dirty_once_redraw,20261005-084455948-2c6164d406564fc8b4999b85af8b5e65,16660.125,16411,16674.0,16888,16888,16888,533141,55938.2838,8,True,PASS,passed,True,True,True,,428c04bbb0a62725,completed,"{'revision': 1, 'iterations': 32, 'sample_count': 8, 'measurement_iterations_multiplier': 4, 'warmup_iterations': 3, 'gpu_completion_mode': 'per_iteration', 'unit': 'us', 'direction': 'lower_is_better'}"
deck,parent,game_load.s3tc_sync_factor.rgba8_same_address_wait,20261005-084455948-2c6164d406564fc8b4999b85af8b5e65,70762.375,67429,70496.0,73367,73367,73367,2264409,55938.2838,8,True,PASS,passed,True,True,True,,3403675459d4d3d5,completed,"{'revision': 1, 'iterations': 32, 'sample_count': 8, 'measurement_iterations_multiplier': 4, 'warmup_iterations': 3, 'gpu_completion_mode': 'per_iteration', 'unit': 'us', 'direction': 'lower_is_better'}"
deck,parent,game_load.s3tc_sync_factor.rgba8_same_address_queued,20261005-084455948-2c6164d406564fc8b4999b85af8b5e65,66507.625,66231,66527.5,66891,66891,66891,2128249,55938.2838,8,True,PASS,failed,True,False,False,unsynchronized same-address writes have no defined per-draw source generation,894a8bfbd7159326,completed,"{'revision': 1, 'iterations': 32, 'sample_count': 8, 'measurement_iterations_multiplier': 4, 'warmup_iterations': 3, 'gpu_completion_mode': 'per_iteration', 'unit': 'us', 'direction': 'lower_is_better'}"
deck,parent,game_load.s3tc_sync_factor.rgba8_ring_payload_generations,20261005-084455948-2c6164d406564fc8b4999b85af8b5e65,303979,298848,302802.0,310563,310563,310563,9727339,55938.2838,8,True,PASS,passed,True,True,True,,3403675459d4d3d5,completed,"{'revision': 1, 'iterations': 32, 'sample_count': 8, 'measurement_iterations_multiplier': 4, 'warmup_iterations': 3, 'gpu_completion_mode': 'per_iteration', 'unit': 'us', 'direction': 'lower_is_better'}"
deck,parent,game_load.s3tc_sync_factor.rgba8_dirty_once_redraw,20261005-084455948-2c6164d406564fc8b4999b85af8b5e65,16692.625,16405,16679.0,17094,17094,17094,534174,55938.2838,8,True,PASS,passed,True,True,True,,428c04bbb0a62725,completed,"{'revision': 1, 'iterations': 32, 'sample_count': 8, 'measurement_iterations_multiplier': 4, 'warmup_iterations': 3, 'gpu_completion_mode': 'per_iteration', 'unit': 'us', 'direction': 'lower_is_better'}"
deck,parent,game_load.s3tc_sync_factor.bc2_native_eligible,20261005-084455948-2c6164d406564fc8b4999b85af8b5e65,83846.25,82646,83674.5,86659,86659,86659,2683089,55938.2838,8,True,PASS,failed,True,True,True,,3403675459d4d3d5,completed,"{'revision': 1, 'iterations': 32, 'sample_count': 8, 'measurement_iterations_multiplier': 4, 'warmup_iterations': 3, 'gpu_completion_mode': 'per_iteration', 'unit': 'us', 'direction': 'lower_is_better'}"
deck,parent,game_load.s3tc_sync_factor.bc2_bordered_fallback,20261005-084455948-2c6164d406564fc8b4999b85af8b5e65,207272.875,198707,204925.5,223526,223526,223526,6632744,55938.2838,8,True,PASS,passed,True,True,True,,db28300321744de5,completed,"{'revision': 1, 'iterations': 32, 'sample_count': 8, 'measurement_iterations_multiplier': 4, 'warmup_iterations': 3, 'gpu_completion_mode': 'per_iteration', 'unit': 'us', 'direction': 'lower_is_better'}"
deck,parent,game_load.s3tc_sync_factor.bc3_native_eligible,20261005-084455948-2c6164d406564fc8b4999b85af8b5e65,84578.625,82514,83320.0,93834,93834,93834,2706528,55938.2838,8,True,PASS,failed,True,True,True,,3403675459d4d3d5,completed,"{'revision': 1, 'iterations': 32, 'sample_count': 8, 'measurement_iterations_multiplier': 4, 'warmup_iterations': 3, 'gpu_completion_mode': 'per_iteration', 'unit': 'us', 'direction': 'lower_is_better'}"
deck,parent,game_load.s3tc_sync_factor.bc3_bordered_fallback,20261005-084455948-2c6164d406564fc8b4999b85af8b5e65,200377.125,198084,200232.5,203923,203923,203923,6412080,55938.2838,8,True,PASS,passed,True,True,True,,db28300321744de5,completed,"{'revision': 1, 'iterations': 32, 'sample_count': 8, 'measurement_iterations_multiplier': 4, 'warmup_iterations': 3, 'gpu_completion_mode': 'per_iteration', 'unit': 'us', 'direction': 'lower_is_better'}"
deck,parent,game_load.repeated_display,20261005-084553942-b0f2eaba05e9432da11659bf461a78de,16639.375,16409,16656.5,16924,16924,16924,532474,35476.3197,8,True,PASS,passed,True,,,,36f446003b9d6325,completed,"{'revision': 1, 'iterations': 32, 'sample_count': 8, 'measurement_iterations_multiplier': 4, 'warmup_iterations': 3, 'gpu_completion_mode': 'per_iteration', 'unit': 'us', 'direction': 'lower_is_better'}"
deck,parent,game_load.repeated_display_boosted,20261005-084553942-b0f2eaba05e9432da11659bf461a78de,49989.625,49952,49995.0,50003,50003,50003,1599675,35476.3197,8,True,PASS,passed,True,,,,b2bc760cb1fba325,completed,"{'revision': 1, 'iterations': 32, 'sample_count': 8, 'measurement_iterations_multiplier': 4, 'warmup_iterations': 3, 'gpu_completion_mode': 'per_iteration', 'unit': 'us', 'direction': 'lower_is_better'}"
deck,parent,game_load.doax_menu_representative.cpu_only,20261005-084553942-b0f2eaba05e9432da11659bf461a78de,22548.125,21681,22089.5,23857,23857,23857,721554,35476.3197,8,True,PASS,passed,True,,,,5abb9d9faaa22325,completed,"{'revision': 1, 'iterations': 32, 'sample_count': 8, 'measurement_iterations_multiplier': 4, 'warmup_iterations': 3, 'gpu_completion_mode': 'per_iteration', 'unit': 'us', 'direction': 'lower_is_better'}"
deck,parent,game_load.doax_menu_representative.pfifo_only,20261005-084553942-b0f2eaba05e9432da11659bf461a78de,4715.125,4316,4728.5,5085,5085,5085,150896,35476.3197,8,True,PASS,passed,True,,,,f9826bbdd7912325,completed,"{'revision': 1, 'iterations': 32, 'sample_count': 8, 'measurement_iterations_multiplier': 4, 'warmup_iterations': 3, 'gpu_completion_mode': 'per_iteration', 'unit': 'us', 'direction': 'lower_is_better'}"
deck,parent,game_load.doax_menu_representative.gpu_only,20261005-084553942-b0f2eaba05e9432da11659bf461a78de,52062.75,49516,50962.5,59156,59156,59156,1666022,35476.3197,8,True,PASS,passed,True,,,,d3984ab7dcb8e325,completed,"{'revision': 1, 'iterations': 32, 'sample_count': 8, 'measurement_iterations_multiplier': 4, 'warmup_iterations': 3, 'gpu_completion_mode': 'per_iteration', 'unit': 'us', 'direction': 'lower_is_better'}"
deck,parent,game_load.doax_menu_representative.streaming_only,20261005-084553942-b0f2eaba05e9432da11659bf461a78de,11843.25,8680,12026.0,13863,13863,13863,378994,35476.3197,8,True,PASS,passed,True,,,,491294aadc23a325,completed,"{'revision': 1, 'iterations': 32, 'sample_count': 8, 'measurement_iterations_multiplier': 4, 'warmup_iterations': 3, 'gpu_completion_mode': 'per_iteration', 'unit': 'us', 'direction': 'lower_is_better'}"
deck,parent,game_load.doax_menu_representative.cpu_pfifo_gpu,20261005-084553942-b0f2eaba05e9432da11659bf461a78de,72406.5,70347,71615.5,75792,75792,75792,2317022,35476.3197,8,True,PASS,failed,True,,,,5d530c66b8da2325,completed,"{'revision': 1, 'iterations': 32, 'sample_count': 8, 'measurement_iterations_multiplier': 4, 'warmup_iterations': 3, 'gpu_completion_mode': 'per_iteration', 'unit': 'us', 'direction': 'lower_is_better'}"
deck,parent,game_load.doax_menu_representative.cpu_pfifo_gpu_streaming,20261005-084553942-b0f2eaba05e9432da11659bf461a78de,81396.875,78202,80699.0,86530,86530,86530,2604708,35476.3197,8,True,PASS,passed,True,,,,9e98944350a52325,completed,"{'revision': 1, 'iterations': 32, 'sample_count': 8, 'measurement_iterations_multiplier': 4, 'warmup_iterations': 3, 'gpu_completion_mode': 'per_iteration', 'unit': 'us', 'direction': 'lower_is_better'}"
deck,parent,game_load.doax_menu_representative.full_system,20261005-084553942-b0f2eaba05e9432da11659bf461a78de,82593.25,81027,82141.5,86777,86777,86777,2643003,35476.3197,8,True,PASS,passed,True,,,,7896e875a8ad2325,completed,"{'revision': 1, 'iterations': 32, 'sample_count': 8, 'measurement_iterations_multiplier': 4, 'warmup_iterations': 3, 'gpu_completion_mode': 'per_iteration', 'unit': 'us', 'direction': 'lower_is_better'}"
deck,parent,game_load.doax_menu_stress.cpu_only,20261005-084553942-b0f2eaba05e9432da11659bf461a78de,45591.125,42253,45407.5,48923,48923,48923,1458933,35476.3197,8,True,PASS,passed,True,,,,4b7c157e1e9ce325,completed,"{'revision': 1, 'iterations': 32, 'sample_count': 8, 'measurement_iterations_multiplier': 4, 'warmup_iterations': 3, 'gpu_completion_mode': 'per_iteration', 'unit': 'us', 'direction': 'lower_is_better'}"
deck,parent,game_load.doax_menu_stress.pfifo_only,20261005-084553942-b0f2eaba05e9432da11659bf461a78de,8769.25,8328,8759.5,9343,9343,9343,280630,35476.3197,8,True,PASS,passed,True,,,,f46d8f2a39a6e325,completed,"{'revision': 1, 'iterations': 32, 'sample_count': 8, 'measurement_iterations_multiplier': 4, 'warmup_iterations': 3, 'gpu_completion_mode': 'per_iteration', 'unit': 'us', 'direction': 'lower_is_better'}"
deck,parent,game_load.doax_menu_stress.gpu_only,20261005-084553942-b0f2eaba05e9432da11659bf461a78de,89186.125,87508,88920.0,91315,91315,91315,2853969,35476.3197,8,True,PASS,passed,True,,,,bcaf8b0e8de5a325,completed,"{'revision': 1, 'iterations': 32, 'sample_count': 8, 'measurement_iterations_multiplier': 4, 'warmup_iterations': 3, 'gpu_completion_mode': 'per_iteration', 'unit': 'us', 'direction': 'lower_is_better'}"
deck,parent,game_load.doax_menu_stress.streaming_only,20261005-084631456-32c7104924734a2395217113d113f6e6,30778.375,22157,31782.5,38065,38065,38065,984920,83483.5212,8,True,PASS,passed,True,,,,06e0eccda97d2325,completed,"{'revision': 1, 'iterations': 32, 'sample_count': 8, 'measurement_iterations_multiplier': 4, 'warmup_iterations': 3, 'gpu_completion_mode': 'per_iteration', 'unit': 'us', 'direction': 'lower_is_better'}"
deck,parent,game_load.doax_menu_stress.cpu_pfifo_gpu,20261005-084631456-32c7104924734a2395217113d113f6e6,147984.375,141791,147846.5,152731,152731,152731,4735510,83483.5212,8,True,PASS,failed,True,,,,30f332d7669ba325,completed,"{'revision': 1, 'iterations': 32, 'sample_count': 8, 'measurement_iterations_multiplier': 4, 'warmup_iterations': 3, 'gpu_completion_mode': 'per_iteration', 'unit': 'us', 'direction': 'lower_is_better'}"
deck,parent,game_load.doax_menu_stress.cpu_pfifo_gpu_streaming,20261005-084631456-32c7104924734a2395217113d113f6e6,162003.625,158635,162216.0,166034,166034,166034,5184134,83483.5212,8,True,PASS,passed,True,,,,d4d9dedf3ef06325,completed,"{'revision': 1, 'iterations': 32, 'sample_count': 8, 'measurement_iterations_multiplier': 4, 'warmup_iterations': 3, 'gpu_completion_mode': 'per_iteration', 'unit': 'us', 'direction': 'lower_is_better'}"
deck,parent,game_load.doax_menu_stress.full_system,20261005-084631456-32c7104924734a2395217113d113f6e6,166959.75,159503,166275.5,176255,176255,176255,5342721,83483.5212,8,True,PASS,passed,True,,,,8cf51e8eb67fa325,completed,"{'revision': 1, 'iterations': 32, 'sample_count': 8, 'measurement_iterations_multiplier': 4, 'warmup_iterations': 3, 'gpu_completion_mode': 'per_iteration', 'unit': 'us', 'direction': 'lower_is_better'}"
deck,parent,game_load.pgr2_ai_backup.cpu_only,20261005-084631456-32c7104924734a2395217113d113f6e6,70386.125,68136,70111.0,72821,72821,72821,2252367,83483.5212,8,True,PASS,passed,True,,,,e6df98b3e513a325,completed,"{'revision': 1, 'iterations': 32, 'sample_count': 8, 'measurement_iterations_multiplier': 4, 'warmup_iterations': 3, 'gpu_completion_mode': 'per_iteration', 'unit': 'us', 'direction': 'lower_is_better'}"
deck,parent,game_load.pgr2_ai_backup.pfifo_only,20261005-084631456-32c7104924734a2395217113d113f6e6,32798.625,31694,32734.0,34047,34047,34047,1049572,83483.5212,8,True,PASS,passed,True,,,,e57ef83b3a66e325,completed,"{'revision': 1, 'iterations': 32, 'sample_count': 8, 'measurement_iterations_multiplier': 4, 'warmup_iterations': 3, 'gpu_completion_mode': 'per_iteration', 'unit': 'us', 'direction': 'lower_is_better'}"
deck,parent,game_load.pgr2_ai_backup.gpu_only,20261005-084631456-32c7104924734a2395217113d113f6e6,245090.25,235280,244670.0,257638,257638,257638,7842902,83483.5212,8,True,PASS,passed,True,,,,02ffd9b12aa96325,completed,"{'revision': 1, 'iterations': 32, 'sample_count': 8, 'measurement_iterations_multiplier': 4, 'warmup_iterations': 3, 'gpu_completion_mode': 'per_iteration', 'unit': 'us', 'direction': 'lower_is_better'}"
deck,parent,game_load.pgr2_ai_backup.streaming_only,20261005-084631456-32c7104924734a2395217113d113f6e6,7263.25,5867,7169.0,9183,9183,9183,232435,83483.5212,8,True,PASS,passed,True,,,,155df5f182392325,completed,"{'revision': 1, 'iterations': 32, 'sample_count': 8, 'measurement_iterations_multiplier': 4, 'warmup_iterations': 3, 'gpu_completion_mode': 'per_iteration', 'unit': 'us', 'direction': 'lower_is_better'}"
deck,parent,game_load.pgr2_ai_backup.cpu_pfifo_gpu,20261005-084631456-32c7104924734a2395217113d113f6e6,343972,335196,341425.5,360173,360173,360173,11007117,83483.5212,8,True,PASS,failed,True,,,,519ce083c370e325,completed,"{'revision': 1, 'iterations': 32, 'sample_count': 8, 'measurement_iterations_multiplier': 4, 'warmup_iterations': 3, 'gpu_completion_mode': 'per_iteration', 'unit': 'us', 'direction': 'lower_is_better'}"
deck,parent,game_load.pgr2_ai_backup.cpu_pfifo_gpu_streaming,20261005-084631456-32c7104924734a2395217113d113f6e6,350578.125,345163,351885.5,354415,354415,354415,11218515,83483.5212,8,True,PASS,passed,True,,,,66a43765efc02325,completed,"{'revision': 1, 'iterations': 32, 'sample_count': 8, 'measurement_iterations_multiplier': 4, 'warmup_iterations': 3, 'gpu_completion_mode': 'per_iteration', 'unit': 'us', 'direction': 'lower_is_better'}"
deck,parent,game_load.pgr2_ai_backup.full_system,20261005-084631456-32c7104924734a2395217113d113f6e6,351689.375,344032,350742.0,362990,362990,362990,11254069,83483.5212,8,True,PASS,passed,True,,,,55485325870d6325,completed,"{'revision': 1, 'iterations': 32, 'sample_count': 8, 'measurement_iterations_multiplier': 4, 'warmup_iterations': 3, 'gpu_completion_mode': 'per_iteration', 'unit': 'us', 'direction': 'lower_is_better'}"
deck,parent,high_vertex_count.arrays,20261005-091006928-025cc24e9e9d450a97309e2708c4617c,161.16,112,124.0,345,368,800,64622,38199.7599,100,True,PASS,failed,True,,,,e67a1ce72784a588,completed,"{'revision': 1, 'iterations': 400, 'sample_count': 100, 'measurement_iterations_multiplier': 4, 'warmup_iterations': 3, 'gpu_completion_mode': 'per_iteration', 'unit': 'us', 'direction': 'lower_is_better'}"
deck,parent,high_vertex_count.inline_arrays,20261005-091006928-025cc24e9e9d450a97309e2708c4617c,114282.9,109577,111883.5,128094,128094,128094,4571331,38199.7599,10,True,PASS,failed,True,,,,e67a1ce72784a588,completed,"{'revision': 1, 'iterations': 40, 'sample_count': 10, 'measurement_iterations_multiplier': 4, 'warmup_iterations': 3, 'gpu_completion_mode': 'per_iteration', 'unit': 'us', 'direction': 'lower_is_better'}"
deck,parent,high_vertex_count.inline_buffers,20261005-091006928-025cc24e9e9d450a97309e2708c4617c,620266.6,608084,620842,632559,632559,632559,12405336,38199.7599,5,True,PASS,failed,True,,,,e67a1ce72784a588,completed,"{'revision': 1, 'iterations': 20, 'sample_count': 5, 'measurement_iterations_multiplier': 4, 'warmup_iterations': 3, 'gpu_completion_mode': 'per_iteration', 'unit': 'us', 'direction': 'lower_is_better'}"
deck,parent,high_vertex_count.inline_elements,20261005-091006928-025cc24e9e9d450a97309e2708c4617c,6182.94,5817,6063.0,6761,6912,6912,1236662,38199.7599,50,True,PASS,failed,True,,,,e67a1ce72784a588,completed,"{'revision': 1, 'iterations': 200, 'sample_count': 50, 'measurement_iterations_multiplier': 4, 'warmup_iterations': 3, 'gpu_completion_mode': 'per_iteration', 'unit': 'us', 'direction': 'lower_is_better'}"
deck,parent,primitive_type.line_loop.fixed_function,20261005-091006928-025cc24e9e9d450a97309e2708c4617c,2103.7,1787,2111.5,2452,2452,2452,84167,38199.7599,10,True,PASS,failed,True,,,,4024a5cb9bd0fa4e,completed,"{'revision': 1, 'iterations': 40, 'sample_count': 10, 'measurement_iterations_multiplier': 4, 'warmup_iterations': 3, 'gpu_completion_mode': 'per_iteration', 'unit': 'us', 'direction': 'lower_is_better'}"
deck,parent,primitive_type.line_loop.vertex_shader,20261005-091006928-025cc24e9e9d450a97309e2708c4617c,2345.7,2257,2337.0,2491,2491,2491,93848,38199.7599,10,True,PASS,failed,True,,,,4024a5cb9bd0fa4e,completed,"{'revision': 1, 'iterations': 40, 'sample_count': 10, 'measurement_iterations_multiplier': 4, 'warmup_iterations': 3, 'gpu_completion_mode': 'per_iteration', 'unit': 'us', 'direction': 'lower_is_better'}"
deck,parent,primitive_type.line_strip.fixed_function,20261005-091006928-025cc24e9e9d450a97309e2708c4617c,1366.1,1268,1342.5,1474,1474,1474,54660,38199.7599,10,True,PASS,failed,True,,,,4024a5cb9bd0fa4e,completed,"{'revision': 1, 'iterations': 40, 'sample_count': 10, 'measurement_iterations_multiplier': 4, 'warmup_iterations': 3, 'gpu_completion_mode': 'per_iteration', 'unit': 'us', 'direction': 'lower_is_better'}"
deck,parent,primitive_type.line_strip.vertex_shader,20261005-091006928-025cc24e9e9d450a97309e2708c4617c,1218.9,1096,1252.0,1319,1319,1319,48773,38199.7599,10,True,PASS,failed,True,,,,4024a5cb9bd0fa4e,completed,"{'revision': 1, 'iterations': 40, 'sample_count': 10, 'measurement_iterations_multiplier': 4, 'warmup_iterations': 3, 'gpu_completion_mode': 'per_iteration', 'unit': 'us', 'direction': 'lower_is_better'}"
deck,parent,primitive_type.lines.fixed_function,20261005-091006928-025cc24e9e9d450a97309e2708c4617c,4191.5,3928,4249.0,4493,4493,4493,167677,38199.7599,10,True,PASS,failed,True,,,,5440c372c6a2a101,completed,"{'revision': 1, 'iterations': 40, 'sample_count': 10, 'measurement_iterations_multiplier': 4, 'warmup_iterations': 3, 'gpu_completion_mode': 'per_iteration', 'unit': 'us', 'direction': 'lower_is_better'}"
deck,parent,primitive_type.lines.vertex_shader,20261005-091006928-025cc24e9e9d450a97309e2708c4617c,4233.8,3662,4281.0,4742,4742,4742,169364,38199.7599,10,True,PASS,failed,True,,,,5440c372c6a2a101,completed,"{'revision': 1, 'iterations': 40, 'sample_count': 10, 'measurement_iterations_multiplier': 4, 'warmup_iterations': 3, 'gpu_completion_mode': 'per_iteration', 'unit': 'us', 'direction': 'lower_is_better'}"
deck,parent,primitive_type.points.fixed_function,20261005-091006928-025cc24e9e9d450a97309e2708c4617c,2344.7,2155,2335.5,2459,2459,2459,93807,38199.7599,10,True,PASS,failed,True,,,,6813f0dbe94bac3c,completed,"{'revision': 1, 'iterations': 40, 'sample_count': 10, 'measurement_iterations_multiplier': 4, 'warmup_iterations': 3, 'gpu_completion_mode': 'per_iteration', 'unit': 'us', 'direction': 'lower_is_better'}"
deck,parent,primitive_type.points.vertex_shader,20261005-091006928-025cc24e9e9d450a97309e2708c4617c,2410.9,2055,2438.0,2594,2594,2594,96453,38199.7599,10,True,PASS,failed,True,,,,6813f0dbe94bac3c,completed,"{'revision': 1, 'iterations': 40, 'sample_count': 10, 'measurement_iterations_multiplier': 4, 'warmup_iterations': 3, 'gpu_completion_mode': 'per_iteration', 'unit': 'us', 'direction': 'lower_is_better'}"
deck,parent,primitive_type.polygon.fixed_function,20261005-091047165-95a972f74f6a48379988684c86c9bfac,2383.5,2167,2386.5,2652,2652,2652,95348,18511.0253,10,True,PASS,failed,True,,,,e0d0b9dbefa71269,completed,"{'revision': 1, 'iterations': 40, 'sample_count': 10, 'measurement_iterations_multiplier': 4, 'warmup_iterations': 3, 'gpu_completion_mode': 'per_iteration', 'unit': 'us', 'direction': 'lower_is_better'}"
deck,parent,primitive_type.polygon.vertex_shader,20261005-091047165-95a972f74f6a48379988684c86c9bfac,5500.3,4702,5506.0,6475,6475,6475,220028,18511.0253,10,True,PASS,failed,True,,,,e0d0b9dbefa71269,completed,"{'revision': 1, 'iterations': 40, 'sample_count': 10, 'measurement_iterations_multiplier': 4, 'warmup_iterations': 3, 'gpu_completion_mode': 'per_iteration', 'unit': 'us', 'direction': 'lower_is_better'}"
deck,parent,primitive_type.quad_strip.fixed_function,20261005-091047165-95a972f74f6a48379988684c86c9bfac,6782.4,4031,4262.5,12156,12156,12156,271310,18511.0253,10,True,PASS,failed,True,,,,e1f46a0779ee1f21,completed,"{'revision': 1, 'iterations': 40, 'sample_count': 10, 'measurement_iterations_multiplier': 4, 'warmup_iterations': 3, 'gpu_completion_mode': 'per_iteration', 'unit': 'us', 'direction': 'lower_is_better'}"
deck,parent,primitive_type.quad_strip.vertex_shader,20261005-091047165-95a972f74f6a48379988684c86c9bfac,4310.5,3893,4356.0,4795,4795,4795,172437,18511.0253,10,True,PASS,failed,True,,,,e1f46a0779ee1f21,completed,"{'revision': 1, 'iterations': 40, 'sample_count': 10, 'measurement_iterations_multiplier': 4, 'warmup_iterations': 3, 'gpu_completion_mode': 'per_iteration', 'unit': 'us', 'direction': 'lower_is_better'}"
deck,parent,primitive_type.quads.fixed_function,20261005-091047165-95a972f74f6a48379988684c86c9bfac,6723.6,4276,7680.5,8689,8689,8689,268963,18511.0253,10,True,PASS,failed,True,,,,d14f30833e638324,completed,"{'revision': 1, 'iterations': 40, 'sample_count': 10, 'measurement_iterations_multiplier': 4, 'warmup_iterations': 3, 'gpu_completion_mode': 'per_iteration', 'unit': 'us', 'direction': 'lower_is_better'}"
deck,parent,primitive_type.quads.vertex_shader,20261005-091047165-95a972f74f6a48379988684c86c9bfac,7151.4,5051,7770.5,8831,8831,8831,286072,18511.0253,10,True,PASS,failed,True,,,,d14f30833e638324,completed,"{'revision': 1, 'iterations': 40, 'sample_count': 10, 'measurement_iterations_multiplier': 4, 'warmup_iterations': 3, 'gpu_completion_mode': 'per_iteration', 'unit': 'us', 'direction': 'lower_is_better'}"
deck,parent,primitive_type.triangle_fan.fixed_function,20261005-091047165-95a972f74f6a48379988684c86c9bfac,1342.6,1263,1315.5,1468,1468,1468,53716,18511.0253,10,True,PASS,failed,True,,,,eadb3b4945fe25df,completed,"{'revision': 1, 'iterations': 40, 'sample_count': 10, 'measurement_iterations_multiplier': 4, 'warmup_iterations': 3, 'gpu_completion_mode': 'per_iteration', 'unit': 'us', 'direction': 'lower_is_better'}"
deck,parent,primitive_type.triangle_fan.vertex_shader,20261005-091047165-95a972f74f6a48379988684c86c9bfac,1301.6,1208,1282.5,1444,1444,1444,52081,18511.0253,10,True,PASS,failed,True,,,,eadb3b4945fe25df,completed,"{'revision': 1, 'iterations': 40, 'sample_count': 10, 'measurement_iterations_multiplier': 4, 'warmup_iterations': 3, 'gpu_completion_mode': 'per_iteration', 'unit': 'us', 'direction': 'lower_is_better'}"
deck,parent,primitive_type.triangle_strip.fixed_function,20261005-091047165-95a972f74f6a48379988684c86c9bfac,2185.5,1934,2209.0,2327,2327,2327,87438,18511.0253,10,True,PASS,failed,True,,,,ee7f6eeeb2263031,completed,"{'revision': 1, 'iterations': 40, 'sample_count': 10, 'measurement_iterations_multiplier': 4, 'warmup_iterations': 3, 'gpu_completion_mode': 'per_iteration', 'unit': 'us', 'direction': 'lower_is_better'}"
deck,parent,primitive_type.triangle_strip.vertex_shader,20261005-091047165-95a972f74f6a48379988684c86c9bfac,2136.7,1757,2140.5,2393,2393,2393,85482,18511.0253,10,True,PASS,failed,True,,,,ee7f6eeeb2263031,completed,"{'revision': 1, 'iterations': 40, 'sample_count': 10, 'measurement_iterations_multiplier': 4, 'warmup_iterations': 3, 'gpu_completion_mode': 'per_iteration', 'unit': 'us', 'direction': 'lower_is_better'}"
deck,parent,primitive_type.triangles.fixed_function,20261005-091047165-95a972f74f6a48379988684c86c9bfac,5387,3501,5704.0,6277,6277,6277,215494,18511.0253,10,True,PASS,failed,True,,,,a53b3ecbc7019828,completed,"{'revision': 1, 'iterations': 40, 'sample_count': 10, 'measurement_iterations_multiplier': 4, 'warmup_iterations': 3, 'gpu_completion_mode': 'per_iteration', 'unit': 'us', 'direction': 'lower_is_better'}"
deck,parent,primitive_type.triangles.vertex_shader,20261005-091047165-95a972f74f6a48379988684c86c9bfac,7191.5,3274,5717.0,24172,24172,24172,287675,18511.0253,10,True,PASS,failed,True,,,,a53b3ecbc7019828,completed,"{'revision': 1, 'iterations': 40, 'sample_count': 10, 'measurement_iterations_multiplier': 4, 'warmup_iterations': 3, 'gpu_completion_mode': 'per_iteration', 'unit': 'us', 'direction': 'lower_is_better'}"
deck,parent,texture_cubemap_fallback.bordered_palette_size1,20261005-091108213-9ff2a14c3cea4a35b35b5d04156cdeb9,16645.625,16484,16659.0,16817,16817,16817,532677,133012.4638,8,True,FAIL,failed,True,,,,56d00ed89334a325,completed,"{'revision': 1, 'iterations': 32, 'sample_count': 8, 'measurement_iterations_multiplier': 4, 'warmup_iterations': 3, 'gpu_completion_mode': 'per_iteration', 'unit': 'us', 'direction': 'lower_is_better'}"
deck,parent,texture_cubemap_fallback.bordered_palette_size2,20261005-091108213-9ff2a14c3cea4a35b35b5d04156cdeb9,16627.5,16356,16670.0,16824,16824,16824,532091,133012.4638,8,True,FAIL,failed,True,,,,bb93d50a6b1ba325,completed,"{'revision': 1, 'iterations': 32, 'sample_count': 8, 'measurement_iterations_multiplier': 4, 'warmup_iterations': 3, 'gpu_completion_mode': 'per_iteration', 'unit': 'us', 'direction': 'lower_is_better'}"
deck,parent,texture_cubemap_fallback.bordered_palette_size4,20261005-091108213-9ff2a14c3cea4a35b35b5d04156cdeb9,16662.875,16604,16667.0,16713,16713,16713,533220,133012.4638,8,True,FAIL,failed,True,,,,55460e1d2302a325,completed,"{'revision': 1, 'iterations': 32, 'sample_count': 8, 'measurement_iterations_multiplier': 4, 'warmup_iterations': 3, 'gpu_completion_mode': 'per_iteration', 'unit': 'us', 'direction': 'lower_is_better'}"
deck,parent,texture_cubemap_fallback.bordered_palette_size8,20261005-091108213-9ff2a14c3cea4a35b35b5d04156cdeb9,16666.75,16580,16655.0,16776,16776,16776,533347,133012.4638,8,True,FAIL,failed,True,,,,53ccfb3cac5633d3,completed,"{'revision': 1, 'iterations': 32, 'sample_count': 8, 'measurement_iterations_multiplier': 4, 'warmup_iterations': 3, 'gpu_completion_mode': 'per_iteration', 'unit': 'us', 'direction': 'lower_is_better'}"
deck,parent,texture_cubemap_fallback.bordered_r6g5b5_size1,20261005-091108213-9ff2a14c3cea4a35b35b5d04156cdeb9,16655.5,16559,16652.5,16730,16730,16730,532984,133012.4638,8,True,FAIL,failed,True,,,,56d00ed89334a325,completed,"{'revision': 1, 'iterations': 32, 'sample_count': 8, 'measurement_iterations_multiplier': 4, 'warmup_iterations': 3, 'gpu_completion_mode': 'per_iteration', 'unit': 'us', 'direction': 'lower_is_better'}"
deck,parent,texture_cubemap_fallback.bordered_r6g5b5_size2,20261005-091108213-9ff2a14c3cea4a35b35b5d04156cdeb9,16654.125,16534,16665.0,16708,16708,16708,532945,133012.4638,8,True,FAIL,failed,True,,,,0e8ba11521b73f45,completed,"{'revision': 1, 'iterations': 32, 'sample_count': 8, 'measurement_iterations_multiplier': 4, 'warmup_iterations': 3, 'gpu_completion_mode': 'per_iteration', 'unit': 'us', 'direction': 'lower_is_better'}"
deck,parent,texture_cubemap_fallback.bordered_r6g5b5_size4,20261005-091108213-9ff2a14c3cea4a35b35b5d04156cdeb9,16659,16584,16652.0,16748,16748,16748,533103,133012.4638,8,True,FAIL,failed,True,,,,31dbcc2110e01525,completed,"{'revision': 1, 'iterations': 32, 'sample_count': 8, 'measurement_iterations_multiplier': 4, 'warmup_iterations': 3, 'gpu_completion_mode': 'per_iteration', 'unit': 'us', 'direction': 'lower_is_better'}"
deck,parent,texture_cubemap_fallback.bordered_rgba8_size1,20261005-091108213-9ff2a14c3cea4a35b35b5d04156cdeb9,16661,16619,16668.5,16700,16700,16700,533167,133012.4638,8,True,FAIL,failed,True,,,,56d00ed89334a325,completed,"{'revision': 1, 'iterations': 32, 'sample_count': 8, 'measurement_iterations_multiplier': 4, 'warmup_iterations': 3, 'gpu_completion_mode': 'per_iteration', 'unit': 'us', 'direction': 'lower_is_better'}"
deck,parent,texture_cubemap_fallback.bordered_rgba8_size2,20261005-091108213-9ff2a14c3cea4a35b35b5d04156cdeb9,16662.625,16619,16654.0,16734,16734,16734,533223,133012.4638,8,True,FAIL,failed,True,,,,bb93d50a6b1ba325,completed,"{'revision': 1, 'iterations': 32, 'sample_count': 8, 'measurement_iterations_multiplier': 4, 'warmup_iterations': 3, 'gpu_completion_mode': 'per_iteration', 'unit': 'us', 'direction': 'lower_is_better'}"
deck,parent,texture_cubemap_fallback.bordered_rgba8_size4,20261005-091108213-9ff2a14c3cea4a35b35b5d04156cdeb9,16654,16485,16647.0,16823,16823,16823,532938,133012.4638,8,True,FAIL,failed,True,,,,55460e1d2302a325,completed,"{'revision': 1, 'iterations': 32, 'sample_count': 8, 'measurement_iterations_multiplier': 4, 'warmup_iterations': 3, 'gpu_completion_mode': 'per_iteration', 'unit': 'us', 'direction': 'lower_is_better'}"
deck,parent,texture_cubemap_fallback.bordered_rgba8_size8,20261005-091108213-9ff2a14c3cea4a35b35b5d04156cdeb9,16658.375,16546,16665.5,16716,16716,16716,533084,133012.4638,8,True,FAIL,failed,True,,,,f3129198a7b005f5,completed,"{'revision': 1, 'iterations': 32, 'sample_count': 8, 'measurement_iterations_multiplier': 4, 'warmup_iterations': 3, 'gpu_completion_mode': 'per_iteration', 'unit': 'us', 'direction': 'lower_is_better'}"
deck,parent,texture_cubemap_fallback.unbordered_subblock_dxt1,20261005-091108213-9ff2a14c3cea4a35b35b5d04156cdeb9,16658.125,16620,16660.0,16697,16697,16697,533075,133012.4638,8,True,PASS,passed,True,,,,be0f2013c1997ca5,completed,"{'revision': 1, 'iterations': 32, 'sample_count': 8, 'measurement_iterations_multiplier': 4, 'warmup_iterations': 3, 'gpu_completion_mode': 'per_iteration', 'unit': 'us', 'direction': 'lower_is_better'}"
deck,parent,texture_cubemap_fallback.bordered_r6g5b5_size8,20261005-091325208-3ce0a92518de4bacb079eac54e865779,16648.25,16410,16637.0,16880,16880,16880,532756,24629.4363,8,True,FAIL,failed,True,,,,72ca2acdd1d976a5,completed,"{'revision': 1, 'iterations': 32, 'sample_count': 8, 'measurement_iterations_multiplier': 4, 'warmup_iterations': 3, 'gpu_completion_mode': 'per_iteration', 'unit': 'us', 'direction': 'lower_is_better'}"
deck,parent,surface.basic,20261005-091351895-51fcaee6f26b4d1b9001b09fba78eb6f,42657.1,38893,42630.0,46683,46683,46683,1706300,37258.0684,10,True,PASS,failed,True,,,,cf6533efef4c476e,completed,"{'revision': 1, 'iterations': 40, 'sample_count': 10, 'measurement_iterations_multiplier': 4, 'warmup_iterations': 3, 'gpu_completion_mode': 'per_iteration', 'unit': 'us', 'direction': 'lower_is_better'}"
deck,parent,surface.cpu_read_after_gpu_write,20261005-091351895-51fcaee6f26b4d1b9001b09fba78eb6f,3803.25,3043,3791.5,4005,5106,5106,304291,37258.0684,20,True,PASS,passed,True,,,,572720976b602325,completed,"{'revision': 1, 'iterations': 80, 'sample_count': 20, 'measurement_iterations_multiplier': 4, 'warmup_iterations': 3, 'gpu_completion_mode': 'per_iteration', 'unit': 'us', 'direction': 'lower_is_better'}"
deck,parent,surface.cpu_read_clean_surface,20261005-091351895-51fcaee6f26b4d1b9001b09fba78eb6f,308.49,111,264.0,510,619,621,123550,37258.0684,100,True,PASS,passed,True,,,,aa32af524aa52325,completed,"{'revision': 1, 'iterations': 400, 'sample_count': 100, 'measurement_iterations_multiplier': 4, 'warmup_iterations': 3, 'gpu_completion_mode': 'per_iteration', 'unit': 'us', 'direction': 'lower_is_better'}"
deck,parent,surface.framebuffer_working_set_002,20261005-091351895-51fcaee6f26b4d1b9001b09fba78eb6f,4018,2261,4568.0,5994,6000,6000,321471,37258.0684,20,True,PASS,failed,True,,,,cb732f2ae5736b2d,completed,"{'revision': 1, 'iterations': 80, 'sample_count': 20, 'measurement_iterations_multiplier': 4, 'warmup_iterations': 3, 'gpu_completion_mode': 'per_iteration', 'unit': 'us', 'direction': 'lower_is_better'}"
deck,parent,surface.framebuffer_working_set_008,20261005-091351895-51fcaee6f26b4d1b9001b09fba78eb6f,5296.8,4493,5226.5,6007,6384,6384,423769,37258.0684,20,True,PASS,failed,True,,,,7ffda0d97cce712d,completed,"{'revision': 1, 'iterations': 80, 'sample_count': 20, 'measurement_iterations_multiplier': 4, 'warmup_iterations': 3, 'gpu_completion_mode': 'per_iteration', 'unit': 'us', 'direction': 'lower_is_better'}"
deck,parent,surface.framebuffer_working_set_032,20261005-091351895-51fcaee6f26b4d1b9001b09fba78eb6f,4792.8,2379,5171.0,5854,6117,6117,383451,37258.0684,20,True,PASS,failed,True,,,,2baad45ae0ed71a5,completed,"{'revision': 1, 'iterations': 80, 'sample_count': 20, 'measurement_iterations_multiplier': 4, 'warmup_iterations': 3, 'gpu_completion_mode': 'per_iteration', 'unit': 'us', 'direction': 'lower_is_better'}"
deck,parent,surface.framebuffer_working_set_064,20261005-091351895-51fcaee6f26b4d1b9001b09fba78eb6f,3104.5,2238,2624.0,5205,6268,6268,248391,37258.0684,20,True,PASS,failed,True,,,,2baad45ae0ed71a5,completed,"{'revision': 1, 'iterations': 80, 'sample_count': 20, 'measurement_iterations_multiplier': 4, 'warmup_iterations': 3, 'gpu_completion_mode': 'per_iteration', 'unit': 'us', 'direction': 'lower_is_better'}"
deck,parent,surface.full_clear_elision_guard,20261005-091351895-51fcaee6f26b4d1b9001b09fba78eb6f,7302.38,1899,7456.0,10305,23783,26099,2921099,37258.0684,100,True,PASS,failed,True,,,,49bc2d7eec9c4725,completed,"{'revision': 1, 'iterations': 400, 'sample_count': 100, 'measurement_iterations_multiplier': 4, 'warmup_iterations': 3, 'gpu_completion_mode': 'per_iteration', 'unit': 'us', 'direction': 'lower_is_better'}"
deck,parent,surface.overlapping_surface_churn_representative,20261005-091351895-51fcaee6f26b4d1b9001b09fba78eb6f,7400.9,3926,7374.0,9410,10148,11813,2960505,37258.0684,100,True,PASS,failed,True,,,,7a8c35cdc9c70725,completed,"{'revision': 1, 'iterations': 400, 'sample_count': 100, 'measurement_iterations_multiplier': 4, 'warmup_iterations': 3, 'gpu_completion_mode': 'per_iteration', 'unit': 'us', 'direction': 'lower_is_better'}"
deck,parent,surface.overlapping_surface_churn_stress,20261005-091351895-51fcaee6f26b4d1b9001b09fba78eb6f,80457.9,72550,77832.0,109356,109356,109356,3218340,37258.0684,10,True,PASS,failed,True,,,,7a8c35cdc9c70725,completed,"{'revision': 1, 'iterations': 40, 'sample_count': 10, 'measurement_iterations_multiplier': 4, 'warmup_iterations': 3, 'gpu_completion_mode': 'per_iteration', 'unit': 'us', 'direction': 'lower_is_better'}"
deck,parent,surface.partial_channel_clear_guard,20261005-091351895-51fcaee6f26b4d1b9001b09fba78eb6f,7094.82,1888,7658.0,10115,12042,13532,2838099,37258.0684,100,True,PASS,failed,True,,,,b52bc22d6eedd725,completed,"{'revision': 1, 'iterations': 400, 'sample_count': 100, 'measurement_iterations_multiplier': 4, 'warmup_iterations': 3, 'gpu_completion_mode': 'per_iteration', 'unit': 'us', 'direction': 'lower_is_better'}"
deck,parent,surface.surface_download_path,20261005-091351895-51fcaee6f26b4d1b9001b09fba78eb6f,60722.9,39085,44119.0,195265,195265,195265,2428937,37258.0684,10,True,PASS,failed,True,,,,3a281ef8b6b324c2,completed,"{'revision': 1, 'iterations': 40, 'sample_count': 10, 'measurement_iterations_multiplier': 4, 'warmup_iterations': 3, 'gpu_completion_mode': 'per_iteration', 'unit': 'us', 'direction': 'lower_is_better'}"
deck,parent,surface.surface_list_lookup_002,20261005-091431692-b732683794e44a679e9cdc39cd677050,4804.7,3652,4825.0,5941,5983,5983,384411,76097.5654,20,True,PASS,failed,True,,,,fa475bc695046525,completed,"{'revision': 1, 'iterations': 80, 'sample_count': 20, 'measurement_iterations_multiplier': 4, 'warmup_iterations': 3, 'gpu_completion_mode': 'per_iteration', 'unit': 'us', 'direction': 'lower_is_better'}"
deck,parent,surface.surface_list_lookup_008,20261005-091431692-b732683794e44a679e9cdc39cd677050,5566.1,2556,5812.5,7046,7247,7247,445327,76097.5654,20,True,PASS,failed,True,,,,9489ca620c4f97a5,completed,"{'revision': 1, 'iterations': 80, 'sample_count': 20, 'measurement_iterations_multiplier': 4, 'warmup_iterations': 3, 'gpu_completion_mode': 'per_iteration', 'unit': 'us', 'direction': 'lower_is_better'}"
deck,parent,surface.surface_list_lookup_032,20261005-091431692-b732683794e44a679e9cdc39cd677050,5109.55,3186,5253.0,6160,6268,6268,408792,76097.5654,20,True,PASS,failed,True,,,,8cdf93e7e3e6ce25,completed,"{'revision': 1, 'iterations': 80, 'sample_count': 20, 'measurement_iterations_multiplier': 4, 'warmup_iterations': 3, 'gpu_completion_mode': 'per_iteration', 'unit': 'us', 'direction': 'lower_is_better'}"
deck,parent,surface.surface_list_lookup_128,20261005-091431692-b732683794e44a679e9cdc39cd677050,5104.25,2000,5602.0,6548,6559,6559,408372,76097.5654,20,True,PASS,failed,True,,,,8cdf93e7e3e6ce25,completed,"{'revision': 1, 'iterations': 80, 'sample_count': 20, 'measurement_iterations_multiplier': 4, 'warmup_iterations': 3, 'gpu_completion_mode': 'per_iteration', 'unit': 'us', 'direction': 'lower_is_better'}"
deck,parent,surface.vulkan_memory_pressure.representative.growth,20261005-091431692-b732683794e44a679e9cdc39cd677050,175722,168509,177609.0,179161,179161,179161,2811558,76097.5654,4,True,PASS,failed,True,,,,17046af640418325,completed,"{'revision': 1, 'iterations': 16, 'sample_count': 4, 'measurement_iterations_multiplier': 4, 'warmup_iterations': 3, 'gpu_completion_mode': 'per_iteration', 'unit': 'us', 'direction': 'lower_is_better'}"
deck,parent,surface.vulkan_memory_pressure.representative.plateau,20261005-091431692-b732683794e44a679e9cdc39cd677050,143420,122607,146109.5,158854,158854,158854,2294729,76097.5654,4,True,PASS,failed,True,,,,490075aafd91af25,completed,"{'revision': 1, 'iterations': 16, 'sample_count': 4, 'measurement_iterations_multiplier': 4, 'warmup_iterations': 3, 'gpu_completion_mode': 'per_iteration', 'unit': 'us', 'direction': 'lower_is_better'}"
deck,parent,surface.vulkan_memory_pressure.representative.alias_resize,20261005-091431692-b732683794e44a679e9cdc39cd677050,96649.25,67765,97797.5,123237,123237,123237,1546396,76097.5654,4,True,PASS,failed,True,,,,ed56b68868e2f325,completed,"{'revision': 1, 'iterations': 16, 'sample_count': 4, 'measurement_iterations_multiplier': 4, 'warmup_iterations': 3, 'gpu_completion_mode': 'per_iteration', 'unit': 'us', 'direction': 'lower_is_better'}"
deck,parent,surface.vulkan_memory_pressure.representative.reuse,20261005-091431692-b732683794e44a679e9cdc39cd677050,157447.75,120672,161573.5,185972,185972,185972,2519168,76097.5654,4,True,PASS,failed,True,,,,b8b4854297220f25,completed,"{'revision': 1, 'iterations': 16, 'sample_count': 4, 'measurement_iterations_multiplier': 4, 'warmup_iterations': 3, 'gpu_completion_mode': 'per_iteration', 'unit': 'us', 'direction': 'lower_is_better'}"
deck,parent,surface.vulkan_memory_pressure.representative.idle_retention,20261005-091431692-b732683794e44a679e9cdc39cd677050,2442.25,2254,2350.0,2815,2815,2815,39083,76097.5654,4,True,PASS,failed,True,,,,dfa4d6a81f791525,completed,"{'revision': 1, 'iterations': 16, 'sample_count': 4, 'measurement_iterations_multiplier': 4, 'warmup_iterations': 3, 'gpu_completion_mode': 'per_iteration', 'unit': 'us', 'direction': 'lower_is_better'}"
deck,parent,surface.vulkan_memory_pressure.stress.growth,20261005-091431692-b732683794e44a679e9cdc39cd677050,671111.25,584666,675226.5,749326,749326,749326,10737783,76097.5654,4,True,PASS,failed,True,,,,17a43e09af9b8325,completed,"{'revision': 1, 'iterations': 16, 'sample_count': 4, 'measurement_iterations_multiplier': 4, 'warmup_iterations': 3, 'gpu_completion_mode': 'per_iteration', 'unit': 'us', 'direction': 'lower_is_better'}"
deck,parent,surface.vulkan_memory_pressure.stress.plateau,20261005-091431692-b732683794e44a679e9cdc39cd677050,660586.5,628850,661374.5,690747,690747,690747,10569391,76097.5654,4,True,PASS,failed,True,,,,4732cd7c1520a325,completed,"{'revision': 1, 'iterations': 16, 'sample_count': 4, 'measurement_iterations_multiplier': 4, 'warmup_iterations': 3, 'gpu_completion_mode': 'per_iteration', 'unit': 'us', 'direction': 'lower_is_better'}"
deck,parent,surface.vulkan_memory_pressure.stress.alias_resize,20261005-091431692-b732683794e44a679e9cdc39cd677050,442658.75,373909,443495.0,509736,509736,509736,7082544,76097.5654,4,True,PASS,failed,True,,,,34e2ce9b25a3bf25,completed,"{'revision': 1, 'iterations': 16, 'sample_count': 4, 'measurement_iterations_multiplier': 4, 'warmup_iterations': 3, 'gpu_completion_mode': 'per_iteration', 'unit': 'us', 'direction': 'lower_is_better'}"
deck,parent,surface.vulkan_memory_pressure.stress.reuse,20261005-091431692-b732683794e44a679e9cdc39cd677050,659188.25,599990,650339.5,736084,736084,736084,10547017,76097.5654,4,True,PASS,failed,True,,,,0a989678bb57ff25,completed,"{'revision': 1, 'iterations': 16, 'sample_count': 4, 'measurement_iterations_multiplier': 4, 'warmup_iterations': 3, 'gpu_completion_mode': 'per_iteration', 'unit': 'us', 'direction': 'lower_is_better'}"
deck,parent,surface.vulkan_memory_pressure.stress.idle_retention,20261005-091431692-b732683794e44a679e9cdc39cd677050,2741.75,2652,2669.5,2976,2976,2976,43875,76097.5654,4,True,PASS,failed,True,,,,c60ef78ce0171b25,completed,"{'revision': 1, 'iterations': 16, 'sample_count': 4, 'measurement_iterations_multiplier': 4, 'warmup_iterations': 3, 'gpu_completion_mode': 'per_iteration', 'unit': 'us', 'direction': 'lower_is_better'}"
deck,parent,tiny_draw.arrays.fixed_function,20261005-091550367-fa9ef05a22a24c32a5e3cf96b4bb34e9,72637.8,67497,70555.0,82410,82410,82410,2905530,38991.8282,10,True,PASS,failed,True,,,,acf025546cf667b5,completed,"{'revision': 1, 'iterations': 40, 'sample_count': 10, 'measurement_iterations_multiplier': 4, 'warmup_iterations': 3, 'gpu_completion_mode': 'per_iteration', 'unit': 'us', 'direction': 'lower_is_better'}"
deck,parent,tiny_draw.arrays.vertex_shader,20261005-091550367-fa9ef05a22a24c32a5e3cf96b4bb34e9,63690.9,57517,60393.5,92251,92251,92251,2547651,38991.8282,10,True,PASS,failed,True,,,,acf025546cf667b5,completed,"{'revision': 1, 'iterations': 40, 'sample_count': 10, 'measurement_iterations_multiplier': 4, 'warmup_iterations': 3, 'gpu_completion_mode': 'per_iteration', 'unit': 'us', 'direction': 'lower_is_better'}"
deck,parent,tiny_draw.inline_arrays.fixed_function,20261005-091550367-fa9ef05a22a24c32a5e3cf96b4bb34e9,79497.3,74527,78168.0,89194,89194,89194,3179907,38991.8282,10,True,PASS,failed,True,,,,acf025546cf667b5,completed,"{'revision': 1, 'iterations': 40, 'sample_count': 10, 'measurement_iterations_multiplier': 4, 'warmup_iterations': 3, 'gpu_completion_mode': 'per_iteration', 'unit': 'us', 'direction': 'lower_is_better'}"
deck,parent,tiny_draw.inline_arrays.vertex_shader,20261005-091550367-fa9ef05a22a24c32a5e3cf96b4bb34e9,75649.1,73628,74993.5,79268,79268,79268,3025981,38991.8282,10,True,PASS,failed,True,,,,acf025546cf667b5,completed,"{'revision': 1, 'iterations': 40, 'sample_count': 10, 'measurement_iterations_multiplier': 4, 'warmup_iterations': 3, 'gpu_completion_mode': 'per_iteration', 'unit': 'us', 'direction': 'lower_is_better'}"
deck,parent,tiny_draw.inline_buffers.fixed_function,20261005-091550367-fa9ef05a22a24c32a5e3cf96b4bb34e9,66557.2,61987,66248.0,71763,71763,71763,2662304,38991.8282,10,True,PASS,failed,True,,,,acf025546cf667b5,completed,"{'revision': 1, 'iterations': 40, 'sample_count': 10, 'measurement_iterations_multiplier': 4, 'warmup_iterations': 3, 'gpu_completion_mode': 'per_iteration', 'unit': 'us', 'direction': 'lower_is_better'}"
deck,parent,tiny_draw.inline_buffers.vertex_shader,20261005-091550367-fa9ef05a22a24c32a5e3cf96b4bb34e9,63182.3,60197,61416.0,75555,75555,75555,2527302,38991.8282,10,True,PASS,failed,True,,,,acf025546cf667b5,completed,"{'revision': 1, 'iterations': 40, 'sample_count': 10, 'measurement_iterations_multiplier': 4, 'warmup_iterations': 3, 'gpu_completion_mode': 'per_iteration', 'unit': 'us', 'direction': 'lower_is_better'}"
deck,parent,tiny_draw.inline_elements.fixed_function,20261005-091550367-fa9ef05a22a24c32a5e3cf96b4bb34e9,58879.5,56622,58418.5,62401,62401,62401,2355196,38991.8282,10,True,PASS,failed,True,,,,acf025546cf667b5,completed,"{'revision': 1, 'iterations': 40, 'sample_count': 10, 'measurement_iterations_multiplier': 4, 'warmup_iterations': 3, 'gpu_completion_mode': 'per_iteration', 'unit': 'us', 'direction': 'lower_is_better'}"
deck,parent,tiny_draw.inline_elements.vertex_shader,20261005-091550367-fa9ef05a22a24c32a5e3cf96b4bb34e9,59342.9,56656,58614.0,65141,65141,65141,2373728,38991.8282,10,True,PASS,failed,True,,,,acf025546cf667b5,completed,"{'revision': 1, 'iterations': 40, 'sample_count': 10, 'measurement_iterations_multiplier': 4, 'warmup_iterations': 3, 'gpu_completion_mode': 'per_iteration', 'unit': 'us', 'direction': 'lower_is_better'}"
deck,parent,uniform_thrash.uniform_thrash,20261005-091631396-10ed73eb624a49feab7348533783ec85,4117.6,3373,4033.0,5077,5077,5077,164717,14139.7181,10,True,PASS,failed,True,,,,ad445c59f8b11925,completed,"{'revision': 1, 'iterations': 40, 'sample_count': 10, 'measurement_iterations_multiplier': 4, 'warmup_iterations': 3, 'gpu_completion_mode': 'per_iteration', 'unit': 'us', 'direction': 'lower_is_better'}"
deck,parent,vertex_buffer_allocation.mixed.arrays,20261005-091648603-db6795476a0a4a609fd9fd78501c89ec,57366.6,51309,57114.5,67323,67323,67323,2294680,139600.586,10,True,PASS,not evaluated,True,,,,377e6c029807f325,completed,"{'revision': 1, 'iterations': 40, 'sample_count': 10, 'measurement_iterations_multiplier': 4, 'warmup_iterations': 3, 'gpu_completion_mode': 'per_iteration', 'unit': 'us', 'direction': 'lower_is_better'}"
deck,parent,vertex_buffer_allocation.mixed.inline_arrays,20261005-091648603-db6795476a0a4a609fd9fd78501c89ec,438091.3,422636,441880.0,447954,447954,447954,17523673,139600.586,10,True,PASS,not evaluated,True,,,,377e6c029807f325,completed,"{'revision': 1, 'iterations': 40, 'sample_count': 10, 'measurement_iterations_multiplier': 4, 'warmup_iterations': 3, 'gpu_completion_mode': 'per_iteration', 'unit': 'us', 'direction': 'lower_is_better'}"
deck,parent,vertex_buffer_allocation.mixed.inline_buffers,20261005-091648603-db6795476a0a4a609fd9fd78501c89ec,1706810.4,1667193,1708078.5,1733404,1733404,1733404,68272425,139600.586,10,True,PASS,not evaluated,True,,,,377e6c029807f325,completed,"{'revision': 1, 'iterations': 40, 'sample_count': 10, 'measurement_iterations_multiplier': 4, 'warmup_iterations': 3, 'gpu_completion_mode': 'per_iteration', 'unit': 'us', 'direction': 'lower_is_better'}"
deck,parent,vertex_buffer_allocation.mixed.inline_elements,20261005-091648603-db6795476a0a4a609fd9fd78501c89ec,54834.3,51585,54623.0,59428,59428,59428,2193385,139600.586,10,True,PASS,not evaluated,True,,,,377e6c029807f325,completed,"{'revision': 1, 'iterations': 40, 'sample_count': 10, 'measurement_iterations_multiplier': 4, 'warmup_iterations': 3, 'gpu_completion_mode': 'per_iteration', 'unit': 'us', 'direction': 'lower_is_better'}"
deck,parent,vertex_buffer_allocation.tiny.arrays,20261005-091648603-db6795476a0a4a609fd9fd78501c89ec,69539.7,67564,68837.0,77460,77460,77460,2781602,139600.586,10,True,PASS,not evaluated,True,,,,377e6c029807f325,completed,"{'revision': 1, 'iterations': 40, 'sample_count': 10, 'measurement_iterations_multiplier': 4, 'warmup_iterations': 3, 'gpu_completion_mode': 'per_iteration', 'unit': 'us', 'direction': 'lower_is_better'}"
deck,parent,vertex_buffer_allocation.tiny.inline_arrays,20261005-091648603-db6795476a0a4a609fd9fd78501c89ec,83848.4,79016,82889.5,90792,90792,90792,3353952,139600.586,10,True,PASS,not evaluated,True,,,,377e6c029807f325,completed,"{'revision': 1, 'iterations': 40, 'sample_count': 10, 'measurement_iterations_multiplier': 4, 'warmup_iterations': 3, 'gpu_completion_mode': 'per_iteration', 'unit': 'us', 'direction': 'lower_is_better'}"
deck,parent,vertex_buffer_allocation.tiny.inline_buffers,20261005-091648603-db6795476a0a4a609fd9fd78501c89ec,84172.8,81114,83129.5,89522,89522,89522,3366929,139600.586,10,True,PASS,not evaluated,True,,,,377e6c029807f325,completed,"{'revision': 1, 'iterations': 40, 'sample_count': 10, 'measurement_iterations_multiplier': 4, 'warmup_iterations': 3, 'gpu_completion_mode': 'per_iteration', 'unit': 'us', 'direction': 'lower_is_better'}"
deck,parent,vertex_buffer_allocation.tiny.inline_elements,20261005-091648603-db6795476a0a4a609fd9fd78501c89ec,71822.3,68970,70305.5,82030,82030,82030,2872911,139600.586,10,True,PASS,not evaluated,True,,,,377e6c029807f325,completed,"{'revision': 1, 'iterations': 40, 'sample_count': 10, 'measurement_iterations_multiplier': 4, 'warmup_iterations': 3, 'gpu_completion_mode': 'per_iteration', 'unit': 'us', 'direction': 'lower_is_better'}"
deck,parent,vertex_buffer_allocation.rising_transient_growth,20261005-091648603-db6795476a0a4a609fd9fd78501c89ec,1327321,1327321,1327321,1327321,1327321,1327321,5309284,139600.586,1,True,PASS,not evaluated,False,,,,377e6c029807f325,completed,"{'revision': 1, 'iterations': 4, 'sample_count': 1, 'measurement_iterations_multiplier': 4, 'warmup_iterations': 3, 'gpu_completion_mode': 'per_iteration', 'unit': 'us', 'direction': 'lower_is_better'}"
deck,parent,vertex_buffer_allocation.disjoint_same_page,20261005-091648603-db6795476a0a4a609fd9fd78501c89ec,74092,62156,72742.5,81507,81507,81507,2963688,139600.586,10,True,PASS,not evaluated,True,,,,fdcd25a37910bb25,completed,"{'revision': 1, 'iterations': 40, 'sample_count': 10, 'measurement_iterations_multiplier': 4, 'warmup_iterations': 3, 'gpu_completion_mode': 'per_iteration', 'unit': 'us', 'direction': 'lower_is_better'}"
deck,candidate,busy_pfifo.pfifo_saturation,20261005-092053686-59d4c6e6a4004108acfc18cad216b9b3,122597.9,117902,121959.0,128120,128120,128120,4903928,86046.5384,10,True,PASS,not evaluated,True,,,,618832b1599bf211,completed,"{'revision': 1, 'iterations': 40, 'sample_count': 10, 'measurement_iterations_multiplier': 4, 'warmup_iterations': 3, 'gpu_completion_mode': 'per_iteration', 'unit': 'us', 'direction': 'lower_is_better'}"
deck,candidate,busy_pfifo.pgraph_pattern_polling,20261005-092053686-59d4c6e6a4004108acfc18cad216b9b3,8840121,8840121,8840121,8840121,8840121,8840121,35360486,86046.5384,1,True,PASS,not evaluated,True,,,,386d0f085e98c325,completed,"{'revision': 1, 'iterations': 4, 'sample_count': 1, 'measurement_iterations_multiplier': 4, 'warmup_iterations': 3, 'gpu_completion_mode': 'per_iteration', 'unit': 'us', 'direction': 'lower_is_better'}"
deck,candidate,pfifo_array_elements.array_element_pgr2,20261005-092053686-59d4c6e6a4004108acfc18cad216b9b3,1586.75,1418,1583.0,1715,1715,1715,50789,86046.5384,8,True,PASS,not evaluated,True,,,,bbc8b0702ffd0325,completed,"{'revision': 1, 'iterations': 32, 'sample_count': 8, 'measurement_iterations_multiplier': 4, 'warmup_iterations': 3, 'gpu_completion_mode': 'per_iteration', 'unit': 'us', 'direction': 'lower_is_better'}"
deck,candidate,pfifo_array_elements.array_element16,20261005-092053686-59d4c6e6a4004108acfc18cad216b9b3,1889.5,1657,1859.5,2176,2176,2176,60480,86046.5384,8,True,PASS,not evaluated,True,,,,9c884de2a5d32325,completed,"{'revision': 1, 'iterations': 32, 'sample_count': 8, 'measurement_iterations_multiplier': 4, 'warmup_iterations': 3, 'gpu_completion_mode': 'per_iteration', 'unit': 'us', 'direction': 'lower_is_better'}"
deck,candidate,pfifo_array_elements.array_element32,20261005-092053686-59d4c6e6a4004108acfc18cad216b9b3,1718.75,1637,1691.0,1813,1813,1813,55009,86046.5384,8,True,PASS,not evaluated,True,,,,e079f0cf1a994325,completed,"{'revision': 1, 'iterations': 32, 'sample_count': 8, 'measurement_iterations_multiplier': 4, 'warmup_iterations': 3, 'gpu_completion_mode': 'per_iteration', 'unit': 'us', 'direction': 'lower_is_better'}"
deck,candidate,pfifo_packet_boundary.array_element16_overflow,20261005-092053686-59d4c6e6a4004108acfc18cad216b9b3,41579,41579,41579,41579,41579,41579,166318,86046.5384,1,True,PASS,not evaluated,False,,,,4d1756526f052325,completed,"{'revision': 1, 'iterations': 4, 'sample_count': 1, 'measurement_iterations_multiplier': 4, 'warmup_iterations': 3, 'gpu_completion_mode': 'per_iteration', 'unit': 'us', 'direction': 'lower_is_better'}"
deck,candidate,pfifo_packet_boundary.array_element32_overflow,20261005-092053686-59d4c6e6a4004108acfc18cad216b9b3,63547,63547,63547,63547,63547,63547,254189,86046.5384,1,True,PASS,not evaluated,False,,,,6eb7071be692a325,completed,"{'revision': 1, 'iterations': 4, 'sample_count': 1, 'measurement_iterations_multiplier': 4, 'warmup_iterations': 3, 'gpu_completion_mode': 'per_iteration', 'unit': 'us', 'direction': 'lower_is_better'}"
deck,candidate,pfifo_packet_boundary.inline_array_overflow,20261005-092053686-59d4c6e6a4004108acfc18cad216b9b3,66271,66271,66271,66271,66271,66271,265085,86046.5384,1,True,PASS,not evaluated,False,,,,847da1930526a325,completed,"{'revision': 1, 'iterations': 4, 'sample_count': 1, 'measurement_iterations_multiplier': 4, 'warmup_iterations': 3, 'gpu_completion_mode': 'per_iteration', 'unit': 'us', 'direction': 'lower_is_better'}"
deck,candidate,pfifo_packet_boundary.incrementing_inline_fallback,20261005-092053686-59d4c6e6a4004108acfc18cad216b9b3,107,107,107,107,107,107,429,86046.5384,1,True,PASS,not evaluated,False,,,,640439ee8ecd2325,completed,"{'revision': 1, 'iterations': 4, 'sample_count': 1, 'measurement_iterations_multiplier': 4, 'warmup_iterations': 3, 'gpu_completion_mode': 'per_iteration', 'unit': 'us', 'direction': 'lower_is_better'}"
deck,candidate,cpu_floating_point.sse_scalar,20261005-092222781-22901d04495c4cf28ee60aa4ec4c6d95,1184016.8,1153731,1177973.5,1230487,1230487,1230487,47360685,172659.7114,10,True,PASS,passed,True,,,,6962077c244da325,completed,"{'revision': 1, 'iterations': 40, 'sample_count': 10, 'measurement_iterations_multiplier': 4, 'warmup_iterations': 3, 'gpu_completion_mode': 'per_iteration', 'unit': 'us', 'direction': 'lower_is_better'}"
deck,candidate,cpu_floating_point.x87_scalar,20261005-092222781-22901d04495c4cf28ee60aa4ec4c6d95,1107661.3,1088564,1107257.0,1130283,1130283,1130283,44306473,172659.7114,10,True,PASS,passed,True,,,,6962077c244da325,completed,"{'revision': 1, 'iterations': 40, 'sample_count': 10, 'measurement_iterations_multiplier': 4, 'warmup_iterations': 3, 'gpu_completion_mode': 'per_iteration', 'unit': 'us', 'direction': 'lower_is_better'}"
deck,candidate,cpu_translation_blocks.direct_loop,20261005-092222781-22901d04495c4cf28ee60aa4ec4c6d95,19518.3,18767,19609.0,20308,20308,20308,780746,172659.7114,10,True,PASS,passed,True,,,,bd1fc9bf0c318325,completed,"{'revision': 1, 'iterations': 40, 'sample_count': 10, 'measurement_iterations_multiplier': 4, 'warmup_iterations': 3, 'gpu_completion_mode': 'per_iteration', 'unit': 'us', 'direction': 'lower_is_better'}"
deck,candidate,cpu_translation_blocks.indirect_dispatch,20261005-092222781-22901d04495c4cf28ee60aa4ec4c6d95,65406.3,62192,66027.0,66863,66863,66863,2616265,172659.7114,10,True,PASS,passed,True,,,,c0426cf669a02325,completed,"{'revision': 1, 'iterations': 40, 'sample_count': 10, 'measurement_iterations_multiplier': 4, 'warmup_iterations': 3, 'gpu_completion_mode': 'per_iteration', 'unit': 'us', 'direction': 'lower_is_better'}"
deck,candidate,cpu_translation_blocks.indirect_dispatch_stress,20261005-092222781-22901d04495c4cf28ee60aa4ec4c6d95,1295273.6,1272550,1289068.0,1325414,1325414,1325414,51810956,172659.7114,10,True,PASS,passed,True,,,,fbd507cb0c622325,completed,"{'revision': 1, 'iterations': 40, 'sample_count': 10, 'measurement_iterations_multiplier': 4, 'warmup_iterations': 3, 'gpu_completion_mode': 'per_iteration', 'unit': 'us', 'direction': 'lower_is_better'}"
deck,candidate,fill_rate.solid,20261005-092517983-2f5755fd7c264f429338366f32cfe4f7,4602.1,3774,4207.0,6837,6837,6837,184098,15192.662,10,True,PASS,failed,True,,,,aa539e0bcd4e54b3,completed,"{'revision': 1, 'iterations': 40, 'sample_count': 10, 'measurement_iterations_multiplier': 4, 'warmup_iterations': 3, 'gpu_completion_mode': 'per_iteration', 'unit': 'us', 'direction': 'lower_is_better'}"
deck,candidate,fill_rate.textured,20261005-092517983-2f5755fd7c264f429338366f32cfe4f7,8659.8,7432,8585.0,10456,10456,10456,346412,15192.662,10,True,PASS,failed,True,,,,92f42c56c1fbe869,completed,"{'revision': 1, 'iterations': 40, 'sample_count': 10, 'measurement_iterations_multiplier': 4, 'warmup_iterations': 3, 'gpu_completion_mode': 'per_iteration', 'unit': 'us', 'direction': 'lower_is_better'}"
deck,candidate,pipeline_texture_switch.clear_texture_normal,20261005-092536219-e4519ba496bc4d95a9dfb2dc750bbcc5,37497.5,32676,36863.5,45937,45937,45937,1199932,24403.3048,8,True,PASS,not evaluated,True,,,,22ba4f1405cda325,completed,"{'revision': 1, 'iterations': 32, 'sample_count': 8, 'measurement_iterations_multiplier': 4, 'warmup_iterations': 3, 'gpu_completion_mode': 'per_iteration', 'unit': 'us', 'direction': 'lower_is_better'}"
deck,candidate,pipeline_texture_switch.palette_dma_remap,20261005-092536219-e4519ba496bc4d95a9dfb2dc750bbcc5,16724,16724,16724,16724,16724,16724,66896,24403.3048,1,True,PASS,not evaluated,False,,,,fbf687de65082325,completed,"{'revision': 1, 'iterations': 4, 'sample_count': 1, 'measurement_iterations_multiplier': 4, 'warmup_iterations': 3, 'gpu_completion_mode': 'per_iteration', 'unit': 'us', 'direction': 'lower_is_better'}"
deck,candidate,pipeline_texture_switch.palette_only_update,20261005-092536219-e4519ba496bc4d95a9dfb2dc750bbcc5,54058,54058,54058,54058,54058,54058,216232,24403.3048,1,True,PASS,not evaluated,False,,,,467aab2f95cda325,completed,"{'revision': 1, 'iterations': 4, 'sample_count': 1, 'measurement_iterations_multiplier': 4, 'warmup_iterations': 3, 'gpu_completion_mode': 'per_iteration', 'unit': 'us', 'direction': 'lower_is_better'}"
deck,candidate,pipeline_texture_switch.sampler_only_identity,20261005-092536219-e4519ba496bc4d95a9dfb2dc750bbcc5,59066.375,55923,57017.0,70777,70777,70777,1890135,24403.3048,8,True,PASS,not evaluated,True,,,,0b8438c8404da325,completed,"{'revision': 1, 'iterations': 32, 'sample_count': 8, 'measurement_iterations_multiplier': 4, 'warmup_iterations': 3, 'gpu_completion_mode': 'per_iteration', 'unit': 'us', 'direction': 'lower_is_better'}"
deck,candidate,pipeline_texture_switch.shader_negative_control,20261005-092536219-e4519ba496bc4d95a9dfb2dc750bbcc5,50319,44516,49961.0,57115,57115,57115,1610220,24403.3048,8,True,PASS,not evaluated,True,,,,f110c8bd6338c325,completed,"{'revision': 1, 'iterations': 32, 'sample_count': 8, 'measurement_iterations_multiplier': 4, 'warmup_iterations': 3, 'gpu_completion_mode': 'per_iteration', 'unit': 'us', 'direction': 'lower_is_better'}"
deck,candidate,pipeline_texture_switch.shared_page_overlap,20261005-092536219-e4519ba496bc4d95a9dfb2dc750bbcc5,49763,49763,49763,49763,49763,49763,199055,24403.3048,1,True,PASS,not evaluated,False,,,,83bb59a8648da325,completed,"{'revision': 1, 'iterations': 4, 'sample_count': 1, 'measurement_iterations_multiplier': 4, 'warmup_iterations': 3, 'gpu_completion_mode': 'per_iteration', 'unit': 'us', 'direction': 'lower_is_better'}"
deck,candidate,pipeline_texture_switch.texture_dma_remap,20261005-092536219-e4519ba496bc4d95a9dfb2dc750bbcc5,16671,16671,16671,16671,16671,16671,66686,24403.3048,1,True,PASS,not evaluated,False,,,,fbf687de65082325,completed,"{'revision': 1, 'iterations': 4, 'sample_count': 1, 'measurement_iterations_multiplier': 4, 'warmup_iterations': 3, 'gpu_completion_mode': 'per_iteration', 'unit': 'us', 'direction': 'lower_is_better'}"
deck,candidate,pipeline_texture_switch.texture_switch,20261005-092536219-e4519ba496bc4d95a9dfb2dc750bbcc5,51071.75,45020,50577.5,57031,57031,57031,1634308,24403.3048,8,True,PASS,not evaluated,True,,,,8ae05d31fb00c325,completed,"{'revision': 1, 'iterations': 32, 'sample_count': 8, 'measurement_iterations_multiplier': 4, 'warmup_iterations': 3, 'gpu_completion_mode': 'per_iteration', 'unit': 'us', 'direction': 'lower_is_better'}"
deck,candidate,report_query.clear_boundary,20261005-092603163-14f32a74b88b480881b433671c2b9462,1788.25,1606,1798.5,1950,1950,1950,28617,15610.571,4,True,PASS,not evaluated,False,,,,b5eb7c4b9c8da325,completed,"{'revision': 2, 'iterations': 16, 'sample_count': 4, 'measurement_iterations_multiplier': 4, 'warmup_iterations': 3, 'gpu_completion_mode': 'per_iteration', 'unit': 'us', 'direction': 'lower_is_better'}"
deck,candidate,report_query.dma_descriptor_rewrite,20261005-092603163-14f32a74b88b480881b433671c2b9462,15598,15598,15598,15598,15598,15598,15598,15610.571,1,True,PASS,not evaluated,False,,,,c0c0fdbececda325,completed,"{'revision': 2, 'iterations': 1, 'sample_count': 1, 'measurement_iterations_multiplier': 1, 'warmup_iterations': 0, 'gpu_completion_mode': 'per_iteration', 'unit': 'us', 'direction': 'lower_is_better'}"
deck,candidate,report_query.dma_range_guard,20261005-092603163-14f32a74b88b480881b433671c2b9462,4553,4553,4553,4553,4553,4553,4553,15610.571,1,True,PASS,not evaluated,False,,,,3f648ce11a4da325,completed,"{'revision': 2, 'iterations': 1, 'sample_count': 1, 'measurement_iterations_multiplier': 1, 'warmup_iterations': 0, 'gpu_completion_mode': 'per_iteration', 'unit': 'us', 'direction': 'lower_is_better'}"
deck,candidate,report_query.dma_target_switch,20261005-092603163-14f32a74b88b480881b433671c2b9462,2976.5,1883,3226.0,3571,3571,3571,47630,15610.571,4,True,PASS,not evaluated,False,,,,4c4bd8cd440da325,completed,"{'revision': 2, 'iterations': 16, 'sample_count': 4, 'measurement_iterations_multiplier': 4, 'warmup_iterations': 3, 'gpu_completion_mode': 'per_iteration', 'unit': 'us', 'direction': 'lower_is_better'}"
deck,candidate,report_query.fifo_producer_ordering,20261005-092603163-14f32a74b88b480881b433671c2b9462,6841.75,6334,6955.0,7123,7123,7123,109478,15610.571,4,True,PASS,not evaluated,False,,,,0d907c24a88da325,completed,"{'revision': 2, 'iterations': 16, 'sample_count': 4, 'measurement_iterations_multiplier': 4, 'warmup_iterations': 3, 'gpu_completion_mode': 'per_iteration', 'unit': 'us', 'direction': 'lower_is_better'}"
deck,candidate,report_query.multiple_boundaries,20261005-092603163-14f32a74b88b480881b433671c2b9462,3319,2918,3427.0,3504,3504,3504,53111,15610.571,4,True,PASS,not evaluated,False,,,,0c966fc9ba4da325,completed,"{'revision': 2, 'iterations': 16, 'sample_count': 4, 'measurement_iterations_multiplier': 4, 'warmup_iterations': 3, 'gpu_completion_mode': 'per_iteration', 'unit': 'us', 'direction': 'lower_is_better'}"
deck,candidate,report_query.single_boundary,20261005-092603163-14f32a74b88b480881b433671c2b9462,723.25,310,662.0,1259,1259,1259,11577,15610.571,4,True,PASS,not evaluated,False,,,,60e674c9fecda325,completed,"{'revision': 2, 'iterations': 16, 'sample_count': 4, 'measurement_iterations_multiplier': 4, 'warmup_iterations': 3, 'gpu_completion_mode': 'per_iteration', 'unit': 'us', 'direction': 'lower_is_better'}"
deck,candidate,report_query.zero_query,20261005-092603163-14f32a74b88b480881b433671c2b9462,1456.5,407,1453.0,2513,2513,2513,23310,15610.571,4,True,PASS,not evaluated,False,,,,23875dfeb40da325,completed,"{'revision': 2, 'iterations': 16, 'sample_count': 4, 'measurement_iterations_multiplier': 4, 'warmup_iterations': 3, 'gpu_completion_mode': 'per_iteration', 'unit': 'us', 'direction': 'lower_is_better'}"
deck,candidate,shader_lifecycle.readiness_train_visible,20261005-092621318-c924280be3de4d34a1e7e64a9361246a,16231,16231,16231,16231,16231,16231,64926,24033.1166,1,True,PASS,not evaluated,False,,,,d4c939c4f0ce4325,completed,"{'revision': 1, 'iterations': 4, 'sample_count': 1, 'measurement_iterations_multiplier': 4, 'warmup_iterations': 3, 'gpu_completion_mode': 'per_iteration', 'unit': 'us', 'direction': 'lower_is_better'}"
deck,candidate,shader_lifecycle.readiness_replay_visible,20261005-092647891-9e874ee4e3f84c698cffe1738fe4b93a,16295,16295,16295,16295,16295,16295,65182,24056.068,1,True,PASS,not evaluated,False,,,,d4c939c4f0ce4325,completed,"{'revision': 1, 'iterations': 4, 'sample_count': 1, 'measurement_iterations_multiplier': 4, 'warmup_iterations': 3, 'gpu_completion_mode': 'per_iteration', 'unit': 'us', 'direction': 'lower_is_better'}"
deck,candidate,shader_lifecycle.readiness_identical_replay,20261005-092714489-7fd1de000e654d59ab501bc8d67e1dd2,4029820,4029820,4029820,4029820,4029820,4029820,16119281,52380.9104,1,True,PASS,not evaluated,False,,,,70615ec6b77f8325,completed,"{'revision': 1, 'iterations': 4, 'sample_count': 1, 'measurement_iterations_multiplier': 4, 'warmup_iterations': 3, 'gpu_completion_mode': 'per_iteration', 'unit': 'us', 'direction': 'lower_is_better'}"
deck,candidate,shader_lifecycle.readiness_uniform_only,20261005-092814500-fe174726833a4743a7987d3ed8b4f3fc,16226,16226,16226,16226,16226,16226,64906,24164.9649,1,True,PASS,not evaluated,False,,,,113d534d51f95325,completed,"{'revision': 1, 'iterations': 4, 'sample_count': 1, 'measurement_iterations_multiplier': 4, 'warmup_iterations': 3, 'gpu_completion_mode': 'per_iteration', 'unit': 'us', 'direction': 'lower_is_better'}"
deck,candidate,shader_lifecycle.readiness_early_demand,20261005-092841209-bc22d19fbc94436ea8d477697df6c2d9,16211,16211,16211,16211,16211,16211,64847,24181.1843,1,True,PASS,not evaluated,False,,,,d4c939c4f0ce4325,completed,"{'revision': 1, 'iterations': 4, 'sample_count': 1, 'measurement_iterations_multiplier': 4, 'warmup_iterations': 3, 'gpu_completion_mode': 'per_iteration', 'unit': 'us', 'direction': 'lower_is_better'}"
deck,candidate,game_load.long_unlocked_scene.cpu,20261005-092907426-533e9d0da8a34d0db182e073cd279a19,39375.375,38533,39350.5,40451,40451,40451,1260023,254098.6037,8,True,PASS,passed,True,,,,7c59a4dc0f8ba325,completed,"{'revision': 1, 'iterations': 32, 'sample_count': 8, 'measurement_iterations_multiplier': 4, 'warmup_iterations': 3, 'gpu_completion_mode': 'per_iteration', 'unit': 'us', 'direction': 'lower_is_better'}"
deck,candidate,game_load.long_unlocked_scene.pfifo,20261005-092907426-533e9d0da8a34d0db182e073cd279a19,9410,9031,9373.0,9975,9975,9975,301130,254098.6037,8,True,PASS,passed,True,,,,7c59a4dc0f8ba325,completed,"{'revision': 1, 'iterations': 32, 'sample_count': 8, 'measurement_iterations_multiplier': 4, 'warmup_iterations': 3, 'gpu_completion_mode': 'per_iteration', 'unit': 'us', 'direction': 'lower_is_better'}"
deck,candidate,game_load.long_unlocked_scene.alpha_overdraw,20261005-092907426-533e9d0da8a34d0db182e073cd279a19,105604.25,101249,105611.0,110707,110707,110707,3379350,254098.6037,8,True,PASS,passed,True,,,,7c59a4dc0f8ba325,completed,"{'revision': 1, 'iterations': 32, 'sample_count': 8, 'measurement_iterations_multiplier': 4, 'warmup_iterations': 3, 'gpu_completion_mode': 'per_iteration', 'unit': 'us', 'direction': 'lower_is_better'}"
deck,candidate,game_load.long_unlocked_scene.streaming_surface_reuse,20261005-092907426-533e9d0da8a34d0db182e073cd279a19,33540.5,25365,37166.5,39180,39180,39180,1073311,254098.6037,8,True,PASS,passed,True,,,,7c59a4dc0f8ba325,completed,"{'revision': 1, 'iterations': 32, 'sample_count': 8, 'measurement_iterations_multiplier': 4, 'warmup_iterations': 3, 'gpu_completion_mode': 'per_iteration', 'unit': 'us', 'direction': 'lower_is_better'}"
deck,candidate,game_load.long_unlocked_scene.combined,20261005-092907426-533e9d0da8a34d0db182e073cd279a19,204014.25,190635,203951.5,219712,219712,219712,6528469,254098.6037,8,True,PASS,passed,True,,,,7c59a4dc0f8ba325,completed,"{'revision': 1, 'iterations': 32, 'sample_count': 8, 'measurement_iterations_multiplier': 4, 'warmup_iterations': 3, 'gpu_completion_mode': 'per_iteration', 'unit': 'us', 'direction': 'lower_is_better'}"
deck,candidate,game_load.long_unlocked_scene.full_system,20261005-092907426-533e9d0da8a34d0db182e073cd279a19,205267.75,199523,203802.5,214548,214548,214548,6568580,254098.6037,8,True,PASS,passed,True,,,,7c59a4dc0f8ba325,completed,"{'revision': 1, 'iterations': 32, 'sample_count': 8, 'measurement_iterations_multiplier': 4, 'warmup_iterations': 3, 'gpu_completion_mode': 'per_iteration', 'unit': 'us', 'direction': 'lower_is_better'}"
deck,candidate,game_load.cross_title_hotpath.queued_vertex_cpu_writes,20261005-092907426-533e9d0da8a34d0db182e073cd279a19,139074.125,132428,137407.0,154732,154732,154732,4450379,254098.6037,8,True,PASS,passed,True,,,,cf19c8d27e2aa325,completed,"{'revision': 1, 'iterations': 32, 'sample_count': 8, 'measurement_iterations_multiplier': 4, 'warmup_iterations': 3, 'gpu_completion_mode': 'per_iteration', 'unit': 'us', 'direction': 'lower_is_better'}"
deck,candidate,game_load.cross_title_hotpath.pgr2_small_draws,20261005-092907426-533e9d0da8a34d0db182e073cd279a19,278386.5,273209,279377.0,282846,282846,282846,8908382,254098.6037,8,True,PASS,passed,True,,,,2a1e0148d2c0e325,completed,"{'revision': 1, 'iterations': 32, 'sample_count': 8, 'measurement_iterations_multiplier': 4, 'warmup_iterations': 3, 'gpu_completion_mode': 'per_iteration', 'unit': 'us', 'direction': 'lower_is_better'}"
deck,candidate,game_load.cross_title_hotpath.texture_update_reuse,20261005-092907426-533e9d0da8a34d0db182e073cd279a19,4203.5,4081,4179.0,4451,4451,4451,134527,254098.6037,8,True,PASS,passed,True,,,,5612bef321a56325,completed,"{'revision': 1, 'iterations': 32, 'sample_count': 8, 'measurement_iterations_multiplier': 4, 'warmup_iterations': 3, 'gpu_completion_mode': 'per_iteration', 'unit': 'us', 'direction': 'lower_is_better'}"
deck,candidate,game_load.cross_title_hotpath.surface_reuse,20261005-092907426-533e9d0da8a34d0db182e073cd279a19,18426,12638,19131.0,23907,23907,23907,589653,254098.6037,8,True,PASS,passed,True,,,,846d9f21b7c6a325,completed,"{'revision': 1, 'iterations': 32, 'sample_count': 8, 'measurement_iterations_multiplier': 4, 'warmup_iterations': 3, 'gpu_completion_mode': 'per_iteration', 'unit': 'us', 'direction': 'lower_is_better'}"
deck,candidate,game_load.cross_title_hotpath.pipeline_state_churn,20261005-092907426-533e9d0da8a34d0db182e073cd279a19,137778.75,133351,137471.5,149939,149939,149939,4408934,254098.6037,8,True,PASS,passed,True,,,,22f040b2add4a325,completed,"{'revision': 1, 'iterations': 32, 'sample_count': 8, 'measurement_iterations_multiplier': 4, 'warmup_iterations': 3, 'gpu_completion_mode': 'per_iteration', 'unit': 'us', 'direction': 'lower_is_better'}"
deck,candidate,game_load.cross_title_hotpath.blend_constant_reuse,20261005-092907426-533e9d0da8a34d0db182e073cd279a19,272091.375,263422,267736.0,285559,285559,285559,8706937,254098.6037,8,True,PASS,passed,True,,,,a08ca118008fa325,completed,"{'revision': 1, 'iterations': 32, 'sample_count': 8, 'measurement_iterations_multiplier': 4, 'warmup_iterations': 3, 'gpu_completion_mode': 'per_iteration', 'unit': 'us', 'direction': 'lower_is_better'}"
deck,candidate,game_load.cross_title_hotpath.texture_binding_reuse,20261005-092907426-533e9d0da8a34d0db182e073cd279a19,357360.75,348926,354051.5,375202,375202,375202,11435560,254098.6037,8,True,PASS,passed,True,,,,dfaaa3022df6a325,completed,"{'revision': 1, 'iterations': 32, 'sample_count': 8, 'measurement_iterations_multiplier': 4, 'warmup_iterations': 3, 'gpu_completion_mode': 'per_iteration', 'unit': 'us', 'direction': 'lower_is_better'}"
deck,candidate,game_load.cross_title_hotpath.pgr2_lagspot_inline_elements,20261005-092907426-533e9d0da8a34d0db182e073cd279a19,218287.25,209752,216016.0,228209,228209,228209,6985205,254098.6037,8,True,PASS,passed,True,,,,1289219c28d5a325,completed,"{'revision': 1, 'iterations': 32, 'sample_count': 8, 'measurement_iterations_multiplier': 4, 'warmup_iterations': 3, 'gpu_completion_mode': 'per_iteration', 'unit': 'us', 'direction': 'lower_is_better'}"
deck,candidate,game_load.cross_title_hotpath.scaled_surface_pressure,20261005-092907426-533e9d0da8a34d0db182e073cd279a19,2062537.625,1983647,2064885.0,2122226,2122226,2122226,66001218,254098.6037,8,True,PASS,passed,True,,,,e81e5b4a4675a325,completed,"{'revision': 1, 'iterations': 32, 'sample_count': 8, 'measurement_iterations_multiplier': 4, 'warmup_iterations': 3, 'gpu_completion_mode': 'per_iteration', 'unit': 'us', 'direction': 'lower_is_better'}"
deck,candidate,game_load.cross_title_hotpath.s3tc_streaming_fenced_draws,20261005-092907426-533e9d0da8a34d0db182e073cd279a19,2589696.875,2555070,2596725.0,2617261,2617261,2617261,82870310,254098.6037,8,True,PASS,passed,True,,,,a0f51c6c46a52325,completed,"{'revision': 1, 'iterations': 32, 'sample_count': 8, 'measurement_iterations_multiplier': 4, 'warmup_iterations': 3, 'gpu_completion_mode': 'per_iteration', 'unit': 'us', 'direction': 'lower_is_better'}"
deck,candidate,game_load.cross_title_hotpath.gpu_wait_control,20261005-092907426-533e9d0da8a34d0db182e073cd279a19,4505.375,4235,4465.5,4901,4901,4901,144189,254098.6037,8,True,PASS,passed,True,,,,828855c0a34e2325,completed,"{'revision': 1, 'iterations': 32, 'sample_count': 8, 'measurement_iterations_multiplier': 4, 'warmup_iterations': 3, 'gpu_completion_mode': 'per_iteration', 'unit': 'us', 'direction': 'lower_is_better'}"
deck,candidate,game_load.s3tc_sync_factor.dxt1_same_address_wait,20261005-093323572-2b3762d5b37e4e73bfb243933c66f934,17564.5,16098,16523.0,24618,24618,24618,562074,54728.7044,8,True,PASS,failed,True,True,True,,3403675459d4d3d5,completed,"{'revision': 1, 'iterations': 32, 'sample_count': 8, 'measurement_iterations_multiplier': 4, 'warmup_iterations': 3, 'gpu_completion_mode': 'per_iteration', 'unit': 'us', 'direction': 'lower_is_better'}"
deck,candidate,game_load.s3tc_sync_factor.dxt1_same_address_queued,20261005-093323572-2b3762d5b37e4e73bfb243933c66f934,16624.125,14660,16728.0,18165,18165,18165,531987,54728.7044,8,True,PASS,failed,True,False,False,unsynchronized same-address writes have no defined per-draw source generation,800050d803f3b80c,completed,"{'revision': 1, 'iterations': 32, 'sample_count': 8, 'measurement_iterations_multiplier': 4, 'warmup_iterations': 3, 'gpu_completion_mode': 'per_iteration', 'unit': 'us', 'direction': 'lower_is_better'}"
deck,candidate,game_load.s3tc_sync_factor.dxt1_ring_payload_generations,20261005-093323572-2b3762d5b37e4e73bfb243933c66f934,49978,49442,49939.0,50517,50517,50517,1599305,54728.7044,8,True,PASS,failed,True,True,True,,3403675459d4d3d5,completed,"{'revision': 1, 'iterations': 32, 'sample_count': 8, 'measurement_iterations_multiplier': 4, 'warmup_iterations': 3, 'gpu_completion_mode': 'per_iteration', 'unit': 'us', 'direction': 'lower_is_better'}"
deck,candidate,game_load.s3tc_sync_factor.dxt1_dirty_once_redraw,20261005-093323572-2b3762d5b37e4e73bfb243933c66f934,16657.625,16400,16686.5,16899,16899,16899,533056,54728.7044,8,True,PASS,passed,True,True,True,,428c04bbb0a62725,completed,"{'revision': 1, 'iterations': 32, 'sample_count': 8, 'measurement_iterations_multiplier': 4, 'warmup_iterations': 3, 'gpu_completion_mode': 'per_iteration', 'unit': 'us', 'direction': 'lower_is_better'}"
deck,candidate,game_load.s3tc_sync_factor.rgba8_same_address_wait,20261005-093323572-2b3762d5b37e4e73bfb243933c66f934,70253.5,64878,68549.0,82747,82747,82747,2248126,54728.7044,8,True,PASS,passed,True,True,True,,3403675459d4d3d5,completed,"{'revision': 1, 'iterations': 32, 'sample_count': 8, 'measurement_iterations_multiplier': 4, 'warmup_iterations': 3, 'gpu_completion_mode': 'per_iteration', 'unit': 'us', 'direction': 'lower_is_better'}"
deck,candidate,game_load.s3tc_sync_factor.rgba8_same_address_queued,20261005-093323572-2b3762d5b37e4e73bfb243933c66f934,66192.875,63457,66478.0,67472,67472,67472,2118187,54728.7044,8,True,PASS,failed,True,False,False,unsynchronized same-address writes have no defined per-draw source generation,d69730fb633d2940,completed,"{'revision': 1, 'iterations': 32, 'sample_count': 8, 'measurement_iterations_multiplier': 4, 'warmup_iterations': 3, 'gpu_completion_mode': 'per_iteration', 'unit': 'us', 'direction': 'lower_is_better'}"
deck,candidate,game_load.s3tc_sync_factor.rgba8_ring_payload_generations,20261005-093323572-2b3762d5b37e4e73bfb243933c66f934,285296.875,281851,284865.0,290938,290938,290938,9129510,54728.7044,8,True,PASS,passed,True,True,True,,3403675459d4d3d5,completed,"{'revision': 1, 'iterations': 32, 'sample_count': 8, 'measurement_iterations_multiplier': 4, 'warmup_iterations': 3, 'gpu_completion_mode': 'per_iteration', 'unit': 'us', 'direction': 'lower_is_better'}"
deck,candidate,game_load.s3tc_sync_factor.rgba8_dirty_once_redraw,20261005-093323572-2b3762d5b37e4e73bfb243933c66f934,16643.5,16398,16651.0,16911,16911,16911,532604,54728.7044,8,True,PASS,passed,True,True,True,,428c04bbb0a62725,completed,"{'revision': 1, 'iterations': 32, 'sample_count': 8, 'measurement_iterations_multiplier': 4, 'warmup_iterations': 3, 'gpu_completion_mode': 'per_iteration', 'unit': 'us', 'direction': 'lower_is_better'}"
deck,candidate,game_load.s3tc_sync_factor.bc2_native_eligible,20261005-093323572-2b3762d5b37e4e73bfb243933c66f934,83299.75,81586,83327.5,85079,85079,85079,2665604,54728.7044,8,True,PASS,failed,True,True,True,,3403675459d4d3d5,completed,"{'revision': 1, 'iterations': 32, 'sample_count': 8, 'measurement_iterations_multiplier': 4, 'warmup_iterations': 3, 'gpu_completion_mode': 'per_iteration', 'unit': 'us', 'direction': 'lower_is_better'}"
deck,candidate,game_load.s3tc_sync_factor.bc2_bordered_fallback,20261005-093323572-2b3762d5b37e4e73bfb243933c66f934,200495.25,198621,200318.0,203393,203393,203393,6415859,54728.7044,8,True,PASS,passed,True,True,True,,db28300321744de5,completed,"{'revision': 1, 'iterations': 32, 'sample_count': 8, 'measurement_iterations_multiplier': 4, 'warmup_iterations': 3, 'gpu_completion_mode': 'per_iteration', 'unit': 'us', 'direction': 'lower_is_better'}"
deck,candidate,game_load.s3tc_sync_factor.bc3_native_eligible,20261005-093323572-2b3762d5b37e4e73bfb243933c66f934,84506.625,80295,83263.0,97225,97225,97225,2704223,54728.7044,8,True,PASS,failed,True,True,True,,3403675459d4d3d5,completed,"{'revision': 1, 'iterations': 32, 'sample_count': 8, 'measurement_iterations_multiplier': 4, 'warmup_iterations': 3, 'gpu_completion_mode': 'per_iteration', 'unit': 'us', 'direction': 'lower_is_better'}"
deck,candidate,game_load.s3tc_sync_factor.bc3_bordered_fallback,20261005-093323572-2b3762d5b37e4e73bfb243933c66f934,199014,193598,200175.5,201604,201604,201604,6368456,54728.7044,8,True,PASS,passed,True,True,True,,db28300321744de5,completed,"{'revision': 1, 'iterations': 32, 'sample_count': 8, 'measurement_iterations_multiplier': 4, 'warmup_iterations': 3, 'gpu_completion_mode': 'per_iteration', 'unit': 'us', 'direction': 'lower_is_better'}"
deck,candidate,game_load.repeated_display,20261005-093420852-5cab8876dcc541efa087d0c88d8c5ce9,16639.5,16427,16660.5,16706,16706,16706,532471,35874.638,8,True,PASS,passed,True,,,,36f446003b9d6325,completed,"{'revision': 1, 'iterations': 32, 'sample_count': 8, 'measurement_iterations_multiplier': 4, 'warmup_iterations': 3, 'gpu_completion_mode': 'per_iteration', 'unit': 'us', 'direction': 'lower_is_better'}"
deck,candidate,game_load.repeated_display_boosted,20261005-093420852-5cab8876dcc541efa087d0c88d8c5ce9,49989.25,49943,49995.5,50006,50006,50006,1599670,35874.638,8,True,PASS,passed,True,,,,b2bc760cb1fba325,completed,"{'revision': 1, 'iterations': 32, 'sample_count': 8, 'measurement_iterations_multiplier': 4, 'warmup_iterations': 3, 'gpu_completion_mode': 'per_iteration', 'unit': 'us', 'direction': 'lower_is_better'}"
deck,candidate,game_load.doax_menu_representative.cpu_only,20261005-093420852-5cab8876dcc541efa087d0c88d8c5ce9,23422,21712,23112.0,25302,25302,25302,749517,35874.638,8,True,PASS,passed,True,,,,5abb9d9faaa22325,completed,"{'revision': 1, 'iterations': 32, 'sample_count': 8, 'measurement_iterations_multiplier': 4, 'warmup_iterations': 3, 'gpu_completion_mode': 'per_iteration', 'unit': 'us', 'direction': 'lower_is_better'}"
deck,candidate,game_load.doax_menu_representative.pfifo_only,20261005-093420852-5cab8876dcc541efa087d0c88d8c5ce9,4884.625,4236,4909.5,5311,5311,5311,156318,35874.638,8,True,PASS,passed,True,,,,f9826bbdd7912325,completed,"{'revision': 1, 'iterations': 32, 'sample_count': 8, 'measurement_iterations_multiplier': 4, 'warmup_iterations': 3, 'gpu_completion_mode': 'per_iteration', 'unit': 'us', 'direction': 'lower_is_better'}"
deck,candidate,game_load.doax_menu_representative.gpu_only,20261005-093420852-5cab8876dcc541efa087d0c88d8c5ce9,53974,48423,52328.5,64216,64216,64216,1727180,35874.638,8,True,PASS,passed,True,,,,d3984ab7dcb8e325,completed,"{'revision': 1, 'iterations': 32, 'sample_count': 8, 'measurement_iterations_multiplier': 4, 'warmup_iterations': 3, 'gpu_completion_mode': 'per_iteration', 'unit': 'us', 'direction': 'lower_is_better'}"
deck,candidate,game_load.doax_menu_representative.streaming_only,20261005-093420852-5cab8876dcc541efa087d0c88d8c5ce9,14525.625,8658,15101.5,18449,18449,18449,464828,35874.638,8,True,PASS,passed,True,,,,491294aadc23a325,completed,"{'revision': 1, 'iterations': 32, 'sample_count': 8, 'measurement_iterations_multiplier': 4, 'warmup_iterations': 3, 'gpu_completion_mode': 'per_iteration', 'unit': 'us', 'direction': 'lower_is_better'}"
deck,candidate,game_load.doax_menu_representative.cpu_pfifo_gpu,20261005-093420852-5cab8876dcc541efa087d0c88d8c5ce9,74595.875,69368,74937.0,78454,78454,78454,2387079,35874.638,8,True,PASS,failed,True,,,,5d530c66b8da2325,completed,"{'revision': 1, 'iterations': 32, 'sample_count': 8, 'measurement_iterations_multiplier': 4, 'warmup_iterations': 3, 'gpu_completion_mode': 'per_iteration', 'unit': 'us', 'direction': 'lower_is_better'}"
deck,candidate,game_load.doax_menu_representative.cpu_pfifo_gpu_streaming,20261005-093420852-5cab8876dcc541efa087d0c88d8c5ce9,85446.375,81680,84870.0,91520,91520,91520,2734296,35874.638,8,True,PASS,passed,True,,,,9e98944350a52325,completed,"{'revision': 1, 'iterations': 32, 'sample_count': 8, 'measurement_iterations_multiplier': 4, 'warmup_iterations': 3, 'gpu_completion_mode': 'per_iteration', 'unit': 'us', 'direction': 'lower_is_better'}"
deck,candidate,game_load.doax_menu_representative.full_system,20261005-093420852-5cab8876dcc541efa087d0c88d8c5ce9,86485.25,83647,86455.5,89024,89024,89024,2767540,35874.638,8,True,PASS,passed,True,,,,7896e875a8ad2325,completed,"{'revision': 1, 'iterations': 32, 'sample_count': 8, 'measurement_iterations_multiplier': 4, 'warmup_iterations': 3, 'gpu_completion_mode': 'per_iteration', 'unit': 'us', 'direction': 'lower_is_better'}"
deck,candidate,game_load.doax_menu_stress.cpu_only,20261005-093420852-5cab8876dcc541efa087d0c88d8c5ce9,45546.875,44421,45552.5,46143,46143,46143,1457511,35874.638,8,True,PASS,passed,True,,,,4b7c157e1e9ce325,completed,"{'revision': 1, 'iterations': 32, 'sample_count': 8, 'measurement_iterations_multiplier': 4, 'warmup_iterations': 3, 'gpu_completion_mode': 'per_iteration', 'unit': 'us', 'direction': 'lower_is_better'}"
deck,candidate,game_load.doax_menu_stress.pfifo_only,20261005-093420852-5cab8876dcc541efa087d0c88d8c5ce9,9096.75,8333,9111.0,9557,9557,9557,291112,35874.638,8,True,PASS,passed,True,,,,f46d8f2a39a6e325,completed,"{'revision': 1, 'iterations': 32, 'sample_count': 8, 'measurement_iterations_multiplier': 4, 'warmup_iterations': 3, 'gpu_completion_mode': 'per_iteration', 'unit': 'us', 'direction': 'lower_is_better'}"
deck,candidate,game_load.doax_menu_stress.gpu_only,20261005-093420852-5cab8876dcc541efa087d0c88d8c5ce9,91367.5,89114,91309.0,93998,93998,93998,2923773,35874.638,8,True,PASS,passed,True,,,,bcaf8b0e8de5a325,completed,"{'revision': 1, 'iterations': 32, 'sample_count': 8, 'measurement_iterations_multiplier': 4, 'warmup_iterations': 3, 'gpu_completion_mode': 'per_iteration', 'unit': 'us', 'direction': 'lower_is_better'}"
deck,candidate,game_load.doax_menu_stress.streaming_only,20261005-093459265-791a652786664dd8afc576101ce5ce92,32100.25,21503,33184.0,37849,37849,37849,1027224,82380.9933,8,True,PASS,passed,True,,,,06e0eccda97d2325,completed,"{'revision': 1, 'iterations': 32, 'sample_count': 8, 'measurement_iterations_multiplier': 4, 'warmup_iterations': 3, 'gpu_completion_mode': 'per_iteration', 'unit': 'us', 'direction': 'lower_is_better'}"
deck,candidate,game_load.doax_menu_stress.cpu_pfifo_gpu,20261005-093459265-791a652786664dd8afc576101ce5ce92,147869.5,143152,148188.0,156368,156368,156368,4731836,82380.9933,8,True,PASS,failed,True,,,,30f332d7669ba325,completed,"{'revision': 1, 'iterations': 32, 'sample_count': 8, 'measurement_iterations_multiplier': 4, 'warmup_iterations': 3, 'gpu_completion_mode': 'per_iteration', 'unit': 'us', 'direction': 'lower_is_better'}"
deck,candidate,game_load.doax_menu_stress.cpu_pfifo_gpu_streaming,20261005-093459265-791a652786664dd8afc576101ce5ce92,163830,157315,165476.0,169055,169055,169055,5242577,82380.9933,8,True,PASS,passed,True,,,,d4d9dedf3ef06325,completed,"{'revision': 1, 'iterations': 32, 'sample_count': 8, 'measurement_iterations_multiplier': 4, 'warmup_iterations': 3, 'gpu_completion_mode': 'per_iteration', 'unit': 'us', 'direction': 'lower_is_better'}"
deck,candidate,game_load.doax_menu_stress.full_system,20261005-093459265-791a652786664dd8afc576101ce5ce92,164496.125,161131,163947.5,168562,168562,168562,5263894,82380.9933,8,True,PASS,passed,True,,,,8cf51e8eb67fa325,completed,"{'revision': 1, 'iterations': 32, 'sample_count': 8, 'measurement_iterations_multiplier': 4, 'warmup_iterations': 3, 'gpu_completion_mode': 'per_iteration', 'unit': 'us', 'direction': 'lower_is_better'}"
deck,candidate,game_load.pgr2_ai_backup.cpu_only,20261005-093459265-791a652786664dd8afc576101ce5ce92,70950.5,68863,71037.5,72173,72173,72173,2270430,82380.9933,8,True,PASS,passed,True,,,,e6df98b3e513a325,completed,"{'revision': 1, 'iterations': 32, 'sample_count': 8, 'measurement_iterations_multiplier': 4, 'warmup_iterations': 3, 'gpu_completion_mode': 'per_iteration', 'unit': 'us', 'direction': 'lower_is_better'}"
deck,candidate,game_load.pgr2_ai_backup.pfifo_only,20261005-093459265-791a652786664dd8afc576101ce5ce92,32902.625,31194,33208.0,33688,33688,33688,1052896,82380.9933,8,True,PASS,passed,True,,,,e57ef83b3a66e325,completed,"{'revision': 1, 'iterations': 32, 'sample_count': 8, 'measurement_iterations_multiplier': 4, 'warmup_iterations': 3, 'gpu_completion_mode': 'per_iteration', 'unit': 'us', 'direction': 'lower_is_better'}"
deck,candidate,game_load.pgr2_ai_backup.gpu_only,20261005-093459265-791a652786664dd8afc576101ce5ce92,232415.875,227003,231153.0,239143,239143,239143,7437316,82380.9933,8,True,PASS,passed,True,,,,02ffd9b12aa96325,completed,"{'revision': 1, 'iterations': 32, 'sample_count': 8, 'measurement_iterations_multiplier': 4, 'warmup_iterations': 3, 'gpu_completion_mode': 'per_iteration', 'unit': 'us', 'direction': 'lower_is_better'}"
deck,candidate,game_load.pgr2_ai_backup.streaming_only,20261005-093459265-791a652786664dd8afc576101ce5ce92,9949.25,9124,9911.5,10649,10649,10649,318389,82380.9933,8,True,PASS,passed,True,,,,155df5f182392325,completed,"{'revision': 1, 'iterations': 32, 'sample_count': 8, 'measurement_iterations_multiplier': 4, 'warmup_iterations': 3, 'gpu_completion_mode': 'per_iteration', 'unit': 'us', 'direction': 'lower_is_better'}"
deck,candidate,game_load.pgr2_ai_backup.cpu_pfifo_gpu,20261005-093459265-791a652786664dd8afc576101ce5ce92,333869.625,324556,333559.5,342251,342251,342251,10683841,82380.9933,8,True,PASS,failed,True,,,,519ce083c370e325,completed,"{'revision': 1, 'iterations': 32, 'sample_count': 8, 'measurement_iterations_multiplier': 4, 'warmup_iterations': 3, 'gpu_completion_mode': 'per_iteration', 'unit': 'us', 'direction': 'lower_is_better'}"
deck,candidate,game_load.pgr2_ai_backup.cpu_pfifo_gpu_streaming,20261005-093459265-791a652786664dd8afc576101ce5ce92,345113,338080,344496.5,352768,352768,352768,11043623,82380.9933,8,True,PASS,passed,True,,,,66a43765efc02325,completed,"{'revision': 1, 'iterations': 32, 'sample_count': 8, 'measurement_iterations_multiplier': 4, 'warmup_iterations': 3, 'gpu_completion_mode': 'per_iteration', 'unit': 'us', 'direction': 'lower_is_better'}"
deck,candidate,game_load.pgr2_ai_backup.full_system,20261005-093459265-791a652786664dd8afc576101ce5ce92,348273.75,339706,349439.0,355572,355572,355572,11144777,82380.9933,8,True,PASS,passed,True,,,,55485325870d6325,completed,"{'revision': 1, 'iterations': 32, 'sample_count': 8, 'measurement_iterations_multiplier': 4, 'warmup_iterations': 3, 'gpu_completion_mode': 'per_iteration', 'unit': 'us', 'direction': 'lower_is_better'}"
deck,candidate,high_vertex_count.arrays,20261005-093624231-80d333a6b1f94f26a1d300a620f219f3,197.17,111,128.5,450,545,891,79037,38005.351,100,True,PASS,failed,True,,,,e67a1ce72784a588,completed,"{'revision': 1, 'iterations': 400, 'sample_count': 100, 'measurement_iterations_multiplier': 4, 'warmup_iterations': 3, 'gpu_completion_mode': 'per_iteration', 'unit': 'us', 'direction': 'lower_is_better'}"
deck,candidate,high_vertex_count.inline_arrays,20261005-093624231-80d333a6b1f94f26a1d300a620f219f3,112828.9,108039,110967.0,121237,121237,121237,4513174,38005.351,10,True,PASS,failed,True,,,,e67a1ce72784a588,completed,"{'revision': 1, 'iterations': 40, 'sample_count': 10, 'measurement_iterations_multiplier': 4, 'warmup_iterations': 3, 'gpu_completion_mode': 'per_iteration', 'unit': 'us', 'direction': 'lower_is_better'}"
deck,candidate,high_vertex_count.inline_buffers,20261005-093624231-80d333a6b1f94f26a1d300a620f219f3,616724.6,604339,612996,635027,635027,635027,12334498,38005.351,5,True,PASS,failed,True,,,,e67a1ce72784a588,completed,"{'revision': 1, 'iterations': 20, 'sample_count': 5, 'measurement_iterations_multiplier': 4, 'warmup_iterations': 3, 'gpu_completion_mode': 'per_iteration', 'unit': 'us', 'direction': 'lower_is_better'}"
deck,candidate,high_vertex_count.inline_elements,20261005-093624231-80d333a6b1f94f26a1d300a620f219f3,6106.26,5785,5974.5,7029,7991,7991,1221328,38005.351,50,True,PASS,failed,True,,,,e67a1ce72784a588,completed,"{'revision': 1, 'iterations': 200, 'sample_count': 50, 'measurement_iterations_multiplier': 4, 'warmup_iterations': 3, 'gpu_completion_mode': 'per_iteration', 'unit': 'us', 'direction': 'lower_is_better'}"
deck,candidate,primitive_type.line_loop.fixed_function,20261005-093624231-80d333a6b1f94f26a1d300a620f219f3,2167.1,1935,2161.0,2375,2375,2375,86699,38005.351,10,True,PASS,failed,True,,,,4024a5cb9bd0fa4e,completed,"{'revision': 1, 'iterations': 40, 'sample_count': 10, 'measurement_iterations_multiplier': 4, 'warmup_iterations': 3, 'gpu_completion_mode': 'per_iteration', 'unit': 'us', 'direction': 'lower_is_better'}"
deck,candidate,primitive_type.line_loop.vertex_shader,20261005-093624231-80d333a6b1f94f26a1d300a620f219f3,2326.7,1991,2353.0,2519,2519,2519,93081,38005.351,10,True,PASS,failed,True,,,,4024a5cb9bd0fa4e,completed,"{'revision': 1, 'iterations': 40, 'sample_count': 10, 'measurement_iterations_multiplier': 4, 'warmup_iterations': 3, 'gpu_completion_mode': 'per_iteration', 'unit': 'us', 'direction': 'lower_is_better'}"
deck,candidate,primitive_type.line_strip.fixed_function,20261005-093624231-80d333a6b1f94f26a1d300a620f219f3,1409.3,1182,1381.5,1721,1721,1721,56389,38005.351,10,True,PASS,failed,True,,,,4024a5cb9bd0fa4e,completed,"{'revision': 1, 'iterations': 40, 'sample_count': 10, 'measurement_iterations_multiplier': 4, 'warmup_iterations': 3, 'gpu_completion_mode': 'per_iteration', 'unit': 'us', 'direction': 'lower_is_better'}"
deck,candidate,primitive_type.line_strip.vertex_shader,20261005-093624231-80d333a6b1f94f26a1d300a620f219f3,1202.5,1125,1195.5,1281,1281,1281,48117,38005.351,10,True,PASS,failed,True,,,,4024a5cb9bd0fa4e,completed,"{'revision': 1, 'iterations': 40, 'sample_count': 10, 'measurement_iterations_multiplier': 4, 'warmup_iterations': 3, 'gpu_completion_mode': 'per_iteration', 'unit': 'us', 'direction': 'lower_is_better'}"
deck,candidate,primitive_type.lines.fixed_function,20261005-093624231-80d333a6b1f94f26a1d300a620f219f3,4398.1,4010,4403.5,4861,4861,4861,175937,38005.351,10,True,PASS,failed,True,,,,5440c372c6a2a101,completed,"{'revision': 1, 'iterations': 40, 'sample_count': 10, 'measurement_iterations_multiplier': 4, 'warmup_iterations': 3, 'gpu_completion_mode': 'per_iteration', 'unit': 'us', 'direction': 'lower_is_better'}"
deck,candidate,primitive_type.lines.vertex_shader,20261005-093624231-80d333a6b1f94f26a1d300a620f219f3,4216.6,3865,4105.5,4628,4628,4628,168674,38005.351,10,True,PASS,failed,True,,,,5440c372c6a2a101,completed,"{'revision': 1, 'iterations': 40, 'sample_count': 10, 'measurement_iterations_multiplier': 4, 'warmup_iterations': 3, 'gpu_completion_mode': 'per_iteration', 'unit': 'us', 'direction': 'lower_is_better'}"
deck,candidate,primitive_type.points.fixed_function,20261005-093624231-80d333a6b1f94f26a1d300a620f219f3,2311.8,2163,2293.5,2423,2423,2423,92491,38005.351,10,True,PASS,failed,True,,,,6813f0dbe94bac3c,completed,"{'revision': 1, 'iterations': 40, 'sample_count': 10, 'measurement_iterations_multiplier': 4, 'warmup_iterations': 3, 'gpu_completion_mode': 'per_iteration', 'unit': 'us', 'direction': 'lower_is_better'}"
deck,candidate,primitive_type.points.vertex_shader,20261005-093624231-80d333a6b1f94f26a1d300a620f219f3,2333.7,2059,2374.0,2424,2424,2424,93362,38005.351,10,True,PASS,failed,True,,,,6813f0dbe94bac3c,completed,"{'revision': 1, 'iterations': 40, 'sample_count': 10, 'measurement_iterations_multiplier': 4, 'warmup_iterations': 3, 'gpu_completion_mode': 'per_iteration', 'unit': 'us', 'direction': 'lower_is_better'}"
deck,candidate,primitive_type.polygon.fixed_function,20261005-093704777-e415df0c65ab45eebe2927bfa9d04662,2564.1,2065,2589.5,2962,2962,2962,102575,18652.6077,10,True,PASS,failed,True,,,,e0d0b9dbefa71269,completed,"{'revision': 1, 'iterations': 40, 'sample_count': 10, 'measurement_iterations_multiplier': 4, 'warmup_iterations': 3, 'gpu_completion_mode': 'per_iteration', 'unit': 'us', 'direction': 'lower_is_better'}"
deck,candidate,primitive_type.polygon.vertex_shader,20261005-093704777-e415df0c65ab45eebe2927bfa9d04662,5884,4769,5967.5,6632,6632,6632,235374,18652.6077,10,True,PASS,failed,True,,,,e0d0b9dbefa71269,completed,"{'revision': 1, 'iterations': 40, 'sample_count': 10, 'measurement_iterations_multiplier': 4, 'warmup_iterations': 3, 'gpu_completion_mode': 'per_iteration', 'unit': 'us', 'direction': 'lower_is_better'}"
deck,candidate,primitive_type.quad_strip.fixed_function,20261005-093704777-e415df0c65ab45eebe2927bfa9d04662,6846.7,3867,5426.0,12105,12105,12105,273888,18652.6077,10,True,PASS,failed,True,,,,e1f46a0779ee1f21,completed,"{'revision': 1, 'iterations': 40, 'sample_count': 10, 'measurement_iterations_multiplier': 4, 'warmup_iterations': 3, 'gpu_completion_mode': 'per_iteration', 'unit': 'us', 'direction': 'lower_is_better'}"
deck,candidate,primitive_type.quad_strip.vertex_shader,20261005-093704777-e415df0c65ab45eebe2927bfa9d04662,4211.3,3772,4254.0,4538,4538,4538,168467,18652.6077,10,True,PASS,failed,True,,,,e1f46a0779ee1f21,completed,"{'revision': 1, 'iterations': 40, 'sample_count': 10, 'measurement_iterations_multiplier': 4, 'warmup_iterations': 3, 'gpu_completion_mode': 'per_iteration', 'unit': 'us', 'direction': 'lower_is_better'}"
deck,candidate,primitive_type.quads.fixed_function,20261005-093704777-e415df0c65ab45eebe2927bfa9d04662,6702.1,4182,7970.5,8630,8630,8630,268103,18652.6077,10,True,PASS,failed,True,,,,d14f30833e638324,completed,"{'revision': 1, 'iterations': 40, 'sample_count': 10, 'measurement_iterations_multiplier': 4, 'warmup_iterations': 3, 'gpu_completion_mode': 'per_iteration', 'unit': 'us', 'direction': 'lower_is_better'}"
deck,candidate,primitive_type.quads.vertex_shader,20261005-093704777-e415df0c65ab45eebe2927bfa9d04662,7117.7,4925,8142.0,8852,8852,8852,284719,18652.6077,10,True,PASS,failed,True,,,,d14f30833e638324,completed,"{'revision': 1, 'iterations': 40, 'sample_count': 10, 'measurement_iterations_multiplier': 4, 'warmup_iterations': 3, 'gpu_completion_mode': 'per_iteration', 'unit': 'us', 'direction': 'lower_is_better'}"
deck,candidate,primitive_type.triangle_fan.fixed_function,20261005-093704777-e415df0c65ab45eebe2927bfa9d04662,1427.2,1189,1425.5,1575,1575,1575,57103,18652.6077,10,True,PASS,failed,True,,,,eadb3b4945fe25df,completed,"{'revision': 1, 'iterations': 40, 'sample_count': 10, 'measurement_iterations_multiplier': 4, 'warmup_iterations': 3, 'gpu_completion_mode': 'per_iteration', 'unit': 'us', 'direction': 'lower_is_better'}"
deck,candidate,primitive_type.triangle_fan.vertex_shader,20261005-093704777-e415df0c65ab45eebe2927bfa9d04662,1316.5,1225,1328.5,1390,1390,1390,52679,18652.6077,10,True,PASS,failed,True,,,,eadb3b4945fe25df,completed,"{'revision': 1, 'iterations': 40, 'sample_count': 10, 'measurement_iterations_multiplier': 4, 'warmup_iterations': 3, 'gpu_completion_mode': 'per_iteration', 'unit': 'us', 'direction': 'lower_is_better'}"
deck,candidate,primitive_type.triangle_strip.fixed_function,20261005-093704777-e415df0c65ab45eebe2927bfa9d04662,2187.2,1798,2149.5,2500,2500,2500,87502,18652.6077,10,True,PASS,failed,True,,,,ee7f6eeeb2263031,completed,"{'revision': 1, 'iterations': 40, 'sample_count': 10, 'measurement_iterations_multiplier': 4, 'warmup_iterations': 3, 'gpu_completion_mode': 'per_iteration', 'unit': 'us', 'direction': 'lower_is_better'}"
deck,candidate,primitive_type.triangle_strip.vertex_shader,20261005-093704777-e415df0c65ab45eebe2927bfa9d04662,2311.7,2092,2363.0,2513,2513,2513,92481,18652.6077,10,True,PASS,failed,True,,,,ee7f6eeeb2263031,completed,"{'revision': 1, 'iterations': 40, 'sample_count': 10, 'measurement_iterations_multiplier': 4, 'warmup_iterations': 3, 'gpu_completion_mode': 'per_iteration', 'unit': 'us', 'direction': 'lower_is_better'}"
deck,candidate,primitive_type.triangles.fixed_function,20261005-093704777-e415df0c65ab45eebe2927bfa9d04662,5768.7,3709,6317.5,6696,6696,6696,230774,18652.6077,10,True,PASS,failed,True,,,,a53b3ecbc7019828,completed,"{'revision': 1, 'iterations': 40, 'sample_count': 10, 'measurement_iterations_multiplier': 4, 'warmup_iterations': 3, 'gpu_completion_mode': 'per_iteration', 'unit': 'us', 'direction': 'lower_is_better'}"
deck,candidate,primitive_type.triangles.vertex_shader,20261005-093704777-e415df0c65ab45eebe2927bfa9d04662,5986.3,4135,6024.0,6867,6867,6867,239466,18652.6077,10,True,PASS,failed,True,,,,a53b3ecbc7019828,completed,"{'revision': 1, 'iterations': 40, 'sample_count': 10, 'measurement_iterations_multiplier': 4, 'warmup_iterations': 3, 'gpu_completion_mode': 'per_iteration', 'unit': 'us', 'direction': 'lower_is_better'}"
deck,candidate,texture_cubemap_fallback.bordered_palette_size1,20261005-093726056-7b74a019efd94286bcf3f7a883e15f51,16648,16393,16647.0,16872,16872,16872,532748,133034.6386,8,True,FAIL,failed,True,,,,56d00ed89334a325,completed,"{'revision': 1, 'iterations': 32, 'sample_count': 8, 'measurement_iterations_multiplier': 4, 'warmup_iterations': 3, 'gpu_completion_mode': 'per_iteration', 'unit': 'us', 'direction': 'lower_is_better'}"
deck,candidate,texture_cubemap_fallback.bordered_palette_size2,20261005-093726056-7b74a019efd94286bcf3f7a883e15f51,16613.5,16435,16615.0,16733,16733,16733,531642,133034.6386,8,True,FAIL,failed,True,,,,bb93d50a6b1ba325,completed,"{'revision': 1, 'iterations': 32, 'sample_count': 8, 'measurement_iterations_multiplier': 4, 'warmup_iterations': 3, 'gpu_completion_mode': 'per_iteration', 'unit': 'us', 'direction': 'lower_is_better'}"
deck,candidate,texture_cubemap_fallback.bordered_palette_size4,20261005-093726056-7b74a019efd94286bcf3f7a883e15f51,16647.75,16595,16654.5,16721,16721,16721,532743,133034.6386,8,True,FAIL,failed,True,,,,55460e1d2302a325,completed,"{'revision': 1, 'iterations': 32, 'sample_count': 8, 'measurement_iterations_multiplier': 4, 'warmup_iterations': 3, 'gpu_completion_mode': 'per_iteration', 'unit': 'us', 'direction': 'lower_is_better'}"
deck,candidate,texture_cubemap_fallback.bordered_palette_size8,20261005-093726056-7b74a019efd94286bcf3f7a883e15f51,16653.75,16558,16659.0,16726,16726,16726,532933,133034.6386,8,True,FAIL,failed,True,,,,53ccfb3cac5633d3,completed,"{'revision': 1, 'iterations': 32, 'sample_count': 8, 'measurement_iterations_multiplier': 4, 'warmup_iterations': 3, 'gpu_completion_mode': 'per_iteration', 'unit': 'us', 'direction': 'lower_is_better'}"
deck,candidate,texture_cubemap_fallback.bordered_r6g5b5_size1,20261005-093726056-7b74a019efd94286bcf3f7a883e15f51,16649.75,16550,16673.0,16695,16695,16695,532805,133034.6386,8,True,FAIL,failed,True,,,,56d00ed89334a325,completed,"{'revision': 1, 'iterations': 32, 'sample_count': 8, 'measurement_iterations_multiplier': 4, 'warmup_iterations': 3, 'gpu_completion_mode': 'per_iteration', 'unit': 'us', 'direction': 'lower_is_better'}"
deck,candidate,texture_cubemap_fallback.bordered_r6g5b5_size2,20261005-093726056-7b74a019efd94286bcf3f7a883e15f51,16658,16572,16647.5,16747,16747,16747,533069,133034.6386,8,True,FAIL,failed,True,,,,0e8ba11521b73f45,completed,"{'revision': 1, 'iterations': 32, 'sample_count': 8, 'measurement_iterations_multiplier': 4, 'warmup_iterations': 3, 'gpu_completion_mode': 'per_iteration', 'unit': 'us', 'direction': 'lower_is_better'}"
deck,candidate,texture_cubemap_fallback.bordered_r6g5b5_size4,20261005-093726056-7b74a019efd94286bcf3f7a883e15f51,16650,16598,16631.0,16745,16745,16745,532810,133034.6386,8,True,FAIL,failed,True,,,,31dbcc2110e01525,completed,"{'revision': 1, 'iterations': 32, 'sample_count': 8, 'measurement_iterations_multiplier': 4, 'warmup_iterations': 3, 'gpu_completion_mode': 'per_iteration', 'unit': 'us', 'direction': 'lower_is_better'}"
deck,candidate,texture_cubemap_fallback.bordered_rgba8_size1,20261005-093726056-7b74a019efd94286bcf3f7a883e15f51,16661.625,16575,16660.5,16732,16732,16732,533181,133034.6386,8,True,FAIL,failed,True,,,,56d00ed89334a325,completed,"{'revision': 1, 'iterations': 32, 'sample_count': 8, 'measurement_iterations_multiplier': 4, 'warmup_iterations': 3, 'gpu_completion_mode': 'per_iteration', 'unit': 'us', 'direction': 'lower_is_better'}"
deck,candidate,texture_cubemap_fallback.bordered_rgba8_size2,20261005-093726056-7b74a019efd94286bcf3f7a883e15f51,16663.5,16586,16650.0,16774,16774,16774,533248,133034.6386,8,True,FAIL,failed,True,,,,bb93d50a6b1ba325,completed,"{'revision': 1, 'iterations': 32, 'sample_count': 8, 'measurement_iterations_multiplier': 4, 'warmup_iterations': 3, 'gpu_completion_mode': 'per_iteration', 'unit': 'us', 'direction': 'lower_is_better'}"
deck,candidate,texture_cubemap_fallback.bordered_rgba8_size4,20261005-093726056-7b74a019efd94286bcf3f7a883e15f51,16651,16622,16646.5,16681,16681,16681,532847,133034.6386,8,True,FAIL,failed,True,,,,55460e1d2302a325,completed,"{'revision': 1, 'iterations': 32, 'sample_count': 8, 'measurement_iterations_multiplier': 4, 'warmup_iterations': 3, 'gpu_completion_mode': 'per_iteration', 'unit': 'us', 'direction': 'lower_is_better'}"
deck,candidate,texture_cubemap_fallback.bordered_rgba8_size8,20261005-093726056-7b74a019efd94286bcf3f7a883e15f51,16669.125,16586,16663.5,16768,16768,16768,533420,133034.6386,8,True,FAIL,failed,True,,,,f3129198a7b005f5,completed,"{'revision': 1, 'iterations': 32, 'sample_count': 8, 'measurement_iterations_multiplier': 4, 'warmup_iterations': 3, 'gpu_completion_mode': 'per_iteration', 'unit': 'us', 'direction': 'lower_is_better'}"
deck,candidate,texture_cubemap_fallback.unbordered_subblock_dxt1,20261005-093726056-7b74a019efd94286bcf3f7a883e15f51,16657.25,16573,16663.0,16691,16691,16691,533048,133034.6386,8,True,PASS,passed,True,,,,be0f2013c1997ca5,completed,"{'revision': 1, 'iterations': 32, 'sample_count': 8, 'measurement_iterations_multiplier': 4, 'warmup_iterations': 3, 'gpu_completion_mode': 'per_iteration', 'unit': 'us', 'direction': 'lower_is_better'}"
deck,candidate,texture_cubemap_fallback.bordered_r6g5b5_size8,20261005-093941673-70453b9937014c9f97e709fcb32ac04d,16630.375,16338,16637.0,16869,16869,16869,532187,24678.4315,8,True,FAIL,failed,True,,,,72ca2acdd1d976a5,completed,"{'revision': 1, 'iterations': 32, 'sample_count': 8, 'measurement_iterations_multiplier': 4, 'warmup_iterations': 3, 'gpu_completion_mode': 'per_iteration', 'unit': 'us', 'direction': 'lower_is_better'}"
deck,candidate,surface.basic,20261005-094009390-fbb0194ae2c94969b2af45c810675ca8,41083.3,37012,42081.0,44067,44067,44067,1643348,36494.2253,10,True,PASS,failed,True,,,,cf6533efef4c476e,completed,"{'revision': 1, 'iterations': 40, 'sample_count': 10, 'measurement_iterations_multiplier': 4, 'warmup_iterations': 3, 'gpu_completion_mode': 'per_iteration', 'unit': 'us', 'direction': 'lower_is_better'}"
deck,candidate,surface.cpu_read_after_gpu_write,20261005-094009390-fbb0194ae2c94969b2af45c810675ca8,3912.05,3401,3801.0,4521,5106,5106,312999,36494.2253,20,True,PASS,passed,True,,,,572720976b602325,completed,"{'revision': 1, 'iterations': 80, 'sample_count': 20, 'measurement_iterations_multiplier': 4, 'warmup_iterations': 3, 'gpu_completion_mode': 'per_iteration', 'unit': 'us', 'direction': 'lower_is_better'}"
deck,candidate,surface.cpu_read_clean_surface,20261005-094009390-fbb0194ae2c94969b2af45c810675ca8,374.1,119,328.5,589,680,683,149784,36494.2253,100,True,PASS,passed,True,,,,aa32af524aa52325,completed,"{'revision': 1, 'iterations': 400, 'sample_count': 100, 'measurement_iterations_multiplier': 4, 'warmup_iterations': 3, 'gpu_completion_mode': 'per_iteration', 'unit': 'us', 'direction': 'lower_is_better'}"
deck,candidate,surface.framebuffer_working_set_002,20261005-094009390-fbb0194ae2c94969b2af45c810675ca8,4776.05,3031,5194.5,5877,6097,6097,382127,36494.2253,20,True,PASS,failed,True,,,,cb732f2ae5736b2d,completed,"{'revision': 1, 'iterations': 80, 'sample_count': 20, 'measurement_iterations_multiplier': 4, 'warmup_iterations': 3, 'gpu_completion_mode': 'per_iteration', 'unit': 'us', 'direction': 'lower_is_better'}"
deck,candidate,surface.framebuffer_working_set_008,20261005-094009390-fbb0194ae2c94969b2af45c810675ca8,5409.9,5065,5266.0,6177,6308,6308,432824,36494.2253,20,True,PASS,failed,True,,,,7ffda0d97cce712d,completed,"{'revision': 1, 'iterations': 80, 'sample_count': 20, 'measurement_iterations_multiplier': 4, 'warmup_iterations': 3, 'gpu_completion_mode': 'per_iteration', 'unit': 'us', 'direction': 'lower_is_better'}"
deck,candidate,surface.framebuffer_working_set_032,20261005-094009390-fbb0194ae2c94969b2af45c810675ca8,3845.85,2725,3185.0,5236,6116,6116,307707,36494.2253,20,True,PASS,failed,True,,,,2baad45ae0ed71a5,completed,"{'revision': 1, 'iterations': 80, 'sample_count': 20, 'measurement_iterations_multiplier': 4, 'warmup_iterations': 3, 'gpu_completion_mode': 'per_iteration', 'unit': 'us', 'direction': 'lower_is_better'}"
deck,candidate,surface.framebuffer_working_set_064,20261005-094009390-fbb0194ae2c94969b2af45c810675ca8,4170.4,2366,4592.0,6269,6657,6657,333659,36494.2253,20,True,PASS,failed,True,,,,2baad45ae0ed71a5,completed,"{'revision': 1, 'iterations': 80, 'sample_count': 20, 'measurement_iterations_multiplier': 4, 'warmup_iterations': 3, 'gpu_completion_mode': 'per_iteration', 'unit': 'us', 'direction': 'lower_is_better'}"
deck,candidate,surface.full_clear_elision_guard,20261005-094009390-fbb0194ae2c94969b2af45c810675ca8,6660.32,1942,7300.0,8711,9585,10106,2664302,36494.2253,100,True,PASS,failed,True,,,,49bc2d7eec9c4725,completed,"{'revision': 1, 'iterations': 400, 'sample_count': 100, 'measurement_iterations_multiplier': 4, 'warmup_iterations': 3, 'gpu_completion_mode': 'per_iteration', 'unit': 'us', 'direction': 'lower_is_better'}"
deck,candidate,surface.overlapping_surface_churn_representative,20261005-094009390-fbb0194ae2c94969b2af45c810675ca8,6488.66,3065,6663.5,8741,9843,10088,2595626,36494.2253,100,True,PASS,failed,True,,,,7a8c35cdc9c70725,completed,"{'revision': 1, 'iterations': 400, 'sample_count': 100, 'measurement_iterations_multiplier': 4, 'warmup_iterations': 3, 'gpu_completion_mode': 'per_iteration', 'unit': 'us', 'direction': 'lower_is_better'}"
deck,candidate,surface.overlapping_surface_churn_stress,20261005-094009390-fbb0194ae2c94969b2af45c810675ca8,96632.9,71892,97160.5,121177,121177,121177,3865330,36494.2253,10,True,PASS,failed,True,,,,7a8c35cdc9c70725,completed,"{'revision': 1, 'iterations': 40, 'sample_count': 10, 'measurement_iterations_multiplier': 4, 'warmup_iterations': 3, 'gpu_completion_mode': 'per_iteration', 'unit': 'us', 'direction': 'lower_is_better'}"
deck,candidate,surface.partial_channel_clear_guard,20261005-094009390-fbb0194ae2c94969b2af45c810675ca8,7827.46,1916,8111.0,10482,11569,13661,3131142,36494.2253,100,True,PASS,failed,True,,,,b52bc22d6eedd725,completed,"{'revision': 1, 'iterations': 400, 'sample_count': 100, 'measurement_iterations_multiplier': 4, 'warmup_iterations': 3, 'gpu_completion_mode': 'per_iteration', 'unit': 'us', 'direction': 'lower_is_better'}"
deck,candidate,surface.surface_download_path,20261005-094009390-fbb0194ae2c94969b2af45c810675ca8,68894.7,42849,60853.5,121721,121721,121721,2755807,36494.2253,10,True,PASS,failed,True,,,,3a281ef8b6b324c2,completed,"{'revision': 1, 'iterations': 40, 'sample_count': 10, 'measurement_iterations_multiplier': 4, 'warmup_iterations': 3, 'gpu_completion_mode': 'per_iteration', 'unit': 'us', 'direction': 'lower_is_better'}"
deck,candidate,surface.surface_list_lookup_002,20261005-094048961-c3d8adde19404e1c8f47e6f1e73e7341,4574.1,2932,4480.0,6150,6380,6380,365956,80846.7791,20,True,PASS,failed,True,,,,fa475bc695046525,completed,"{'revision': 1, 'iterations': 80, 'sample_count': 20, 'measurement_iterations_multiplier': 4, 'warmup_iterations': 3, 'gpu_completion_mode': 'per_iteration', 'unit': 'us', 'direction': 'lower_is_better'}"
deck,candidate,surface.surface_list_lookup_008,20261005-094048961-c3d8adde19404e1c8f47e6f1e73e7341,6011.3,4537,5645.5,7337,8004,8004,480930,80846.7791,20,True,PASS,failed,True,,,,9489ca620c4f97a5,completed,"{'revision': 1, 'iterations': 80, 'sample_count': 20, 'measurement_iterations_multiplier': 4, 'warmup_iterations': 3, 'gpu_completion_mode': 'per_iteration', 'unit': 'us', 'direction': 'lower_is_better'}"
deck,candidate,surface.surface_list_lookup_032,20261005-094048961-c3d8adde19404e1c8f47e6f1e73e7341,5224.5,3181,5204.0,6059,6233,6233,417983,80846.7791,20,True,PASS,failed,True,,,,8cdf93e7e3e6ce25,completed,"{'revision': 1, 'iterations': 80, 'sample_count': 20, 'measurement_iterations_multiplier': 4, 'warmup_iterations': 3, 'gpu_completion_mode': 'per_iteration', 'unit': 'us', 'direction': 'lower_is_better'}"
deck,candidate,surface.surface_list_lookup_128,20261005-094048961-c3d8adde19404e1c8f47e6f1e73e7341,4457.25,2479,4889.5,5708,6545,6545,356605,80846.7791,20,True,PASS,failed,True,,,,8cdf93e7e3e6ce25,completed,"{'revision': 1, 'iterations': 80, 'sample_count': 20, 'measurement_iterations_multiplier': 4, 'warmup_iterations': 3, 'gpu_completion_mode': 'per_iteration', 'unit': 'us', 'direction': 'lower_is_better'}"
deck,candidate,surface.vulkan_memory_pressure.representative.growth,20261005-094048961-c3d8adde19404e1c8f47e6f1e73e7341,173055.5,143638,174227.0,200130,200130,200130,2768890,80846.7791,4,True,PASS,failed,True,,,,17046af640418325,completed,"{'revision': 1, 'iterations': 16, 'sample_count': 4, 'measurement_iterations_multiplier': 4, 'warmup_iterations': 3, 'gpu_completion_mode': 'per_iteration', 'unit': 'us', 'direction': 'lower_is_better'}"
deck,candidate,surface.vulkan_memory_pressure.representative.plateau,20261005-094048961-c3d8adde19404e1c8f47e6f1e73e7341,183684.75,169612,183188.0,198751,198751,198751,2938965,80846.7791,4,True,PASS,failed,True,,,,490075aafd91af25,completed,"{'revision': 1, 'iterations': 16, 'sample_count': 4, 'measurement_iterations_multiplier': 4, 'warmup_iterations': 3, 'gpu_completion_mode': 'per_iteration', 'unit': 'us', 'direction': 'lower_is_better'}"
deck,candidate,surface.vulkan_memory_pressure.representative.alias_resize,20261005-094048961-c3d8adde19404e1c8f47e6f1e73e7341,129266,106053,130475.5,150060,150060,150060,2068261,80846.7791,4,True,PASS,failed,True,,,,ed56b68868e2f325,completed,"{'revision': 1, 'iterations': 16, 'sample_count': 4, 'measurement_iterations_multiplier': 4, 'warmup_iterations': 3, 'gpu_completion_mode': 'per_iteration', 'unit': 'us', 'direction': 'lower_is_better'}"
deck,candidate,surface.vulkan_memory_pressure.representative.reuse,20261005-094048961-c3d8adde19404e1c8f47e6f1e73e7341,185851.25,151955,193780.0,203890,203890,203890,2973628,80846.7791,4,True,PASS,failed,True,,,,b8b4854297220f25,completed,"{'revision': 1, 'iterations': 16, 'sample_count': 4, 'measurement_iterations_multiplier': 4, 'warmup_iterations': 3, 'gpu_completion_mode': 'per_iteration', 'unit': 'us', 'direction': 'lower_is_better'}"
deck,candidate,surface.vulkan_memory_pressure.representative.idle_retention,20261005-094048961-c3d8adde19404e1c8f47e6f1e73e7341,1751.75,1723,1758.0,1768,1768,1768,28036,80846.7791,4,True,PASS,failed,True,,,,dfa4d6a81f791525,completed,"{'revision': 1, 'iterations': 16, 'sample_count': 4, 'measurement_iterations_multiplier': 4, 'warmup_iterations': 3, 'gpu_completion_mode': 'per_iteration', 'unit': 'us', 'direction': 'lower_is_better'}"
deck,candidate,surface.vulkan_memory_pressure.stress.growth,20261005-094048961-c3d8adde19404e1c8f47e6f1e73e7341,744483.75,714854,739926.0,783229,783229,783229,11911746,80846.7791,4,True,PASS,failed,True,,,,17a43e09af9b8325,completed,"{'revision': 1, 'iterations': 16, 'sample_count': 4, 'measurement_iterations_multiplier': 4, 'warmup_iterations': 3, 'gpu_completion_mode': 'per_iteration', 'unit': 'us', 'direction': 'lower_is_better'}"
deck,candidate,surface.vulkan_memory_pressure.stress.plateau,20261005-094048961-c3d8adde19404e1c8f47e6f1e73e7341,691587.5,661643,700709.0,703289,703289,703289,11065404,80846.7791,4,True,PASS,failed,True,,,,4732cd7c1520a325,completed,"{'revision': 1, 'iterations': 16, 'sample_count': 4, 'measurement_iterations_multiplier': 4, 'warmup_iterations': 3, 'gpu_completion_mode': 'per_iteration', 'unit': 'us', 'direction': 'lower_is_better'}"
deck,candidate,surface.vulkan_memory_pressure.stress.alias_resize,20261005-094048961-c3d8adde19404e1c8f47e6f1e73e7341,541205,510206,533218.5,588177,588177,588177,8659286,80846.7791,4,True,PASS,failed,True,,,,34e2ce9b25a3bf25,completed,"{'revision': 1, 'iterations': 16, 'sample_count': 4, 'measurement_iterations_multiplier': 4, 'warmup_iterations': 3, 'gpu_completion_mode': 'per_iteration', 'unit': 'us', 'direction': 'lower_is_better'}"
deck,candidate,surface.vulkan_memory_pressure.stress.reuse,20261005-094048961-c3d8adde19404e1c8f47e6f1e73e7341,654603,584839,643820.5,745932,745932,745932,10473655,80846.7791,4,True,PASS,failed,True,,,,0a989678bb57ff25,completed,"{'revision': 1, 'iterations': 16, 'sample_count': 4, 'measurement_iterations_multiplier': 4, 'warmup_iterations': 3, 'gpu_completion_mode': 'per_iteration', 'unit': 'us', 'direction': 'lower_is_better'}"
deck,candidate,surface.vulkan_memory_pressure.stress.idle_retention,20261005-094048961-c3d8adde19404e1c8f47e6f1e73e7341,3048.5,2774,2968.0,3484,3484,3484,48784,80846.7791,4,True,PASS,failed,True,,,,c60ef78ce0171b25,completed,"{'revision': 1, 'iterations': 16, 'sample_count': 4, 'measurement_iterations_multiplier': 4, 'warmup_iterations': 3, 'gpu_completion_mode': 'per_iteration', 'unit': 'us', 'direction': 'lower_is_better'}"
deck,candidate,tiny_draw.arrays.fixed_function,20261005-094212880-5d144a20f1114ff199cb8df08c88c03b,70782.6,65112,70010.5,78845,78845,78845,2831317,38672.5328,10,True,PASS,failed,True,,,,acf025546cf667b5,completed,"{'revision': 1, 'iterations': 40, 'sample_count': 10, 'measurement_iterations_multiplier': 4, 'warmup_iterations': 3, 'gpu_completion_mode': 'per_iteration', 'unit': 'us', 'direction': 'lower_is_better'}"
deck,candidate,tiny_draw.arrays.vertex_shader,20261005-094212880-5d144a20f1114ff199cb8df08c88c03b,61730.2,56143,58913.0,83274,83274,83274,2469217,38672.5328,10,True,PASS,failed,True,,,,acf025546cf667b5,completed,"{'revision': 1, 'iterations': 40, 'sample_count': 10, 'measurement_iterations_multiplier': 4, 'warmup_iterations': 3, 'gpu_completion_mode': 'per_iteration', 'unit': 'us', 'direction': 'lower_is_better'}"
deck,candidate,tiny_draw.inline_arrays.fixed_function,20261005-094212880-5d144a20f1114ff199cb8df08c88c03b,76933.3,73634,76272.0,82749,82749,82749,3077352,38672.5328,10,True,PASS,failed,True,,,,acf025546cf667b5,completed,"{'revision': 1, 'iterations': 40, 'sample_count': 10, 'measurement_iterations_multiplier': 4, 'warmup_iterations': 3, 'gpu_completion_mode': 'per_iteration', 'unit': 'us', 'direction': 'lower_is_better'}"
deck,candidate,tiny_draw.inline_arrays.vertex_shader,20261005-094212880-5d144a20f1114ff199cb8df08c88c03b,76863.1,72820,75637.5,90252,90252,90252,3074533,38672.5328,10,True,PASS,failed,True,,,,acf025546cf667b5,completed,"{'revision': 1, 'iterations': 40, 'sample_count': 10, 'measurement_iterations_multiplier': 4, 'warmup_iterations': 3, 'gpu_completion_mode': 'per_iteration', 'unit': 'us', 'direction': 'lower_is_better'}"
deck,candidate,tiny_draw.inline_buffers.fixed_function,20261005-094212880-5d144a20f1114ff199cb8df08c88c03b,67900.7,62139,69287.0,74586,74586,74586,2716047,38672.5328,10,True,PASS,failed,True,,,,acf025546cf667b5,completed,"{'revision': 1, 'iterations': 40, 'sample_count': 10, 'measurement_iterations_multiplier': 4, 'warmup_iterations': 3, 'gpu_completion_mode': 'per_iteration', 'unit': 'us', 'direction': 'lower_is_better'}"
deck,candidate,tiny_draw.inline_buffers.vertex_shader,20261005-094212880-5d144a20f1114ff199cb8df08c88c03b,61762.5,59020,61388.0,67992,67992,67992,2470516,38672.5328,10,True,PASS,failed,True,,,,acf025546cf667b5,completed,"{'revision': 1, 'iterations': 40, 'sample_count': 10, 'measurement_iterations_multiplier': 4, 'warmup_iterations': 3, 'gpu_completion_mode': 'per_iteration', 'unit': 'us', 'direction': 'lower_is_better'}"
deck,candidate,tiny_draw.inline_elements.fixed_function,20261005-094212880-5d144a20f1114ff199cb8df08c88c03b,58808.6,57200,58724.5,60350,60350,60350,2352354,38672.5328,10,True,PASS,failed,True,,,,acf025546cf667b5,completed,"{'revision': 1, 'iterations': 40, 'sample_count': 10, 'measurement_iterations_multiplier': 4, 'warmup_iterations': 3, 'gpu_completion_mode': 'per_iteration', 'unit': 'us', 'direction': 'lower_is_better'}"
deck,candidate,tiny_draw.inline_elements.vertex_shader,20261005-094212880-5d144a20f1114ff199cb8df08c88c03b,58662.4,56636,58285.5,62385,62385,62385,2346510,38672.5328,10,True,PASS,failed,True,,,,acf025546cf667b5,completed,"{'revision': 1, 'iterations': 40, 'sample_count': 10, 'measurement_iterations_multiplier': 4, 'warmup_iterations': 3, 'gpu_completion_mode': 'per_iteration', 'unit': 'us', 'direction': 'lower_is_better'}"
deck,candidate,uniform_thrash.uniform_thrash,20261005-094254093-d974e98fbdf84414ac4b7a3e811681b5,4629.8,3438,4707.5,5568,5568,5568,185206,14116.2171,10,True,PASS,failed,True,,,,ad445c59f8b11925,completed,"{'revision': 1, 'iterations': 40, 'sample_count': 10, 'measurement_iterations_multiplier': 4, 'warmup_iterations': 3, 'gpu_completion_mode': 'per_iteration', 'unit': 'us', 'direction': 'lower_is_better'}"
deck,candidate,vertex_buffer_allocation.mixed.arrays,20261005-094310756-d6597c946bc1444f8163e52d05e333b8,56165.4,51603,56465.0,61647,61647,61647,2246632,138992.9029,10,True,PASS,not evaluated,True,,,,377e6c029807f325,completed,"{'revision': 1, 'iterations': 40, 'sample_count': 10, 'measurement_iterations_multiplier': 4, 'warmup_iterations': 3, 'gpu_completion_mode': 'per_iteration', 'unit': 'us', 'direction': 'lower_is_better'}"
deck,candidate,vertex_buffer_allocation.mixed.inline_arrays,20261005-094310756-d6597c946bc1444f8163e52d05e333b8,437796.4,427460,438530.5,448540,448540,448540,17511876,138992.9029,10,True,PASS,not evaluated,True,,,,377e6c029807f325,completed,"{'revision': 1, 'iterations': 40, 'sample_count': 10, 'measurement_iterations_multiplier': 4, 'warmup_iterations': 3, 'gpu_completion_mode': 'per_iteration', 'unit': 'us', 'direction': 'lower_is_better'}"
deck,candidate,vertex_buffer_allocation.mixed.inline_buffers,20261005-094310756-d6597c946bc1444f8163e52d05e333b8,1717130.8,1686901,1709802.0,1774037,1774037,1774037,68685253,138992.9029,10,True,PASS,not evaluated,True,,,,377e6c029807f325,completed,"{'revision': 1, 'iterations': 40, 'sample_count': 10, 'measurement_iterations_multiplier': 4, 'warmup_iterations': 3, 'gpu_completion_mode': 'per_iteration', 'unit': 'us', 'direction': 'lower_is_better'}"
deck,candidate,vertex_buffer_allocation.mixed.inline_elements,20261005-094310756-d6597c946bc1444f8163e52d05e333b8,55477.1,51285,56204.0,59159,59159,59159,2219100,138992.9029,10,True,PASS,not evaluated,True,,,,377e6c029807f325,completed,"{'revision': 1, 'iterations': 40, 'sample_count': 10, 'measurement_iterations_multiplier': 4, 'warmup_iterations': 3, 'gpu_completion_mode': 'per_iteration', 'unit': 'us', 'direction': 'lower_is_better'}"
deck,candidate,vertex_buffer_allocation.tiny.arrays,20261005-094310756-d6597c946bc1444f8163e52d05e333b8,68000.9,65796,67951.5,71480,71480,71480,2720049,138992.9029,10,True,PASS,not evaluated,True,,,,377e6c029807f325,completed,"{'revision': 1, 'iterations': 40, 'sample_count': 10, 'measurement_iterations_multiplier': 4, 'warmup_iterations': 3, 'gpu_completion_mode': 'per_iteration', 'unit': 'us', 'direction': 'lower_is_better'}"
deck,candidate,vertex_buffer_allocation.tiny.inline_arrays,20261005-094310756-d6597c946bc1444f8163e52d05e333b8,78301.9,75295,77692.5,86174,86174,86174,3132090,138992.9029,10,True,PASS,not evaluated,True,,,,377e6c029807f325,completed,"{'revision': 1, 'iterations': 40, 'sample_count': 10, 'measurement_iterations_multiplier': 4, 'warmup_iterations': 3, 'gpu_completion_mode': 'per_iteration', 'unit': 'us', 'direction': 'lower_is_better'}"
deck,candidate,vertex_buffer_allocation.tiny.inline_buffers,20261005-094310756-d6597c946bc1444f8163e52d05e333b8,81345.8,79056,80437.0,85879,85879,85879,3253850,138992.9029,10,True,PASS,not evaluated,True,,,,377e6c029807f325,completed,"{'revision': 1, 'iterations': 40, 'sample_count': 10, 'measurement_iterations_multiplier': 4, 'warmup_iterations': 3, 'gpu_completion_mode': 'per_iteration', 'unit': 'us', 'direction': 'lower_is_better'}"
deck,candidate,vertex_buffer_allocation.tiny.inline_elements,20261005-094310756-d6597c946bc1444f8163e52d05e333b8,69501.9,66748,69395.5,73230,73230,73230,2780086,138992.9029,10,True,PASS,not evaluated,True,,,,377e6c029807f325,completed,"{'revision': 1, 'iterations': 40, 'sample_count': 10, 'measurement_iterations_multiplier': 4, 'warmup_iterations': 3, 'gpu_completion_mode': 'per_iteration', 'unit': 'us', 'direction': 'lower_is_better'}"
deck,candidate,vertex_buffer_allocation.rising_transient_growth,20261005-094310756-d6597c946bc1444f8163e52d05e333b8,1322849,1322849,1322849,1322849,1322849,1322849,5291398,138992.9029,1,True,PASS,not evaluated,False,,,,377e6c029807f325,completed,"{'revision': 1, 'iterations': 4, 'sample_count': 1, 'measurement_iterations_multiplier': 4, 'warmup_iterations': 3, 'gpu_completion_mode': 'per_iteration', 'unit': 'us', 'direction': 'lower_is_better'}"
deck,candidate,vertex_buffer_allocation.disjoint_same_page,20261005-094310756-d6597c946bc1444f8163e52d05e333b8,72483.2,59303,74516.0,83571,83571,83571,2899344,138992.9029,10,True,PASS,not evaluated,True,,,,fdcd25a37910bb25,completed,"{'revision': 1, 'iterations': 40, 'sample_count': 10, 'measurement_iterations_multiplier': 4, 'warmup_iterations': 3, 'gpu_completion_mode': 'per_iteration', 'unit': 'us', 'direction': 'lower_is_better'}"
win,parent,busy_pfifo.pfifo_saturation,20261005-081539802-c4031eb5f5f44ab38a47df1dfc7031fc,85483.5,85097,85463.5,85797,85797,85797,3419355,48008.5005,10,True,PASS,not evaluated,True,,,,1508607624bb8506,completed,"{'revision': 1, 'iterations': 40, 'sample_count': 10, 'measurement_iterations_multiplier': 4, 'warmup_iterations': 3, 'gpu_completion_mode': 'per_iteration', 'unit': 'us', 'direction': 'lower_is_better'}"
win,parent,busy_pfifo.pgraph_pattern_polling,20261005-081539802-c4031eb5f5f44ab38a47df1dfc7031fc,4471269,4471269,4471269,4471269,4471269,4471269,17885077,48008.5005,1,True,PASS,not evaluated,True,,,,386d0f085e98c325,completed,"{'revision': 1, 'iterations': 4, 'sample_count': 1, 'measurement_iterations_multiplier': 4, 'warmup_iterations': 3, 'gpu_completion_mode': 'per_iteration', 'unit': 'us', 'direction': 'lower_is_better'}"
win,parent,pfifo_array_elements.array_element_pgr2,20261005-081539802-c4031eb5f5f44ab38a47df1dfc7031fc,465.625,397,420.5,643,643,643,14904,48008.5005,8,True,PASS,not evaluated,True,,,,bbc8b0702ffd0325,completed,"{'revision': 1, 'iterations': 32, 'sample_count': 8, 'measurement_iterations_multiplier': 4, 'warmup_iterations': 3, 'gpu_completion_mode': 'per_iteration', 'unit': 'us', 'direction': 'lower_is_better'}"
win,parent,pfifo_array_elements.array_element16,20261005-081539802-c4031eb5f5f44ab38a47df1dfc7031fc,530.25,504,523.5,588,588,588,16981,48008.5005,8,True,PASS,not evaluated,True,,,,9c884de2a5d32325,completed,"{'revision': 1, 'iterations': 32, 'sample_count': 8, 'measurement_iterations_multiplier': 4, 'warmup_iterations': 3, 'gpu_completion_mode': 'per_iteration', 'unit': 'us', 'direction': 'lower_is_better'}"
win,parent,pfifo_array_elements.array_element32,20261005-081539802-c4031eb5f5f44ab38a47df1dfc7031fc,949.625,910,950.5,979,979,979,30403,48008.5005,8,True,PASS,not evaluated,True,,,,e079f0cf1a994325,completed,"{'revision': 1, 'iterations': 32, 'sample_count': 8, 'measurement_iterations_multiplier': 4, 'warmup_iterations': 3, 'gpu_completion_mode': 'per_iteration', 'unit': 'us', 'direction': 'lower_is_better'}"
win,parent,pfifo_packet_boundary.array_element16_overflow,20261005-081539802-c4031eb5f5f44ab38a47df1dfc7031fc,14982,14982,14982,14982,14982,14982,59930,48008.5005,1,True,PASS,not evaluated,False,,,,4d1756526f052325,completed,"{'revision': 1, 'iterations': 4, 'sample_count': 1, 'measurement_iterations_multiplier': 4, 'warmup_iterations': 3, 'gpu_completion_mode': 'per_iteration', 'unit': 'us', 'direction': 'lower_is_better'}"
win,parent,pfifo_packet_boundary.array_element32_overflow,20261005-081539802-c4031eb5f5f44ab38a47df1dfc7031fc,29796,29796,29796,29796,29796,29796,119187,48008.5005,1,True,PASS,not evaluated,False,,,,6eb7071be692a325,completed,"{'revision': 1, 'iterations': 4, 'sample_count': 1, 'measurement_iterations_multiplier': 4, 'warmup_iterations': 3, 'gpu_completion_mode': 'per_iteration', 'unit': 'us', 'direction': 'lower_is_better'}"
win,parent,pfifo_packet_boundary.inline_array_overflow,20261005-081539802-c4031eb5f5f44ab38a47df1dfc7031fc,29844,29844,29844,29844,29844,29844,119379,48008.5005,1,True,PASS,not evaluated,False,,,,847da1930526a325,completed,"{'revision': 1, 'iterations': 4, 'sample_count': 1, 'measurement_iterations_multiplier': 4, 'warmup_iterations': 3, 'gpu_completion_mode': 'per_iteration', 'unit': 'us', 'direction': 'lower_is_better'}"
win,parent,pfifo_packet_boundary.incrementing_inline_fallback,20261005-081539802-c4031eb5f5f44ab38a47df1dfc7031fc,28,28,28,28,28,28,113,48008.5005,1,True,PASS,not evaluated,False,,,,640439ee8ecd2325,completed,"{'revision': 1, 'iterations': 4, 'sample_count': 1, 'measurement_iterations_multiplier': 4, 'warmup_iterations': 3, 'gpu_completion_mode': 'per_iteration', 'unit': 'us', 'direction': 'lower_is_better'}"
win,parent,cpu_floating_point.sse_scalar,20261005-081630441-d9c46f87e82847e5a7b7264b33885e63,515707.8,502988,509340.0,546465,546465,546465,20628325,106494.5711,10,True,PASS,passed,True,,,,6962077c244da325,completed,"{'revision': 1, 'iterations': 40, 'sample_count': 10, 'measurement_iterations_multiplier': 4, 'warmup_iterations': 3, 'gpu_completion_mode': 'per_iteration', 'unit': 'us', 'direction': 'lower_is_better'}"
win,parent,cpu_floating_point.x87_scalar,20261005-081630441-d9c46f87e82847e5a7b7264b33885e63,824134,819618,822778.5,837195,837195,837195,32965378,106494.5711,10,True,PASS,passed,True,,,,6962077c244da325,completed,"{'revision': 1, 'iterations': 40, 'sample_count': 10, 'measurement_iterations_multiplier': 4, 'warmup_iterations': 3, 'gpu_completion_mode': 'per_iteration', 'unit': 'us', 'direction': 'lower_is_better'}"
win,parent,cpu_translation_blocks.direct_loop,20261005-081630441-d9c46f87e82847e5a7b7264b33885e63,9968,9915,9966.5,10041,10041,10041,398738,106494.5711,10,True,PASS,passed,True,,,,bd1fc9bf0c318325,completed,"{'revision': 1, 'iterations': 40, 'sample_count': 10, 'measurement_iterations_multiplier': 4, 'warmup_iterations': 3, 'gpu_completion_mode': 'per_iteration', 'unit': 'us', 'direction': 'lower_is_better'}"
win,parent,cpu_translation_blocks.indirect_dispatch,20261005-081630441-d9c46f87e82847e5a7b7264b33885e63,40125.6,39850,40140.0,40400,40400,40400,1605041,106494.5711,10,True,PASS,passed,True,,,,c0426cf669a02325,completed,"{'revision': 1, 'iterations': 40, 'sample_count': 10, 'measurement_iterations_multiplier': 4, 'warmup_iterations': 3, 'gpu_completion_mode': 'per_iteration', 'unit': 'us', 'direction': 'lower_is_better'}"
win,parent,cpu_translation_blocks.indirect_dispatch_stress,20261005-081630441-d9c46f87e82847e5a7b7264b33885e63,803499.3,801673,802926.0,809034,809034,809034,32139985,106494.5711,10,True,PASS,passed,True,,,,fbd507cb0c622325,completed,"{'revision': 1, 'iterations': 40, 'sample_count': 10, 'measurement_iterations_multiplier': 4, 'warmup_iterations': 3, 'gpu_completion_mode': 'per_iteration', 'unit': 'us', 'direction': 'lower_is_better'}"
win,parent,fill_rate.solid,20261005-081819551-29a81d6e81844ce5a50d728fe4f63d58,1677.2,1489,1665.0,2171,2171,2171,67108,12263.9231,10,True,PASS,passed,True,,,,08b0f60773aac775,completed,"{'revision': 1, 'iterations': 40, 'sample_count': 10, 'measurement_iterations_multiplier': 4, 'warmup_iterations': 3, 'gpu_completion_mode': 'per_iteration', 'unit': 'us', 'direction': 'lower_is_better'}"
win,parent,fill_rate.textured,20261005-081819551-29a81d6e81844ce5a50d728fe4f63d58,1235.3,1136,1176.5,1683,1683,1683,49428,12263.9231,10,True,PASS,passed,True,,,,99b433323df1684d,completed,"{'revision': 1, 'iterations': 40, 'sample_count': 10, 'measurement_iterations_multiplier': 4, 'warmup_iterations': 3, 'gpu_completion_mode': 'per_iteration', 'unit': 'us', 'direction': 'lower_is_better'}"
win,parent,pipeline_texture_switch.clear_texture_normal,20261005-081834435-f2959fd4292345388f875925e56fa255,12039.625,11791,11988.5,12448,12448,12448,385276,15546.073,8,True,PASS,not evaluated,True,,,,22ba4f1405cda325,completed,"{'revision': 1, 'iterations': 32, 'sample_count': 8, 'measurement_iterations_multiplier': 4, 'warmup_iterations': 3, 'gpu_completion_mode': 'per_iteration', 'unit': 'us', 'direction': 'lower_is_better'}"
win,parent,pipeline_texture_switch.palette_dma_remap,20261005-081834435-f2959fd4292345388f875925e56fa255,16875,16875,16875,16875,16875,16875,67501,15546.073,1,True,PASS,not evaluated,False,,,,fbf687de65082325,completed,"{'revision': 1, 'iterations': 4, 'sample_count': 1, 'measurement_iterations_multiplier': 4, 'warmup_iterations': 3, 'gpu_completion_mode': 'per_iteration', 'unit': 'us', 'direction': 'lower_is_better'}"
win,parent,pipeline_texture_switch.palette_only_update,20261005-081834435-f2959fd4292345388f875925e56fa255,18087,18087,18087,18087,18087,18087,72349,15546.073,1,True,PASS,not evaluated,False,,,,467aab2f95cda325,completed,"{'revision': 1, 'iterations': 4, 'sample_count': 1, 'measurement_iterations_multiplier': 4, 'warmup_iterations': 3, 'gpu_completion_mode': 'per_iteration', 'unit': 'us', 'direction': 'lower_is_better'}"
win,parent,pipeline_texture_switch.sampler_only_identity,20261005-081834435-f2959fd4292345388f875925e56fa255,22204.625,22000,22223.0,22380,22380,22380,710560,15546.073,8,True,PASS,not evaluated,True,,,,0b8438c8404da325,completed,"{'revision': 1, 'iterations': 32, 'sample_count': 8, 'measurement_iterations_multiplier': 4, 'warmup_iterations': 3, 'gpu_completion_mode': 'per_iteration', 'unit': 'us', 'direction': 'lower_is_better'}"
win,parent,pipeline_texture_switch.shader_negative_control,20261005-081834435-f2959fd4292345388f875925e56fa255,17998.25,17919,17994.5,18065,18065,18065,575958,15546.073,8,True,PASS,not evaluated,True,,,,f110c8bd6338c325,completed,"{'revision': 1, 'iterations': 32, 'sample_count': 8, 'measurement_iterations_multiplier': 4, 'warmup_iterations': 3, 'gpu_completion_mode': 'per_iteration', 'unit': 'us', 'direction': 'lower_is_better'}"
win,parent,pipeline_texture_switch.shared_page_overlap,20261005-081834435-f2959fd4292345388f875925e56fa255,17785,17785,17785,17785,17785,17785,71141,15546.073,1,True,PASS,not evaluated,False,,,,83bb59a8648da325,completed,"{'revision': 1, 'iterations': 4, 'sample_count': 1, 'measurement_iterations_multiplier': 4, 'warmup_iterations': 3, 'gpu_completion_mode': 'per_iteration', 'unit': 'us', 'direction': 'lower_is_better'}"
win,parent,pipeline_texture_switch.texture_dma_remap,20261005-081834435-f2959fd4292345388f875925e56fa255,16617,16617,16617,16617,16617,16617,66470,15546.073,1,True,PASS,not evaluated,False,,,,fbf687de65082325,completed,"{'revision': 1, 'iterations': 4, 'sample_count': 1, 'measurement_iterations_multiplier': 4, 'warmup_iterations': 3, 'gpu_completion_mode': 'per_iteration', 'unit': 'us', 'direction': 'lower_is_better'}"
win,parent,pipeline_texture_switch.texture_switch,20261005-081834435-f2959fd4292345388f875925e56fa255,18182.75,18102,18169.5,18386,18386,18386,581859,15546.073,8,True,PASS,not evaluated,True,,,,8ae05d31fb00c325,completed,"{'revision': 1, 'iterations': 32, 'sample_count': 8, 'measurement_iterations_multiplier': 4, 'warmup_iterations': 3, 'gpu_completion_mode': 'per_iteration', 'unit': 'us', 'direction': 'lower_is_better'}"
win,parent,report_query.clear_boundary,20261005-081852599-4767484dc39b41bf901afba756e8e178,1231.25,820,1344.5,1416,1416,1416,19707,12451.6651,4,True,PASS,not evaluated,False,,,,b5eb7c4b9c8da325,completed,"{'revision': 2, 'iterations': 16, 'sample_count': 4, 'measurement_iterations_multiplier': 4, 'warmup_iterations': 3, 'gpu_completion_mode': 'per_iteration', 'unit': 'us', 'direction': 'lower_is_better'}"
win,parent,report_query.dma_descriptor_rewrite,20261005-081852599-4767484dc39b41bf901afba756e8e178,5093,5093,5093,5093,5093,5093,5093,12451.6651,1,True,PASS,not evaluated,False,,,,c0c0fdbececda325,completed,"{'revision': 2, 'iterations': 1, 'sample_count': 1, 'measurement_iterations_multiplier': 1, 'warmup_iterations': 0, 'gpu_completion_mode': 'per_iteration', 'unit': 'us', 'direction': 'lower_is_better'}"
win,parent,report_query.dma_range_guard,20261005-081852599-4767484dc39b41bf901afba756e8e178,1682,1682,1682,1682,1682,1682,1682,12451.6651,1,True,PASS,not evaluated,False,,,,3f648ce11a4da325,completed,"{'revision': 2, 'iterations': 1, 'sample_count': 1, 'measurement_iterations_multiplier': 1, 'warmup_iterations': 0, 'gpu_completion_mode': 'per_iteration', 'unit': 'us', 'direction': 'lower_is_better'}"
win,parent,report_query.dma_target_switch,20261005-081852599-4767484dc39b41bf901afba756e8e178,1408.25,1132,1375.0,1751,1751,1751,22539,12451.6651,4,True,PASS,not evaluated,False,,,,4c4bd8cd440da325,completed,"{'revision': 2, 'iterations': 16, 'sample_count': 4, 'measurement_iterations_multiplier': 4, 'warmup_iterations': 3, 'gpu_completion_mode': 'per_iteration', 'unit': 'us', 'direction': 'lower_is_better'}"
win,parent,report_query.fifo_producer_ordering,20261005-081852599-4767484dc39b41bf901afba756e8e178,1256,1205,1226.0,1367,1367,1367,20099,12451.6651,4,True,PASS,not evaluated,False,,,,0d907c24a88da325,completed,"{'revision': 2, 'iterations': 16, 'sample_count': 4, 'measurement_iterations_multiplier': 4, 'warmup_iterations': 3, 'gpu_completion_mode': 'per_iteration', 'unit': 'us', 'direction': 'lower_is_better'}"
win,parent,report_query.multiple_boundaries,20261005-081852599-4767484dc39b41bf901afba756e8e178,733.5,622,696.0,920,920,920,11740,12451.6651,4,True,PASS,not evaluated,False,,,,0c966fc9ba4da325,completed,"{'revision': 2, 'iterations': 16, 'sample_count': 4, 'measurement_iterations_multiplier': 4, 'warmup_iterations': 3, 'gpu_completion_mode': 'per_iteration', 'unit': 'us', 'direction': 'lower_is_better'}"
win,parent,report_query.single_boundary,20261005-081852599-4767484dc39b41bf901afba756e8e178,991.5,821,991.0,1163,1163,1163,15870,12451.6651,4,True,PASS,not evaluated,False,,,,60e674c9fecda325,completed,"{'revision': 2, 'iterations': 16, 'sample_count': 4, 'measurement_iterations_multiplier': 4, 'warmup_iterations': 3, 'gpu_completion_mode': 'per_iteration', 'unit': 'us', 'direction': 'lower_is_better'}"
win,parent,report_query.zero_query,20261005-081852599-4767484dc39b41bf901afba756e8e178,557.5,484,493.0,760,760,760,8926,12451.6651,4,True,PASS,not evaluated,False,,,,23875dfeb40da325,completed,"{'revision': 2, 'iterations': 16, 'sample_count': 4, 'measurement_iterations_multiplier': 4, 'warmup_iterations': 3, 'gpu_completion_mode': 'per_iteration', 'unit': 'us', 'direction': 'lower_is_better'}"
win,parent,shader_lifecycle.readiness_train_visible,20261005-081907647-c6eb5e623e4e4d7b91923e33319641f9,16582,16582,16582,16582,16582,16582,66329,22014.339,1,True,PASS,not evaluated,False,,,,d4c939c4f0ce4325,completed,"{'revision': 1, 'iterations': 4, 'sample_count': 1, 'measurement_iterations_multiplier': 4, 'warmup_iterations': 3, 'gpu_completion_mode': 'per_iteration', 'unit': 'us', 'direction': 'lower_is_better'}"
win,parent,shader_lifecycle.readiness_replay_visible,20261005-081932272-52e88da5da2146e1b186f9414e998e3a,16574,16574,16574,16574,16574,16574,66298,22014.4573,1,True,PASS,not evaluated,False,,,,d4c939c4f0ce4325,completed,"{'revision': 1, 'iterations': 4, 'sample_count': 1, 'measurement_iterations_multiplier': 4, 'warmup_iterations': 3, 'gpu_completion_mode': 'per_iteration', 'unit': 'us', 'direction': 'lower_is_better'}"
win,parent,shader_lifecycle.readiness_identical_replay,20261005-081956902-2d2970fc564a4b96a8a06b135c9064b8,4032033,4032033,4032033,4032033,4032033,4032033,16128132,50084.5336,1,True,PASS,not evaluated,False,,,,70615ec6b77f8325,completed,"{'revision': 1, 'iterations': 4, 'sample_count': 1, 'measurement_iterations_multiplier': 4, 'warmup_iterations': 3, 'gpu_completion_mode': 'per_iteration', 'unit': 'us', 'direction': 'lower_is_better'}"
win,parent,shader_lifecycle.readiness_uniform_only,20261005-082049586-b781f53330f446a19b8314c0c74453ca,16501,16501,16501,16501,16501,16501,66006,21989.2008,1,True,PASS,not evaluated,False,,,,113d534d51f95325,completed,"{'revision': 1, 'iterations': 4, 'sample_count': 1, 'measurement_iterations_multiplier': 4, 'warmup_iterations': 3, 'gpu_completion_mode': 'per_iteration', 'unit': 'us', 'direction': 'lower_is_better'}"
win,parent,shader_lifecycle.readiness_early_demand,20261005-082114203-70845baffcb741eea9c0acc9f4b591cc,16503,16503,16503,16503,16503,16503,66014,21976.09,1,True,PASS,not evaluated,False,,,,d4c939c4f0ce4325,completed,"{'revision': 1, 'iterations': 4, 'sample_count': 1, 'measurement_iterations_multiplier': 4, 'warmup_iterations': 3, 'gpu_completion_mode': 'per_iteration', 'unit': 'us', 'direction': 'lower_is_better'}"
win,parent,game_load.long_unlocked_scene.cpu,20261005-082138801-a893364942ee4d17b7ad32f44525ef7e,24529.875,24360,24497.5,24728,24728,24728,784976,95678.7451,8,True,PASS,passed,True,,,,7c59a4dc0f8ba325,completed,"{'revision': 1, 'iterations': 32, 'sample_count': 8, 'measurement_iterations_multiplier': 4, 'warmup_iterations': 3, 'gpu_completion_mode': 'per_iteration', 'unit': 'us', 'direction': 'lower_is_better'}"
win,parent,game_load.long_unlocked_scene.pfifo,20261005-082138801-a893364942ee4d17b7ad32f44525ef7e,6036.625,5753,6061.5,6215,6215,6215,193184,95678.7451,8,True,PASS,passed,True,,,,7c59a4dc0f8ba325,completed,"{'revision': 1, 'iterations': 32, 'sample_count': 8, 'measurement_iterations_multiplier': 4, 'warmup_iterations': 3, 'gpu_completion_mode': 'per_iteration', 'unit': 'us', 'direction': 'lower_is_better'}"
win,parent,game_load.long_unlocked_scene.alpha_overdraw,20261005-082138801-a893364942ee4d17b7ad32f44525ef7e,50718.125,50150,50771.0,51299,51299,51299,1622995,95678.7451,8,True,PASS,passed,True,,,,7c59a4dc0f8ba325,completed,"{'revision': 1, 'iterations': 32, 'sample_count': 8, 'measurement_iterations_multiplier': 4, 'warmup_iterations': 3, 'gpu_completion_mode': 'per_iteration', 'unit': 'us', 'direction': 'lower_is_better'}"
win,parent,game_load.long_unlocked_scene.streaming_surface_reuse,20261005-082138801-a893364942ee4d17b7ad32f44525ef7e,16790.125,16187,16779.5,17426,17426,17426,537287,95678.7451,8,True,PASS,passed,True,,,,7c59a4dc0f8ba325,completed,"{'revision': 1, 'iterations': 32, 'sample_count': 8, 'measurement_iterations_multiplier': 4, 'warmup_iterations': 3, 'gpu_completion_mode': 'per_iteration', 'unit': 'us', 'direction': 'lower_is_better'}"
win,parent,game_load.long_unlocked_scene.combined,20261005-082138801-a893364942ee4d17b7ad32f44525ef7e,98872.75,97885,98797.5,100354,100354,100354,3163942,95678.7451,8,True,PASS,passed,True,,,,7c59a4dc0f8ba325,completed,"{'revision': 1, 'iterations': 32, 'sample_count': 8, 'measurement_iterations_multiplier': 4, 'warmup_iterations': 3, 'gpu_completion_mode': 'per_iteration', 'unit': 'us', 'direction': 'lower_is_better'}"
win,parent,game_load.long_unlocked_scene.full_system,20261005-082138801-a893364942ee4d17b7ad32f44525ef7e,98689,98336,98583.0,99261,99261,99261,3158057,95678.7451,8,True,PASS,passed,True,,,,7c59a4dc0f8ba325,completed,"{'revision': 1, 'iterations': 32, 'sample_count': 8, 'measurement_iterations_multiplier': 4, 'warmup_iterations': 3, 'gpu_completion_mode': 'per_iteration', 'unit': 'us', 'direction': 'lower_is_better'}"
win,parent,game_load.cross_title_hotpath.queued_vertex_cpu_writes,20261005-082138801-a893364942ee4d17b7ad32f44525ef7e,62986,58338,64195.5,67398,67398,67398,2015563,95678.7451,8,True,PASS,passed,True,,,,cf19c8d27e2aa325,completed,"{'revision': 1, 'iterations': 32, 'sample_count': 8, 'measurement_iterations_multiplier': 4, 'warmup_iterations': 3, 'gpu_completion_mode': 'per_iteration', 'unit': 'us', 'direction': 'lower_is_better'}"
win,parent,game_load.cross_title_hotpath.pgr2_small_draws,20261005-082138801-a893364942ee4d17b7ad32f44525ef7e,123619.25,116142,124764.5,125253,125253,125253,3955830,95678.7451,8,True,PASS,passed,True,,,,2a1e0148d2c0e325,completed,"{'revision': 1, 'iterations': 32, 'sample_count': 8, 'measurement_iterations_multiplier': 4, 'warmup_iterations': 3, 'gpu_completion_mode': 'per_iteration', 'unit': 'us', 'direction': 'lower_is_better'}"
win,parent,game_load.cross_title_hotpath.texture_update_reuse,20261005-082138801-a893364942ee4d17b7ad32f44525ef7e,2961.25,2890,2952.0,3077,3077,3077,94770,95678.7451,8,True,PASS,passed,True,,,,5612bef321a56325,completed,"{'revision': 1, 'iterations': 32, 'sample_count': 8, 'measurement_iterations_multiplier': 4, 'warmup_iterations': 3, 'gpu_completion_mode': 'per_iteration', 'unit': 'us', 'direction': 'lower_is_better'}"
win,parent,game_load.cross_title_hotpath.surface_reuse,20261005-082138801-a893364942ee4d17b7ad32f44525ef7e,6432,5970,6534.5,6756,6756,6756,205836,95678.7451,8,True,PASS,passed,True,,,,846d9f21b7c6a325,completed,"{'revision': 1, 'iterations': 32, 'sample_count': 8, 'measurement_iterations_multiplier': 4, 'warmup_iterations': 3, 'gpu_completion_mode': 'per_iteration', 'unit': 'us', 'direction': 'lower_is_better'}"
win,parent,game_load.cross_title_hotpath.pipeline_state_churn,20261005-082138801-a893364942ee4d17b7ad32f44525ef7e,66676.375,66300,66672.0,67071,67071,67071,2133654,95678.7451,8,True,PASS,passed,True,,,,22f040b2add4a325,completed,"{'revision': 1, 'iterations': 32, 'sample_count': 8, 'measurement_iterations_multiplier': 4, 'warmup_iterations': 3, 'gpu_completion_mode': 'per_iteration', 'unit': 'us', 'direction': 'lower_is_better'}"
win,parent,game_load.cross_title_hotpath.blend_constant_reuse,20261005-082138801-a893364942ee4d17b7ad32f44525ef7e,107838,99759,108216.0,116423,116423,116423,3450831,95678.7451,8,True,PASS,passed,True,,,,a08ca118008fa325,completed,"{'revision': 1, 'iterations': 32, 'sample_count': 8, 'measurement_iterations_multiplier': 4, 'warmup_iterations': 3, 'gpu_completion_mode': 'per_iteration', 'unit': 'us', 'direction': 'lower_is_better'}"
win,parent,game_load.cross_title_hotpath.texture_binding_reuse,20261005-082138801-a893364942ee4d17b7ad32f44525ef7e,150469.25,149259,150035.0,154143,154143,154143,4815027,95678.7451,8,True,PASS,passed,True,,,,dfaaa3022df6a325,completed,"{'revision': 1, 'iterations': 32, 'sample_count': 8, 'measurement_iterations_multiplier': 4, 'warmup_iterations': 3, 'gpu_completion_mode': 'per_iteration', 'unit': 'us', 'direction': 'lower_is_better'}"
win,parent,game_load.cross_title_hotpath.pgr2_lagspot_inline_elements,20261005-082138801-a893364942ee4d17b7ad32f44525ef7e,99917.125,97599,100129.5,102332,102332,102332,3197359,95678.7451,8,True,PASS,passed,True,,,,1289219c28d5a325,completed,"{'revision': 1, 'iterations': 32, 'sample_count': 8, 'measurement_iterations_multiplier': 4, 'warmup_iterations': 3, 'gpu_completion_mode': 'per_iteration', 'unit': 'us', 'direction': 'lower_is_better'}"
win,parent,game_load.cross_title_hotpath.scaled_surface_pressure,20261005-082138801-a893364942ee4d17b7ad32f44525ef7e,298855.625,231850,294066.0,366781,366781,366781,9563393,95678.7451,8,True,PASS,passed,True,,,,e81e5b4a4675a325,completed,"{'revision': 1, 'iterations': 32, 'sample_count': 8, 'measurement_iterations_multiplier': 4, 'warmup_iterations': 3, 'gpu_completion_mode': 'per_iteration', 'unit': 'us', 'direction': 'lower_is_better'}"
win,parent,game_load.cross_title_hotpath.s3tc_streaming_fenced_draws,20261005-082138801-a893364942ee4d17b7ad32f44525ef7e,1139094.125,1133409,1139724.5,1144072,1144072,1144072,36451024,95678.7451,8,True,PASS,passed,True,,,,a0f51c6c46a52325,completed,"{'revision': 1, 'iterations': 32, 'sample_count': 8, 'measurement_iterations_multiplier': 4, 'warmup_iterations': 3, 'gpu_completion_mode': 'per_iteration', 'unit': 'us', 'direction': 'lower_is_better'}"
win,parent,game_load.cross_title_hotpath.gpu_wait_control,20261005-082138801-a893364942ee4d17b7ad32f44525ef7e,1104.25,1033,1098.0,1209,1209,1209,35348,95678.7451,8,True,PASS,passed,True,,,,828855c0a34e2325,completed,"{'revision': 1, 'iterations': 32, 'sample_count': 8, 'measurement_iterations_multiplier': 4, 'warmup_iterations': 3, 'gpu_completion_mode': 'per_iteration', 'unit': 'us', 'direction': 'lower_is_better'}"
win,parent,game_load.s3tc_sync_factor.dxt1_same_address_wait,20261005-082317088-cebf53af5c2a4d79bbe65205e1a5a0f7,16656.625,16451,16678.5,16798,16798,16798,533024,36005.4036,8,True,PASS,failed,True,True,True,,3403675459d4d3d5,completed,"{'revision': 1, 'iterations': 32, 'sample_count': 8, 'measurement_iterations_multiplier': 4, 'warmup_iterations': 3, 'gpu_completion_mode': 'per_iteration', 'unit': 'us', 'direction': 'lower_is_better'}"
win,parent,game_load.s3tc_sync_factor.dxt1_same_address_queued,20261005-082317088-cebf53af5c2a4d79bbe65205e1a5a0f7,16667.375,16609,16664.5,16714,16714,16714,533371,36005.4036,8,True,PASS,failed,True,False,False,unsynchronized same-address writes have no defined per-draw source generation,482446cc7bccaa39,completed,"{'revision': 1, 'iterations': 32, 'sample_count': 8, 'measurement_iterations_multiplier': 4, 'warmup_iterations': 3, 'gpu_completion_mode': 'per_iteration', 'unit': 'us', 'direction': 'lower_is_better'}"
win,parent,game_load.s3tc_sync_factor.dxt1_ring_payload_generations,20261005-082317088-cebf53af5c2a4d79bbe65205e1a5a0f7,33374.25,33090,33456.5,33585,33585,33585,1067987,36005.4036,8,True,PASS,failed,True,True,True,,3403675459d4d3d5,completed,"{'revision': 1, 'iterations': 32, 'sample_count': 8, 'measurement_iterations_multiplier': 4, 'warmup_iterations': 3, 'gpu_completion_mode': 'per_iteration', 'unit': 'us', 'direction': 'lower_is_better'}"
win,parent,game_load.s3tc_sync_factor.dxt1_dirty_once_redraw,20261005-082317088-cebf53af5c2a4d79bbe65205e1a5a0f7,16659.25,16474,16662.5,16847,16847,16847,533102,36005.4036,8,True,PASS,passed,True,True,True,,428c04bbb0a62725,completed,"{'revision': 1, 'iterations': 32, 'sample_count': 8, 'measurement_iterations_multiplier': 4, 'warmup_iterations': 3, 'gpu_completion_mode': 'per_iteration', 'unit': 'us', 'direction': 'lower_is_better'}"
win,parent,game_load.s3tc_sync_factor.rgba8_same_address_wait,20261005-082317088-cebf53af5c2a4d79bbe65205e1a5a0f7,49975,49732,49977.0,50233,50233,50233,1599211,36005.4036,8,True,PASS,passed,True,True,True,,3403675459d4d3d5,completed,"{'revision': 1, 'iterations': 32, 'sample_count': 8, 'measurement_iterations_multiplier': 4, 'warmup_iterations': 3, 'gpu_completion_mode': 'per_iteration', 'unit': 'us', 'direction': 'lower_is_better'}"
win,parent,game_load.s3tc_sync_factor.rgba8_same_address_queued,20261005-082317088-cebf53af5c2a4d79bbe65205e1a5a0f7,49975.75,49324,50074.5,50347,50347,50347,1599235,36005.4036,8,True,PASS,failed,True,False,False,unsynchronized same-address writes have no defined per-draw source generation,d53a1629b449b68c,completed,"{'revision': 1, 'iterations': 32, 'sample_count': 8, 'measurement_iterations_multiplier': 4, 'warmup_iterations': 3, 'gpu_completion_mode': 'per_iteration', 'unit': 'us', 'direction': 'lower_is_better'}"
win,parent,game_load.s3tc_sync_factor.rgba8_ring_payload_generations,20261005-082317088-cebf53af5c2a4d79bbe65205e1a5a0f7,133354.75,133118,133325.0,133580,133580,133580,4267363,36005.4036,8,True,PASS,passed,True,True,True,,3403675459d4d3d5,completed,"{'revision': 1, 'iterations': 32, 'sample_count': 8, 'measurement_iterations_multiplier': 4, 'warmup_iterations': 3, 'gpu_completion_mode': 'per_iteration', 'unit': 'us', 'direction': 'lower_is_better'}"
win,parent,game_load.s3tc_sync_factor.rgba8_dirty_once_redraw,20261005-082317088-cebf53af5c2a4d79bbe65205e1a5a0f7,16684,16572,16667.0,16826,16826,16826,533901,36005.4036,8,True,PASS,passed,True,True,True,,428c04bbb0a62725,completed,"{'revision': 1, 'iterations': 32, 'sample_count': 8, 'measurement_iterations_multiplier': 4, 'warmup_iterations': 3, 'gpu_completion_mode': 'per_iteration', 'unit': 'us', 'direction': 'lower_is_better'}"
win,parent,game_load.s3tc_sync_factor.bc2_native_eligible,20261005-082317088-cebf53af5c2a4d79bbe65205e1a5a0f7,50029.375,49382,50076.0,50412,50412,50412,1600956,36005.4036,8,True,PASS,failed,True,True,True,,3403675459d4d3d5,completed,"{'revision': 1, 'iterations': 32, 'sample_count': 8, 'measurement_iterations_multiplier': 4, 'warmup_iterations': 3, 'gpu_completion_mode': 'per_iteration', 'unit': 'us', 'direction': 'lower_is_better'}"
win,parent,game_load.s3tc_sync_factor.bc2_bordered_fallback,20261005-082317088-cebf53af5c2a4d79bbe65205e1a5a0f7,116649.625,116334,116707.5,117080,117080,117080,3732804,36005.4036,8,True,PASS,passed,True,True,True,,db28300321744de5,completed,"{'revision': 1, 'iterations': 32, 'sample_count': 8, 'measurement_iterations_multiplier': 4, 'warmup_iterations': 3, 'gpu_completion_mode': 'per_iteration', 'unit': 'us', 'direction': 'lower_is_better'}"
win,parent,game_load.s3tc_sync_factor.bc3_native_eligible,20261005-082317088-cebf53af5c2a4d79bbe65205e1a5a0f7,50038.75,49483,50064.5,50526,50526,50526,1601250,36005.4036,8,True,PASS,failed,True,True,True,,3403675459d4d3d5,completed,"{'revision': 1, 'iterations': 32, 'sample_count': 8, 'measurement_iterations_multiplier': 4, 'warmup_iterations': 3, 'gpu_completion_mode': 'per_iteration', 'unit': 'us', 'direction': 'lower_is_better'}"
win,parent,game_load.s3tc_sync_factor.bc3_bordered_fallback,20261005-082317088-cebf53af5c2a4d79bbe65205e1a5a0f7,116580.625,115974,116517.0,117276,117276,117276,3730591,36005.4036,8,True,PASS,passed,True,True,True,,db28300321744de5,completed,"{'revision': 1, 'iterations': 32, 'sample_count': 8, 'measurement_iterations_multiplier': 4, 'warmup_iterations': 3, 'gpu_completion_mode': 'per_iteration', 'unit': 'us', 'direction': 'lower_is_better'}"
win,parent,game_load.repeated_display,20261005-082355694-c3e94a76622d4e72a0d1d3d864c0be25,16651.375,16562,16664.0,16673,16673,16673,532853,22878.3883,8,True,PASS,passed,True,,,,36f446003b9d6325,completed,"{'revision': 1, 'iterations': 32, 'sample_count': 8, 'measurement_iterations_multiplier': 4, 'warmup_iterations': 3, 'gpu_completion_mode': 'per_iteration', 'unit': 'us', 'direction': 'lower_is_better'}"
win,parent,game_load.repeated_display_boosted,20261005-082355694-c3e94a76622d4e72a0d1d3d864c0be25,49479.25,45715,50024.0,50083,50083,50083,1583346,22878.3883,8,True,PASS,passed,True,,,,b2bc760cb1fba325,completed,"{'revision': 1, 'iterations': 32, 'sample_count': 8, 'measurement_iterations_multiplier': 4, 'warmup_iterations': 3, 'gpu_completion_mode': 'per_iteration', 'unit': 'us', 'direction': 'lower_is_better'}"
win,parent,game_load.doax_menu_representative.cpu_only,20261005-082355694-c3e94a76622d4e72a0d1d3d864c0be25,13920.125,13599,13697.5,14544,14544,14544,445457,22878.3883,8,True,PASS,passed,True,,,,5abb9d9faaa22325,completed,"{'revision': 1, 'iterations': 32, 'sample_count': 8, 'measurement_iterations_multiplier': 4, 'warmup_iterations': 3, 'gpu_completion_mode': 'per_iteration', 'unit': 'us', 'direction': 'lower_is_better'}"
win,parent,game_load.doax_menu_representative.pfifo_only,20261005-082355694-c3e94a76622d4e72a0d1d3d864c0be25,2516.125,2344,2393.0,3368,3368,3368,80528,22878.3883,8,True,PASS,passed,True,,,,f9826bbdd7912325,completed,"{'revision': 1, 'iterations': 32, 'sample_count': 8, 'measurement_iterations_multiplier': 4, 'warmup_iterations': 3, 'gpu_completion_mode': 'per_iteration', 'unit': 'us', 'direction': 'lower_is_better'}"
win,parent,game_load.doax_menu_representative.gpu_only,20261005-082355694-c3e94a76622d4e72a0d1d3d864c0be25,17740.625,17608,17687.5,17994,17994,17994,567716,22878.3883,8,True,PASS,passed,True,,,,d3984ab7dcb8e325,completed,"{'revision': 1, 'iterations': 32, 'sample_count': 8, 'measurement_iterations_multiplier': 4, 'warmup_iterations': 3, 'gpu_completion_mode': 'per_iteration', 'unit': 'us', 'direction': 'lower_is_better'}"
win,parent,game_load.doax_menu_representative.streaming_only,20261005-082355694-c3e94a76622d4e72a0d1d3d864c0be25,5502.625,5216,5401.5,5973,5973,5973,176096,22878.3883,8,True,PASS,passed,True,,,,491294aadc23a325,completed,"{'revision': 1, 'iterations': 32, 'sample_count': 8, 'measurement_iterations_multiplier': 4, 'warmup_iterations': 3, 'gpu_completion_mode': 'per_iteration', 'unit': 'us', 'direction': 'lower_is_better'}"
win,parent,game_load.doax_menu_representative.cpu_pfifo_gpu,20261005-082355694-c3e94a76622d4e72a0d1d3d864c0be25,33767.625,33632,33751.0,34034,34034,34034,1080574,22878.3883,8,True,PASS,passed,True,,,,302026d9f9232325,completed,"{'revision': 1, 'iterations': 32, 'sample_count': 8, 'measurement_iterations_multiplier': 4, 'warmup_iterations': 3, 'gpu_completion_mode': 'per_iteration', 'unit': 'us', 'direction': 'lower_is_better'}"
win,parent,game_load.doax_menu_representative.cpu_pfifo_gpu_streaming,20261005-082355694-c3e94a76622d4e72a0d1d3d864c0be25,37560.375,37071,37634.5,37769,37769,37769,1201942,22878.3883,8,True,PASS,passed,True,,,,9e98944350a52325,completed,"{'revision': 1, 'iterations': 32, 'sample_count': 8, 'measurement_iterations_multiplier': 4, 'warmup_iterations': 3, 'gpu_completion_mode': 'per_iteration', 'unit': 'us', 'direction': 'lower_is_better'}"
win,parent,game_load.doax_menu_representative.full_system,20261005-082355694-c3e94a76622d4e72a0d1d3d864c0be25,38077.25,37583,38065.5,38570,38570,38570,1218483,22878.3883,8,True,PASS,passed,True,,,,7896e875a8ad2325,completed,"{'revision': 1, 'iterations': 32, 'sample_count': 8, 'measurement_iterations_multiplier': 4, 'warmup_iterations': 3, 'gpu_completion_mode': 'per_iteration', 'unit': 'us', 'direction': 'lower_is_better'}"
win,parent,game_load.doax_menu_stress.cpu_only,20261005-082355694-c3e94a76622d4e72a0d1d3d864c0be25,28561.125,27115,27921.5,31779,31779,31779,913963,22878.3883,8,True,PASS,passed,True,,,,4b7c157e1e9ce325,completed,"{'revision': 1, 'iterations': 32, 'sample_count': 8, 'measurement_iterations_multiplier': 4, 'warmup_iterations': 3, 'gpu_completion_mode': 'per_iteration', 'unit': 'us', 'direction': 'lower_is_better'}"
win,parent,game_load.doax_menu_stress.pfifo_only,20261005-082355694-c3e94a76622d4e72a0d1d3d864c0be25,4961.125,4724,4959.0,5250,5250,5250,158764,22878.3883,8,True,PASS,passed,True,,,,f46d8f2a39a6e325,completed,"{'revision': 1, 'iterations': 32, 'sample_count': 8, 'measurement_iterations_multiplier': 4, 'warmup_iterations': 3, 'gpu_completion_mode': 'per_iteration', 'unit': 'us', 'direction': 'lower_is_better'}"
win,parent,game_load.doax_menu_stress.gpu_only,20261005-082355694-c3e94a76622d4e72a0d1d3d864c0be25,35534.125,35124,35588.5,35905,35905,35905,1137106,22878.3883,8,True,PASS,passed,True,,,,bcaf8b0e8de5a325,completed,"{'revision': 1, 'iterations': 32, 'sample_count': 8, 'measurement_iterations_multiplier': 4, 'warmup_iterations': 3, 'gpu_completion_mode': 'per_iteration', 'unit': 'us', 'direction': 'lower_is_better'}"
win,parent,game_load.doax_menu_stress.streaming_only,20261005-082421191-5b2112d851f74e5294537d092f2b185e,16372.125,15063,16438.5,17137,17137,17137,523915,41959.667,8,True,PASS,passed,True,,,,06e0eccda97d2325,completed,"{'revision': 1, 'iterations': 32, 'sample_count': 8, 'measurement_iterations_multiplier': 4, 'warmup_iterations': 3, 'gpu_completion_mode': 'per_iteration', 'unit': 'us', 'direction': 'lower_is_better'}"
win,parent,game_load.doax_menu_stress.cpu_pfifo_gpu,20261005-082421191-5b2112d851f74e5294537d092f2b185e,66371,66029,66397.5,66697,66697,66697,2123882,41959.667,8,True,PASS,passed,True,,,,7707cd4649e4a325,completed,"{'revision': 1, 'iterations': 32, 'sample_count': 8, 'measurement_iterations_multiplier': 4, 'warmup_iterations': 3, 'gpu_completion_mode': 'per_iteration', 'unit': 'us', 'direction': 'lower_is_better'}"
win,parent,game_load.doax_menu_stress.cpu_pfifo_gpu_streaming,20261005-082421191-5b2112d851f74e5294537d092f2b185e,72747.75,72024,72303.0,75466,75466,75466,2327938,41959.667,8,True,PASS,passed,True,,,,d4d9dedf3ef06325,completed,"{'revision': 1, 'iterations': 32, 'sample_count': 8, 'measurement_iterations_multiplier': 4, 'warmup_iterations': 3, 'gpu_completion_mode': 'per_iteration', 'unit': 'us', 'direction': 'lower_is_better'}"
win,parent,game_load.doax_menu_stress.full_system,20261005-082421191-5b2112d851f74e5294537d092f2b185e,72576.875,71989,72334.0,74192,74192,74192,2322469,41959.667,8,True,PASS,passed,True,,,,8cf51e8eb67fa325,completed,"{'revision': 1, 'iterations': 32, 'sample_count': 8, 'measurement_iterations_multiplier': 4, 'warmup_iterations': 3, 'gpu_completion_mode': 'per_iteration', 'unit': 'us', 'direction': 'lower_is_better'}"
win,parent,game_load.pgr2_ai_backup.cpu_only,20261005-082421191-5b2112d851f74e5294537d092f2b185e,42437.625,41896,42330.0,43413,43413,43413,1358013,41959.667,8,True,PASS,passed,True,,,,e6df98b3e513a325,completed,"{'revision': 1, 'iterations': 32, 'sample_count': 8, 'measurement_iterations_multiplier': 4, 'warmup_iterations': 3, 'gpu_completion_mode': 'per_iteration', 'unit': 'us', 'direction': 'lower_is_better'}"
win,parent,game_load.pgr2_ai_backup.pfifo_only,20261005-082421191-5b2112d851f74e5294537d092f2b185e,15156.625,14976,15160.5,15334,15334,15334,485027,41959.667,8,True,PASS,passed,True,,,,e57ef83b3a66e325,completed,"{'revision': 1, 'iterations': 32, 'sample_count': 8, 'measurement_iterations_multiplier': 4, 'warmup_iterations': 3, 'gpu_completion_mode': 'per_iteration', 'unit': 'us', 'direction': 'lower_is_better'}"
win,parent,game_load.pgr2_ai_backup.gpu_only,20261005-082421191-5b2112d851f74e5294537d092f2b185e,90026.625,89521,90036.5,90570,90570,90570,2880863,41959.667,8,True,PASS,passed,True,,,,02ffd9b12aa96325,completed,"{'revision': 1, 'iterations': 32, 'sample_count': 8, 'measurement_iterations_multiplier': 4, 'warmup_iterations': 3, 'gpu_completion_mode': 'per_iteration', 'unit': 'us', 'direction': 'lower_is_better'}"
win,parent,game_load.pgr2_ai_backup.streaming_only,20261005-082421191-5b2112d851f74e5294537d092f2b185e,3747.625,3426,3673.0,4238,4238,4238,119932,41959.667,8,True,PASS,passed,True,,,,155df5f182392325,completed,"{'revision': 1, 'iterations': 32, 'sample_count': 8, 'measurement_iterations_multiplier': 4, 'warmup_iterations': 3, 'gpu_completion_mode': 'per_iteration', 'unit': 'us', 'direction': 'lower_is_better'}"
win,parent,game_load.pgr2_ai_backup.cpu_pfifo_gpu,20261005-082421191-5b2112d851f74e5294537d092f2b185e,147877.5,147480,147656.0,149353,149353,149353,4732092,41959.667,8,True,PASS,passed,True,,,,ab22104929b9e325,completed,"{'revision': 1, 'iterations': 32, 'sample_count': 8, 'measurement_iterations_multiplier': 4, 'warmup_iterations': 3, 'gpu_completion_mode': 'per_iteration', 'unit': 'us', 'direction': 'lower_is_better'}"
win,parent,game_load.pgr2_ai_backup.cpu_pfifo_gpu_streaming,20261005-082421191-5b2112d851f74e5294537d092f2b185e,150883.5,150364,150798.0,151422,151422,151422,4828280,41959.667,8,True,PASS,passed,True,,,,66a43765efc02325,completed,"{'revision': 1, 'iterations': 32, 'sample_count': 8, 'measurement_iterations_multiplier': 4, 'warmup_iterations': 3, 'gpu_completion_mode': 'per_iteration', 'unit': 'us', 'direction': 'lower_is_better'}"
win,parent,game_load.pgr2_ai_backup.full_system,20261005-082421191-5b2112d851f74e5294537d092f2b185e,151222.375,150266,151177.0,152594,152594,152594,4839128,41959.667,8,True,PASS,passed,True,,,,55485325870d6325,completed,"{'revision': 1, 'iterations': 32, 'sample_count': 8, 'measurement_iterations_multiplier': 4, 'warmup_iterations': 3, 'gpu_completion_mode': 'per_iteration', 'unit': 'us', 'direction': 'lower_is_better'}"
win,parent,high_vertex_count.arrays,20261005-082505753-23a43fe94cb14faab99f2f78791bb11b,88.38,55,60.5,138,153,409,35498,21544.4667,100,True,PASS,failed,True,,,,a27c67890c2d9083,completed,"{'revision': 1, 'iterations': 400, 'sample_count': 100, 'measurement_iterations_multiplier': 4, 'warmup_iterations': 3, 'gpu_completion_mode': 'per_iteration', 'unit': 'us', 'direction': 'lower_is_better'}"
win,parent,high_vertex_count.inline_arrays,20261005-082505753-23a43fe94cb14faab99f2f78791bb11b,59137.8,58523,59213.5,59741,59741,59741,2365527,21544.4667,10,True,PASS,failed,True,,,,a27c67890c2d9083,completed,"{'revision': 1, 'iterations': 40, 'sample_count': 10, 'measurement_iterations_multiplier': 4, 'warmup_iterations': 3, 'gpu_completion_mode': 'per_iteration', 'unit': 'us', 'direction': 'lower_is_better'}"
win,parent,high_vertex_count.inline_buffers,20261005-082505753-23a43fe94cb14faab99f2f78791bb11b,225406.4,224133,224644,227165,227165,227165,4508136,21544.4667,5,True,PASS,failed,True,,,,a27c67890c2d9083,completed,"{'revision': 1, 'iterations': 20, 'sample_count': 5, 'measurement_iterations_multiplier': 4, 'warmup_iterations': 3, 'gpu_completion_mode': 'per_iteration', 'unit': 'us', 'direction': 'lower_is_better'}"
win,parent,high_vertex_count.inline_elements,20261005-082505753-23a43fe94cb14faab99f2f78791bb11b,3936.98,3873,3916.0,4110,4214,4214,787464,21544.4667,50,True,PASS,failed,True,,,,a27c67890c2d9083,completed,"{'revision': 1, 'iterations': 200, 'sample_count': 50, 'measurement_iterations_multiplier': 4, 'warmup_iterations': 3, 'gpu_completion_mode': 'per_iteration', 'unit': 'us', 'direction': 'lower_is_better'}"
win,parent,primitive_type.line_loop.fixed_function,20261005-082505753-23a43fe94cb14faab99f2f78791bb11b,596.9,535,580.0,789,789,789,23893,21544.4667,10,True,PASS,failed,True,,,,f2158581ac6e3919,completed,"{'revision': 1, 'iterations': 40, 'sample_count': 10, 'measurement_iterations_multiplier': 4, 'warmup_iterations': 3, 'gpu_completion_mode': 'per_iteration', 'unit': 'us', 'direction': 'lower_is_better'}"
win,parent,primitive_type.line_loop.vertex_shader,20261005-082505753-23a43fe94cb14faab99f2f78791bb11b,584,547,571.0,692,692,692,23376,21544.4667,10,True,PASS,failed,True,,,,f2158581ac6e3919,completed,"{'revision': 1, 'iterations': 40, 'sample_count': 10, 'measurement_iterations_multiplier': 4, 'warmup_iterations': 3, 'gpu_completion_mode': 'per_iteration', 'unit': 'us', 'direction': 'lower_is_better'}"
win,parent,primitive_type.line_strip.fixed_function,20261005-082505753-23a43fe94cb14faab99f2f78791bb11b,648.4,582,617.0,908,908,908,25950,21544.4667,10,True,PASS,failed,True,,,,f2158581ac6e3919,completed,"{'revision': 1, 'iterations': 40, 'sample_count': 10, 'measurement_iterations_multiplier': 4, 'warmup_iterations': 3, 'gpu_completion_mode': 'per_iteration', 'unit': 'us', 'direction': 'lower_is_better'}"
win,parent,primitive_type.line_strip.vertex_shader,20261005-082505753-23a43fe94cb14faab99f2f78791bb11b,590.4,544,580.5,717,717,717,23628,21544.4667,10,True,PASS,failed,True,,,,f2158581ac6e3919,completed,"{'revision': 1, 'iterations': 40, 'sample_count': 10, 'measurement_iterations_multiplier': 4, 'warmup_iterations': 3, 'gpu_completion_mode': 'per_iteration', 'unit': 'us', 'direction': 'lower_is_better'}"
win,parent,primitive_type.lines.fixed_function,20261005-082505753-23a43fe94cb14faab99f2f78791bb11b,1202.6,1124,1156.5,1538,1538,1538,48117,21544.4667,10,True,PASS,failed,True,,,,1766a7f93aa72a14,completed,"{'revision': 1, 'iterations': 40, 'sample_count': 10, 'measurement_iterations_multiplier': 4, 'warmup_iterations': 3, 'gpu_completion_mode': 'per_iteration', 'unit': 'us', 'direction': 'lower_is_better'}"
win,parent,primitive_type.lines.vertex_shader,20261005-082505753-23a43fe94cb14faab99f2f78791bb11b,1216.3,1190,1221.5,1234,1234,1234,48659,21544.4667,10,True,PASS,failed,True,,,,1766a7f93aa72a14,completed,"{'revision': 1, 'iterations': 40, 'sample_count': 10, 'measurement_iterations_multiplier': 4, 'warmup_iterations': 3, 'gpu_completion_mode': 'per_iteration', 'unit': 'us', 'direction': 'lower_is_better'}"
win,parent,primitive_type.points.fixed_function,20261005-082505753-23a43fe94cb14faab99f2f78791bb11b,566.6,546,563.5,601,601,601,22685,21544.4667,10,True,PASS,failed,True,,,,5b296619f665c070,completed,"{'revision': 1, 'iterations': 40, 'sample_count': 10, 'measurement_iterations_multiplier': 4, 'warmup_iterations': 3, 'gpu_completion_mode': 'per_iteration', 'unit': 'us', 'direction': 'lower_is_better'}"
win,parent,primitive_type.points.vertex_shader,20261005-082505753-23a43fe94cb14faab99f2f78791bb11b,587.7,553,574.5,722,722,722,23523,21544.4667,10,True,PASS,failed,True,,,,5b296619f665c070,completed,"{'revision': 1, 'iterations': 40, 'sample_count': 10, 'measurement_iterations_multiplier': 4, 'warmup_iterations': 3, 'gpu_completion_mode': 'per_iteration', 'unit': 'us', 'direction': 'lower_is_better'}"
win,parent,primitive_type.polygon.fixed_function,20261005-082529910-93a2bed5bfbf4b8080d856553c07a2da,1250,1112,1273.0,1379,1379,1379,50015,13207.0715,10,True,PASS,failed,True,,,,2c4beaa06aba1000,completed,"{'revision': 1, 'iterations': 40, 'sample_count': 10, 'measurement_iterations_multiplier': 4, 'warmup_iterations': 3, 'gpu_completion_mode': 'per_iteration', 'unit': 'us', 'direction': 'lower_is_better'}"
win,parent,primitive_type.polygon.vertex_shader,20261005-082529910-93a2bed5bfbf4b8080d856553c07a2da,908.6,884,911.5,924,924,924,36356,13207.0715,10,True,PASS,failed,True,,,,2c4beaa06aba1000,completed,"{'revision': 1, 'iterations': 40, 'sample_count': 10, 'measurement_iterations_multiplier': 4, 'warmup_iterations': 3, 'gpu_completion_mode': 'per_iteration', 'unit': 'us', 'direction': 'lower_is_better'}"
win,parent,primitive_type.quad_strip.fixed_function,20261005-082529910-93a2bed5bfbf4b8080d856553c07a2da,1875.4,1798,1855.0,2045,2045,2045,75032,13207.0715,10,True,PASS,failed,True,,,,f64b4495347cec73,completed,"{'revision': 1, 'iterations': 40, 'sample_count': 10, 'measurement_iterations_multiplier': 4, 'warmup_iterations': 3, 'gpu_completion_mode': 'per_iteration', 'unit': 'us', 'direction': 'lower_is_better'}"
win,parent,primitive_type.quad_strip.vertex_shader,20261005-082529910-93a2bed5bfbf4b8080d856553c07a2da,1166.2,1126,1166.0,1209,1209,1209,46666,13207.0715,10,True,PASS,failed,True,,,,f64b4495347cec73,completed,"{'revision': 1, 'iterations': 40, 'sample_count': 10, 'measurement_iterations_multiplier': 4, 'warmup_iterations': 3, 'gpu_completion_mode': 'per_iteration', 'unit': 'us', 'direction': 'lower_is_better'}"
win,parent,primitive_type.quads.fixed_function,20261005-082529910-93a2bed5bfbf4b8080d856553c07a2da,2271.7,2231,2273.5,2330,2330,2330,90877,13207.0715,10,True,PASS,failed,True,,,,114a1419338256e5,completed,"{'revision': 1, 'iterations': 40, 'sample_count': 10, 'measurement_iterations_multiplier': 4, 'warmup_iterations': 3, 'gpu_completion_mode': 'per_iteration', 'unit': 'us', 'direction': 'lower_is_better'}"
win,parent,primitive_type.quads.vertex_shader,20261005-082529910-93a2bed5bfbf4b8080d856553c07a2da,2276.1,2243,2271.0,2320,2320,2320,91058,13207.0715,10,True,PASS,failed,True,,,,114a1419338256e5,completed,"{'revision': 1, 'iterations': 40, 'sample_count': 10, 'measurement_iterations_multiplier': 4, 'warmup_iterations': 3, 'gpu_completion_mode': 'per_iteration', 'unit': 'us', 'direction': 'lower_is_better'}"
win,parent,primitive_type.triangle_fan.fixed_function,20261005-082529910-93a2bed5bfbf4b8080d856553c07a2da,575.4,542,579.0,584,584,584,23032,13207.0715,10,True,PASS,failed,True,,,,36644f0fd11db166,completed,"{'revision': 1, 'iterations': 40, 'sample_count': 10, 'measurement_iterations_multiplier': 4, 'warmup_iterations': 3, 'gpu_completion_mode': 'per_iteration', 'unit': 'us', 'direction': 'lower_is_better'}"
win,parent,primitive_type.triangle_fan.vertex_shader,20261005-082529910-93a2bed5bfbf4b8080d856553c07a2da,571.1,542,574.5,590,590,590,22856,13207.0715,10,True,PASS,failed,True,,,,36644f0fd11db166,completed,"{'revision': 1, 'iterations': 40, 'sample_count': 10, 'measurement_iterations_multiplier': 4, 'warmup_iterations': 3, 'gpu_completion_mode': 'per_iteration', 'unit': 'us', 'direction': 'lower_is_better'}"
win,parent,primitive_type.triangle_strip.fixed_function,20261005-082529910-93a2bed5bfbf4b8080d856553c07a2da,574.2,542,574.5,596,596,596,22985,13207.0715,10,True,PASS,failed,True,,,,d7b289579fdaa1ab,completed,"{'revision': 1, 'iterations': 40, 'sample_count': 10, 'measurement_iterations_multiplier': 4, 'warmup_iterations': 3, 'gpu_completion_mode': 'per_iteration', 'unit': 'us', 'direction': 'lower_is_better'}"
win,parent,primitive_type.triangle_strip.vertex_shader,20261005-082529910-93a2bed5bfbf4b8080d856553c07a2da,572.4,548,572.0,593,593,593,22917,13207.0715,10,True,PASS,failed,True,,,,d7b289579fdaa1ab,completed,"{'revision': 1, 'iterations': 40, 'sample_count': 10, 'measurement_iterations_multiplier': 4, 'warmup_iterations': 3, 'gpu_completion_mode': 'per_iteration', 'unit': 'us', 'direction': 'lower_is_better'}"
win,parent,primitive_type.triangles.fixed_function,20261005-082529910-93a2bed5bfbf4b8080d856553c07a2da,1811.7,1744,1798.0,2002,2002,2002,72478,13207.0715,10,True,PASS,failed,True,,,,72f05baf369ceb60,completed,"{'revision': 1, 'iterations': 40, 'sample_count': 10, 'measurement_iterations_multiplier': 4, 'warmup_iterations': 3, 'gpu_completion_mode': 'per_iteration', 'unit': 'us', 'direction': 'lower_is_better'}"
win,parent,primitive_type.triangles.vertex_shader,20261005-082529910-93a2bed5bfbf4b8080d856553c07a2da,1725.2,1673,1721.0,1862,1862,1862,69018,13207.0715,10,True,PASS,failed,True,,,,72f05baf369ceb60,completed,"{'revision': 1, 'iterations': 40, 'sample_count': 10, 'measurement_iterations_multiplier': 4, 'warmup_iterations': 3, 'gpu_completion_mode': 'per_iteration', 'unit': 'us', 'direction': 'lower_is_better'}"
win,parent,texture_cubemap_fallback.bordered_palette_size1,20261005-082545724-60b3d76644cc4eb483d9cafb23081a4d,16648.25,16515,16653.5,16745,16745,16745,532752,27171.7658,8,False,FAIL,not evaluated,True,,,,56d00ed89334a325,failed,"{'revision': 1, 'iterations': 32, 'sample_count': 8, 'measurement_iterations_multiplier': 4, 'warmup_iterations': 3, 'gpu_completion_mode': 'per_iteration', 'unit': 'us', 'direction': 'lower_is_better'}"
win,parent,surface.basic,20261005-082633613-74eabfd90bb6423c8f1588b65efc978d,19399,19006,19327.5,20021,20021,20021,775978,17867.735,10,True,PASS,failed,True,,,,42459952797c47fa,completed,"{'revision': 1, 'iterations': 40, 'sample_count': 10, 'measurement_iterations_multiplier': 4, 'warmup_iterations': 3, 'gpu_completion_mode': 'per_iteration', 'unit': 'us', 'direction': 'lower_is_better'}"
win,parent,surface.cpu_read_after_gpu_write,20261005-082633613-74eabfd90bb6423c8f1588b65efc978d,893.95,793,820.0,1202,1317,1317,71545,17867.735,20,True,PASS,passed,True,,,,572720976b602325,completed,"{'revision': 1, 'iterations': 80, 'sample_count': 20, 'measurement_iterations_multiplier': 4, 'warmup_iterations': 3, 'gpu_completion_mode': 'per_iteration', 'unit': 'us', 'direction': 'lower_is_better'}"
win,parent,surface.cpu_read_clean_surface,20261005-082633613-74eabfd90bb6423c8f1588b65efc978d,63.41,58,61.0,67,109,167,25515,17867.735,100,True,PASS,passed,True,,,,aa32af524aa52325,completed,"{'revision': 1, 'iterations': 400, 'sample_count': 100, 'measurement_iterations_multiplier': 4, 'warmup_iterations': 3, 'gpu_completion_mode': 'per_iteration', 'unit': 'us', 'direction': 'lower_is_better'}"
win,parent,surface.framebuffer_working_set_002,20261005-082633613-74eabfd90bb6423c8f1588b65efc978d,1287.15,1124,1232.5,1523,1760,1760,103009,17867.735,20,True,PASS,failed,True,,,,9f3b0609a42777d5,completed,"{'revision': 1, 'iterations': 80, 'sample_count': 20, 'measurement_iterations_multiplier': 4, 'warmup_iterations': 3, 'gpu_completion_mode': 'per_iteration', 'unit': 'us', 'direction': 'lower_is_better'}"
win,parent,surface.framebuffer_working_set_008,20261005-082633613-74eabfd90bb6423c8f1588b65efc978d,1364.1,1127,1292.0,1706,1862,1862,109154,17867.735,20,True,PASS,failed,True,,,,64cbf95dec8f59e5,completed,"{'revision': 1, 'iterations': 80, 'sample_count': 20, 'measurement_iterations_multiplier': 4, 'warmup_iterations': 3, 'gpu_completion_mode': 'per_iteration', 'unit': 'us', 'direction': 'lower_is_better'}"
win,parent,surface.framebuffer_working_set_032,20261005-082633613-74eabfd90bb6423c8f1588b65efc978d,1356.7,1117,1250.5,1727,2040,2040,108563,17867.735,20,True,PASS,failed,True,,,,a6116feb11a28c25,completed,"{'revision': 1, 'iterations': 80, 'sample_count': 20, 'measurement_iterations_multiplier': 4, 'warmup_iterations': 3, 'gpu_completion_mode': 'per_iteration', 'unit': 'us', 'direction': 'lower_is_better'}"
win,parent,surface.framebuffer_working_set_064,20261005-082633613-74eabfd90bb6423c8f1588b65efc978d,1297.25,1122,1261.0,1544,1554,1554,103807,17867.735,20,True,PASS,failed,True,,,,a6116feb11a28c25,completed,"{'revision': 1, 'iterations': 80, 'sample_count': 20, 'measurement_iterations_multiplier': 4, 'warmup_iterations': 3, 'gpu_completion_mode': 'per_iteration', 'unit': 'us', 'direction': 'lower_is_better'}"
win,parent,surface.full_clear_elision_guard,20261005-082633613-74eabfd90bb6423c8f1588b65efc978d,1610.67,1498,1545.0,1859,2015,2055,644414,17867.735,100,True,PASS,failed,True,,,,d91a0e75979a1f25,completed,"{'revision': 1, 'iterations': 400, 'sample_count': 100, 'measurement_iterations_multiplier': 4, 'warmup_iterations': 3, 'gpu_completion_mode': 'per_iteration', 'unit': 'us', 'direction': 'lower_is_better'}"
win,parent,surface.overlapping_surface_churn_representative,20261005-082633613-74eabfd90bb6423c8f1588b65efc978d,2158.89,2011,2129.0,2594,2703,2728,863699,17867.735,100,True,PASS,failed,True,,,,caf66d4bf5691525,completed,"{'revision': 1, 'iterations': 400, 'sample_count': 100, 'measurement_iterations_multiplier': 4, 'warmup_iterations': 3, 'gpu_completion_mode': 'per_iteration', 'unit': 'us', 'direction': 'lower_is_better'}"
win,parent,surface.overlapping_surface_churn_stress,20261005-082633613-74eabfd90bb6423c8f1588b65efc978d,23184.2,22663,23121.5,23805,23805,23805,927384,17867.735,10,True,PASS,failed,True,,,,caf66d4bf5691525,completed,"{'revision': 1, 'iterations': 40, 'sample_count': 10, 'measurement_iterations_multiplier': 4, 'warmup_iterations': 3, 'gpu_completion_mode': 'per_iteration', 'unit': 'us', 'direction': 'lower_is_better'}"
win,parent,surface.partial_channel_clear_guard,20261005-082633613-74eabfd90bb6423c8f1588b65efc978d,1606.65,1502,1544.5,1835,2234,2256,642800,17867.735,100,True,PASS,failed,True,,,,eb2cb498aa73af25,completed,"{'revision': 1, 'iterations': 400, 'sample_count': 100, 'measurement_iterations_multiplier': 4, 'warmup_iterations': 3, 'gpu_completion_mode': 'per_iteration', 'unit': 'us', 'direction': 'lower_is_better'}"
win,parent,surface.surface_download_path,20261005-082633613-74eabfd90bb6423c8f1588b65efc978d,13628.6,13234,13604.5,14090,14090,14090,545155,17867.735,10,True,PASS,failed,True,,,,2b0e8aac0f8838e8,completed,"{'revision': 1, 'iterations': 40, 'sample_count': 10, 'measurement_iterations_multiplier': 4, 'warmup_iterations': 3, 'gpu_completion_mode': 'per_iteration', 'unit': 'us', 'direction': 'lower_is_better'}"
win,parent,surface.surface_list_lookup_002,20261005-082654092-743fc450d9904001a724e0cf3a0ea64b,1631.15,1311,1599.5,1981,2114,2114,130521,18016.8137,20,True,PASS,failed,True,,,,fa475bc695046525,completed,"{'revision': 1, 'iterations': 80, 'sample_count': 20, 'measurement_iterations_multiplier': 4, 'warmup_iterations': 3, 'gpu_completion_mode': 'per_iteration', 'unit': 'us', 'direction': 'lower_is_better'}"
win,parent,surface.surface_list_lookup_008,20261005-082654092-743fc450d9904001a724e0cf3a0ea64b,1329.3,1121,1270.5,1670,1672,1672,106370,18016.8137,20,True,PASS,failed,True,,,,eaf6788dfe8d2f25,completed,"{'revision': 1, 'iterations': 80, 'sample_count': 20, 'measurement_iterations_multiplier': 4, 'warmup_iterations': 3, 'gpu_completion_mode': 'per_iteration', 'unit': 'us', 'direction': 'lower_is_better'}"
win,parent,surface.surface_list_lookup_032,20261005-082654092-743fc450d9904001a724e0cf3a0ea64b,1368.25,1112,1255.5,1771,2446,2446,109494,18016.8137,20,True,PASS,failed,True,,,,c6275b91195a5325,completed,"{'revision': 1, 'iterations': 80, 'sample_count': 20, 'measurement_iterations_multiplier': 4, 'warmup_iterations': 3, 'gpu_completion_mode': 'per_iteration', 'unit': 'us', 'direction': 'lower_is_better'}"
win,parent,surface.surface_list_lookup_128,20261005-082654092-743fc450d9904001a724e0cf3a0ea64b,1339.05,1178,1256.0,1660,1688,1688,107160,18016.8137,20,True,PASS,failed,True,,,,c6275b91195a5325,completed,"{'revision': 1, 'iterations': 80, 'sample_count': 20, 'measurement_iterations_multiplier': 4, 'warmup_iterations': 3, 'gpu_completion_mode': 'per_iteration', 'unit': 'us', 'direction': 'lower_is_better'}"
win,parent,surface.vulkan_memory_pressure.representative.growth,20261005-082654092-743fc450d9904001a724e0cf3a0ea64b,12316.5,12046,12318.0,12584,12584,12584,197069,18016.8137,4,True,PASS,failed,True,,,,1b85a83206804325,completed,"{'revision': 1, 'iterations': 16, 'sample_count': 4, 'measurement_iterations_multiplier': 4, 'warmup_iterations': 3, 'gpu_completion_mode': 'per_iteration', 'unit': 'us', 'direction': 'lower_is_better'}"
win,parent,surface.vulkan_memory_pressure.representative.plateau,20261005-082654092-743fc450d9904001a724e0cf3a0ea64b,12531.75,12419,12513.5,12681,12681,12681,200514,18016.8137,4,True,PASS,failed,True,,,,94973dc83ee12325,completed,"{'revision': 1, 'iterations': 16, 'sample_count': 4, 'measurement_iterations_multiplier': 4, 'warmup_iterations': 3, 'gpu_completion_mode': 'per_iteration', 'unit': 'us', 'direction': 'lower_is_better'}"
win,parent,surface.vulkan_memory_pressure.representative.alias_resize,20261005-082654092-743fc450d9904001a724e0cf3a0ea64b,12442.75,11980,12441.5,12908,12908,12908,199091,18016.8137,4,True,PASS,failed,True,,,,7e3cba40d2e56b25,completed,"{'revision': 1, 'iterations': 16, 'sample_count': 4, 'measurement_iterations_multiplier': 4, 'warmup_iterations': 3, 'gpu_completion_mode': 'per_iteration', 'unit': 'us', 'direction': 'lower_is_better'}"
win,parent,surface.vulkan_memory_pressure.representative.reuse,20261005-082654092-743fc450d9904001a724e0cf3a0ea64b,12814.5,12332,12862.5,13201,13201,13201,205041,18016.8137,4,True,PASS,failed,True,,,,834dc31dcb46cb25,completed,"{'revision': 1, 'iterations': 16, 'sample_count': 4, 'measurement_iterations_multiplier': 4, 'warmup_iterations': 3, 'gpu_completion_mode': 'per_iteration', 'unit': 'us', 'direction': 'lower_is_better'}"
win,parent,surface.vulkan_memory_pressure.representative.idle_retention,20261005-082654092-743fc450d9904001a724e0cf3a0ea64b,943.75,652,1033.5,1056,1056,1056,15107,18016.8137,4,True,PASS,failed,True,,,,e45ec923aeb05125,completed,"{'revision': 1, 'iterations': 16, 'sample_count': 4, 'measurement_iterations_multiplier': 4, 'warmup_iterations': 3, 'gpu_completion_mode': 'per_iteration', 'unit': 'us', 'direction': 'lower_is_better'}"
win,parent,surface.vulkan_memory_pressure.stress.growth,20261005-082654092-743fc450d9904001a724e0cf3a0ea64b,46931.25,46765,46914.5,47131,47131,47131,750905,18016.8137,4,True,PASS,failed,True,,,,16b728a467be7f25,completed,"{'revision': 1, 'iterations': 16, 'sample_count': 4, 'measurement_iterations_multiplier': 4, 'warmup_iterations': 3, 'gpu_completion_mode': 'per_iteration', 'unit': 'us', 'direction': 'lower_is_better'}"
win,parent,surface.vulkan_memory_pressure.stress.plateau,20261005-082654092-743fc450d9904001a724e0cf3a0ea64b,47355.5,46843,47082.5,48414,48414,48414,757696,18016.8137,4,True,PASS,failed,True,,,,2936a367d6aa6725,completed,"{'revision': 1, 'iterations': 16, 'sample_count': 4, 'measurement_iterations_multiplier': 4, 'warmup_iterations': 3, 'gpu_completion_mode': 'per_iteration', 'unit': 'us', 'direction': 'lower_is_better'}"
win,parent,surface.vulkan_memory_pressure.stress.alias_resize,20261005-082654092-743fc450d9904001a724e0cf3a0ea64b,50439,49479,49982.0,52313,52313,52313,807029,18016.8137,4,True,PASS,failed,True,,,,d5ab377572e54f25,completed,"{'revision': 1, 'iterations': 16, 'sample_count': 4, 'measurement_iterations_multiplier': 4, 'warmup_iterations': 3, 'gpu_completion_mode': 'per_iteration', 'unit': 'us', 'direction': 'lower_is_better'}"
win,parent,surface.vulkan_memory_pressure.stress.reuse,20261005-082654092-743fc450d9904001a724e0cf3a0ea64b,51450.25,51109,51206.0,52280,52280,52280,823206,18016.8137,4,True,PASS,failed,True,,,,12e4fbb929c6c725,completed,"{'revision': 1, 'iterations': 16, 'sample_count': 4, 'measurement_iterations_multiplier': 4, 'warmup_iterations': 3, 'gpu_completion_mode': 'per_iteration', 'unit': 'us', 'direction': 'lower_is_better'}"
win,parent,surface.vulkan_memory_pressure.stress.idle_retention,20261005-082654092-743fc450d9904001a724e0cf3a0ea64b,567.25,556,566.5,580,580,580,9081,18016.8137,4,True,PASS,failed,True,,,,0289a35e3cbf6925,completed,"{'revision': 1, 'iterations': 16, 'sample_count': 4, 'measurement_iterations_multiplier': 4, 'warmup_iterations': 3, 'gpu_completion_mode': 'per_iteration', 'unit': 'us', 'direction': 'lower_is_better'}"
win,parent,tiny_draw.arrays.fixed_function,20261005-082714718-f9abc8adcd214274bd3f71783788cba1,31493.9,31278,31419.0,31879,31879,31879,1259771,20548.2072,10,True,PASS,failed,True,,,,acf025546cf667b5,completed,"{'revision': 1, 'iterations': 40, 'sample_count': 10, 'measurement_iterations_multiplier': 4, 'warmup_iterations': 3, 'gpu_completion_mode': 'per_iteration', 'unit': 'us', 'direction': 'lower_is_better'}"
win,parent,tiny_draw.arrays.vertex_shader,20261005-082714718-f9abc8adcd214274bd3f71783788cba1,23437.6,23185,23461.5,23675,23675,23675,937514,20548.2072,10,True,PASS,failed,True,,,,acf025546cf667b5,completed,"{'revision': 1, 'iterations': 40, 'sample_count': 10, 'measurement_iterations_multiplier': 4, 'warmup_iterations': 3, 'gpu_completion_mode': 'per_iteration', 'unit': 'us', 'direction': 'lower_is_better'}"
win,parent,tiny_draw.inline_arrays.fixed_function,20261005-082714718-f9abc8adcd214274bd3f71783788cba1,28263.9,28019,28195.0,28900,28900,28900,1130570,20548.2072,10,True,PASS,failed,True,,,,acf025546cf667b5,completed,"{'revision': 1, 'iterations': 40, 'sample_count': 10, 'measurement_iterations_multiplier': 4, 'warmup_iterations': 3, 'gpu_completion_mode': 'per_iteration', 'unit': 'us', 'direction': 'lower_is_better'}"
win,parent,tiny_draw.inline_arrays.vertex_shader,20261005-082714718-f9abc8adcd214274bd3f71783788cba1,27555.3,27348,27516.5,27884,27884,27884,1102231,20548.2072,10,True,PASS,failed,True,,,,acf025546cf667b5,completed,"{'revision': 1, 'iterations': 40, 'sample_count': 10, 'measurement_iterations_multiplier': 4, 'warmup_iterations': 3, 'gpu_completion_mode': 'per_iteration', 'unit': 'us', 'direction': 'lower_is_better'}"
win,parent,tiny_draw.inline_buffers.fixed_function,20261005-082714718-f9abc8adcd214274bd3f71783788cba1,17237.2,16941,17178.5,17772,17772,17772,689501,20548.2072,10,True,PASS,failed,True,,,,acf025546cf667b5,completed,"{'revision': 1, 'iterations': 40, 'sample_count': 10, 'measurement_iterations_multiplier': 4, 'warmup_iterations': 3, 'gpu_completion_mode': 'per_iteration', 'unit': 'us', 'direction': 'lower_is_better'}"
win,parent,tiny_draw.inline_buffers.vertex_shader,20261005-082714718-f9abc8adcd214274bd3f71783788cba1,17158.4,16990,17129.5,17459,17459,17459,686348,20548.2072,10,True,PASS,failed,True,,,,acf025546cf667b5,completed,"{'revision': 1, 'iterations': 40, 'sample_count': 10, 'measurement_iterations_multiplier': 4, 'warmup_iterations': 3, 'gpu_completion_mode': 'per_iteration', 'unit': 'us', 'direction': 'lower_is_better'}"
win,parent,tiny_draw.inline_elements.fixed_function,20261005-082714718-f9abc8adcd214274bd3f71783788cba1,23231.9,23102,23175.5,23384,23384,23384,929296,20548.2072,10,True,PASS,failed,True,,,,acf025546cf667b5,completed,"{'revision': 1, 'iterations': 40, 'sample_count': 10, 'measurement_iterations_multiplier': 4, 'warmup_iterations': 3, 'gpu_completion_mode': 'per_iteration', 'unit': 'us', 'direction': 'lower_is_better'}"
win,parent,tiny_draw.inline_elements.vertex_shader,20261005-082714718-f9abc8adcd214274bd3f71783788cba1,23285.1,23068,23316.0,23440,23440,23440,931422,20548.2072,10,True,PASS,failed,True,,,,acf025546cf667b5,completed,"{'revision': 1, 'iterations': 40, 'sample_count': 10, 'measurement_iterations_multiplier': 4, 'warmup_iterations': 3, 'gpu_completion_mode': 'per_iteration', 'unit': 'us', 'direction': 'lower_is_better'}"
win,parent,uniform_thrash.uniform_thrash,20261005-082737882-240b680176694de3bfbf33145e3c610e,1695.6,1622,1678.0,1859,1859,1859,67836,11963.3346,10,True,PASS,failed,True,,,,09eb5907ef624c25,completed,"{'revision': 1, 'iterations': 40, 'sample_count': 10, 'measurement_iterations_multiplier': 4, 'warmup_iterations': 3, 'gpu_completion_mode': 'per_iteration', 'unit': 'us', 'direction': 'lower_is_better'}"
win,parent,vertex_buffer_allocation.mixed.arrays,20261005-082752447-02ec51a41bea41a68ee57dac5b4c52a6,29832.3,29048,29273.0,31228,31228,31228,1193308,63000.8831,10,True,PASS,not evaluated,True,,,,377e6c029807f325,completed,"{'revision': 1, 'iterations': 40, 'sample_count': 10, 'measurement_iterations_multiplier': 4, 'warmup_iterations': 3, 'gpu_completion_mode': 'per_iteration', 'unit': 'us', 'direction': 'lower_is_better'}"
win,parent,vertex_buffer_allocation.mixed.inline_arrays,20261005-082752447-02ec51a41bea41a68ee57dac5b4c52a6,220224.3,218882,220173.0,222033,222033,222033,8808985,63000.8831,10,True,PASS,not evaluated,True,,,,377e6c029807f325,completed,"{'revision': 1, 'iterations': 40, 'sample_count': 10, 'measurement_iterations_multiplier': 4, 'warmup_iterations': 3, 'gpu_completion_mode': 'per_iteration', 'unit': 'us', 'direction': 'lower_is_better'}"
win,parent,vertex_buffer_allocation.mixed.inline_buffers,20261005-082752447-02ec51a41bea41a68ee57dac5b4c52a6,618623.4,617445,618471.0,620181,620181,620181,24744944,63000.8831,10,True,PASS,not evaluated,True,,,,377e6c029807f325,completed,"{'revision': 1, 'iterations': 40, 'sample_count': 10, 'measurement_iterations_multiplier': 4, 'warmup_iterations': 3, 'gpu_completion_mode': 'per_iteration', 'unit': 'us', 'direction': 'lower_is_better'}"
win,parent,vertex_buffer_allocation.mixed.inline_elements,20261005-082752447-02ec51a41bea41a68ee57dac5b4c52a6,32623.1,32077,32301.0,34154,34154,34154,1304940,63000.8831,10,True,PASS,not evaluated,True,,,,377e6c029807f325,completed,"{'revision': 1, 'iterations': 40, 'sample_count': 10, 'measurement_iterations_multiplier': 4, 'warmup_iterations': 3, 'gpu_completion_mode': 'per_iteration', 'unit': 'us', 'direction': 'lower_is_better'}"
win,parent,vertex_buffer_allocation.tiny.arrays,20261005-082752447-02ec51a41bea41a68ee57dac5b4c52a6,32774.4,32085,32740.5,33312,33312,33312,1310992,63000.8831,10,True,PASS,not evaluated,True,,,,377e6c029807f325,completed,"{'revision': 1, 'iterations': 40, 'sample_count': 10, 'measurement_iterations_multiplier': 4, 'warmup_iterations': 3, 'gpu_completion_mode': 'per_iteration', 'unit': 'us', 'direction': 'lower_is_better'}"
win,parent,vertex_buffer_allocation.tiny.inline_arrays,20261005-082752447-02ec51a41bea41a68ee57dac5b4c52a6,35486.4,35363,35461.0,35711,35711,35711,1419472,63000.8831,10,True,PASS,not evaluated,True,,,,377e6c029807f325,completed,"{'revision': 1, 'iterations': 40, 'sample_count': 10, 'measurement_iterations_multiplier': 4, 'warmup_iterations': 3, 'gpu_completion_mode': 'per_iteration', 'unit': 'us', 'direction': 'lower_is_better'}"
win,parent,vertex_buffer_allocation.tiny.inline_buffers,20261005-082752447-02ec51a41bea41a68ee57dac5b4c52a6,34749,34175,34673.5,35593,35593,35593,1389971,63000.8831,10,True,PASS,not evaluated,True,,,,377e6c029807f325,completed,"{'revision': 1, 'iterations': 40, 'sample_count': 10, 'measurement_iterations_multiplier': 4, 'warmup_iterations': 3, 'gpu_completion_mode': 'per_iteration', 'unit': 'us', 'direction': 'lower_is_better'}"
win,parent,vertex_buffer_allocation.tiny.inline_elements,20261005-082752447-02ec51a41bea41a68ee57dac5b4c52a6,32986,30606,33371.0,33719,33719,33719,1319453,63000.8831,10,True,PASS,not evaluated,True,,,,377e6c029807f325,completed,"{'revision': 1, 'iterations': 40, 'sample_count': 10, 'measurement_iterations_multiplier': 4, 'warmup_iterations': 3, 'gpu_completion_mode': 'per_iteration', 'unit': 'us', 'direction': 'lower_is_better'}"
win,parent,vertex_buffer_allocation.rising_transient_growth,20261005-082752447-02ec51a41bea41a68ee57dac5b4c52a6,643729,643729,643729,643729,643729,643729,2574918,63000.8831,1,True,PASS,not evaluated,False,,,,377e6c029807f325,completed,"{'revision': 1, 'iterations': 4, 'sample_count': 1, 'measurement_iterations_multiplier': 4, 'warmup_iterations': 3, 'gpu_completion_mode': 'per_iteration', 'unit': 'us', 'direction': 'lower_is_better'}"
win,parent,vertex_buffer_allocation.disjoint_same_page,20261005-082752447-02ec51a41bea41a68ee57dac5b4c52a6,29753,25269,30088.0,32381,32381,32381,1190136,63000.8831,10,True,PASS,not evaluated,True,,,,fdcd25a37910bb25,completed,"{'revision': 1, 'iterations': 40, 'sample_count': 10, 'measurement_iterations_multiplier': 4, 'warmup_iterations': 3, 'gpu_completion_mode': 'per_iteration', 'unit': 'us', 'direction': 'lower_is_better'}"
win,candidate,busy_pfifo.pfifo_saturation,20261005-082859607-a7b8f2a762dd4d1196a61a387dc4de68,85577.1,85028,85504.5,86481,86481,86481,3423098,47444.175,10,True,PASS,not evaluated,True,,,,1508607624bb8506,completed,"{'revision': 1, 'iterations': 40, 'sample_count': 10, 'measurement_iterations_multiplier': 4, 'warmup_iterations': 3, 'gpu_completion_mode': 'per_iteration', 'unit': 'us', 'direction': 'lower_is_better'}"
win,candidate,busy_pfifo.pgraph_pattern_polling,20261005-082859607-a7b8f2a762dd4d1196a61a387dc4de68,4376760,4376760,4376760,4376760,4376760,4376760,17507040,47444.175,1,True,PASS,not evaluated,True,,,,386d0f085e98c325,completed,"{'revision': 1, 'iterations': 4, 'sample_count': 1, 'measurement_iterations_multiplier': 4, 'warmup_iterations': 3, 'gpu_completion_mode': 'per_iteration', 'unit': 'us', 'direction': 'lower_is_better'}"
win,candidate,pfifo_array_elements.array_element_pgr2,20261005-082859607-a7b8f2a762dd4d1196a61a387dc4de68,478.375,405,435.5,673,673,673,15319,47444.175,8,True,PASS,not evaluated,True,,,,bbc8b0702ffd0325,completed,"{'revision': 1, 'iterations': 32, 'sample_count': 8, 'measurement_iterations_multiplier': 4, 'warmup_iterations': 3, 'gpu_completion_mode': 'per_iteration', 'unit': 'us', 'direction': 'lower_is_better'}"
win,candidate,pfifo_array_elements.array_element16,20261005-082859607-a7b8f2a762dd4d1196a61a387dc4de68,527,502,519.5,599,599,599,16880,47444.175,8,True,PASS,not evaluated,True,,,,9c884de2a5d32325,completed,"{'revision': 1, 'iterations': 32, 'sample_count': 8, 'measurement_iterations_multiplier': 4, 'warmup_iterations': 3, 'gpu_completion_mode': 'per_iteration', 'unit': 'us', 'direction': 'lower_is_better'}"
win,candidate,pfifo_array_elements.array_element32,20261005-082859607-a7b8f2a762dd4d1196a61a387dc4de68,946.375,922,940.0,983,983,983,30294,47444.175,8,True,PASS,not evaluated,True,,,,e079f0cf1a994325,completed,"{'revision': 1, 'iterations': 32, 'sample_count': 8, 'measurement_iterations_multiplier': 4, 'warmup_iterations': 3, 'gpu_completion_mode': 'per_iteration', 'unit': 'us', 'direction': 'lower_is_better'}"
win,candidate,pfifo_packet_boundary.array_element16_overflow,20261005-082859607-a7b8f2a762dd4d1196a61a387dc4de68,14791,14791,14791,14791,14791,14791,59165,47444.175,1,True,PASS,not evaluated,False,,,,4d1756526f052325,completed,"{'revision': 1, 'iterations': 4, 'sample_count': 1, 'measurement_iterations_multiplier': 4, 'warmup_iterations': 3, 'gpu_completion_mode': 'per_iteration', 'unit': 'us', 'direction': 'lower_is_better'}"
win,candidate,pfifo_packet_boundary.array_element32_overflow,20261005-082859607-a7b8f2a762dd4d1196a61a387dc4de68,29718,29718,29718,29718,29718,29718,118875,47444.175,1,True,PASS,not evaluated,False,,,,6eb7071be692a325,completed,"{'revision': 1, 'iterations': 4, 'sample_count': 1, 'measurement_iterations_multiplier': 4, 'warmup_iterations': 3, 'gpu_completion_mode': 'per_iteration', 'unit': 'us', 'direction': 'lower_is_better'}"
win,candidate,pfifo_packet_boundary.inline_array_overflow,20261005-082859607-a7b8f2a762dd4d1196a61a387dc4de68,29379,29379,29379,29379,29379,29379,117516,47444.175,1,True,PASS,not evaluated,False,,,,847da1930526a325,completed,"{'revision': 1, 'iterations': 4, 'sample_count': 1, 'measurement_iterations_multiplier': 4, 'warmup_iterations': 3, 'gpu_completion_mode': 'per_iteration', 'unit': 'us', 'direction': 'lower_is_better'}"
win,candidate,pfifo_packet_boundary.incrementing_inline_fallback,20261005-082859607-a7b8f2a762dd4d1196a61a387dc4de68,29,29,29,29,29,29,118,47444.175,1,True,PASS,not evaluated,False,,,,640439ee8ecd2325,completed,"{'revision': 1, 'iterations': 4, 'sample_count': 1, 'measurement_iterations_multiplier': 4, 'warmup_iterations': 3, 'gpu_completion_mode': 'per_iteration', 'unit': 'us', 'direction': 'lower_is_better'}"
win,candidate,cpu_floating_point.sse_scalar,20261005-082949657-5c15f0134e9e477981a9a7dd6b3616aa,515912.4,501481,512806.0,539631,539631,539631,20636515,108610.8582,10,True,PASS,passed,True,,,,6962077c244da325,completed,"{'revision': 1, 'iterations': 40, 'sample_count': 10, 'measurement_iterations_multiplier': 4, 'warmup_iterations': 3, 'gpu_completion_mode': 'per_iteration', 'unit': 'us', 'direction': 'lower_is_better'}"
win,candidate,cpu_floating_point.x87_scalar,20261005-082949657-5c15f0134e9e477981a9a7dd6b3616aa,846156.4,822923,842729.5,872868,872868,872868,33846270,108610.8582,10,True,PASS,passed,True,,,,6962077c244da325,completed,"{'revision': 1, 'iterations': 40, 'sample_count': 10, 'measurement_iterations_multiplier': 4, 'warmup_iterations': 3, 'gpu_completion_mode': 'per_iteration', 'unit': 'us', 'direction': 'lower_is_better'}"
win,candidate,cpu_translation_blocks.direct_loop,20261005-082949657-5c15f0134e9e477981a9a7dd6b3616aa,10112.1,9901,10025.0,10962,10962,10962,404500,108610.8582,10,True,PASS,passed,True,,,,bd1fc9bf0c318325,completed,"{'revision': 1, 'iterations': 40, 'sample_count': 10, 'measurement_iterations_multiplier': 4, 'warmup_iterations': 3, 'gpu_completion_mode': 'per_iteration', 'unit': 'us', 'direction': 'lower_is_better'}"
win,candidate,cpu_translation_blocks.indirect_dispatch,20261005-082949657-5c15f0134e9e477981a9a7dd6b3616aa,41583.5,39827,40342.0,46155,46155,46155,1663352,108610.8582,10,True,PASS,passed,True,,,,c0426cf669a02325,completed,"{'revision': 1, 'iterations': 40, 'sample_count': 10, 'measurement_iterations_multiplier': 4, 'warmup_iterations': 3, 'gpu_completion_mode': 'per_iteration', 'unit': 'us', 'direction': 'lower_is_better'}"
win,candidate,cpu_translation_blocks.indirect_dispatch_stress,20261005-082949657-5c15f0134e9e477981a9a7dd6b3616aa,831048.8,813683,830451.0,846210,846210,846210,33241971,108610.8582,10,True,PASS,passed,True,,,,fbd507cb0c622325,completed,"{'revision': 1, 'iterations': 40, 'sample_count': 10, 'measurement_iterations_multiplier': 4, 'warmup_iterations': 3, 'gpu_completion_mode': 'per_iteration', 'unit': 'us', 'direction': 'lower_is_better'}"
win,candidate,fill_rate.solid,20261005-083140871-59e179a1cfe44da88928b4a61175cfdb,1667.5,1488,1660.5,2045,2045,2045,66714,12181.1124,10,True,PASS,passed,True,,,,08b0f60773aac775,completed,"{'revision': 1, 'iterations': 40, 'sample_count': 10, 'measurement_iterations_multiplier': 4, 'warmup_iterations': 3, 'gpu_completion_mode': 'per_iteration', 'unit': 'us', 'direction': 'lower_is_better'}"
win,candidate,fill_rate.textured,20261005-083140871-59e179a1cfe44da88928b4a61175cfdb,1240.9,1143,1188.0,1679,1679,1679,49655,12181.1124,10,True,PASS,passed,True,,,,99b433323df1684d,completed,"{'revision': 1, 'iterations': 40, 'sample_count': 10, 'measurement_iterations_multiplier': 4, 'warmup_iterations': 3, 'gpu_completion_mode': 'per_iteration', 'unit': 'us', 'direction': 'lower_is_better'}"
win,candidate,pipeline_texture_switch.clear_texture_normal,20261005-083155660-8892d3eada744f7eb53ba4491bac86bc,12636.625,12053,12674.0,13034,13034,13034,404384,15634.428,8,True,PASS,not evaluated,True,,,,22ba4f1405cda325,completed,"{'revision': 1, 'iterations': 32, 'sample_count': 8, 'measurement_iterations_multiplier': 4, 'warmup_iterations': 3, 'gpu_completion_mode': 'per_iteration', 'unit': 'us', 'direction': 'lower_is_better'}"
win,candidate,pipeline_texture_switch.palette_dma_remap,20261005-083155660-8892d3eada744f7eb53ba4491bac86bc,16625,16625,16625,16625,16625,16625,66501,15634.428,1,True,PASS,not evaluated,False,,,,fbf687de65082325,completed,"{'revision': 1, 'iterations': 4, 'sample_count': 1, 'measurement_iterations_multiplier': 4, 'warmup_iterations': 3, 'gpu_completion_mode': 'per_iteration', 'unit': 'us', 'direction': 'lower_is_better'}"
win,candidate,pipeline_texture_switch.palette_only_update,20261005-083155660-8892d3eada744f7eb53ba4491bac86bc,18221,18221,18221,18221,18221,18221,72885,15634.428,1,True,PASS,not evaluated,False,,,,467aab2f95cda325,completed,"{'revision': 1, 'iterations': 4, 'sample_count': 1, 'measurement_iterations_multiplier': 4, 'warmup_iterations': 3, 'gpu_completion_mode': 'per_iteration', 'unit': 'us', 'direction': 'lower_is_better'}"
win,candidate,pipeline_texture_switch.sampler_only_identity,20261005-083155660-8892d3eada744f7eb53ba4491bac86bc,22360.125,22066,22340.5,22741,22741,22741,715535,15634.428,8,True,PASS,not evaluated,True,,,,0b8438c8404da325,completed,"{'revision': 1, 'iterations': 32, 'sample_count': 8, 'measurement_iterations_multiplier': 4, 'warmup_iterations': 3, 'gpu_completion_mode': 'per_iteration', 'unit': 'us', 'direction': 'lower_is_better'}"
win,candidate,pipeline_texture_switch.shader_negative_control,20261005-083155660-8892d3eada744f7eb53ba4491bac86bc,18218.625,17953,18215.5,18468,18468,18468,583008,15634.428,8,True,PASS,not evaluated,True,,,,f110c8bd6338c325,completed,"{'revision': 1, 'iterations': 32, 'sample_count': 8, 'measurement_iterations_multiplier': 4, 'warmup_iterations': 3, 'gpu_completion_mode': 'per_iteration', 'unit': 'us', 'direction': 'lower_is_better'}"
win,candidate,pipeline_texture_switch.shared_page_overlap,20261005-083155660-8892d3eada744f7eb53ba4491bac86bc,18536,18536,18536,18536,18536,18536,74147,15634.428,1,True,PASS,not evaluated,False,,,,83bb59a8648da325,completed,"{'revision': 1, 'iterations': 4, 'sample_count': 1, 'measurement_iterations_multiplier': 4, 'warmup_iterations': 3, 'gpu_completion_mode': 'per_iteration', 'unit': 'us', 'direction': 'lower_is_better'}"
win,candidate,pipeline_texture_switch.texture_dma_remap,20261005-083155660-8892d3eada744f7eb53ba4491bac86bc,16589,16589,16589,16589,16589,16589,66357,15634.428,1,True,PASS,not evaluated,False,,,,fbf687de65082325,completed,"{'revision': 1, 'iterations': 4, 'sample_count': 1, 'measurement_iterations_multiplier': 4, 'warmup_iterations': 3, 'gpu_completion_mode': 'per_iteration', 'unit': 'us', 'direction': 'lower_is_better'}"
win,candidate,pipeline_texture_switch.texture_switch,20261005-083155660-8892d3eada744f7eb53ba4491bac86bc,18522.75,18122,18452.0,19239,19239,19239,592743,15634.428,8,True,PASS,not evaluated,True,,,,8ae05d31fb00c325,completed,"{'revision': 1, 'iterations': 32, 'sample_count': 8, 'measurement_iterations_multiplier': 4, 'warmup_iterations': 3, 'gpu_completion_mode': 'per_iteration', 'unit': 'us', 'direction': 'lower_is_better'}"
win,candidate,report_query.clear_boundary,20261005-083213898-c978fc6312b049cf856ea7e0a00dd009,1138.75,727,1214.0,1400,1400,1400,18230,12482.0593,4,True,PASS,not evaluated,False,,,,b5eb7c4b9c8da325,completed,"{'revision': 2, 'iterations': 16, 'sample_count': 4, 'measurement_iterations_multiplier': 4, 'warmup_iterations': 3, 'gpu_completion_mode': 'per_iteration', 'unit': 'us', 'direction': 'lower_is_better'}"
win,candidate,report_query.dma_descriptor_rewrite,20261005-083213898-c978fc6312b049cf856ea7e0a00dd009,3901,3901,3901,3901,3901,3901,3901,12482.0593,1,True,PASS,not evaluated,False,,,,c0c0fdbececda325,completed,"{'revision': 2, 'iterations': 1, 'sample_count': 1, 'measurement_iterations_multiplier': 1, 'warmup_iterations': 0, 'gpu_completion_mode': 'per_iteration', 'unit': 'us', 'direction': 'lower_is_better'}"
win,candidate,report_query.dma_range_guard,20261005-083213898-c978fc6312b049cf856ea7e0a00dd009,1592,1592,1592,1592,1592,1592,1592,12482.0593,1,True,PASS,not evaluated,False,,,,3f648ce11a4da325,completed,"{'revision': 2, 'iterations': 1, 'sample_count': 1, 'measurement_iterations_multiplier': 1, 'warmup_iterations': 0, 'gpu_completion_mode': 'per_iteration', 'unit': 'us', 'direction': 'lower_is_better'}"
win,candidate,report_query.dma_target_switch,20261005-083213898-c978fc6312b049cf856ea7e0a00dd009,1402.25,1122,1432.5,1622,1622,1622,22442,12482.0593,4,True,PASS,not evaluated,False,,,,4c4bd8cd440da325,completed,"{'revision': 2, 'iterations': 16, 'sample_count': 4, 'measurement_iterations_multiplier': 4, 'warmup_iterations': 3, 'gpu_completion_mode': 'per_iteration', 'unit': 'us', 'direction': 'lower_is_better'}"
win,candidate,report_query.fifo_producer_ordering,20261005-083213898-c978fc6312b049cf856ea7e0a00dd009,1262.25,1184,1228.0,1409,1409,1409,20200,12482.0593,4,True,PASS,not evaluated,False,,,,0d907c24a88da325,completed,"{'revision': 2, 'iterations': 16, 'sample_count': 4, 'measurement_iterations_multiplier': 4, 'warmup_iterations': 3, 'gpu_completion_mode': 'per_iteration', 'unit': 'us', 'direction': 'lower_is_better'}"
win,candidate,report_query.multiple_boundaries,20261005-083213898-c978fc6312b049cf856ea7e0a00dd009,837.5,620,754.0,1222,1222,1222,13409,12482.0593,4,True,PASS,not evaluated,False,,,,0c966fc9ba4da325,completed,"{'revision': 2, 'iterations': 16, 'sample_count': 4, 'measurement_iterations_multiplier': 4, 'warmup_iterations': 3, 'gpu_completion_mode': 'per_iteration', 'unit': 'us', 'direction': 'lower_is_better'}"
win,candidate,report_query.single_boundary,20261005-083213898-c978fc6312b049cf856ea7e0a00dd009,1011,960,987.0,1110,1110,1110,16181,12482.0593,4,True,PASS,not evaluated,False,,,,60e674c9fecda325,completed,"{'revision': 2, 'iterations': 16, 'sample_count': 4, 'measurement_iterations_multiplier': 4, 'warmup_iterations': 3, 'gpu_completion_mode': 'per_iteration', 'unit': 'us', 'direction': 'lower_is_better'}"
win,candidate,report_query.zero_query,20261005-083213898-c978fc6312b049cf856ea7e0a00dd009,577.25,487,496.5,829,829,829,9242,12482.0593,4,True,PASS,not evaluated,False,,,,23875dfeb40da325,completed,"{'revision': 2, 'iterations': 16, 'sample_count': 4, 'measurement_iterations_multiplier': 4, 'warmup_iterations': 3, 'gpu_completion_mode': 'per_iteration', 'unit': 'us', 'direction': 'lower_is_better'}"
win,candidate,shader_lifecycle.readiness_train_visible,20261005-083228993-1efdc221764d45bda032b6f6ab17b176,16500,16500,16500,16500,16500,16500,66000,22005.4856,1,True,PASS,not evaluated,False,,,,d4c939c4f0ce4325,completed,"{'revision': 1, 'iterations': 4, 'sample_count': 1, 'measurement_iterations_multiplier': 4, 'warmup_iterations': 3, 'gpu_completion_mode': 'per_iteration', 'unit': 'us', 'direction': 'lower_is_better'}"
win,candidate,shader_lifecycle.readiness_replay_visible,20261005-083253601-e90947e5fffe493284c44d694fde9f68,16574,16574,16574,16574,16574,16574,66298,21996.3676,1,True,PASS,not evaluated,False,,,,d4c939c4f0ce4325,completed,"{'revision': 1, 'iterations': 4, 'sample_count': 1, 'measurement_iterations_multiplier': 4, 'warmup_iterations': 3, 'gpu_completion_mode': 'per_iteration', 'unit': 'us', 'direction': 'lower_is_better'}"
win,candidate,shader_lifecycle.readiness_identical_replay,20261005-083318212-4027d921237947bc99720624be44cefb,4017002,4017002,4017002,4017002,4017002,4017002,16068011,50034.0157,1,True,PASS,not evaluated,False,,,,70615ec6b77f8325,completed,"{'revision': 1, 'iterations': 4, 'sample_count': 1, 'measurement_iterations_multiplier': 4, 'warmup_iterations': 3, 'gpu_completion_mode': 'per_iteration', 'unit': 'us', 'direction': 'lower_is_better'}"
win,candidate,shader_lifecycle.readiness_uniform_only,20261005-083410863-178ea684ba44490688d4fc8e52f29b37,16614,16614,16614,16614,16614,16614,66458,21996.8349,1,True,PASS,not evaluated,False,,,,113d534d51f95325,completed,"{'revision': 1, 'iterations': 4, 'sample_count': 1, 'measurement_iterations_multiplier': 4, 'warmup_iterations': 3, 'gpu_completion_mode': 'per_iteration', 'unit': 'us', 'direction': 'lower_is_better'}"
win,candidate,shader_lifecycle.readiness_early_demand,20261005-083435469-c75949b8b36e43e89ece596b11e7b56b,16515,16515,16515,16515,16515,16515,66061,22016.8208,1,True,PASS,not evaluated,False,,,,d4c939c4f0ce4325,completed,"{'revision': 1, 'iterations': 4, 'sample_count': 1, 'measurement_iterations_multiplier': 4, 'warmup_iterations': 3, 'gpu_completion_mode': 'per_iteration', 'unit': 'us', 'direction': 'lower_is_better'}"
win,candidate,game_load.long_unlocked_scene.cpu,20261005-083500090-845e663acba84adda2c057db3d1ad903,25698.875,25267,25525.5,27241,27241,27241,822375,90501.1435,8,True,PASS,passed,True,,,,7c59a4dc0f8ba325,completed,"{'revision': 1, 'iterations': 32, 'sample_count': 8, 'measurement_iterations_multiplier': 4, 'warmup_iterations': 3, 'gpu_completion_mode': 'per_iteration', 'unit': 'us', 'direction': 'lower_is_better'}"
win,candidate,game_load.long_unlocked_scene.pfifo,20261005-083500090-845e663acba84adda2c057db3d1ad903,5954,5746,5920.0,6212,6212,6212,190540,90501.1435,8,True,PASS,passed,True,,,,7c59a4dc0f8ba325,completed,"{'revision': 1, 'iterations': 32, 'sample_count': 8, 'measurement_iterations_multiplier': 4, 'warmup_iterations': 3, 'gpu_completion_mode': 'per_iteration', 'unit': 'us', 'direction': 'lower_is_better'}"
win,candidate,game_load.long_unlocked_scene.alpha_overdraw,20261005-083500090-845e663acba84adda2c057db3d1ad903,48430.875,48130,48368.5,48792,48792,48792,1549794,90501.1435,8,True,PASS,passed,True,,,,7c59a4dc0f8ba325,completed,"{'revision': 1, 'iterations': 32, 'sample_count': 8, 'measurement_iterations_multiplier': 4, 'warmup_iterations': 3, 'gpu_completion_mode': 'per_iteration', 'unit': 'us', 'direction': 'lower_is_better'}"
win,candidate,game_load.long_unlocked_scene.streaming_surface_reuse,20261005-083500090-845e663acba84adda2c057db3d1ad903,16544.5,16257,16487.5,17076,17076,17076,529435,90501.1435,8,True,PASS,passed,True,,,,7c59a4dc0f8ba325,completed,"{'revision': 1, 'iterations': 32, 'sample_count': 8, 'measurement_iterations_multiplier': 4, 'warmup_iterations': 3, 'gpu_completion_mode': 'per_iteration', 'unit': 'us', 'direction': 'lower_is_better'}"
win,candidate,game_load.long_unlocked_scene.combined,20261005-083500090-845e663acba84adda2c057db3d1ad903,95306.125,93796,95249.0,96584,96584,96584,3049804,90501.1435,8,True,PASS,passed,True,,,,7c59a4dc0f8ba325,completed,"{'revision': 1, 'iterations': 32, 'sample_count': 8, 'measurement_iterations_multiplier': 4, 'warmup_iterations': 3, 'gpu_completion_mode': 'per_iteration', 'unit': 'us', 'direction': 'lower_is_better'}"
win,candidate,game_load.long_unlocked_scene.full_system,20261005-083500090-845e663acba84adda2c057db3d1ad903,95358.75,94859,95344.5,96035,96035,96035,3051494,90501.1435,8,True,PASS,passed,True,,,,7c59a4dc0f8ba325,completed,"{'revision': 1, 'iterations': 32, 'sample_count': 8, 'measurement_iterations_multiplier': 4, 'warmup_iterations': 3, 'gpu_completion_mode': 'per_iteration', 'unit': 'us', 'direction': 'lower_is_better'}"
win,candidate,game_load.cross_title_hotpath.queued_vertex_cpu_writes,20261005-083500090-845e663acba84adda2c057db3d1ad903,66657.375,66280,66678.5,66963,66963,66963,2133047,90501.1435,8,True,PASS,passed,True,,,,cf19c8d27e2aa325,completed,"{'revision': 1, 'iterations': 32, 'sample_count': 8, 'measurement_iterations_multiplier': 4, 'warmup_iterations': 3, 'gpu_completion_mode': 'per_iteration', 'unit': 'us', 'direction': 'lower_is_better'}"
win,candidate,game_load.cross_title_hotpath.pgr2_small_draws,20261005-083500090-845e663acba84adda2c057db3d1ad903,124198.625,114683,125450.5,126059,126059,126059,3974372,90501.1435,8,True,PASS,passed,True,,,,2a1e0148d2c0e325,completed,"{'revision': 1, 'iterations': 32, 'sample_count': 8, 'measurement_iterations_multiplier': 4, 'warmup_iterations': 3, 'gpu_completion_mode': 'per_iteration', 'unit': 'us', 'direction': 'lower_is_better'}"
win,candidate,game_load.cross_title_hotpath.texture_update_reuse,20261005-083500090-845e663acba84adda2c057db3d1ad903,2916,2889,2916.0,2947,2947,2947,93323,90501.1435,8,True,PASS,passed,True,,,,5612bef321a56325,completed,"{'revision': 1, 'iterations': 32, 'sample_count': 8, 'measurement_iterations_multiplier': 4, 'warmup_iterations': 3, 'gpu_completion_mode': 'per_iteration', 'unit': 'us', 'direction': 'lower_is_better'}"
win,candidate,game_load.cross_title_hotpath.surface_reuse,20261005-083500090-845e663acba84adda2c057db3d1ad903,6500.875,6139,6456.0,7023,7023,7023,208046,90501.1435,8,True,PASS,passed,True,,,,846d9f21b7c6a325,completed,"{'revision': 1, 'iterations': 32, 'sample_count': 8, 'measurement_iterations_multiplier': 4, 'warmup_iterations': 3, 'gpu_completion_mode': 'per_iteration', 'unit': 'us', 'direction': 'lower_is_better'}"
win,candidate,game_load.cross_title_hotpath.pipeline_state_churn,20261005-083500090-845e663acba84adda2c057db3d1ad903,66663.125,66468,66667.5,66951,66951,66951,2133232,90501.1435,8,True,PASS,passed,True,,,,22f040b2add4a325,completed,"{'revision': 1, 'iterations': 32, 'sample_count': 8, 'measurement_iterations_multiplier': 4, 'warmup_iterations': 3, 'gpu_completion_mode': 'per_iteration', 'unit': 'us', 'direction': 'lower_is_better'}"
win,candidate,game_load.cross_title_hotpath.blend_constant_reuse,20261005-083500090-845e663acba84adda2c057db3d1ad903,109942.875,100464,108613.5,116645,116645,116645,3518186,90501.1435,8,True,PASS,passed,True,,,,a08ca118008fa325,completed,"{'revision': 1, 'iterations': 32, 'sample_count': 8, 'measurement_iterations_multiplier': 4, 'warmup_iterations': 3, 'gpu_completion_mode': 'per_iteration', 'unit': 'us', 'direction': 'lower_is_better'}"
win,candidate,game_load.cross_title_hotpath.texture_binding_reuse,20261005-083500090-845e663acba84adda2c057db3d1ad903,149994.125,149631,150009.5,150270,150270,150270,4799824,90501.1435,8,True,PASS,passed,True,,,,dfaaa3022df6a325,completed,"{'revision': 1, 'iterations': 32, 'sample_count': 8, 'measurement_iterations_multiplier': 4, 'warmup_iterations': 3, 'gpu_completion_mode': 'per_iteration', 'unit': 'us', 'direction': 'lower_is_better'}"
win,candidate,game_load.cross_title_hotpath.pgr2_lagspot_inline_elements,20261005-083500090-845e663acba84adda2c057db3d1ad903,99974.25,97215,99970.0,102609,102609,102609,3199185,90501.1435,8,True,PASS,passed,True,,,,1289219c28d5a325,completed,"{'revision': 1, 'iterations': 32, 'sample_count': 8, 'measurement_iterations_multiplier': 4, 'warmup_iterations': 3, 'gpu_completion_mode': 'per_iteration', 'unit': 'us', 'direction': 'lower_is_better'}"
win,candidate,game_load.cross_title_hotpath.scaled_surface_pressure,20261005-083500090-845e663acba84adda2c057db3d1ad903,296898.875,232736,289395.0,366457,366457,366457,9500771,90501.1435,8,True,PASS,passed,True,,,,e81e5b4a4675a325,completed,"{'revision': 1, 'iterations': 32, 'sample_count': 8, 'measurement_iterations_multiplier': 4, 'warmup_iterations': 3, 'gpu_completion_mode': 'per_iteration', 'unit': 'us', 'direction': 'lower_is_better'}"
win,candidate,game_load.cross_title_hotpath.s3tc_streaming_fenced_draws,20261005-083500090-845e663acba84adda2c057db3d1ad903,995865.25,989907,995515.5,1000434,1000434,1000434,31867700,90501.1435,8,True,PASS,passed,True,,,,a0f51c6c46a52325,completed,"{'revision': 1, 'iterations': 32, 'sample_count': 8, 'measurement_iterations_multiplier': 4, 'warmup_iterations': 3, 'gpu_completion_mode': 'per_iteration', 'unit': 'us', 'direction': 'lower_is_better'}"
win,candidate,game_load.cross_title_hotpath.gpu_wait_control,20261005-083500090-845e663acba84adda2c057db3d1ad903,1111.375,1050,1087.5,1227,1227,1227,35572,90501.1435,8,True,PASS,passed,True,,,,828855c0a34e2325,completed,"{'revision': 1, 'iterations': 32, 'sample_count': 8, 'measurement_iterations_multiplier': 4, 'warmup_iterations': 3, 'gpu_completion_mode': 'per_iteration', 'unit': 'us', 'direction': 'lower_is_better'}"
win,candidate,game_load.s3tc_sync_factor.dxt1_same_address_wait,20261005-083633211-78281825a8f5485dbe15ebf74334b37b,16649.625,16560,16630.5,16789,16789,16789,532803,34723.7328,8,True,PASS,failed,True,True,True,,3403675459d4d3d5,completed,"{'revision': 1, 'iterations': 32, 'sample_count': 8, 'measurement_iterations_multiplier': 4, 'warmup_iterations': 3, 'gpu_completion_mode': 'per_iteration', 'unit': 'us', 'direction': 'lower_is_better'}"
win,candidate,game_load.s3tc_sync_factor.dxt1_same_address_queued,20261005-083633211-78281825a8f5485dbe15ebf74334b37b,16674.375,16637,16668.0,16765,16765,16765,533594,34723.7328,8,True,PASS,failed,True,False,False,unsynchronized same-address writes have no defined per-draw source generation,e3354984211bf348,completed,"{'revision': 1, 'iterations': 32, 'sample_count': 8, 'measurement_iterations_multiplier': 4, 'warmup_iterations': 3, 'gpu_completion_mode': 'per_iteration', 'unit': 'us', 'direction': 'lower_is_better'}"
win,candidate,game_load.s3tc_sync_factor.dxt1_ring_payload_generations,20261005-083633211-78281825a8f5485dbe15ebf74334b37b,33286,33025,33287.5,33556,33556,33556,1065164,34723.7328,8,True,PASS,failed,True,True,True,,3403675459d4d3d5,completed,"{'revision': 1, 'iterations': 32, 'sample_count': 8, 'measurement_iterations_multiplier': 4, 'warmup_iterations': 3, 'gpu_completion_mode': 'per_iteration', 'unit': 'us', 'direction': 'lower_is_better'}"
win,candidate,game_load.s3tc_sync_factor.dxt1_dirty_once_redraw,20261005-083633211-78281825a8f5485dbe15ebf74334b37b,16645.375,16318,16660.0,16872,16872,16872,532661,34723.7328,8,True,PASS,passed,True,True,True,,428c04bbb0a62725,completed,"{'revision': 1, 'iterations': 32, 'sample_count': 8, 'measurement_iterations_multiplier': 4, 'warmup_iterations': 3, 'gpu_completion_mode': 'per_iteration', 'unit': 'us', 'direction': 'lower_is_better'}"
win,candidate,game_load.s3tc_sync_factor.rgba8_same_address_wait,20261005-083633211-78281825a8f5485dbe15ebf74334b37b,49976.25,49754,49993.0,50186,50186,50186,1599254,34723.7328,8,True,PASS,passed,True,True,True,,3403675459d4d3d5,completed,"{'revision': 1, 'iterations': 32, 'sample_count': 8, 'measurement_iterations_multiplier': 4, 'warmup_iterations': 3, 'gpu_completion_mode': 'per_iteration', 'unit': 'us', 'direction': 'lower_is_better'}"
win,candidate,game_load.s3tc_sync_factor.rgba8_same_address_queued,20261005-083633211-78281825a8f5485dbe15ebf74334b37b,49975.5,49752,50000.5,50222,50222,50222,1599234,34723.7328,8,True,PASS,failed,True,False,False,unsynchronized same-address writes have no defined per-draw source generation,ac8b26fb1e218ea9,completed,"{'revision': 1, 'iterations': 32, 'sample_count': 8, 'measurement_iterations_multiplier': 4, 'warmup_iterations': 3, 'gpu_completion_mode': 'per_iteration', 'unit': 'us', 'direction': 'lower_is_better'}"
win,candidate,game_load.s3tc_sync_factor.rgba8_ring_payload_generations,20261005-083633211-78281825a8f5485dbe15ebf74334b37b,133335.125,132936,133276.5,133868,133868,133868,4266734,34723.7328,8,True,PASS,passed,True,True,True,,3403675459d4d3d5,completed,"{'revision': 1, 'iterations': 32, 'sample_count': 8, 'measurement_iterations_multiplier': 4, 'warmup_iterations': 3, 'gpu_completion_mode': 'per_iteration', 'unit': 'us', 'direction': 'lower_is_better'}"
win,candidate,game_load.s3tc_sync_factor.rgba8_dirty_once_redraw,20261005-083633211-78281825a8f5485dbe15ebf74334b37b,16659.625,16606,16660.5,16747,16747,16747,533119,34723.7328,8,True,PASS,passed,True,True,True,,428c04bbb0a62725,completed,"{'revision': 1, 'iterations': 32, 'sample_count': 8, 'measurement_iterations_multiplier': 4, 'warmup_iterations': 3, 'gpu_completion_mode': 'per_iteration', 'unit': 'us', 'direction': 'lower_is_better'}"
win,candidate,game_load.s3tc_sync_factor.bc2_native_eligible,20261005-083633211-78281825a8f5485dbe15ebf74334b37b,49507.875,45928,50045.0,50218,50218,50218,1584263,34723.7328,8,True,PASS,failed,True,True,True,,3403675459d4d3d5,completed,"{'revision': 1, 'iterations': 32, 'sample_count': 8, 'measurement_iterations_multiplier': 4, 'warmup_iterations': 3, 'gpu_completion_mode': 'per_iteration', 'unit': 'us', 'direction': 'lower_is_better'}"
win,candidate,game_load.s3tc_sync_factor.bc2_bordered_fallback,20261005-083633211-78281825a8f5485dbe15ebf74334b37b,101064,99581,100067.0,104428,104428,104428,3234062,34723.7328,8,True,PASS,passed,True,True,True,,db28300321744de5,completed,"{'revision': 1, 'iterations': 32, 'sample_count': 8, 'measurement_iterations_multiplier': 4, 'warmup_iterations': 3, 'gpu_completion_mode': 'per_iteration', 'unit': 'us', 'direction': 'lower_is_better'}"
win,candidate,game_load.s3tc_sync_factor.bc3_native_eligible,20261005-083633211-78281825a8f5485dbe15ebf74334b37b,44235.125,38027,43609.5,49806,49806,49806,1415533,34723.7328,8,True,PASS,failed,True,True,True,,3403675459d4d3d5,completed,"{'revision': 1, 'iterations': 32, 'sample_count': 8, 'measurement_iterations_multiplier': 4, 'warmup_iterations': 3, 'gpu_completion_mode': 'per_iteration', 'unit': 'us', 'direction': 'lower_is_better'}"
win,candidate,game_load.s3tc_sync_factor.bc3_bordered_fallback,20261005-083633211-78281825a8f5485dbe15ebf74334b37b,99967.875,99591,99899.0,100631,100631,100631,3198984,34723.7328,8,True,PASS,passed,True,True,True,,db28300321744de5,completed,"{'revision': 1, 'iterations': 32, 'sample_count': 8, 'measurement_iterations_multiplier': 4, 'warmup_iterations': 3, 'gpu_completion_mode': 'per_iteration', 'unit': 'us', 'direction': 'lower_is_better'}"
win,candidate,game_load.repeated_display,20261005-083710555-e411a7af12db46df95c4e624f4080971,16655.75,16526,16664.0,16749,16749,16749,532993,23001.3464,8,True,PASS,passed,True,,,,36f446003b9d6325,completed,"{'revision': 1, 'iterations': 32, 'sample_count': 8, 'measurement_iterations_multiplier': 4, 'warmup_iterations': 3, 'gpu_completion_mode': 'per_iteration', 'unit': 'us', 'direction': 'lower_is_better'}"
win,candidate,game_load.repeated_display_boosted,20261005-083710555-e411a7af12db46df95c4e624f4080971,49486.75,45891,49979.0,50266,50266,50266,1583582,23001.3464,8,True,PASS,passed,True,,,,b2bc760cb1fba325,completed,"{'revision': 1, 'iterations': 32, 'sample_count': 8, 'measurement_iterations_multiplier': 4, 'warmup_iterations': 3, 'gpu_completion_mode': 'per_iteration', 'unit': 'us', 'direction': 'lower_is_better'}"
win,candidate,game_load.doax_menu_representative.cpu_only,20261005-083710555-e411a7af12db46df95c4e624f4080971,13707.5,13654,13713.0,13746,13746,13746,438649,23001.3464,8,True,PASS,passed,True,,,,5abb9d9faaa22325,completed,"{'revision': 1, 'iterations': 32, 'sample_count': 8, 'measurement_iterations_multiplier': 4, 'warmup_iterations': 3, 'gpu_completion_mode': 'per_iteration', 'unit': 'us', 'direction': 'lower_is_better'}"
win,candidate,game_load.doax_menu_representative.pfifo_only,20261005-083710555-e411a7af12db46df95c4e624f4080971,2542.375,2364,2409.0,3000,3000,3000,81369,23001.3464,8,True,PASS,passed,True,,,,f9826bbdd7912325,completed,"{'revision': 1, 'iterations': 32, 'sample_count': 8, 'measurement_iterations_multiplier': 4, 'warmup_iterations': 3, 'gpu_completion_mode': 'per_iteration', 'unit': 'us', 'direction': 'lower_is_better'}"
win,candidate,game_load.doax_menu_representative.gpu_only,20261005-083710555-e411a7af12db46df95c4e624f4080971,17358.375,17185,17360.5,17526,17526,17526,555481,23001.3464,8,True,PASS,passed,True,,,,d3984ab7dcb8e325,completed,"{'revision': 1, 'iterations': 32, 'sample_count': 8, 'measurement_iterations_multiplier': 4, 'warmup_iterations': 3, 'gpu_completion_mode': 'per_iteration', 'unit': 'us', 'direction': 'lower_is_better'}"
win,candidate,game_load.doax_menu_representative.streaming_only,20261005-083710555-e411a7af12db46df95c4e624f4080971,5723,5311,5543.0,6919,6919,6919,183144,23001.3464,8,True,PASS,passed,True,,,,491294aadc23a325,completed,"{'revision': 1, 'iterations': 32, 'sample_count': 8, 'measurement_iterations_multiplier': 4, 'warmup_iterations': 3, 'gpu_completion_mode': 'per_iteration', 'unit': 'us', 'direction': 'lower_is_better'}"
win,candidate,game_load.doax_menu_representative.cpu_pfifo_gpu,20261005-083710555-e411a7af12db46df95c4e624f4080971,33867.25,33640,33805.5,34271,34271,34271,1083762,23001.3464,8,True,PASS,passed,True,,,,302026d9f9232325,completed,"{'revision': 1, 'iterations': 32, 'sample_count': 8, 'measurement_iterations_multiplier': 4, 'warmup_iterations': 3, 'gpu_completion_mode': 'per_iteration', 'unit': 'us', 'direction': 'lower_is_better'}"
win,candidate,game_load.doax_menu_representative.cpu_pfifo_gpu_streaming,20261005-083710555-e411a7af12db46df95c4e624f4080971,39447,37154,37559.5,52803,52803,52803,1262316,23001.3464,8,True,PASS,passed,True,,,,9e98944350a52325,completed,"{'revision': 1, 'iterations': 32, 'sample_count': 8, 'measurement_iterations_multiplier': 4, 'warmup_iterations': 3, 'gpu_completion_mode': 'per_iteration', 'unit': 'us', 'direction': 'lower_is_better'}"
win,candidate,game_load.doax_menu_representative.full_system,20261005-083710555-e411a7af12db46df95c4e624f4080971,37729.75,37111,37480.0,39776,39776,39776,1207367,23001.3464,8,True,PASS,passed,True,,,,7896e875a8ad2325,completed,"{'revision': 1, 'iterations': 32, 'sample_count': 8, 'measurement_iterations_multiplier': 4, 'warmup_iterations': 3, 'gpu_completion_mode': 'per_iteration', 'unit': 'us', 'direction': 'lower_is_better'}"
win,candidate,game_load.doax_menu_stress.cpu_only,20261005-083710555-e411a7af12db46df95c4e624f4080971,27449.25,27142,27487.0,27676,27676,27676,878388,23001.3464,8,True,PASS,passed,True,,,,4b7c157e1e9ce325,completed,"{'revision': 1, 'iterations': 32, 'sample_count': 8, 'measurement_iterations_multiplier': 4, 'warmup_iterations': 3, 'gpu_completion_mode': 'per_iteration', 'unit': 'us', 'direction': 'lower_is_better'}"
win,candidate,game_load.doax_menu_stress.pfifo_only,20261005-083710555-e411a7af12db46df95c4e624f4080971,4806.125,4714,4739.0,5238,5238,5238,153812,23001.3464,8,True,PASS,passed,True,,,,f46d8f2a39a6e325,completed,"{'revision': 1, 'iterations': 32, 'sample_count': 8, 'measurement_iterations_multiplier': 4, 'warmup_iterations': 3, 'gpu_completion_mode': 'per_iteration', 'unit': 'us', 'direction': 'lower_is_better'}"
win,candidate,game_load.doax_menu_stress.gpu_only,20261005-083710555-e411a7af12db46df95c4e624f4080971,35117.25,34893,34963.5,35848,35848,35848,1123767,23001.3464,8,True,PASS,passed,True,,,,bcaf8b0e8de5a325,completed,"{'revision': 1, 'iterations': 32, 'sample_count': 8, 'measurement_iterations_multiplier': 4, 'warmup_iterations': 3, 'gpu_completion_mode': 'per_iteration', 'unit': 'us', 'direction': 'lower_is_better'}"
win,candidate,game_load.doax_menu_stress.streaming_only,20261005-083736187-a2829a53ed7e4868acd97aca4900bc5f,16681.875,16144,16618.0,17513,17513,17513,533832,41795.6592,8,True,PASS,passed,True,,,,06e0eccda97d2325,completed,"{'revision': 1, 'iterations': 32, 'sample_count': 8, 'measurement_iterations_multiplier': 4, 'warmup_iterations': 3, 'gpu_completion_mode': 'per_iteration', 'unit': 'us', 'direction': 'lower_is_better'}"
win,candidate,game_load.doax_menu_stress.cpu_pfifo_gpu,20261005-083736187-a2829a53ed7e4868acd97aca4900bc5f,66246.125,65665,66086.0,67340,67340,67340,2119884,41795.6592,8,True,PASS,passed,True,,,,7707cd4649e4a325,completed,"{'revision': 1, 'iterations': 32, 'sample_count': 8, 'measurement_iterations_multiplier': 4, 'warmup_iterations': 3, 'gpu_completion_mode': 'per_iteration', 'unit': 'us', 'direction': 'lower_is_better'}"
win,candidate,game_load.doax_menu_stress.cpu_pfifo_gpu_streaming,20261005-083736187-a2829a53ed7e4868acd97aca4900bc5f,72206.875,71537,72244.0,72781,72781,72781,2310631,41795.6592,8,True,PASS,passed,True,,,,d4d9dedf3ef06325,completed,"{'revision': 1, 'iterations': 32, 'sample_count': 8, 'measurement_iterations_multiplier': 4, 'warmup_iterations': 3, 'gpu_completion_mode': 'per_iteration', 'unit': 'us', 'direction': 'lower_is_better'}"
win,candidate,game_load.doax_menu_stress.full_system,20261005-083736187-a2829a53ed7e4868acd97aca4900bc5f,72707.625,71987,72314.0,74612,74612,74612,2326653,41795.6592,8,True,PASS,passed,True,,,,8cf51e8eb67fa325,completed,"{'revision': 1, 'iterations': 32, 'sample_count': 8, 'measurement_iterations_multiplier': 4, 'warmup_iterations': 3, 'gpu_completion_mode': 'per_iteration', 'unit': 'us', 'direction': 'lower_is_better'}"
win,candidate,game_load.pgr2_ai_backup.cpu_only,20261005-083736187-a2829a53ed7e4868acd97aca4900bc5f,42349.875,42114,42353.5,42709,42709,42709,1355212,41795.6592,8,True,PASS,passed,True,,,,e6df98b3e513a325,completed,"{'revision': 1, 'iterations': 32, 'sample_count': 8, 'measurement_iterations_multiplier': 4, 'warmup_iterations': 3, 'gpu_completion_mode': 'per_iteration', 'unit': 'us', 'direction': 'lower_is_better'}"
win,candidate,game_load.pgr2_ai_backup.pfifo_only,20261005-083736187-a2829a53ed7e4868acd97aca4900bc5f,15027.25,14903,14993.5,15199,15199,15199,480885,41795.6592,8,True,PASS,passed,True,,,,e57ef83b3a66e325,completed,"{'revision': 1, 'iterations': 32, 'sample_count': 8, 'measurement_iterations_multiplier': 4, 'warmup_iterations': 3, 'gpu_completion_mode': 'per_iteration', 'unit': 'us', 'direction': 'lower_is_better'}"
win,candidate,game_load.pgr2_ai_backup.gpu_only,20261005-083736187-a2829a53ed7e4868acd97aca4900bc5f,88576.375,87877,88665.5,89212,89212,89212,2834457,41795.6592,8,True,PASS,passed,True,,,,02ffd9b12aa96325,completed,"{'revision': 1, 'iterations': 32, 'sample_count': 8, 'measurement_iterations_multiplier': 4, 'warmup_iterations': 3, 'gpu_completion_mode': 'per_iteration', 'unit': 'us', 'direction': 'lower_is_better'}"
win,candidate,game_load.pgr2_ai_backup.streaming_only,20261005-083736187-a2829a53ed7e4868acd97aca4900bc5f,3662.75,3355,3659.5,3986,3986,3986,117219,41795.6592,8,True,PASS,passed,True,,,,155df5f182392325,completed,"{'revision': 1, 'iterations': 32, 'sample_count': 8, 'measurement_iterations_multiplier': 4, 'warmup_iterations': 3, 'gpu_completion_mode': 'per_iteration', 'unit': 'us', 'direction': 'lower_is_better'}"
win,candidate,game_load.pgr2_ai_backup.cpu_pfifo_gpu,20261005-083736187-a2829a53ed7e4868acd97aca4900bc5f,146557.625,146133,146518.0,147290,147290,147290,4689858,41795.6592,8,True,PASS,passed,True,,,,ab22104929b9e325,completed,"{'revision': 1, 'iterations': 32, 'sample_count': 8, 'measurement_iterations_multiplier': 4, 'warmup_iterations': 3, 'gpu_completion_mode': 'per_iteration', 'unit': 'us', 'direction': 'lower_is_better'}"
win,candidate,game_load.pgr2_ai_backup.cpu_pfifo_gpu_streaming,20261005-083736187-a2829a53ed7e4868acd97aca4900bc5f,149774,149172,149835.5,150090,150090,150090,4792783,41795.6592,8,True,PASS,passed,True,,,,66a43765efc02325,completed,"{'revision': 1, 'iterations': 32, 'sample_count': 8, 'measurement_iterations_multiplier': 4, 'warmup_iterations': 3, 'gpu_completion_mode': 'per_iteration', 'unit': 'us', 'direction': 'lower_is_better'}"
win,candidate,game_load.pgr2_ai_backup.full_system,20261005-083736187-a2829a53ed7e4868acd97aca4900bc5f,149810.625,149238,149771.0,150888,150888,150888,4793947,41795.6592,8,True,PASS,passed,True,,,,55485325870d6325,completed,"{'revision': 1, 'iterations': 32, 'sample_count': 8, 'measurement_iterations_multiplier': 4, 'warmup_iterations': 3, 'gpu_completion_mode': 'per_iteration', 'unit': 'us', 'direction': 'lower_is_better'}"
win,candidate,high_vertex_count.arrays,20261005-084438413-f06797da285c42069bdd073f9e7add16,87.09,54,59.5,137,142,334,34976,21478.7225,100,True,PASS,failed,True,,,,a27c67890c2d9083,completed,"{'revision': 1, 'iterations': 400, 'sample_count': 100, 'measurement_iterations_multiplier': 4, 'warmup_iterations': 3, 'gpu_completion_mode': 'per_iteration', 'unit': 'us', 'direction': 'lower_is_better'}"
win,candidate,high_vertex_count.inline_arrays,20261005-084438413-f06797da285c42069bdd073f9e7add16,57428.2,56577,57518.0,58496,58496,58496,2297145,21478.7225,10,True,PASS,failed,True,,,,a27c67890c2d9083,completed,"{'revision': 1, 'iterations': 40, 'sample_count': 10, 'measurement_iterations_multiplier': 4, 'warmup_iterations': 3, 'gpu_completion_mode': 'per_iteration', 'unit': 'us', 'direction': 'lower_is_better'}"
win,candidate,high_vertex_count.inline_buffers,20261005-084438413-f06797da285c42069bdd073f9e7add16,219774,218618,219662,221003,221003,221003,4395486,21478.7225,5,True,PASS,failed,True,,,,a27c67890c2d9083,completed,"{'revision': 1, 'iterations': 20, 'sample_count': 5, 'measurement_iterations_multiplier': 4, 'warmup_iterations': 3, 'gpu_completion_mode': 'per_iteration', 'unit': 'us', 'direction': 'lower_is_better'}"
win,candidate,high_vertex_count.inline_elements,20261005-084438413-f06797da285c42069bdd073f9e7add16,3796.44,3741,3794.0,3866,3936,3936,759361,21478.7225,50,True,PASS,failed,True,,,,a27c67890c2d9083,completed,"{'revision': 1, 'iterations': 200, 'sample_count': 50, 'measurement_iterations_multiplier': 4, 'warmup_iterations': 3, 'gpu_completion_mode': 'per_iteration', 'unit': 'us', 'direction': 'lower_is_better'}"
win,candidate,primitive_type.line_loop.fixed_function,20261005-084438413-f06797da285c42069bdd073f9e7add16,586.2,546,560.0,802,802,802,23463,21478.7225,10,True,PASS,failed,True,,,,f2158581ac6e3919,completed,"{'revision': 1, 'iterations': 40, 'sample_count': 10, 'measurement_iterations_multiplier': 4, 'warmup_iterations': 3, 'gpu_completion_mode': 'per_iteration', 'unit': 'us', 'direction': 'lower_is_better'}"
win,candidate,primitive_type.line_loop.vertex_shader,20261005-084438413-f06797da285c42069bdd073f9e7add16,563.5,538,560.5,591,591,591,22548,21478.7225,10,True,PASS,failed,True,,,,f2158581ac6e3919,completed,"{'revision': 1, 'iterations': 40, 'sample_count': 10, 'measurement_iterations_multiplier': 4, 'warmup_iterations': 3, 'gpu_completion_mode': 'per_iteration', 'unit': 'us', 'direction': 'lower_is_better'}"
win,candidate,primitive_type.line_strip.fixed_function,20261005-084438413-f06797da285c42069bdd073f9e7add16,599.4,582,599.0,633,633,633,23982,21478.7225,10,True,PASS,failed,True,,,,f2158581ac6e3919,completed,"{'revision': 1, 'iterations': 40, 'sample_count': 10, 'measurement_iterations_multiplier': 4, 'warmup_iterations': 3, 'gpu_completion_mode': 'per_iteration', 'unit': 'us', 'direction': 'lower_is_better'}"
win,candidate,primitive_type.line_strip.vertex_shader,20261005-084438413-f06797da285c42069bdd073f9e7add16,550,524,553.0,569,569,569,22021,21478.7225,10,True,PASS,failed,True,,,,f2158581ac6e3919,completed,"{'revision': 1, 'iterations': 40, 'sample_count': 10, 'measurement_iterations_multiplier': 4, 'warmup_iterations': 3, 'gpu_completion_mode': 'per_iteration', 'unit': 'us', 'direction': 'lower_is_better'}"
win,candidate,primitive_type.lines.fixed_function,20261005-084438413-f06797da285c42069bdd073f9e7add16,1113.5,1081,1117.5,1135,1135,1135,44557,21478.7225,10,True,PASS,failed,True,,,,1766a7f93aa72a14,completed,"{'revision': 1, 'iterations': 40, 'sample_count': 10, 'measurement_iterations_multiplier': 4, 'warmup_iterations': 3, 'gpu_completion_mode': 'per_iteration', 'unit': 'us', 'direction': 'lower_is_better'}"
win,candidate,primitive_type.lines.vertex_shader,20261005-084438413-f06797da285c42069bdd073f9e7add16,1183.6,1164,1186.5,1195,1195,1195,47361,21478.7225,10,True,PASS,failed,True,,,,1766a7f93aa72a14,completed,"{'revision': 1, 'iterations': 40, 'sample_count': 10, 'measurement_iterations_multiplier': 4, 'warmup_iterations': 3, 'gpu_completion_mode': 'per_iteration', 'unit': 'us', 'direction': 'lower_is_better'}"
win,candidate,primitive_type.points.fixed_function,20261005-084438413-f06797da285c42069bdd073f9e7add16,574.7,527,554.0,797,797,797,23002,21478.7225,10,True,PASS,failed,True,,,,5b296619f665c070,completed,"{'revision': 1, 'iterations': 40, 'sample_count': 10, 'measurement_iterations_multiplier': 4, 'warmup_iterations': 3, 'gpu_completion_mode': 'per_iteration', 'unit': 'us', 'direction': 'lower_is_better'}"
win,candidate,primitive_type.points.vertex_shader,20261005-084438413-f06797da285c42069bdd073f9e7add16,559.9,539,557.0,590,590,590,22415,21478.7225,10,True,PASS,failed,True,,,,5b296619f665c070,completed,"{'revision': 1, 'iterations': 40, 'sample_count': 10, 'measurement_iterations_multiplier': 4, 'warmup_iterations': 3, 'gpu_completion_mode': 'per_iteration', 'unit': 'us', 'direction': 'lower_is_better'}"
win,candidate,primitive_type.polygon.fixed_function,20261005-084502494-d78350c0786a47a4a6107f96750922a7,1294.2,1067,1305.5,1491,1491,1491,51786,13199.685,10,True,PASS,failed,True,,,,2c4beaa06aba1000,completed,"{'revision': 1, 'iterations': 40, 'sample_count': 10, 'measurement_iterations_multiplier': 4, 'warmup_iterations': 3, 'gpu_completion_mode': 'per_iteration', 'unit': 'us', 'direction': 'lower_is_better'}"
win,candidate,primitive_type.polygon.vertex_shader,20261005-084502494-d78350c0786a47a4a6107f96750922a7,896.4,873,897.0,920,920,920,35874,13199.685,10,True,PASS,failed,True,,,,2c4beaa06aba1000,completed,"{'revision': 1, 'iterations': 40, 'sample_count': 10, 'measurement_iterations_multiplier': 4, 'warmup_iterations': 3, 'gpu_completion_mode': 'per_iteration', 'unit': 'us', 'direction': 'lower_is_better'}"
win,candidate,primitive_type.quad_strip.fixed_function,20261005-084502494-d78350c0786a47a4a6107f96750922a7,1858.1,1780,1812.0,2208,2208,2208,74344,13199.685,10,True,PASS,failed,True,,,,f64b4495347cec73,completed,"{'revision': 1, 'iterations': 40, 'sample_count': 10, 'measurement_iterations_multiplier': 4, 'warmup_iterations': 3, 'gpu_completion_mode': 'per_iteration', 'unit': 'us', 'direction': 'lower_is_better'}"
win,candidate,primitive_type.quad_strip.vertex_shader,20261005-084502494-d78350c0786a47a4a6107f96750922a7,1151.1,1125,1160.0,1166,1166,1166,46057,13199.685,10,True,PASS,failed,True,,,,f64b4495347cec73,completed,"{'revision': 1, 'iterations': 40, 'sample_count': 10, 'measurement_iterations_multiplier': 4, 'warmup_iterations': 3, 'gpu_completion_mode': 'per_iteration', 'unit': 'us', 'direction': 'lower_is_better'}"
win,candidate,primitive_type.quads.fixed_function,20261005-084502494-d78350c0786a47a4a6107f96750922a7,2265.5,2248,2266.5,2292,2292,2292,90632,13199.685,10,True,PASS,failed,True,,,,114a1419338256e5,completed,"{'revision': 1, 'iterations': 40, 'sample_count': 10, 'measurement_iterations_multiplier': 4, 'warmup_iterations': 3, 'gpu_completion_mode': 'per_iteration', 'unit': 'us', 'direction': 'lower_is_better'}"
win,candidate,primitive_type.quads.vertex_shader,20261005-084502494-d78350c0786a47a4a6107f96750922a7,2284.4,2254,2279.0,2327,2327,2327,91392,13199.685,10,True,PASS,failed,True,,,,114a1419338256e5,completed,"{'revision': 1, 'iterations': 40, 'sample_count': 10, 'measurement_iterations_multiplier': 4, 'warmup_iterations': 3, 'gpu_completion_mode': 'per_iteration', 'unit': 'us', 'direction': 'lower_is_better'}"
win,candidate,primitive_type.triangle_fan.fixed_function,20261005-084502494-d78350c0786a47a4a6107f96750922a7,591.7,576,586.5,651,651,651,23692,13199.685,10,True,PASS,failed,True,,,,36644f0fd11db166,completed,"{'revision': 1, 'iterations': 40, 'sample_count': 10, 'measurement_iterations_multiplier': 4, 'warmup_iterations': 3, 'gpu_completion_mode': 'per_iteration', 'unit': 'us', 'direction': 'lower_is_better'}"
win,candidate,primitive_type.triangle_fan.vertex_shader,20261005-084502494-d78350c0786a47a4a6107f96750922a7,587.1,555,581.5,646,646,646,23501,13199.685,10,True,PASS,failed,True,,,,36644f0fd11db166,completed,"{'revision': 1, 'iterations': 40, 'sample_count': 10, 'measurement_iterations_multiplier': 4, 'warmup_iterations': 3, 'gpu_completion_mode': 'per_iteration', 'unit': 'us', 'direction': 'lower_is_better'}"
win,candidate,primitive_type.triangle_strip.fixed_function,20261005-084502494-d78350c0786a47a4a6107f96750922a7,579.3,564,576.5,611,611,611,23190,13199.685,10,True,PASS,failed,True,,,,d7b289579fdaa1ab,completed,"{'revision': 1, 'iterations': 40, 'sample_count': 10, 'measurement_iterations_multiplier': 4, 'warmup_iterations': 3, 'gpu_completion_mode': 'per_iteration', 'unit': 'us', 'direction': 'lower_is_better'}"
win,candidate,primitive_type.triangle_strip.vertex_shader,20261005-084502494-d78350c0786a47a4a6107f96750922a7,576.4,555,576.0,597,597,597,23074,13199.685,10,True,PASS,failed,True,,,,d7b289579fdaa1ab,completed,"{'revision': 1, 'iterations': 40, 'sample_count': 10, 'measurement_iterations_multiplier': 4, 'warmup_iterations': 3, 'gpu_completion_mode': 'per_iteration', 'unit': 'us', 'direction': 'lower_is_better'}"
win,candidate,primitive_type.triangles.fixed_function,20261005-084502494-d78350c0786a47a4a6107f96750922a7,1788,1774,1783.5,1815,1815,1815,71534,13199.685,10,True,PASS,failed,True,,,,72f05baf369ceb60,completed,"{'revision': 1, 'iterations': 40, 'sample_count': 10, 'measurement_iterations_multiplier': 4, 'warmup_iterations': 3, 'gpu_completion_mode': 'per_iteration', 'unit': 'us', 'direction': 'lower_is_better'}"
win,candidate,primitive_type.triangles.vertex_shader,20261005-084502494-d78350c0786a47a4a6107f96750922a7,1756.9,1661,1715.5,2118,2118,2118,70293,13199.685,10,True,PASS,failed,True,,,,72f05baf369ceb60,completed,"{'revision': 1, 'iterations': 40, 'sample_count': 10, 'measurement_iterations_multiplier': 4, 'warmup_iterations': 3, 'gpu_completion_mode': 'per_iteration', 'unit': 'us', 'direction': 'lower_is_better'}"
win,candidate,texture_cubemap_fallback.bordered_palette_size1,20261005-084518303-09a5fccd914042b4bc032d9257162157,16648.375,16507,16667.0,16738,16738,16738,532759,26521.8215,8,False,FAIL,not evaluated,True,,,,56d00ed89334a325,failed,"{'revision': 1, 'iterations': 32, 'sample_count': 8, 'measurement_iterations_multiplier': 4, 'warmup_iterations': 3, 'gpu_completion_mode': 'per_iteration', 'unit': 'us', 'direction': 'lower_is_better'}"
win,candidate,surface.basic,20261005-084606611-eb126de925b94c20bc12c4be39a785e8,19347.4,18446,19379.5,19987,19987,19987,773907,17898.3893,10,True,PASS,failed,True,,,,42459952797c47fa,completed,"{'revision': 1, 'iterations': 40, 'sample_count': 10, 'measurement_iterations_multiplier': 4, 'warmup_iterations': 3, 'gpu_completion_mode': 'per_iteration', 'unit': 'us', 'direction': 'lower_is_better'}"
win,candidate,surface.cpu_read_after_gpu_write,20261005-084606611-eb126de925b94c20bc12c4be39a785e8,891.7,755,833.0,1244,1248,1248,71370,17898.3893,20,True,PASS,passed,True,,,,572720976b602325,completed,"{'revision': 1, 'iterations': 80, 'sample_count': 20, 'measurement_iterations_multiplier': 4, 'warmup_iterations': 3, 'gpu_completion_mode': 'per_iteration', 'unit': 'us', 'direction': 'lower_is_better'}"
win,candidate,surface.cpu_read_clean_surface,20261005-084606611-eb126de925b94c20bc12c4be39a785e8,63.24,57,61.0,84,105,106,25441,17898.3893,100,True,PASS,passed,True,,,,aa32af524aa52325,completed,"{'revision': 1, 'iterations': 400, 'sample_count': 100, 'measurement_iterations_multiplier': 4, 'warmup_iterations': 3, 'gpu_completion_mode': 'per_iteration', 'unit': 'us', 'direction': 'lower_is_better'}"
win,candidate,surface.framebuffer_working_set_002,20261005-084606611-eb126de925b94c20bc12c4be39a785e8,1331.8,1098,1235.5,1553,2043,2043,106578,17898.3893,20,True,PASS,failed,True,,,,9f3b0609a42777d5,completed,"{'revision': 1, 'iterations': 80, 'sample_count': 20, 'measurement_iterations_multiplier': 4, 'warmup_iterations': 3, 'gpu_completion_mode': 'per_iteration', 'unit': 'us', 'direction': 'lower_is_better'}"
win,candidate,surface.framebuffer_working_set_008,20261005-084606611-eb126de925b94c20bc12c4be39a785e8,1316.8,1129,1269.0,1591,1675,1675,105389,17898.3893,20,True,PASS,failed,True,,,,64cbf95dec8f59e5,completed,"{'revision': 1, 'iterations': 80, 'sample_count': 20, 'measurement_iterations_multiplier': 4, 'warmup_iterations': 3, 'gpu_completion_mode': 'per_iteration', 'unit': 'us', 'direction': 'lower_is_better'}"
win,candidate,surface.framebuffer_working_set_032,20261005-084606611-eb126de925b94c20bc12c4be39a785e8,1332.1,1132,1275.5,1683,1749,1749,106601,17898.3893,20,True,PASS,failed,True,,,,a6116feb11a28c25,completed,"{'revision': 1, 'iterations': 80, 'sample_count': 20, 'measurement_iterations_multiplier': 4, 'warmup_iterations': 3, 'gpu_completion_mode': 'per_iteration', 'unit': 'us', 'direction': 'lower_is_better'}"
win,candidate,surface.framebuffer_working_set_064,20261005-084606611-eb126de925b94c20bc12c4be39a785e8,1321.15,1120,1270.0,1555,1713,1713,105727,17898.3893,20,True,PASS,failed,True,,,,a6116feb11a28c25,completed,"{'revision': 1, 'iterations': 80, 'sample_count': 20, 'measurement_iterations_multiplier': 4, 'warmup_iterations': 3, 'gpu_completion_mode': 'per_iteration', 'unit': 'us', 'direction': 'lower_is_better'}"
win,candidate,surface.full_clear_elision_guard,20261005-084606611-eb126de925b94c20bc12c4be39a785e8,1597.52,1509,1544.0,1818,2150,2167,639159,17898.3893,100,True,PASS,failed,True,,,,d91a0e75979a1f25,completed,"{'revision': 1, 'iterations': 400, 'sample_count': 100, 'measurement_iterations_multiplier': 4, 'warmup_iterations': 3, 'gpu_completion_mode': 'per_iteration', 'unit': 'us', 'direction': 'lower_is_better'}"
win,candidate,surface.overlapping_surface_churn_representative,20261005-084606611-eb126de925b94c20bc12c4be39a785e8,2114.89,2012,2074.0,2610,2653,2675,846074,17898.3893,100,True,PASS,failed,True,,,,caf66d4bf5691525,completed,"{'revision': 1, 'iterations': 400, 'sample_count': 100, 'measurement_iterations_multiplier': 4, 'warmup_iterations': 3, 'gpu_completion_mode': 'per_iteration', 'unit': 'us', 'direction': 'lower_is_better'}"
win,candidate,surface.overlapping_surface_churn_stress,20261005-084606611-eb126de925b94c20bc12c4be39a785e8,23152,22832,23058.5,23571,23571,23571,926096,17898.3893,10,True,PASS,failed,True,,,,caf66d4bf5691525,completed,"{'revision': 1, 'iterations': 40, 'sample_count': 10, 'measurement_iterations_multiplier': 4, 'warmup_iterations': 3, 'gpu_completion_mode': 'per_iteration', 'unit': 'us', 'direction': 'lower_is_better'}"
win,candidate,surface.partial_channel_clear_guard,20261005-084606611-eb126de925b94c20bc12c4be39a785e8,1592.86,1500,1537.0,1821,2081,2090,637299,17898.3893,100,True,PASS,failed,True,,,,eb2cb498aa73af25,completed,"{'revision': 1, 'iterations': 400, 'sample_count': 100, 'measurement_iterations_multiplier': 4, 'warmup_iterations': 3, 'gpu_completion_mode': 'per_iteration', 'unit': 'us', 'direction': 'lower_is_better'}"
win,candidate,surface.surface_download_path,20261005-084606611-eb126de925b94c20bc12c4be39a785e8,13684.2,13266,13709.5,14192,14192,14192,547375,17898.3893,10,True,PASS,failed,True,,,,2b0e8aac0f8838e8,completed,"{'revision': 1, 'iterations': 40, 'sample_count': 10, 'measurement_iterations_multiplier': 4, 'warmup_iterations': 3, 'gpu_completion_mode': 'per_iteration', 'unit': 'us', 'direction': 'lower_is_better'}"
win,candidate,surface.surface_list_lookup_002,20261005-084627117-af5a443baebb4538a0a3c59ffb54add8,1679.9,1411,1651.0,2035,2140,2140,134427,18153.215,20,True,PASS,failed,True,,,,fa475bc695046525,completed,"{'revision': 1, 'iterations': 80, 'sample_count': 20, 'measurement_iterations_multiplier': 4, 'warmup_iterations': 3, 'gpu_completion_mode': 'per_iteration', 'unit': 'us', 'direction': 'lower_is_better'}"
win,candidate,surface.surface_list_lookup_008,20261005-084627117-af5a443baebb4538a0a3c59ffb54add8,1337.85,1108,1255.0,1688,1735,1735,107054,18153.215,20,True,PASS,failed,True,,,,eaf6788dfe8d2f25,completed,"{'revision': 1, 'iterations': 80, 'sample_count': 20, 'measurement_iterations_multiplier': 4, 'warmup_iterations': 3, 'gpu_completion_mode': 'per_iteration', 'unit': 'us', 'direction': 'lower_is_better'}"
win,candidate,surface.surface_list_lookup_032,20261005-084627117-af5a443baebb4538a0a3c59ffb54add8,1332.75,1124,1268.0,1681,1787,1787,106657,18153.215,20,True,PASS,failed,True,,,,c6275b91195a5325,completed,"{'revision': 1, 'iterations': 80, 'sample_count': 20, 'measurement_iterations_multiplier': 4, 'warmup_iterations': 3, 'gpu_completion_mode': 'per_iteration', 'unit': 'us', 'direction': 'lower_is_better'}"
win,candidate,surface.surface_list_lookup_128,20261005-084627117-af5a443baebb4538a0a3c59ffb54add8,1363.85,1152,1297.5,1614,1875,1875,109143,18153.215,20,True,PASS,failed,True,,,,c6275b91195a5325,completed,"{'revision': 1, 'iterations': 80, 'sample_count': 20, 'measurement_iterations_multiplier': 4, 'warmup_iterations': 3, 'gpu_completion_mode': 'per_iteration', 'unit': 'us', 'direction': 'lower_is_better'}"
win,candidate,surface.vulkan_memory_pressure.representative.growth,20261005-084627117-af5a443baebb4538a0a3c59ffb54add8,12352.75,12120,12353.0,12585,12585,12585,197654,18153.215,4,True,PASS,failed,True,,,,1b85a83206804325,completed,"{'revision': 1, 'iterations': 16, 'sample_count': 4, 'measurement_iterations_multiplier': 4, 'warmup_iterations': 3, 'gpu_completion_mode': 'per_iteration', 'unit': 'us', 'direction': 'lower_is_better'}"
win,candidate,surface.vulkan_memory_pressure.representative.plateau,20261005-084627117-af5a443baebb4538a0a3c59ffb54add8,12703,12495,12691.0,12935,12935,12935,203252,18153.215,4,True,PASS,failed,True,,,,94973dc83ee12325,completed,"{'revision': 1, 'iterations': 16, 'sample_count': 4, 'measurement_iterations_multiplier': 4, 'warmup_iterations': 3, 'gpu_completion_mode': 'per_iteration', 'unit': 'us', 'direction': 'lower_is_better'}"
win,candidate,surface.vulkan_memory_pressure.representative.alias_resize,20261005-084627117-af5a443baebb4538a0a3c59ffb54add8,12727.25,12426,12700.5,13082,13082,13082,203642,18153.215,4,True,PASS,failed,True,,,,7e3cba40d2e56b25,completed,"{'revision': 1, 'iterations': 16, 'sample_count': 4, 'measurement_iterations_multiplier': 4, 'warmup_iterations': 3, 'gpu_completion_mode': 'per_iteration', 'unit': 'us', 'direction': 'lower_is_better'}"
win,candidate,surface.vulkan_memory_pressure.representative.reuse,20261005-084627117-af5a443baebb4538a0a3c59ffb54add8,12677,12121,12756.5,13074,13074,13074,202840,18153.215,4,True,PASS,failed,True,,,,834dc31dcb46cb25,completed,"{'revision': 1, 'iterations': 16, 'sample_count': 4, 'measurement_iterations_multiplier': 4, 'warmup_iterations': 3, 'gpu_completion_mode': 'per_iteration', 'unit': 'us', 'direction': 'lower_is_better'}"
win,candidate,surface.vulkan_memory_pressure.representative.idle_retention,20261005-084627117-af5a443baebb4538a0a3c59ffb54add8,943,658,1031.5,1051,1051,1051,15095,18153.215,4,True,PASS,failed,True,,,,e45ec923aeb05125,completed,"{'revision': 1, 'iterations': 16, 'sample_count': 4, 'measurement_iterations_multiplier': 4, 'warmup_iterations': 3, 'gpu_completion_mode': 'per_iteration', 'unit': 'us', 'direction': 'lower_is_better'}"
win,candidate,surface.vulkan_memory_pressure.stress.growth,20261005-084627117-af5a443baebb4538a0a3c59ffb54add8,47534.5,47323,47547.5,47720,47720,47720,760560,18153.215,4,True,PASS,failed,True,,,,16b728a467be7f25,completed,"{'revision': 1, 'iterations': 16, 'sample_count': 4, 'measurement_iterations_multiplier': 4, 'warmup_iterations': 3, 'gpu_completion_mode': 'per_iteration', 'unit': 'us', 'direction': 'lower_is_better'}"
win,candidate,surface.vulkan_memory_pressure.stress.plateau,20261005-084627117-af5a443baebb4538a0a3c59ffb54add8,47555,47163,47560.0,47937,47937,47937,760887,18153.215,4,True,PASS,failed,True,,,,2936a367d6aa6725,completed,"{'revision': 1, 'iterations': 16, 'sample_count': 4, 'measurement_iterations_multiplier': 4, 'warmup_iterations': 3, 'gpu_completion_mode': 'per_iteration', 'unit': 'us', 'direction': 'lower_is_better'}"
win,candidate,surface.vulkan_memory_pressure.stress.alias_resize,20261005-084627117-af5a443baebb4538a0a3c59ffb54add8,50769.25,50420,50648.5,51360,51360,51360,812313,18153.215,4,True,PASS,failed,True,,,,d5ab377572e54f25,completed,"{'revision': 1, 'iterations': 16, 'sample_count': 4, 'measurement_iterations_multiplier': 4, 'warmup_iterations': 3, 'gpu_completion_mode': 'per_iteration', 'unit': 'us', 'direction': 'lower_is_better'}"
win,candidate,surface.vulkan_memory_pressure.stress.reuse,20261005-084627117-af5a443baebb4538a0a3c59ffb54add8,53435.75,51986,53052.5,55652,55652,55652,854979,18153.215,4,True,PASS,failed,True,,,,12e4fbb929c6c725,completed,"{'revision': 1, 'iterations': 16, 'sample_count': 4, 'measurement_iterations_multiplier': 4, 'warmup_iterations': 3, 'gpu_completion_mode': 'per_iteration', 'unit': 'us', 'direction': 'lower_is_better'}"
win,candidate,surface.vulkan_memory_pressure.stress.idle_retention,20261005-084627117-af5a443baebb4538a0a3c59ffb54add8,547.75,524,554.0,559,559,559,8767,18153.215,4,True,PASS,failed,True,,,,0289a35e3cbf6925,completed,"{'revision': 1, 'iterations': 16, 'sample_count': 4, 'measurement_iterations_multiplier': 4, 'warmup_iterations': 3, 'gpu_completion_mode': 'per_iteration', 'unit': 'us', 'direction': 'lower_is_better'}"
win,candidate,tiny_draw.arrays.fixed_function,20261005-084647879-8b66490d02664186ab840e47e1e0edb7,29820.4,29288,29802.0,30262,30262,30262,1192834,20139.393,10,True,PASS,failed,True,,,,acf025546cf667b5,completed,"{'revision': 1, 'iterations': 40, 'sample_count': 10, 'measurement_iterations_multiplier': 4, 'warmup_iterations': 3, 'gpu_completion_mode': 'per_iteration', 'unit': 'us', 'direction': 'lower_is_better'}"
win,candidate,tiny_draw.arrays.vertex_shader,20261005-084647879-8b66490d02664186ab840e47e1e0edb7,22298.4,22048,22248.0,22744,22744,22744,891949,20139.393,10,True,PASS,failed,True,,,,acf025546cf667b5,completed,"{'revision': 1, 'iterations': 40, 'sample_count': 10, 'measurement_iterations_multiplier': 4, 'warmup_iterations': 3, 'gpu_completion_mode': 'per_iteration', 'unit': 'us', 'direction': 'lower_is_better'}"
win,candidate,tiny_draw.inline_arrays.fixed_function,20261005-084647879-8b66490d02664186ab840e47e1e0edb7,27253,27005,27223.5,27455,27455,27455,1090130,20139.393,10,True,PASS,failed,True,,,,acf025546cf667b5,completed,"{'revision': 1, 'iterations': 40, 'sample_count': 10, 'measurement_iterations_multiplier': 4, 'warmup_iterations': 3, 'gpu_completion_mode': 'per_iteration', 'unit': 'us', 'direction': 'lower_is_better'}"
win,candidate,tiny_draw.inline_arrays.vertex_shader,20261005-084647879-8b66490d02664186ab840e47e1e0edb7,26241.3,26019,26255.5,26483,26483,26483,1049671,20139.393,10,True,PASS,failed,True,,,,acf025546cf667b5,completed,"{'revision': 1, 'iterations': 40, 'sample_count': 10, 'measurement_iterations_multiplier': 4, 'warmup_iterations': 3, 'gpu_completion_mode': 'per_iteration', 'unit': 'us', 'direction': 'lower_is_better'}"
win,candidate,tiny_draw.inline_buffers.fixed_function,20261005-084647879-8b66490d02664186ab840e47e1e0edb7,16422.7,16273,16421.0,16615,16615,16615,656922,20139.393,10,True,PASS,failed,True,,,,acf025546cf667b5,completed,"{'revision': 1, 'iterations': 40, 'sample_count': 10, 'measurement_iterations_multiplier': 4, 'warmup_iterations': 3, 'gpu_completion_mode': 'per_iteration', 'unit': 'us', 'direction': 'lower_is_better'}"
win,candidate,tiny_draw.inline_buffers.vertex_shader,20261005-084647879-8b66490d02664186ab840e47e1e0edb7,16493.5,16394,16500.5,16589,16589,16589,659763,20139.393,10,True,PASS,failed,True,,,,acf025546cf667b5,completed,"{'revision': 1, 'iterations': 40, 'sample_count': 10, 'measurement_iterations_multiplier': 4, 'warmup_iterations': 3, 'gpu_completion_mode': 'per_iteration', 'unit': 'us', 'direction': 'lower_is_better'}"
win,candidate,tiny_draw.inline_elements.fixed_function,20261005-084647879-8b66490d02664186ab840e47e1e0edb7,22031.8,21905,22029.5,22182,22182,22182,881286,20139.393,10,True,PASS,failed,True,,,,acf025546cf667b5,completed,"{'revision': 1, 'iterations': 40, 'sample_count': 10, 'measurement_iterations_multiplier': 4, 'warmup_iterations': 3, 'gpu_completion_mode': 'per_iteration', 'unit': 'us', 'direction': 'lower_is_better'}"
win,candidate,tiny_draw.inline_elements.vertex_shader,20261005-084647879-8b66490d02664186ab840e47e1e0edb7,22147.2,21991,22139.5,22292,22292,22292,885903,20139.393,10,True,PASS,failed,True,,,,acf025546cf667b5,completed,"{'revision': 1, 'iterations': 40, 'sample_count': 10, 'measurement_iterations_multiplier': 4, 'warmup_iterations': 3, 'gpu_completion_mode': 'per_iteration', 'unit': 'us', 'direction': 'lower_is_better'}"
win,candidate,uniform_thrash.uniform_thrash,20261005-084711656-f426ee345fc94d9287fc3240bbed948a,1653.7,1414,1666.0,1882,1882,1882,66166,11962.1767,10,True,PASS,failed,True,,,,09eb5907ef624c25,completed,"{'revision': 1, 'iterations': 40, 'sample_count': 10, 'measurement_iterations_multiplier': 4, 'warmup_iterations': 3, 'gpu_completion_mode': 'per_iteration', 'unit': 'us', 'direction': 'lower_is_better'}"
win,candidate,vertex_buffer_allocation.mixed.arrays,20261005-084726236-40a353d91d284d488a60d0b2d1872360,30170.3,29361,29913.0,31489,31489,31489,1206821,62987.531,10,True,PASS,not evaluated,True,,,,377e6c029807f325,completed,"{'revision': 1, 'iterations': 40, 'sample_count': 10, 'measurement_iterations_multiplier': 4, 'warmup_iterations': 3, 'gpu_completion_mode': 'per_iteration', 'unit': 'us', 'direction': 'lower_is_better'}"
win,candidate,vertex_buffer_allocation.mixed.inline_arrays,20261005-084726236-40a353d91d284d488a60d0b2d1872360,222023,220901,221987.0,223400,223400,223400,8880935,62987.531,10,True,PASS,not evaluated,True,,,,377e6c029807f325,completed,"{'revision': 1, 'iterations': 40, 'sample_count': 10, 'measurement_iterations_multiplier': 4, 'warmup_iterations': 3, 'gpu_completion_mode': 'per_iteration', 'unit': 'us', 'direction': 'lower_is_better'}"
win,candidate,vertex_buffer_allocation.mixed.inline_buffers,20261005-084726236-40a353d91d284d488a60d0b2d1872360,614563.5,612438,614619.5,615976,615976,615976,24582558,62987.531,10,True,PASS,not evaluated,True,,,,377e6c029807f325,completed,"{'revision': 1, 'iterations': 40, 'sample_count': 10, 'measurement_iterations_multiplier': 4, 'warmup_iterations': 3, 'gpu_completion_mode': 'per_iteration', 'unit': 'us', 'direction': 'lower_is_better'}"
win,candidate,vertex_buffer_allocation.mixed.inline_elements,20261005-084726236-40a353d91d284d488a60d0b2d1872360,32445.7,31727,32272.0,33457,33457,33457,1297845,62987.531,10,True,PASS,not evaluated,True,,,,377e6c029807f325,completed,"{'revision': 1, 'iterations': 40, 'sample_count': 10, 'measurement_iterations_multiplier': 4, 'warmup_iterations': 3, 'gpu_completion_mode': 'per_iteration', 'unit': 'us', 'direction': 'lower_is_better'}"
win,candidate,vertex_buffer_allocation.tiny.arrays,20261005-084726236-40a353d91d284d488a60d0b2d1872360,32623.5,31619,32571.5,33538,33538,33538,1304953,62987.531,10,True,PASS,not evaluated,True,,,,377e6c029807f325,completed,"{'revision': 1, 'iterations': 40, 'sample_count': 10, 'measurement_iterations_multiplier': 4, 'warmup_iterations': 3, 'gpu_completion_mode': 'per_iteration', 'unit': 'us', 'direction': 'lower_is_better'}"
win,candidate,vertex_buffer_allocation.tiny.inline_arrays,20261005-084726236-40a353d91d284d488a60d0b2d1872360,35670.7,35224,35434.5,36472,36472,36472,1426844,62987.531,10,True,PASS,not evaluated,True,,,,377e6c029807f325,completed,"{'revision': 1, 'iterations': 40, 'sample_count': 10, 'measurement_iterations_multiplier': 4, 'warmup_iterations': 3, 'gpu_completion_mode': 'per_iteration', 'unit': 'us', 'direction': 'lower_is_better'}"
win,candidate,vertex_buffer_allocation.tiny.inline_buffers,20261005-084726236-40a353d91d284d488a60d0b2d1872360,34601.1,34371,34593.5,34935,34935,34935,1384057,62987.531,10,True,PASS,not evaluated,True,,,,377e6c029807f325,completed,"{'revision': 1, 'iterations': 40, 'sample_count': 10, 'measurement_iterations_multiplier': 4, 'warmup_iterations': 3, 'gpu_completion_mode': 'per_iteration', 'unit': 'us', 'direction': 'lower_is_better'}"
win,candidate,vertex_buffer_allocation.tiny.inline_elements,20261005-084726236-40a353d91d284d488a60d0b2d1872360,32464.9,30567,32575.5,33333,33333,33333,1298613,62987.531,10,True,PASS,not evaluated,True,,,,377e6c029807f325,completed,"{'revision': 1, 'iterations': 40, 'sample_count': 10, 'measurement_iterations_multiplier': 4, 'warmup_iterations': 3, 'gpu_completion_mode': 'per_iteration', 'unit': 'us', 'direction': 'lower_is_better'}"
win,candidate,vertex_buffer_allocation.rising_transient_growth,20261005-084726236-40a353d91d284d488a60d0b2d1872360,649379,649379,649379,649379,649379,649379,2597518,62987.531,1,True,PASS,not evaluated,False,,,,377e6c029807f325,completed,"{'revision': 1, 'iterations': 4, 'sample_count': 1, 'measurement_iterations_multiplier': 4, 'warmup_iterations': 3, 'gpu_completion_mode': 'per_iteration', 'unit': 'us', 'direction': 'lower_is_better'}"
win,candidate,vertex_buffer_allocation.disjoint_same_page,20261005-084726236-40a353d91d284d488a60d0b2d1872360,29481.1,24629,29784.5,32784,32784,32784,1179263,62987.531,10,True,PASS,not evaluated,True,,,,fdcd25a37910bb25,completed,"{'revision': 1, 'iterations': 40, 'sample_count': 10, 'measurement_iterations_multiplier': 4, 'warmup_iterations': 3, 'gpu_completion_mode': 'per_iteration', 'unit': 'us', 'direction': 'lower_is_better'}"
