host,side,test,runId,meanUs,minSampleMeanUs,medianSampleMeanUs,p95SampleMeanUs,p99SampleMeanUs,maxSampleMeanUs,guestTotalWorkUs,sharedChunkProcessWallMs,samples,rawResultsComplete,guestOutcome,runnerCheck,oraclePresent,oracleApplicable,framebufferComparisonEligible,framebufferComparisonReason,framebuffer,execution,fixedWork
deck,parent,busy_pfifo.pfifo_saturation,20261005-120624372-1a43afb8b420400d96b19452756b8641,122703.4,113563,121911.5,133490,133490,133490,4908155,84127.5301,10,True,PASS,not evaluated,True,,,,618832b1599bf211,completed,"{'revision': 1, 'iterations': 40, 'sample_count': 10, 'measurement_iterations_multiplier': 4, 'warmup_iterations': 3, 'gpu_completion_mode': 'per_iteration', 'unit': 'us', 'direction': 'lower_is_better'}"
deck,parent,busy_pfifo.pgraph_pattern_polling,20261005-120624372-1a43afb8b420400d96b19452756b8641,8718254,8718254,8718254,8718254,8718254,8718254,34873019,84127.5301,1,True,PASS,not evaluated,True,,,,386d0f085e98c325,completed,"{'revision': 1, 'iterations': 4, 'sample_count': 1, 'measurement_iterations_multiplier': 4, 'warmup_iterations': 3, 'gpu_completion_mode': 'per_iteration', 'unit': 'us', 'direction': 'lower_is_better'}"
deck,parent,pfifo_array_elements.array_element_pgr2,20261005-120624372-1a43afb8b420400d96b19452756b8641,1418.5,1191,1416.0,1722,1722,1722,45404,84127.5301,8,True,PASS,not evaluated,True,,,,bbc8b0702ffd0325,completed,"{'revision': 1, 'iterations': 32, 'sample_count': 8, 'measurement_iterations_multiplier': 4, 'warmup_iterations': 3, 'gpu_completion_mode': 'per_iteration', 'unit': 'us', 'direction': 'lower_is_better'}"
deck,parent,pfifo_array_elements.array_element16,20261005-120624372-1a43afb8b420400d96b19452756b8641,1887.75,1780,1883.5,2050,2050,2050,60421,84127.5301,8,True,PASS,not evaluated,True,,,,9c884de2a5d32325,completed,"{'revision': 1, 'iterations': 32, 'sample_count': 8, 'measurement_iterations_multiplier': 4, 'warmup_iterations': 3, 'gpu_completion_mode': 'per_iteration', 'unit': 'us', 'direction': 'lower_is_better'}"
deck,parent,pfifo_array_elements.array_element32,20261005-120624372-1a43afb8b420400d96b19452756b8641,1777.5,1661,1743.0,1980,1980,1980,56893,84127.5301,8,True,PASS,not evaluated,True,,,,e079f0cf1a994325,completed,"{'revision': 1, 'iterations': 32, 'sample_count': 8, 'measurement_iterations_multiplier': 4, 'warmup_iterations': 3, 'gpu_completion_mode': 'per_iteration', 'unit': 'us', 'direction': 'lower_is_better'}"
deck,parent,pfifo_packet_boundary.array_element16_overflow,20261005-120624372-1a43afb8b420400d96b19452756b8641,38212,38212,38212,38212,38212,38212,152848,84127.5301,1,True,PASS,not evaluated,False,,,,4d1756526f052325,completed,"{'revision': 1, 'iterations': 4, 'sample_count': 1, 'measurement_iterations_multiplier': 4, 'warmup_iterations': 3, 'gpu_completion_mode': 'per_iteration', 'unit': 'us', 'direction': 'lower_is_better'}"
deck,parent,pfifo_packet_boundary.array_element32_overflow,20261005-120624372-1a43afb8b420400d96b19452756b8641,67867,67867,67867,67867,67867,67867,271471,84127.5301,1,True,PASS,not evaluated,False,,,,6eb7071be692a325,completed,"{'revision': 1, 'iterations': 4, 'sample_count': 1, 'measurement_iterations_multiplier': 4, 'warmup_iterations': 3, 'gpu_completion_mode': 'per_iteration', 'unit': 'us', 'direction': 'lower_is_better'}"
deck,parent,pfifo_packet_boundary.inline_array_overflow,20261005-120624372-1a43afb8b420400d96b19452756b8641,67987,67987,67987,67987,67987,67987,271950,84127.5301,1,True,PASS,not evaluated,False,,,,847da1930526a325,completed,"{'revision': 1, 'iterations': 4, 'sample_count': 1, 'measurement_iterations_multiplier': 4, 'warmup_iterations': 3, 'gpu_completion_mode': 'per_iteration', 'unit': 'us', 'direction': 'lower_is_better'}"
deck,parent,pfifo_packet_boundary.incrementing_inline_fallback,20261005-120624372-1a43afb8b420400d96b19452756b8641,61,61,61,61,61,61,246,84127.5301,1,True,PASS,not evaluated,False,,,,640439ee8ecd2325,completed,"{'revision': 1, 'iterations': 4, 'sample_count': 1, 'measurement_iterations_multiplier': 4, 'warmup_iterations': 3, 'gpu_completion_mode': 'per_iteration', 'unit': 'us', 'direction': 'lower_is_better'}"
deck,parent,cpu_floating_point.sse_scalar,20261005-120750554-dfe590f2c68744d9b857b03dc2f386a4,1234334.8,1207864,1226966.0,1272743,1272743,1272743,49373408,173856.344,10,True,PASS,passed,True,,,,6962077c244da325,completed,"{'revision': 1, 'iterations': 40, 'sample_count': 10, 'measurement_iterations_multiplier': 4, 'warmup_iterations': 3, 'gpu_completion_mode': 'per_iteration', 'unit': 'us', 'direction': 'lower_is_better'}"
deck,parent,cpu_floating_point.x87_scalar,20261005-120750554-dfe590f2c68744d9b857b03dc2f386a4,1094774.6,1064498,1095489.0,1117728,1117728,1117728,43791000,173856.344,10,True,PASS,passed,True,,,,6962077c244da325,completed,"{'revision': 1, 'iterations': 40, 'sample_count': 10, 'measurement_iterations_multiplier': 4, 'warmup_iterations': 3, 'gpu_completion_mode': 'per_iteration', 'unit': 'us', 'direction': 'lower_is_better'}"
deck,parent,cpu_translation_blocks.direct_loop,20261005-120750554-dfe590f2c68744d9b857b03dc2f386a4,19865.1,18735,19892.5,21177,21177,21177,794612,173856.344,10,True,PASS,passed,True,,,,bd1fc9bf0c318325,completed,"{'revision': 1, 'iterations': 40, 'sample_count': 10, 'measurement_iterations_multiplier': 4, 'warmup_iterations': 3, 'gpu_completion_mode': 'per_iteration', 'unit': 'us', 'direction': 'lower_is_better'}"
deck,parent,cpu_translation_blocks.indirect_dispatch,20261005-120750554-dfe590f2c68744d9b857b03dc2f386a4,62631.6,60980,61447.0,66693,66693,66693,2505272,173856.344,10,True,PASS,passed,True,,,,c0426cf669a02325,completed,"{'revision': 1, 'iterations': 40, 'sample_count': 10, 'measurement_iterations_multiplier': 4, 'warmup_iterations': 3, 'gpu_completion_mode': 'per_iteration', 'unit': 'us', 'direction': 'lower_is_better'}"
deck,parent,cpu_translation_blocks.indirect_dispatch_stress,20261005-120750554-dfe590f2c68744d9b857b03dc2f386a4,1290668.5,1263050,1292035.0,1312591,1312591,1312591,51626760,173856.344,10,True,PASS,passed,True,,,,fbd507cb0c622325,completed,"{'revision': 1, 'iterations': 40, 'sample_count': 10, 'measurement_iterations_multiplier': 4, 'warmup_iterations': 3, 'gpu_completion_mode': 'per_iteration', 'unit': 'us', 'direction': 'lower_is_better'}"
deck,parent,fill_rate.solid,20261005-121046473-2391c8cbc13e49d6bbff27cf82010618,4298.6,3887,4140.0,5919,5919,5919,171960,15561.4847,10,True,PASS,failed,True,,,,aa539e0bcd4e54b3,completed,"{'revision': 1, 'iterations': 40, 'sample_count': 10, 'measurement_iterations_multiplier': 4, 'warmup_iterations': 3, 'gpu_completion_mode': 'per_iteration', 'unit': 'us', 'direction': 'lower_is_better'}"
deck,parent,fill_rate.textured,20261005-121046473-2391c8cbc13e49d6bbff27cf82010618,8812,7445,8573.5,10876,10876,10876,352497,15561.4847,10,True,PASS,failed,True,,,,92f42c56c1fbe869,completed,"{'revision': 1, 'iterations': 40, 'sample_count': 10, 'measurement_iterations_multiplier': 4, 'warmup_iterations': 3, 'gpu_completion_mode': 'per_iteration', 'unit': 'us', 'direction': 'lower_is_better'}"
deck,parent,pipeline_texture_switch.clear_texture_normal,20261005-121104073-32d644e82635463bbae6ffd60861dff5,37962.5,33344,35662.0,48175,48175,48175,1214817,24890.875,8,True,PASS,not evaluated,True,,,,22ba4f1405cda325,completed,"{'revision': 1, 'iterations': 32, 'sample_count': 8, 'measurement_iterations_multiplier': 4, 'warmup_iterations': 3, 'gpu_completion_mode': 'per_iteration', 'unit': 'us', 'direction': 'lower_is_better'}"
deck,parent,pipeline_texture_switch.palette_dma_remap,20261005-121104073-32d644e82635463bbae6ffd60861dff5,16515,16515,16515,16515,16515,16515,66063,24890.875,1,True,PASS,not evaluated,False,,,,fbf687de65082325,completed,"{'revision': 1, 'iterations': 4, 'sample_count': 1, 'measurement_iterations_multiplier': 4, 'warmup_iterations': 3, 'gpu_completion_mode': 'per_iteration', 'unit': 'us', 'direction': 'lower_is_better'}"
deck,parent,pipeline_texture_switch.palette_only_update,20261005-121104073-32d644e82635463bbae6ffd60861dff5,61517,61517,61517,61517,61517,61517,246069,24890.875,1,True,PASS,not evaluated,False,,,,467aab2f95cda325,completed,"{'revision': 1, 'iterations': 4, 'sample_count': 1, 'measurement_iterations_multiplier': 4, 'warmup_iterations': 3, 'gpu_completion_mode': 'per_iteration', 'unit': 'us', 'direction': 'lower_is_better'}"
deck,parent,pipeline_texture_switch.sampler_only_identity,20261005-121104073-32d644e82635463bbae6ffd60861dff5,64005.375,60731,61785.0,76065,76065,76065,2048184,24890.875,8,True,PASS,not evaluated,True,,,,0b8438c8404da325,completed,"{'revision': 1, 'iterations': 32, 'sample_count': 8, 'measurement_iterations_multiplier': 4, 'warmup_iterations': 3, 'gpu_completion_mode': 'per_iteration', 'unit': 'us', 'direction': 'lower_is_better'}"
deck,parent,pipeline_texture_switch.shader_negative_control,20261005-121104073-32d644e82635463bbae6ffd60861dff5,50594.125,44936,50172.0,58512,58512,58512,1619021,24890.875,8,True,PASS,not evaluated,True,,,,f110c8bd6338c325,completed,"{'revision': 1, 'iterations': 32, 'sample_count': 8, 'measurement_iterations_multiplier': 4, 'warmup_iterations': 3, 'gpu_completion_mode': 'per_iteration', 'unit': 'us', 'direction': 'lower_is_better'}"
deck,parent,pipeline_texture_switch.shared_page_overlap,20261005-121104073-32d644e82635463bbae6ffd60861dff5,48979,48979,48979,48979,48979,48979,195917,24890.875,1,True,PASS,not evaluated,False,,,,83bb59a8648da325,completed,"{'revision': 1, 'iterations': 4, 'sample_count': 1, 'measurement_iterations_multiplier': 4, 'warmup_iterations': 3, 'gpu_completion_mode': 'per_iteration', 'unit': 'us', 'direction': 'lower_is_better'}"
deck,parent,pipeline_texture_switch.texture_dma_remap,20261005-121104073-32d644e82635463bbae6ffd60861dff5,16425,16425,16425,16425,16425,16425,65701,24890.875,1,True,PASS,not evaluated,False,,,,fbf687de65082325,completed,"{'revision': 1, 'iterations': 4, 'sample_count': 1, 'measurement_iterations_multiplier': 4, 'warmup_iterations': 3, 'gpu_completion_mode': 'per_iteration', 'unit': 'us', 'direction': 'lower_is_better'}"
deck,parent,pipeline_texture_switch.texture_switch,20261005-121104073-32d644e82635463bbae6ffd60861dff5,52947.625,48136,52419.0,62716,62716,62716,1694333,24890.875,8,True,PASS,not evaluated,True,,,,8ae05d31fb00c325,completed,"{'revision': 1, 'iterations': 32, 'sample_count': 8, 'measurement_iterations_multiplier': 4, 'warmup_iterations': 3, 'gpu_completion_mode': 'per_iteration', 'unit': 'us', 'direction': 'lower_is_better'}"
deck,parent,report_query.clear_boundary,20261005-121131004-de195b2384764bcaa55b8981f71a0970,1608.5,1111,1656.5,2010,2010,2010,25741,15439.5954,4,True,PASS,not evaluated,False,,,,b5eb7c4b9c8da325,completed,"{'revision': 2, 'iterations': 16, 'sample_count': 4, 'measurement_iterations_multiplier': 4, 'warmup_iterations': 3, 'gpu_completion_mode': 'per_iteration', 'unit': 'us', 'direction': 'lower_is_better'}"
deck,parent,report_query.dma_descriptor_rewrite,20261005-121131004-de195b2384764bcaa55b8981f71a0970,22819,22819,22819,22819,22819,22819,22819,15439.5954,1,True,PASS,not evaluated,False,,,,c0c0fdbececda325,completed,"{'revision': 2, 'iterations': 1, 'sample_count': 1, 'measurement_iterations_multiplier': 1, 'warmup_iterations': 0, 'gpu_completion_mode': 'per_iteration', 'unit': 'us', 'direction': 'lower_is_better'}"
deck,parent,report_query.dma_range_guard,20261005-121131004-de195b2384764bcaa55b8981f71a0970,6621,6621,6621,6621,6621,6621,6621,15439.5954,1,True,PASS,not evaluated,False,,,,3f648ce11a4da325,completed,"{'revision': 2, 'iterations': 1, 'sample_count': 1, 'measurement_iterations_multiplier': 1, 'warmup_iterations': 0, 'gpu_completion_mode': 'per_iteration', 'unit': 'us', 'direction': 'lower_is_better'}"
deck,parent,report_query.dma_target_switch,20261005-121131004-de195b2384764bcaa55b8981f71a0970,3119.25,2594,3132.5,3618,3618,3618,49913,15439.5954,4,True,PASS,not evaluated,False,,,,4c4bd8cd440da325,completed,"{'revision': 2, 'iterations': 16, 'sample_count': 4, 'measurement_iterations_multiplier': 4, 'warmup_iterations': 3, 'gpu_completion_mode': 'per_iteration', 'unit': 'us', 'direction': 'lower_is_better'}"
deck,parent,report_query.fifo_producer_ordering,20261005-121131004-de195b2384764bcaa55b8981f71a0970,6604.25,6296,6494.5,7132,7132,7132,105672,15439.5954,4,True,PASS,not evaluated,False,,,,0d907c24a88da325,completed,"{'revision': 2, 'iterations': 16, 'sample_count': 4, 'measurement_iterations_multiplier': 4, 'warmup_iterations': 3, 'gpu_completion_mode': 'per_iteration', 'unit': 'us', 'direction': 'lower_is_better'}"
deck,parent,report_query.multiple_boundaries,20261005-121131004-de195b2384764bcaa55b8981f71a0970,674.5,458,524.0,1192,1192,1192,10798,15439.5954,4,True,PASS,not evaluated,False,,,,0c966fc9ba4da325,completed,"{'revision': 2, 'iterations': 16, 'sample_count': 4, 'measurement_iterations_multiplier': 4, 'warmup_iterations': 3, 'gpu_completion_mode': 'per_iteration', 'unit': 'us', 'direction': 'lower_is_better'}"
deck,parent,report_query.single_boundary,20261005-121131004-de195b2384764bcaa55b8981f71a0970,1720,1318,1685.5,2191,2191,2191,27522,15439.5954,4,True,PASS,not evaluated,False,,,,60e674c9fecda325,completed,"{'revision': 2, 'iterations': 16, 'sample_count': 4, 'measurement_iterations_multiplier': 4, 'warmup_iterations': 3, 'gpu_completion_mode': 'per_iteration', 'unit': 'us', 'direction': 'lower_is_better'}"
deck,parent,report_query.zero_query,20261005-121131004-de195b2384764bcaa55b8981f71a0970,352.75,316,356.5,382,382,382,5649,15439.5954,4,True,PASS,not evaluated,False,,,,23875dfeb40da325,completed,"{'revision': 2, 'iterations': 16, 'sample_count': 4, 'measurement_iterations_multiplier': 4, 'warmup_iterations': 3, 'gpu_completion_mode': 'per_iteration', 'unit': 'us', 'direction': 'lower_is_better'}"
deck,parent,shader_lifecycle.readiness_train_visible,20261005-121148489-a4ce6de4913444f798e9fd15fd3acbbe,16378,16378,16378,16378,16378,16378,65515,24403.253,1,True,PASS,not evaluated,False,,,,d4c939c4f0ce4325,completed,"{'revision': 1, 'iterations': 4, 'sample_count': 1, 'measurement_iterations_multiplier': 4, 'warmup_iterations': 3, 'gpu_completion_mode': 'per_iteration', 'unit': 'us', 'direction': 'lower_is_better'}"
deck,parent,shader_lifecycle.readiness_replay_visible,20261005-121214934-55f316f8d51849a4a48b5c7570558942,16291,16291,16291,16291,16291,16291,65164,24305.1556,1,True,PASS,not evaluated,False,,,,d4c939c4f0ce4325,completed,"{'revision': 1, 'iterations': 4, 'sample_count': 1, 'measurement_iterations_multiplier': 4, 'warmup_iterations': 3, 'gpu_completion_mode': 'per_iteration', 'unit': 'us', 'direction': 'lower_is_better'}"
deck,parent,shader_lifecycle.readiness_identical_replay,20261005-121241276-a25b6978c14b4ee788f82c1196f3f97a,4015829,4015829,4015829,4015829,4015829,4015829,16063318,52337.1421,1,True,PASS,not evaluated,False,,,,70615ec6b77f8325,completed,"{'revision': 1, 'iterations': 4, 'sample_count': 1, 'measurement_iterations_multiplier': 4, 'warmup_iterations': 3, 'gpu_completion_mode': 'per_iteration', 'unit': 'us', 'direction': 'lower_is_better'}"
deck,parent,shader_lifecycle.readiness_uniform_only,20261005-121335652-3f6b680a12e0451aac4a7d722f18efc2,16517,16517,16517,16517,16517,16517,66069,24332.1433,1,True,PASS,not evaluated,False,,,,113d534d51f95325,completed,"{'revision': 1, 'iterations': 4, 'sample_count': 1, 'measurement_iterations_multiplier': 4, 'warmup_iterations': 3, 'gpu_completion_mode': 'per_iteration', 'unit': 'us', 'direction': 'lower_is_better'}"
deck,parent,shader_lifecycle.readiness_early_demand,20261005-121402045-42e7f9eff1a3466db46ab966413b79a0,16291,16291,16291,16291,16291,16291,65166,24381.7416,1,True,PASS,not evaluated,False,,,,d4c939c4f0ce4325,completed,"{'revision': 1, 'iterations': 4, 'sample_count': 1, 'measurement_iterations_multiplier': 4, 'warmup_iterations': 3, 'gpu_completion_mode': 'per_iteration', 'unit': 'us', 'direction': 'lower_is_better'}"
deck,parent,game_load.long_unlocked_scene.cpu,20261005-121428468-9e145a6f6a0a49ad8c31b2097cda377d,39486.25,38683,39304.5,41383,41383,41383,1263572,256428.194,8,True,PASS,passed,True,,,,7c59a4dc0f8ba325,completed,"{'revision': 1, 'iterations': 32, 'sample_count': 8, 'measurement_iterations_multiplier': 4, 'warmup_iterations': 3, 'gpu_completion_mode': 'per_iteration', 'unit': 'us', 'direction': 'lower_is_better'}"
deck,parent,game_load.long_unlocked_scene.pfifo,20261005-121428468-9e145a6f6a0a49ad8c31b2097cda377d,9768.625,9151,9686.5,11031,11031,11031,312610,256428.194,8,True,PASS,passed,True,,,,7c59a4dc0f8ba325,completed,"{'revision': 1, 'iterations': 32, 'sample_count': 8, 'measurement_iterations_multiplier': 4, 'warmup_iterations': 3, 'gpu_completion_mode': 'per_iteration', 'unit': 'us', 'direction': 'lower_is_better'}"
deck,parent,game_load.long_unlocked_scene.alpha_overdraw,20261005-121428468-9e145a6f6a0a49ad8c31b2097cda377d,103609.375,99951,103735.5,109355,109355,109355,3315512,256428.194,8,True,PASS,passed,True,,,,7c59a4dc0f8ba325,completed,"{'revision': 1, 'iterations': 32, 'sample_count': 8, 'measurement_iterations_multiplier': 4, 'warmup_iterations': 3, 'gpu_completion_mode': 'per_iteration', 'unit': 'us', 'direction': 'lower_is_better'}"
deck,parent,game_load.long_unlocked_scene.streaming_surface_reuse,20261005-121428468-9e145a6f6a0a49ad8c31b2097cda377d,26911,22224,27366.5,32546,32546,32546,861164,256428.194,8,True,PASS,passed,True,,,,7c59a4dc0f8ba325,completed,"{'revision': 1, 'iterations': 32, 'sample_count': 8, 'measurement_iterations_multiplier': 4, 'warmup_iterations': 3, 'gpu_completion_mode': 'per_iteration', 'unit': 'us', 'direction': 'lower_is_better'}"
deck,parent,game_load.long_unlocked_scene.combined,20261005-121428468-9e145a6f6a0a49ad8c31b2097cda377d,206672.875,199238,205022.0,219624,219624,219624,6613548,256428.194,8,True,PASS,passed,True,,,,7c59a4dc0f8ba325,completed,"{'revision': 1, 'iterations': 32, 'sample_count': 8, 'measurement_iterations_multiplier': 4, 'warmup_iterations': 3, 'gpu_completion_mode': 'per_iteration', 'unit': 'us', 'direction': 'lower_is_better'}"
deck,parent,game_load.long_unlocked_scene.full_system,20261005-121428468-9e145a6f6a0a49ad8c31b2097cda377d,204307,201202,202626.5,208893,208893,208893,6537839,256428.194,8,True,PASS,passed,True,,,,7c59a4dc0f8ba325,completed,"{'revision': 1, 'iterations': 32, 'sample_count': 8, 'measurement_iterations_multiplier': 4, 'warmup_iterations': 3, 'gpu_completion_mode': 'per_iteration', 'unit': 'us', 'direction': 'lower_is_better'}"
deck,parent,game_load.cross_title_hotpath.queued_vertex_cpu_writes,20261005-121428468-9e145a6f6a0a49ad8c31b2097cda377d,144644.75,134989,141026.5,167970,167970,167970,4628641,256428.194,8,True,PASS,passed,True,,,,cf19c8d27e2aa325,completed,"{'revision': 1, 'iterations': 32, 'sample_count': 8, 'measurement_iterations_multiplier': 4, 'warmup_iterations': 3, 'gpu_completion_mode': 'per_iteration', 'unit': 'us', 'direction': 'lower_is_better'}"
deck,parent,game_load.cross_title_hotpath.pgr2_small_draws,20261005-121428468-9e145a6f6a0a49ad8c31b2097cda377d,281653.375,276083,280950.0,290331,290331,290331,9012920,256428.194,8,True,PASS,passed,True,,,,2a1e0148d2c0e325,completed,"{'revision': 1, 'iterations': 32, 'sample_count': 8, 'measurement_iterations_multiplier': 4, 'warmup_iterations': 3, 'gpu_completion_mode': 'per_iteration', 'unit': 'us', 'direction': 'lower_is_better'}"
deck,parent,game_load.cross_title_hotpath.texture_update_reuse,20261005-121428468-9e145a6f6a0a49ad8c31b2097cda377d,4129.375,4050,4138.0,4194,4194,4194,132153,256428.194,8,True,PASS,passed,True,,,,5612bef321a56325,completed,"{'revision': 1, 'iterations': 32, 'sample_count': 8, 'measurement_iterations_multiplier': 4, 'warmup_iterations': 3, 'gpu_completion_mode': 'per_iteration', 'unit': 'us', 'direction': 'lower_is_better'}"
deck,parent,game_load.cross_title_hotpath.surface_reuse,20261005-121428468-9e145a6f6a0a49ad8c31b2097cda377d,20810.375,16062,21698.5,25097,25097,25097,665945,256428.194,8,True,PASS,passed,True,,,,846d9f21b7c6a325,completed,"{'revision': 1, 'iterations': 32, 'sample_count': 8, 'measurement_iterations_multiplier': 4, 'warmup_iterations': 3, 'gpu_completion_mode': 'per_iteration', 'unit': 'us', 'direction': 'lower_is_better'}"
deck,parent,game_load.cross_title_hotpath.pipeline_state_churn,20261005-121428468-9e145a6f6a0a49ad8c31b2097cda377d,136625.25,133213,133726.0,153855,153855,153855,4372018,256428.194,8,True,PASS,passed,True,,,,22f040b2add4a325,completed,"{'revision': 1, 'iterations': 32, 'sample_count': 8, 'measurement_iterations_multiplier': 4, 'warmup_iterations': 3, 'gpu_completion_mode': 'per_iteration', 'unit': 'us', 'direction': 'lower_is_better'}"
deck,parent,game_load.cross_title_hotpath.blend_constant_reuse,20261005-121428468-9e145a6f6a0a49ad8c31b2097cda377d,270405.125,268220,269970.0,274384,274384,274384,8652980,256428.194,8,True,PASS,passed,True,,,,a08ca118008fa325,completed,"{'revision': 1, 'iterations': 32, 'sample_count': 8, 'measurement_iterations_multiplier': 4, 'warmup_iterations': 3, 'gpu_completion_mode': 'per_iteration', 'unit': 'us', 'direction': 'lower_is_better'}"
deck,parent,game_load.cross_title_hotpath.texture_binding_reuse,20261005-121428468-9e145a6f6a0a49ad8c31b2097cda377d,346000.5,337623,343824.0,362956,362956,362956,11072024,256428.194,8,True,PASS,passed,True,,,,dfaaa3022df6a325,completed,"{'revision': 1, 'iterations': 32, 'sample_count': 8, 'measurement_iterations_multiplier': 4, 'warmup_iterations': 3, 'gpu_completion_mode': 'per_iteration', 'unit': 'us', 'direction': 'lower_is_better'}"
deck,parent,game_load.cross_title_hotpath.pgr2_lagspot_inline_elements,20261005-121428468-9e145a6f6a0a49ad8c31b2097cda377d,219820,214182,217049.5,229476,229476,229476,7034253,256428.194,8,True,PASS,passed,True,,,,1289219c28d5a325,completed,"{'revision': 1, 'iterations': 32, 'sample_count': 8, 'measurement_iterations_multiplier': 4, 'warmup_iterations': 3, 'gpu_completion_mode': 'per_iteration', 'unit': 'us', 'direction': 'lower_is_better'}"
deck,parent,game_load.cross_title_hotpath.scaled_surface_pressure,20261005-121428468-9e145a6f6a0a49ad8c31b2097cda377d,2063993.625,1948334,2080499.0,2153478,2153478,2153478,66047805,256428.194,8,True,PASS,passed,True,,,,e81e5b4a4675a325,completed,"{'revision': 1, 'iterations': 32, 'sample_count': 8, 'measurement_iterations_multiplier': 4, 'warmup_iterations': 3, 'gpu_completion_mode': 'per_iteration', 'unit': 'us', 'direction': 'lower_is_better'}"
deck,parent,game_load.cross_title_hotpath.s3tc_streaming_fenced_draws,20261005-121428468-9e145a6f6a0a49ad8c31b2097cda377d,2704004.875,2658939,2701561.5,2767403,2767403,2767403,86528168,256428.194,8,True,PASS,passed,True,,,,a0f51c6c46a52325,completed,"{'revision': 1, 'iterations': 32, 'sample_count': 8, 'measurement_iterations_multiplier': 4, 'warmup_iterations': 3, 'gpu_completion_mode': 'per_iteration', 'unit': 'us', 'direction': 'lower_is_better'}"
deck,parent,game_load.cross_title_hotpath.gpu_wait_control,20261005-121428468-9e145a6f6a0a49ad8c31b2097cda377d,4800.125,4527,4694.5,5344,5344,5344,153612,256428.194,8,True,PASS,passed,True,,,,828855c0a34e2325,completed,"{'revision': 1, 'iterations': 32, 'sample_count': 8, 'measurement_iterations_multiplier': 4, 'warmup_iterations': 3, 'gpu_completion_mode': 'per_iteration', 'unit': 'us', 'direction': 'lower_is_better'}"
deck,parent,game_load.s3tc_sync_factor.dxt1_same_address_wait,20261005-121846937-4bcb99e347a1411d9c814d3b4cce2136,17576.25,16249,16775.5,23718,23718,23718,562455,55379.8131,8,True,PASS,failed,True,True,True,,3403675459d4d3d5,completed,"{'revision': 1, 'iterations': 32, 'sample_count': 8, 'measurement_iterations_multiplier': 4, 'warmup_iterations': 3, 'gpu_completion_mode': 'per_iteration', 'unit': 'us', 'direction': 'lower_is_better'}"
deck,parent,game_load.s3tc_sync_factor.dxt1_same_address_queued,20261005-121846937-4bcb99e347a1411d9c814d3b4cce2136,17710.5,16230,16678.5,25167,25167,25167,566754,55379.8131,8,True,PASS,failed,True,False,False,unsynchronized same-address writes have no defined per-draw source generation,2d29fa9f1104aacd,completed,"{'revision': 1, 'iterations': 32, 'sample_count': 8, 'measurement_iterations_multiplier': 4, 'warmup_iterations': 3, 'gpu_completion_mode': 'per_iteration', 'unit': 'us', 'direction': 'lower_is_better'}"
deck,parent,game_load.s3tc_sync_factor.dxt1_ring_payload_generations,20261005-121846937-4bcb99e347a1411d9c814d3b4cce2136,50097.5,49002,49977.5,51130,51130,51130,1603134,55379.8131,8,True,PASS,failed,True,True,True,,3403675459d4d3d5,completed,"{'revision': 1, 'iterations': 32, 'sample_count': 8, 'measurement_iterations_multiplier': 4, 'warmup_iterations': 3, 'gpu_completion_mode': 'per_iteration', 'unit': 'us', 'direction': 'lower_is_better'}"
deck,parent,game_load.s3tc_sync_factor.dxt1_dirty_once_redraw,20261005-121846937-4bcb99e347a1411d9c814d3b4cce2136,16658.625,16438,16625.5,16895,16895,16895,533089,55379.8131,8,True,PASS,passed,True,True,True,,428c04bbb0a62725,completed,"{'revision': 1, 'iterations': 32, 'sample_count': 8, 'measurement_iterations_multiplier': 4, 'warmup_iterations': 3, 'gpu_completion_mode': 'per_iteration', 'unit': 'us', 'direction': 'lower_is_better'}"
deck,parent,game_load.s3tc_sync_factor.rgba8_same_address_wait,20261005-121846937-4bcb99e347a1411d9c814d3b4cce2136,70396.5,67407,70710.5,71373,71373,71373,2252699,55379.8131,8,True,PASS,passed,True,True,True,,3403675459d4d3d5,completed,"{'revision': 1, 'iterations': 32, 'sample_count': 8, 'measurement_iterations_multiplier': 4, 'warmup_iterations': 3, 'gpu_completion_mode': 'per_iteration', 'unit': 'us', 'direction': 'lower_is_better'}"
deck,parent,game_load.s3tc_sync_factor.rgba8_same_address_queued,20261005-121846937-4bcb99e347a1411d9c814d3b4cce2136,66636.25,66043,66579.0,67312,67312,67312,2132372,55379.8131,8,True,PASS,failed,True,False,False,unsynchronized same-address writes have no defined per-draw source generation,b2dd6dc21626386b,completed,"{'revision': 1, 'iterations': 32, 'sample_count': 8, 'measurement_iterations_multiplier': 4, 'warmup_iterations': 3, 'gpu_completion_mode': 'per_iteration', 'unit': 'us', 'direction': 'lower_is_better'}"
deck,parent,game_load.s3tc_sync_factor.rgba8_ring_payload_generations,20261005-121846937-4bcb99e347a1411d9c814d3b4cce2136,284780,282149,284884.0,288749,288749,288749,9112973,55379.8131,8,True,PASS,passed,True,True,True,,3403675459d4d3d5,completed,"{'revision': 1, 'iterations': 32, 'sample_count': 8, 'measurement_iterations_multiplier': 4, 'warmup_iterations': 3, 'gpu_completion_mode': 'per_iteration', 'unit': 'us', 'direction': 'lower_is_better'}"
deck,parent,game_load.s3tc_sync_factor.rgba8_dirty_once_redraw,20261005-121846937-4bcb99e347a1411d9c814d3b4cce2136,16599.375,16165,16636.5,17042,17042,17042,531194,55379.8131,8,True,PASS,passed,True,True,True,,428c04bbb0a62725,completed,"{'revision': 1, 'iterations': 32, 'sample_count': 8, 'measurement_iterations_multiplier': 4, 'warmup_iterations': 3, 'gpu_completion_mode': 'per_iteration', 'unit': 'us', 'direction': 'lower_is_better'}"
deck,parent,game_load.s3tc_sync_factor.bc2_native_eligible,20261005-121846937-4bcb99e347a1411d9c814d3b4cce2136,83367.25,82413,83453.0,84123,84123,84123,2667766,55379.8131,8,True,PASS,failed,True,True,True,,3403675459d4d3d5,completed,"{'revision': 1, 'iterations': 32, 'sample_count': 8, 'measurement_iterations_multiplier': 4, 'warmup_iterations': 3, 'gpu_completion_mode': 'per_iteration', 'unit': 'us', 'direction': 'lower_is_better'}"
deck,parent,game_load.s3tc_sync_factor.bc2_bordered_fallback,20261005-121846937-4bcb99e347a1411d9c814d3b4cce2136,208990,199567,210675.5,219348,219348,219348,6687693,55379.8131,8,True,PASS,passed,True,True,True,,db28300321744de5,completed,"{'revision': 1, 'iterations': 32, 'sample_count': 8, 'measurement_iterations_multiplier': 4, 'warmup_iterations': 3, 'gpu_completion_mode': 'per_iteration', 'unit': 'us', 'direction': 'lower_is_better'}"
deck,parent,game_load.s3tc_sync_factor.bc3_native_eligible,20261005-121846937-4bcb99e347a1411d9c814d3b4cce2136,83770.875,82187,83569.5,86897,86897,86897,2680679,55379.8131,8,True,PASS,failed,True,True,True,,3403675459d4d3d5,completed,"{'revision': 1, 'iterations': 32, 'sample_count': 8, 'measurement_iterations_multiplier': 4, 'warmup_iterations': 3, 'gpu_completion_mode': 'per_iteration', 'unit': 'us', 'direction': 'lower_is_better'}"
deck,parent,game_load.s3tc_sync_factor.bc3_bordered_fallback,20261005-121846937-4bcb99e347a1411d9c814d3b4cce2136,200043.375,198649,200333.0,200962,200962,200962,6401399,55379.8131,8,True,PASS,passed,True,True,True,,db28300321744de5,completed,"{'revision': 1, 'iterations': 32, 'sample_count': 8, 'measurement_iterations_multiplier': 4, 'warmup_iterations': 3, 'gpu_completion_mode': 'per_iteration', 'unit': 'us', 'direction': 'lower_is_better'}"
deck,parent,game_load.repeated_display,20261005-121944380-4944d8151ada4c59835f3a045588ae71,16617,16244,16652.5,16930,16930,16930,531763,36687.4111,8,True,PASS,passed,True,,,,36f446003b9d6325,completed,"{'revision': 1, 'iterations': 32, 'sample_count': 8, 'measurement_iterations_multiplier': 4, 'warmup_iterations': 3, 'gpu_completion_mode': 'per_iteration', 'unit': 'us', 'direction': 'lower_is_better'}"
deck,parent,game_load.repeated_display_boosted,20261005-121944380-4944d8151ada4c59835f3a045588ae71,49990.125,49952,49998.5,50016,50016,50016,1599696,36687.4111,8,True,PASS,passed,True,,,,b2bc760cb1fba325,completed,"{'revision': 1, 'iterations': 32, 'sample_count': 8, 'measurement_iterations_multiplier': 4, 'warmup_iterations': 3, 'gpu_completion_mode': 'per_iteration', 'unit': 'us', 'direction': 'lower_is_better'}"
deck,parent,game_load.doax_menu_representative.cpu_only,20261005-121944380-4944d8151ada4c59835f3a045588ae71,22518,21233,22221.5,25160,25160,25160,720589,36687.4111,8,True,PASS,passed,True,,,,5abb9d9faaa22325,completed,"{'revision': 1, 'iterations': 32, 'sample_count': 8, 'measurement_iterations_multiplier': 4, 'warmup_iterations': 3, 'gpu_completion_mode': 'per_iteration', 'unit': 'us', 'direction': 'lower_is_better'}"
deck,parent,game_load.doax_menu_representative.pfifo_only,20261005-121944380-4944d8151ada4c59835f3a045588ae71,4626.5,4362,4569.0,4953,4953,4953,148064,36687.4111,8,True,PASS,passed,True,,,,f9826bbdd7912325,completed,"{'revision': 1, 'iterations': 32, 'sample_count': 8, 'measurement_iterations_multiplier': 4, 'warmup_iterations': 3, 'gpu_completion_mode': 'per_iteration', 'unit': 'us', 'direction': 'lower_is_better'}"
deck,parent,game_load.doax_menu_representative.gpu_only,20261005-121944380-4944d8151ada4c59835f3a045588ae71,52406.25,50007,52161.5,56503,56503,56503,1677015,36687.4111,8,True,PASS,passed,True,,,,d3984ab7dcb8e325,completed,"{'revision': 1, 'iterations': 32, 'sample_count': 8, 'measurement_iterations_multiplier': 4, 'warmup_iterations': 3, 'gpu_completion_mode': 'per_iteration', 'unit': 'us', 'direction': 'lower_is_better'}"
deck,parent,game_load.doax_menu_representative.streaming_only,20261005-121944380-4944d8151ada4c59835f3a045588ae71,19633,18589,19673.0,20443,20443,20443,628266,36687.4111,8,True,PASS,passed,True,,,,491294aadc23a325,completed,"{'revision': 1, 'iterations': 32, 'sample_count': 8, 'measurement_iterations_multiplier': 4, 'warmup_iterations': 3, 'gpu_completion_mode': 'per_iteration', 'unit': 'us', 'direction': 'lower_is_better'}"
deck,parent,game_load.doax_menu_representative.cpu_pfifo_gpu,20261005-121944380-4944d8151ada4c59835f3a045588ae71,74794.5,70854,75277.5,77949,77949,77949,2393430,36687.4111,8,True,PASS,failed,True,,,,5d530c66b8da2325,completed,"{'revision': 1, 'iterations': 32, 'sample_count': 8, 'measurement_iterations_multiplier': 4, 'warmup_iterations': 3, 'gpu_completion_mode': 'per_iteration', 'unit': 'us', 'direction': 'lower_is_better'}"
deck,parent,game_load.doax_menu_representative.cpu_pfifo_gpu_streaming,20261005-121944380-4944d8151ada4c59835f3a045588ae71,90233.5,86182,89224.0,97957,97957,97957,2887483,36687.4111,8,True,PASS,passed,True,,,,9e98944350a52325,completed,"{'revision': 1, 'iterations': 32, 'sample_count': 8, 'measurement_iterations_multiplier': 4, 'warmup_iterations': 3, 'gpu_completion_mode': 'per_iteration', 'unit': 'us', 'direction': 'lower_is_better'}"
deck,parent,game_load.doax_menu_representative.full_system,20261005-121944380-4944d8151ada4c59835f3a045588ae71,92613.625,88194,92555.0,98714,98714,98714,2963651,36687.4111,8,True,PASS,passed,True,,,,7896e875a8ad2325,completed,"{'revision': 1, 'iterations': 32, 'sample_count': 8, 'measurement_iterations_multiplier': 4, 'warmup_iterations': 3, 'gpu_completion_mode': 'per_iteration', 'unit': 'us', 'direction': 'lower_is_better'}"
deck,parent,game_load.doax_menu_stress.cpu_only,20261005-121944380-4944d8151ada4c59835f3a045588ae71,45497,42839,44852.5,49708,49708,49708,1455914,36687.4111,8,True,PASS,passed,True,,,,4b7c157e1e9ce325,completed,"{'revision': 1, 'iterations': 32, 'sample_count': 8, 'measurement_iterations_multiplier': 4, 'warmup_iterations': 3, 'gpu_completion_mode': 'per_iteration', 'unit': 'us', 'direction': 'lower_is_better'}"
deck,parent,game_load.doax_menu_stress.pfifo_only,20261005-121944380-4944d8151ada4c59835f3a045588ae71,8990.125,8459,8745.0,9980,9980,9980,287698,36687.4111,8,True,PASS,passed,True,,,,f46d8f2a39a6e325,completed,"{'revision': 1, 'iterations': 32, 'sample_count': 8, 'measurement_iterations_multiplier': 4, 'warmup_iterations': 3, 'gpu_completion_mode': 'per_iteration', 'unit': 'us', 'direction': 'lower_is_better'}"
deck,parent,game_load.doax_menu_stress.gpu_only,20261005-121944380-4944d8151ada4c59835f3a045588ae71,94089.25,89870,93515.0,103166,103166,103166,3010868,36687.4111,8,True,PASS,passed,True,,,,bcaf8b0e8de5a325,completed,"{'revision': 1, 'iterations': 32, 'sample_count': 8, 'measurement_iterations_multiplier': 4, 'warmup_iterations': 3, 'gpu_completion_mode': 'per_iteration', 'unit': 'us', 'direction': 'lower_is_better'}"
deck,parent,game_load.doax_menu_stress.streaming_only,20261005-122023114-21e9d76ae74248a289c3ec8969db17a6,32052.875,22337,31913.0,40302,40302,40302,1025698,85304.0185,8,True,PASS,passed,True,,,,06e0eccda97d2325,completed,"{'revision': 1, 'iterations': 32, 'sample_count': 8, 'measurement_iterations_multiplier': 4, 'warmup_iterations': 3, 'gpu_completion_mode': 'per_iteration', 'unit': 'us', 'direction': 'lower_is_better'}"
deck,parent,game_load.doax_menu_stress.cpu_pfifo_gpu,20261005-122023114-21e9d76ae74248a289c3ec8969db17a6,148011,141744,146473.5,161673,161673,161673,4736363,85304.0185,8,True,PASS,failed,True,,,,30f332d7669ba325,completed,"{'revision': 1, 'iterations': 32, 'sample_count': 8, 'measurement_iterations_multiplier': 4, 'warmup_iterations': 3, 'gpu_completion_mode': 'per_iteration', 'unit': 'us', 'direction': 'lower_is_better'}"
deck,parent,game_load.doax_menu_stress.cpu_pfifo_gpu_streaming,20261005-122023114-21e9d76ae74248a289c3ec8969db17a6,173731.25,167916,172254.0,179311,179311,179311,5559410,85304.0185,8,True,PASS,passed,True,,,,d4d9dedf3ef06325,completed,"{'revision': 1, 'iterations': 32, 'sample_count': 8, 'measurement_iterations_multiplier': 4, 'warmup_iterations': 3, 'gpu_completion_mode': 'per_iteration', 'unit': 'us', 'direction': 'lower_is_better'}"
deck,parent,game_load.doax_menu_stress.full_system,20261005-122023114-21e9d76ae74248a289c3ec8969db17a6,173453.625,162058,172525.0,181687,181687,181687,5550527,85304.0185,8,True,PASS,passed,True,,,,8cf51e8eb67fa325,completed,"{'revision': 1, 'iterations': 32, 'sample_count': 8, 'measurement_iterations_multiplier': 4, 'warmup_iterations': 3, 'gpu_completion_mode': 'per_iteration', 'unit': 'us', 'direction': 'lower_is_better'}"
deck,parent,game_load.pgr2_ai_backup.cpu_only,20261005-122023114-21e9d76ae74248a289c3ec8969db17a6,73807.125,69631,73762.5,80894,80894,80894,2361839,85304.0185,8,True,PASS,passed,True,,,,e6df98b3e513a325,completed,"{'revision': 1, 'iterations': 32, 'sample_count': 8, 'measurement_iterations_multiplier': 4, 'warmup_iterations': 3, 'gpu_completion_mode': 'per_iteration', 'unit': 'us', 'direction': 'lower_is_better'}"
deck,parent,game_load.pgr2_ai_backup.pfifo_only,20261005-122023114-21e9d76ae74248a289c3ec8969db17a6,33176.875,31572,33606.0,35249,35249,35249,1061668,85304.0185,8,True,PASS,passed,True,,,,e57ef83b3a66e325,completed,"{'revision': 1, 'iterations': 32, 'sample_count': 8, 'measurement_iterations_multiplier': 4, 'warmup_iterations': 3, 'gpu_completion_mode': 'per_iteration', 'unit': 'us', 'direction': 'lower_is_better'}"
deck,parent,game_load.pgr2_ai_backup.gpu_only,20261005-122023114-21e9d76ae74248a289c3ec8969db17a6,246771.25,239115,247512.0,253113,253113,253113,7896693,85304.0185,8,True,PASS,passed,True,,,,02ffd9b12aa96325,completed,"{'revision': 1, 'iterations': 32, 'sample_count': 8, 'measurement_iterations_multiplier': 4, 'warmup_iterations': 3, 'gpu_completion_mode': 'per_iteration', 'unit': 'us', 'direction': 'lower_is_better'}"
deck,parent,game_load.pgr2_ai_backup.streaming_only,20261005-122023114-21e9d76ae74248a289c3ec8969db17a6,9585.75,7095,10028.0,10590,10590,10590,306761,85304.0185,8,True,PASS,passed,True,,,,155df5f182392325,completed,"{'revision': 1, 'iterations': 32, 'sample_count': 8, 'measurement_iterations_multiplier': 4, 'warmup_iterations': 3, 'gpu_completion_mode': 'per_iteration', 'unit': 'us', 'direction': 'lower_is_better'}"
deck,parent,game_load.pgr2_ai_backup.cpu_pfifo_gpu,20261005-122023114-21e9d76ae74248a289c3ec8969db17a6,349525.25,339518,348187.0,362204,362204,362204,11184820,85304.0185,8,True,PASS,failed,True,,,,519ce083c370e325,completed,"{'revision': 1, 'iterations': 32, 'sample_count': 8, 'measurement_iterations_multiplier': 4, 'warmup_iterations': 3, 'gpu_completion_mode': 'per_iteration', 'unit': 'us', 'direction': 'lower_is_better'}"
deck,parent,game_load.pgr2_ai_backup.cpu_pfifo_gpu_streaming,20261005-122023114-21e9d76ae74248a289c3ec8969db17a6,362775.875,354146,360913.5,377098,377098,377098,11608841,85304.0185,8,True,PASS,passed,True,,,,66a43765efc02325,completed,"{'revision': 1, 'iterations': 32, 'sample_count': 8, 'measurement_iterations_multiplier': 4, 'warmup_iterations': 3, 'gpu_completion_mode': 'per_iteration', 'unit': 'us', 'direction': 'lower_is_better'}"
deck,parent,game_load.pgr2_ai_backup.full_system,20261005-122023114-21e9d76ae74248a289c3ec8969db17a6,359615.375,350139,358396.5,373584,373584,373584,11507706,85304.0185,8,True,PASS,passed,True,,,,55485325870d6325,completed,"{'revision': 1, 'iterations': 32, 'sample_count': 8, 'measurement_iterations_multiplier': 4, 'warmup_iterations': 3, 'gpu_completion_mode': 'per_iteration', 'unit': 'us', 'direction': 'lower_is_better'}"
deck,parent,high_vertex_count.arrays,20261005-122150485-498f1e531d49446ebea249430823d31c,177.56,117,132.0,385,481,613,71161,38958.8816,100,True,PASS,failed,True,,,,e67a1ce72784a588,completed,"{'revision': 1, 'iterations': 400, 'sample_count': 100, 'measurement_iterations_multiplier': 4, 'warmup_iterations': 3, 'gpu_completion_mode': 'per_iteration', 'unit': 'us', 'direction': 'lower_is_better'}"
deck,parent,high_vertex_count.inline_arrays,20261005-122150485-498f1e531d49446ebea249430823d31c,116232.1,106986,112521.0,137107,137107,137107,4649301,38958.8816,10,True,PASS,failed,True,,,,e67a1ce72784a588,completed,"{'revision': 1, 'iterations': 40, 'sample_count': 10, 'measurement_iterations_multiplier': 4, 'warmup_iterations': 3, 'gpu_completion_mode': 'per_iteration', 'unit': 'us', 'direction': 'lower_is_better'}"
deck,parent,high_vertex_count.inline_buffers,20261005-122150485-498f1e531d49446ebea249430823d31c,641686,625938,642974,654560,654560,654560,12833726,38958.8816,5,True,PASS,failed,True,,,,e67a1ce72784a588,completed,"{'revision': 1, 'iterations': 20, 'sample_count': 5, 'measurement_iterations_multiplier': 4, 'warmup_iterations': 3, 'gpu_completion_mode': 'per_iteration', 'unit': 'us', 'direction': 'lower_is_better'}"
deck,parent,high_vertex_count.inline_elements,20261005-122150485-498f1e531d49446ebea249430823d31c,6564.58,6008,6343.5,7847,8263,8263,1312987,38958.8816,50,True,PASS,failed,True,,,,e67a1ce72784a588,completed,"{'revision': 1, 'iterations': 200, 'sample_count': 50, 'measurement_iterations_multiplier': 4, 'warmup_iterations': 3, 'gpu_completion_mode': 'per_iteration', 'unit': 'us', 'direction': 'lower_is_better'}"
deck,parent,primitive_type.line_loop.fixed_function,20261005-122150485-498f1e531d49446ebea249430823d31c,2346.9,1891,2394.5,2592,2592,2592,93890,38958.8816,10,True,PASS,failed,True,,,,4024a5cb9bd0fa4e,completed,"{'revision': 1, 'iterations': 40, 'sample_count': 10, 'measurement_iterations_multiplier': 4, 'warmup_iterations': 3, 'gpu_completion_mode': 'per_iteration', 'unit': 'us', 'direction': 'lower_is_better'}"
deck,parent,primitive_type.line_loop.vertex_shader,20261005-122150485-498f1e531d49446ebea249430823d31c,3032.1,2159,2527.5,5288,5288,5288,121297,38958.8816,10,True,PASS,failed,True,,,,4024a5cb9bd0fa4e,completed,"{'revision': 1, 'iterations': 40, 'sample_count': 10, 'measurement_iterations_multiplier': 4, 'warmup_iterations': 3, 'gpu_completion_mode': 'per_iteration', 'unit': 'us', 'direction': 'lower_is_better'}"
deck,parent,primitive_type.line_strip.fixed_function,20261005-122150485-498f1e531d49446ebea249430823d31c,1560,1386,1610.5,1729,1729,1729,62416,38958.8816,10,True,PASS,failed,True,,,,4024a5cb9bd0fa4e,completed,"{'revision': 1, 'iterations': 40, 'sample_count': 10, 'measurement_iterations_multiplier': 4, 'warmup_iterations': 3, 'gpu_completion_mode': 'per_iteration', 'unit': 'us', 'direction': 'lower_is_better'}"
deck,parent,primitive_type.line_strip.vertex_shader,20261005-122150485-498f1e531d49446ebea249430823d31c,1289.1,1183,1302.0,1347,1347,1347,51581,38958.8816,10,True,PASS,failed,True,,,,4024a5cb9bd0fa4e,completed,"{'revision': 1, 'iterations': 40, 'sample_count': 10, 'measurement_iterations_multiplier': 4, 'warmup_iterations': 3, 'gpu_completion_mode': 'per_iteration', 'unit': 'us', 'direction': 'lower_is_better'}"
deck,parent,primitive_type.lines.fixed_function,20261005-122150485-498f1e531d49446ebea249430823d31c,4454.2,3663,4559.5,5041,5041,5041,178186,38958.8816,10,True,PASS,failed,True,,,,5440c372c6a2a101,completed,"{'revision': 1, 'iterations': 40, 'sample_count': 10, 'measurement_iterations_multiplier': 4, 'warmup_iterations': 3, 'gpu_completion_mode': 'per_iteration', 'unit': 'us', 'direction': 'lower_is_better'}"
deck,parent,primitive_type.lines.vertex_shader,20261005-122150485-498f1e531d49446ebea249430823d31c,4410.4,3779,4474.5,4790,4790,4790,176431,38958.8816,10,True,PASS,failed,True,,,,5440c372c6a2a101,completed,"{'revision': 1, 'iterations': 40, 'sample_count': 10, 'measurement_iterations_multiplier': 4, 'warmup_iterations': 3, 'gpu_completion_mode': 'per_iteration', 'unit': 'us', 'direction': 'lower_is_better'}"
deck,parent,primitive_type.points.fixed_function,20261005-122150485-498f1e531d49446ebea249430823d31c,2140.2,1973,2101.0,2427,2427,2427,85628,38958.8816,10,True,PASS,failed,True,,,,6813f0dbe94bac3c,completed,"{'revision': 1, 'iterations': 40, 'sample_count': 10, 'measurement_iterations_multiplier': 4, 'warmup_iterations': 3, 'gpu_completion_mode': 'per_iteration', 'unit': 'us', 'direction': 'lower_is_better'}"
deck,parent,primitive_type.points.vertex_shader,20261005-122150485-498f1e531d49446ebea249430823d31c,2355,2148,2268.0,2753,2753,2753,94217,38958.8816,10,True,PASS,failed,True,,,,6813f0dbe94bac3c,completed,"{'revision': 1, 'iterations': 40, 'sample_count': 10, 'measurement_iterations_multiplier': 4, 'warmup_iterations': 3, 'gpu_completion_mode': 'per_iteration', 'unit': 'us', 'direction': 'lower_is_better'}"
deck,parent,primitive_type.polygon.fixed_function,20261005-122231486-c740d3e215cf469e8e579ad9faa91ed4,2863.9,2283,2918.5,3198,3198,3198,114563,18838.2939,10,True,PASS,failed,True,,,,e0d0b9dbefa71269,completed,"{'revision': 1, 'iterations': 40, 'sample_count': 10, 'measurement_iterations_multiplier': 4, 'warmup_iterations': 3, 'gpu_completion_mode': 'per_iteration', 'unit': 'us', 'direction': 'lower_is_better'}"
deck,parent,primitive_type.polygon.vertex_shader,20261005-122231486-c740d3e215cf469e8e579ad9faa91ed4,6293.3,5526,6324.0,7349,7349,7349,251755,18838.2939,10,True,PASS,failed,True,,,,e0d0b9dbefa71269,completed,"{'revision': 1, 'iterations': 40, 'sample_count': 10, 'measurement_iterations_multiplier': 4, 'warmup_iterations': 3, 'gpu_completion_mode': 'per_iteration', 'unit': 'us', 'direction': 'lower_is_better'}"
deck,parent,primitive_type.quad_strip.fixed_function,20261005-122231486-c740d3e215cf469e8e579ad9faa91ed4,7427.5,4226,5994.5,12177,12177,12177,297118,18838.2939,10,True,PASS,failed,True,,,,e1f46a0779ee1f21,completed,"{'revision': 1, 'iterations': 40, 'sample_count': 10, 'measurement_iterations_multiplier': 4, 'warmup_iterations': 3, 'gpu_completion_mode': 'per_iteration', 'unit': 'us', 'direction': 'lower_is_better'}"
deck,parent,primitive_type.quad_strip.vertex_shader,20261005-122231486-c740d3e215cf469e8e579ad9faa91ed4,4403.7,3962,4419.0,4894,4894,4894,176158,18838.2939,10,True,PASS,failed,True,,,,e1f46a0779ee1f21,completed,"{'revision': 1, 'iterations': 40, 'sample_count': 10, 'measurement_iterations_multiplier': 4, 'warmup_iterations': 3, 'gpu_completion_mode': 'per_iteration', 'unit': 'us', 'direction': 'lower_is_better'}"
deck,parent,primitive_type.quads.fixed_function,20261005-122231486-c740d3e215cf469e8e579ad9faa91ed4,7012.4,4431,7937.0,8612,8612,8612,280512,18838.2939,10,True,PASS,failed,True,,,,d14f30833e638324,completed,"{'revision': 1, 'iterations': 40, 'sample_count': 10, 'measurement_iterations_multiplier': 4, 'warmup_iterations': 3, 'gpu_completion_mode': 'per_iteration', 'unit': 'us', 'direction': 'lower_is_better'}"
deck,parent,primitive_type.quads.vertex_shader,20261005-122231486-c740d3e215cf469e8e579ad9faa91ed4,7379.3,4642,7757.5,9038,9038,9038,295186,18838.2939,10,True,PASS,failed,True,,,,d14f30833e638324,completed,"{'revision': 1, 'iterations': 40, 'sample_count': 10, 'measurement_iterations_multiplier': 4, 'warmup_iterations': 3, 'gpu_completion_mode': 'per_iteration', 'unit': 'us', 'direction': 'lower_is_better'}"
deck,parent,primitive_type.triangle_fan.fixed_function,20261005-122231486-c740d3e215cf469e8e579ad9faa91ed4,1594.3,1479,1605.5,1636,1636,1636,63785,18838.2939,10,True,PASS,failed,True,,,,eadb3b4945fe25df,completed,"{'revision': 1, 'iterations': 40, 'sample_count': 10, 'measurement_iterations_multiplier': 4, 'warmup_iterations': 3, 'gpu_completion_mode': 'per_iteration', 'unit': 'us', 'direction': 'lower_is_better'}"
deck,parent,primitive_type.triangle_fan.vertex_shader,20261005-122231486-c740d3e215cf469e8e579ad9faa91ed4,1644,1495,1656.0,1867,1867,1867,65770,18838.2939,10,True,PASS,failed,True,,,,eadb3b4945fe25df,completed,"{'revision': 1, 'iterations': 40, 'sample_count': 10, 'measurement_iterations_multiplier': 4, 'warmup_iterations': 3, 'gpu_completion_mode': 'per_iteration', 'unit': 'us', 'direction': 'lower_is_better'}"
deck,parent,primitive_type.triangle_strip.fixed_function,20261005-122231486-c740d3e215cf469e8e579ad9faa91ed4,2158.5,1902,2224.0,2399,2399,2399,86353,18838.2939,10,True,PASS,failed,True,,,,ee7f6eeeb2263031,completed,"{'revision': 1, 'iterations': 40, 'sample_count': 10, 'measurement_iterations_multiplier': 4, 'warmup_iterations': 3, 'gpu_completion_mode': 'per_iteration', 'unit': 'us', 'direction': 'lower_is_better'}"
deck,parent,primitive_type.triangle_strip.vertex_shader,20261005-122231486-c740d3e215cf469e8e579ad9faa91ed4,2243.2,2017,2228.0,2494,2494,2494,89746,18838.2939,10,True,PASS,failed,True,,,,ee7f6eeeb2263031,completed,"{'revision': 1, 'iterations': 40, 'sample_count': 10, 'measurement_iterations_multiplier': 4, 'warmup_iterations': 3, 'gpu_completion_mode': 'per_iteration', 'unit': 'us', 'direction': 'lower_is_better'}"
deck,parent,primitive_type.triangles.fixed_function,20261005-122231486-c740d3e215cf469e8e579ad9faa91ed4,5822.9,3675,6113.0,6547,6547,6547,232929,18838.2939,10,True,PASS,failed,True,,,,a53b3ecbc7019828,completed,"{'revision': 1, 'iterations': 40, 'sample_count': 10, 'measurement_iterations_multiplier': 4, 'warmup_iterations': 3, 'gpu_completion_mode': 'per_iteration', 'unit': 'us', 'direction': 'lower_is_better'}"
deck,parent,primitive_type.triangles.vertex_shader,20261005-122231486-c740d3e215cf469e8e579ad9faa91ed4,6162.7,3981,6528.5,7311,7311,7311,246524,18838.2939,10,True,PASS,failed,True,,,,a53b3ecbc7019828,completed,"{'revision': 1, 'iterations': 40, 'sample_count': 10, 'measurement_iterations_multiplier': 4, 'warmup_iterations': 3, 'gpu_completion_mode': 'per_iteration', 'unit': 'us', 'direction': 'lower_is_better'}"
deck,parent,texture_cubemap_fallback.bordered_palette_size1,20261005-122252391-73c3ccc3794c4eefbc75d5d296696b89,16641.25,16465,16656.0,16814,16814,16814,532533,133066.9605,8,True,FAIL,failed,True,,,,56d00ed89334a325,completed,"{'revision': 1, 'iterations': 32, 'sample_count': 8, 'measurement_iterations_multiplier': 4, 'warmup_iterations': 3, 'gpu_completion_mode': 'per_iteration', 'unit': 'us', 'direction': 'lower_is_better'}"
deck,parent,texture_cubemap_fallback.bordered_palette_size2,20261005-122252391-73c3ccc3794c4eefbc75d5d296696b89,16571.25,15999,16672.5,16781,16781,16781,530293,133066.9605,8,True,FAIL,failed,True,,,,bb93d50a6b1ba325,completed,"{'revision': 1, 'iterations': 32, 'sample_count': 8, 'measurement_iterations_multiplier': 4, 'warmup_iterations': 3, 'gpu_completion_mode': 'per_iteration', 'unit': 'us', 'direction': 'lower_is_better'}"
deck,parent,texture_cubemap_fallback.bordered_palette_size4,20261005-122252391-73c3ccc3794c4eefbc75d5d296696b89,16643,16521,16633.0,16758,16758,16758,532589,133066.9605,8,True,FAIL,failed,True,,,,55460e1d2302a325,completed,"{'revision': 1, 'iterations': 32, 'sample_count': 8, 'measurement_iterations_multiplier': 4, 'warmup_iterations': 3, 'gpu_completion_mode': 'per_iteration', 'unit': 'us', 'direction': 'lower_is_better'}"
deck,parent,texture_cubemap_fallback.bordered_palette_size8,20261005-122252391-73c3ccc3794c4eefbc75d5d296696b89,16664.25,16558,16659.5,16766,16766,16766,533274,133066.9605,8,True,FAIL,failed,True,,,,53ccfb3cac5633d3,completed,"{'revision': 1, 'iterations': 32, 'sample_count': 8, 'measurement_iterations_multiplier': 4, 'warmup_iterations': 3, 'gpu_completion_mode': 'per_iteration', 'unit': 'us', 'direction': 'lower_is_better'}"
deck,parent,texture_cubemap_fallback.bordered_r6g5b5_size1,20261005-122252391-73c3ccc3794c4eefbc75d5d296696b89,16658.625,16580,16664.0,16703,16703,16703,533089,133066.9605,8,True,FAIL,failed,True,,,,56d00ed89334a325,completed,"{'revision': 1, 'iterations': 32, 'sample_count': 8, 'measurement_iterations_multiplier': 4, 'warmup_iterations': 3, 'gpu_completion_mode': 'per_iteration', 'unit': 'us', 'direction': 'lower_is_better'}"
deck,parent,texture_cubemap_fallback.bordered_r6g5b5_size2,20261005-122252391-73c3ccc3794c4eefbc75d5d296696b89,16658.125,16572,16662.5,16727,16727,16727,533077,133066.9605,8,True,FAIL,failed,True,,,,0e8ba11521b73f45,completed,"{'revision': 1, 'iterations': 32, 'sample_count': 8, 'measurement_iterations_multiplier': 4, 'warmup_iterations': 3, 'gpu_completion_mode': 'per_iteration', 'unit': 'us', 'direction': 'lower_is_better'}"
deck,parent,texture_cubemap_fallback.bordered_r6g5b5_size4,20261005-122252391-73c3ccc3794c4eefbc75d5d296696b89,16651.125,16567,16649.5,16713,16713,16713,532849,133066.9605,8,True,FAIL,failed,True,,,,31dbcc2110e01525,completed,"{'revision': 1, 'iterations': 32, 'sample_count': 8, 'measurement_iterations_multiplier': 4, 'warmup_iterations': 3, 'gpu_completion_mode': 'per_iteration', 'unit': 'us', 'direction': 'lower_is_better'}"
deck,parent,texture_cubemap_fallback.bordered_rgba8_size1,20261005-122252391-73c3ccc3794c4eefbc75d5d296696b89,16651.875,16567,16663.5,16709,16709,16709,532875,133066.9605,8,True,FAIL,failed,True,,,,56d00ed89334a325,completed,"{'revision': 1, 'iterations': 32, 'sample_count': 8, 'measurement_iterations_multiplier': 4, 'warmup_iterations': 3, 'gpu_completion_mode': 'per_iteration', 'unit': 'us', 'direction': 'lower_is_better'}"
deck,parent,texture_cubemap_fallback.bordered_rgba8_size2,20261005-122252391-73c3ccc3794c4eefbc75d5d296696b89,16658.25,16539,16661.5,16745,16745,16745,533073,133066.9605,8,True,FAIL,failed,True,,,,bb93d50a6b1ba325,completed,"{'revision': 1, 'iterations': 32, 'sample_count': 8, 'measurement_iterations_multiplier': 4, 'warmup_iterations': 3, 'gpu_completion_mode': 'per_iteration', 'unit': 'us', 'direction': 'lower_is_better'}"
deck,parent,texture_cubemap_fallback.bordered_rgba8_size4,20261005-122252391-73c3ccc3794c4eefbc75d5d296696b89,16648.125,16475,16661.5,16745,16745,16745,532750,133066.9605,8,True,FAIL,failed,True,,,,55460e1d2302a325,completed,"{'revision': 1, 'iterations': 32, 'sample_count': 8, 'measurement_iterations_multiplier': 4, 'warmup_iterations': 3, 'gpu_completion_mode': 'per_iteration', 'unit': 'us', 'direction': 'lower_is_better'}"
deck,parent,texture_cubemap_fallback.bordered_rgba8_size8,20261005-122252391-73c3ccc3794c4eefbc75d5d296696b89,16647.875,16598,16646.0,16685,16685,16685,532738,133066.9605,8,True,FAIL,failed,True,,,,f3129198a7b005f5,completed,"{'revision': 1, 'iterations': 32, 'sample_count': 8, 'measurement_iterations_multiplier': 4, 'warmup_iterations': 3, 'gpu_completion_mode': 'per_iteration', 'unit': 'us', 'direction': 'lower_is_better'}"
deck,parent,texture_cubemap_fallback.unbordered_subblock_dxt1,20261005-122252391-73c3ccc3794c4eefbc75d5d296696b89,16668.125,16585,16677.5,16735,16735,16735,533395,133066.9605,8,True,PASS,passed,True,,,,be0f2013c1997ca5,completed,"{'revision': 1, 'iterations': 32, 'sample_count': 8, 'measurement_iterations_multiplier': 4, 'warmup_iterations': 3, 'gpu_completion_mode': 'per_iteration', 'unit': 'us', 'direction': 'lower_is_better'}"
deck,parent,texture_cubemap_fallback.bordered_r6g5b5_size8,20261005-122507513-2c3db9cb759946ffb6542f718a0da7f2,16625.75,16413,16589.0,17048,17048,17048,532039,24716.1383,8,True,FAIL,failed,True,,,,72ca2acdd1d976a5,completed,"{'revision': 1, 'iterations': 32, 'sample_count': 8, 'measurement_iterations_multiplier': 4, 'warmup_iterations': 3, 'gpu_completion_mode': 'per_iteration', 'unit': 'us', 'direction': 'lower_is_better'}"
deck,parent,surface.basic,20261005-122534266-b53949f565734e0590764d5b40a8abb1,41031.3,35366,41356.0,48032,48032,48032,1641259,34941.4246,10,True,PASS,failed,True,,,,cf6533efef4c476e,completed,"{'revision': 1, 'iterations': 40, 'sample_count': 10, 'measurement_iterations_multiplier': 4, 'warmup_iterations': 3, 'gpu_completion_mode': 'per_iteration', 'unit': 'us', 'direction': 'lower_is_better'}"
deck,parent,surface.cpu_read_after_gpu_write,20261005-122534266-b53949f565734e0590764d5b40a8abb1,4030.8,3637,3918.0,4744,5229,5229,322495,34941.4246,20,True,PASS,passed,True,,,,572720976b602325,completed,"{'revision': 1, 'iterations': 80, 'sample_count': 20, 'measurement_iterations_multiplier': 4, 'warmup_iterations': 3, 'gpu_completion_mode': 'per_iteration', 'unit': 'us', 'direction': 'lower_is_better'}"
deck,parent,surface.cpu_read_clean_surface,20261005-122534266-b53949f565734e0590764d5b40a8abb1,374.5,120,378.0,569,590,652,149952,34941.4246,100,True,PASS,passed,True,,,,aa32af524aa52325,completed,"{'revision': 1, 'iterations': 400, 'sample_count': 100, 'measurement_iterations_multiplier': 4, 'warmup_iterations': 3, 'gpu_completion_mode': 'per_iteration', 'unit': 'us', 'direction': 'lower_is_better'}"
deck,parent,surface.framebuffer_working_set_002,20261005-122534266-b53949f565734e0590764d5b40a8abb1,5363,4052,5322.5,6100,6309,6309,429071,34941.4246,20,True,PASS,failed,True,,,,cb732f2ae5736b2d,completed,"{'revision': 1, 'iterations': 80, 'sample_count': 20, 'measurement_iterations_multiplier': 4, 'warmup_iterations': 3, 'gpu_completion_mode': 'per_iteration', 'unit': 'us', 'direction': 'lower_is_better'}"
deck,parent,surface.framebuffer_working_set_008,20261005-122534266-b53949f565734e0590764d5b40a8abb1,4720.6,2897,5253.0,6041,6405,6405,377667,34941.4246,20,True,PASS,failed,True,,,,7ffda0d97cce712d,completed,"{'revision': 1, 'iterations': 80, 'sample_count': 20, 'measurement_iterations_multiplier': 4, 'warmup_iterations': 3, 'gpu_completion_mode': 'per_iteration', 'unit': 'us', 'direction': 'lower_is_better'}"
deck,parent,surface.framebuffer_working_set_032,20261005-122534266-b53949f565734e0590764d5b40a8abb1,5118.8,3019,5359.0,6186,6560,6560,409533,34941.4246,20,True,PASS,failed,True,,,,2baad45ae0ed71a5,completed,"{'revision': 1, 'iterations': 80, 'sample_count': 20, 'measurement_iterations_multiplier': 4, 'warmup_iterations': 3, 'gpu_completion_mode': 'per_iteration', 'unit': 'us', 'direction': 'lower_is_better'}"
deck,parent,surface.framebuffer_working_set_064,20261005-122534266-b53949f565734e0590764d5b40a8abb1,3272.75,2346,2626.5,5314,6181,6181,261852,34941.4246,20,True,PASS,failed,True,,,,2baad45ae0ed71a5,completed,"{'revision': 1, 'iterations': 80, 'sample_count': 20, 'measurement_iterations_multiplier': 4, 'warmup_iterations': 3, 'gpu_completion_mode': 'per_iteration', 'unit': 'us', 'direction': 'lower_is_better'}"
deck,parent,surface.full_clear_elision_guard,20261005-122534266-b53949f565734e0590764d5b40a8abb1,5931.64,1866,6628.0,9293,10120,10254,2372800,34941.4246,100,True,PASS,failed,True,,,,49bc2d7eec9c4725,completed,"{'revision': 1, 'iterations': 400, 'sample_count': 100, 'measurement_iterations_multiplier': 4, 'warmup_iterations': 3, 'gpu_completion_mode': 'per_iteration', 'unit': 'us', 'direction': 'lower_is_better'}"
deck,parent,surface.overlapping_surface_churn_representative,20261005-122534266-b53949f565734e0590764d5b40a8abb1,6609.53,3476,6628.5,8748,10960,30227,2643953,34941.4246,100,True,PASS,failed,True,,,,7a8c35cdc9c70725,completed,"{'revision': 1, 'iterations': 400, 'sample_count': 100, 'measurement_iterations_multiplier': 4, 'warmup_iterations': 3, 'gpu_completion_mode': 'per_iteration', 'unit': 'us', 'direction': 'lower_is_better'}"
deck,parent,surface.overlapping_surface_churn_stress,20261005-122534266-b53949f565734e0590764d5b40a8abb1,78908.3,72722,77130.0,95126,95126,95126,3156347,34941.4246,10,True,PASS,failed,True,,,,7a8c35cdc9c70725,completed,"{'revision': 1, 'iterations': 40, 'sample_count': 10, 'measurement_iterations_multiplier': 4, 'warmup_iterations': 3, 'gpu_completion_mode': 'per_iteration', 'unit': 'us', 'direction': 'lower_is_better'}"
deck,parent,surface.partial_channel_clear_guard,20261005-122534266-b53949f565734e0590764d5b40a8abb1,6773.05,2116,7378.5,10519,11686,11842,2709376,34941.4246,100,True,PASS,failed,True,,,,b52bc22d6eedd725,completed,"{'revision': 1, 'iterations': 400, 'sample_count': 100, 'measurement_iterations_multiplier': 4, 'warmup_iterations': 3, 'gpu_completion_mode': 'per_iteration', 'unit': 'us', 'direction': 'lower_is_better'}"
deck,parent,surface.surface_download_path,20261005-122534266-b53949f565734e0590764d5b40a8abb1,61102.4,34383,43372.5,188046,188046,188046,2444114,34941.4246,10,True,PASS,failed,True,,,,3a281ef8b6b324c2,completed,"{'revision': 1, 'iterations': 40, 'sample_count': 10, 'measurement_iterations_multiplier': 4, 'warmup_iterations': 3, 'gpu_completion_mode': 'per_iteration', 'unit': 'us', 'direction': 'lower_is_better'}"
deck,parent,surface.surface_list_lookup_002,20261005-122611243-295436907c4745b5af219bb1ee86c165,4268.5,3377,4028.5,5511,5968,5968,341507,76871.4618,20,True,PASS,failed,True,,,,fa475bc695046525,completed,"{'revision': 1, 'iterations': 80, 'sample_count': 20, 'measurement_iterations_multiplier': 4, 'warmup_iterations': 3, 'gpu_completion_mode': 'per_iteration', 'unit': 'us', 'direction': 'lower_is_better'}"
deck,parent,surface.surface_list_lookup_008,20261005-122611243-295436907c4745b5af219bb1ee86c165,6139.4,4749,6161.0,7351,7459,7459,491190,76871.4618,20,True,PASS,failed,True,,,,9489ca620c4f97a5,completed,"{'revision': 1, 'iterations': 80, 'sample_count': 20, 'measurement_iterations_multiplier': 4, 'warmup_iterations': 3, 'gpu_completion_mode': 'per_iteration', 'unit': 'us', 'direction': 'lower_is_better'}"
deck,parent,surface.surface_list_lookup_032,20261005-122611243-295436907c4745b5af219bb1ee86c165,5473.1,4750,5437.5,6265,6279,6279,437882,76871.4618,20,True,PASS,failed,True,,,,8cdf93e7e3e6ce25,completed,"{'revision': 1, 'iterations': 80, 'sample_count': 20, 'measurement_iterations_multiplier': 4, 'warmup_iterations': 3, 'gpu_completion_mode': 'per_iteration', 'unit': 'us', 'direction': 'lower_is_better'}"
deck,parent,surface.surface_list_lookup_128,20261005-122611243-295436907c4745b5af219bb1ee86c165,5746.5,5359,5605.0,6584,6646,6646,459748,76871.4618,20,True,PASS,failed,True,,,,8cdf93e7e3e6ce25,completed,"{'revision': 1, 'iterations': 80, 'sample_count': 20, 'measurement_iterations_multiplier': 4, 'warmup_iterations': 3, 'gpu_completion_mode': 'per_iteration', 'unit': 'us', 'direction': 'lower_is_better'}"
deck,parent,surface.vulkan_memory_pressure.representative.growth,20261005-122611243-295436907c4745b5af219bb1ee86c165,185582.5,168211,179728.5,214662,214662,214662,2969329,76871.4618,4,True,PASS,failed,True,,,,17046af640418325,completed,"{'revision': 1, 'iterations': 16, 'sample_count': 4, 'measurement_iterations_multiplier': 4, 'warmup_iterations': 3, 'gpu_completion_mode': 'per_iteration', 'unit': 'us', 'direction': 'lower_is_better'}"
deck,parent,surface.vulkan_memory_pressure.representative.plateau,20261005-122611243-295436907c4745b5af219bb1ee86c165,154066.75,133334,147400.5,188132,188132,188132,2465077,76871.4618,4,True,PASS,failed,True,,,,490075aafd91af25,completed,"{'revision': 1, 'iterations': 16, 'sample_count': 4, 'measurement_iterations_multiplier': 4, 'warmup_iterations': 3, 'gpu_completion_mode': 'per_iteration', 'unit': 'us', 'direction': 'lower_is_better'}"
deck,parent,surface.vulkan_memory_pressure.representative.alias_resize,20261005-122611243-295436907c4745b5af219bb1ee86c165,112096,86097,107209.0,147869,147869,147869,1793547,76871.4618,4,True,PASS,failed,True,,,,ed56b68868e2f325,completed,"{'revision': 1, 'iterations': 16, 'sample_count': 4, 'measurement_iterations_multiplier': 4, 'warmup_iterations': 3, 'gpu_completion_mode': 'per_iteration', 'unit': 'us', 'direction': 'lower_is_better'}"
deck,parent,surface.vulkan_memory_pressure.representative.reuse,20261005-122611243-295436907c4745b5af219bb1ee86c165,170123.5,143603,163563.0,209765,209765,209765,2721979,76871.4618,4,True,PASS,failed,True,,,,b8b4854297220f25,completed,"{'revision': 1, 'iterations': 16, 'sample_count': 4, 'measurement_iterations_multiplier': 4, 'warmup_iterations': 3, 'gpu_completion_mode': 'per_iteration', 'unit': 'us', 'direction': 'lower_is_better'}"
deck,parent,surface.vulkan_memory_pressure.representative.idle_retention,20261005-122611243-295436907c4745b5af219bb1ee86c165,1786,1673,1787.5,1896,1896,1896,28586,76871.4618,4,True,PASS,failed,True,,,,dfa4d6a81f791525,completed,"{'revision': 1, 'iterations': 16, 'sample_count': 4, 'measurement_iterations_multiplier': 4, 'warmup_iterations': 3, 'gpu_completion_mode': 'per_iteration', 'unit': 'us', 'direction': 'lower_is_better'}"
deck,parent,surface.vulkan_memory_pressure.stress.growth,20261005-122611243-295436907c4745b5af219bb1ee86c165,653299,586156,657135.0,712770,712770,712770,10452790,76871.4618,4,True,PASS,failed,True,,,,17a43e09af9b8325,completed,"{'revision': 1, 'iterations': 16, 'sample_count': 4, 'measurement_iterations_multiplier': 4, 'warmup_iterations': 3, 'gpu_completion_mode': 'per_iteration', 'unit': 'us', 'direction': 'lower_is_better'}"
deck,parent,surface.vulkan_memory_pressure.stress.plateau,20261005-122611243-295436907c4745b5af219bb1ee86c165,690420,580632,723056.5,734935,734935,734935,11046727,76871.4618,4,True,PASS,failed,True,,,,4732cd7c1520a325,completed,"{'revision': 1, 'iterations': 16, 'sample_count': 4, 'measurement_iterations_multiplier': 4, 'warmup_iterations': 3, 'gpu_completion_mode': 'per_iteration', 'unit': 'us', 'direction': 'lower_is_better'}"
deck,parent,surface.vulkan_memory_pressure.stress.alias_resize,20261005-122611243-295436907c4745b5af219bb1ee86c165,437641.75,389614,444023.5,472906,472906,472906,7002273,76871.4618,4,True,PASS,failed,True,,,,34e2ce9b25a3bf25,completed,"{'revision': 1, 'iterations': 16, 'sample_count': 4, 'measurement_iterations_multiplier': 4, 'warmup_iterations': 3, 'gpu_completion_mode': 'per_iteration', 'unit': 'us', 'direction': 'lower_is_better'}"
deck,parent,surface.vulkan_memory_pressure.stress.reuse,20261005-122611243-295436907c4745b5af219bb1ee86c165,656546.25,539797,663966.0,758456,758456,758456,10504749,76871.4618,4,True,PASS,failed,True,,,,0a989678bb57ff25,completed,"{'revision': 1, 'iterations': 16, 'sample_count': 4, 'measurement_iterations_multiplier': 4, 'warmup_iterations': 3, 'gpu_completion_mode': 'per_iteration', 'unit': 'us', 'direction': 'lower_is_better'}"
deck,parent,surface.vulkan_memory_pressure.stress.idle_retention,20261005-122611243-295436907c4745b5af219bb1ee86c165,3132,3053,3093.0,3289,3289,3289,50121,76871.4618,4,True,PASS,failed,True,,,,c60ef78ce0171b25,completed,"{'revision': 1, 'iterations': 16, 'sample_count': 4, 'measurement_iterations_multiplier': 4, 'warmup_iterations': 3, 'gpu_completion_mode': 'per_iteration', 'unit': 'us', 'direction': 'lower_is_better'}"
deck,parent,tiny_draw.arrays.fixed_function,20261005-122730160-7a18453af6ac45a086a0826d59f7e37f,71258,66933,68326.5,84118,84118,84118,2850334,38790.5278,10,True,PASS,failed,True,,,,acf025546cf667b5,completed,"{'revision': 1, 'iterations': 40, 'sample_count': 10, 'measurement_iterations_multiplier': 4, 'warmup_iterations': 3, 'gpu_completion_mode': 'per_iteration', 'unit': 'us', 'direction': 'lower_is_better'}"
deck,parent,tiny_draw.arrays.vertex_shader,20261005-122730160-7a18453af6ac45a086a0826d59f7e37f,63731.9,57648,60720.5,78524,78524,78524,2549290,38790.5278,10,True,PASS,failed,True,,,,acf025546cf667b5,completed,"{'revision': 1, 'iterations': 40, 'sample_count': 10, 'measurement_iterations_multiplier': 4, 'warmup_iterations': 3, 'gpu_completion_mode': 'per_iteration', 'unit': 'us', 'direction': 'lower_is_better'}"
deck,parent,tiny_draw.inline_arrays.fixed_function,20261005-122730160-7a18453af6ac45a086a0826d59f7e37f,78187.2,75488,76775.5,90805,90805,90805,3127498,38790.5278,10,True,PASS,failed,True,,,,acf025546cf667b5,completed,"{'revision': 1, 'iterations': 40, 'sample_count': 10, 'measurement_iterations_multiplier': 4, 'warmup_iterations': 3, 'gpu_completion_mode': 'per_iteration', 'unit': 'us', 'direction': 'lower_is_better'}"
deck,parent,tiny_draw.inline_arrays.vertex_shader,20261005-122730160-7a18453af6ac45a086a0826d59f7e37f,75527.2,72848,74879.5,80657,80657,80657,3021103,38790.5278,10,True,PASS,failed,True,,,,acf025546cf667b5,completed,"{'revision': 1, 'iterations': 40, 'sample_count': 10, 'measurement_iterations_multiplier': 4, 'warmup_iterations': 3, 'gpu_completion_mode': 'per_iteration', 'unit': 'us', 'direction': 'lower_is_better'}"
deck,parent,tiny_draw.inline_buffers.fixed_function,20261005-122730160-7a18453af6ac45a086a0826d59f7e37f,64296.4,60542,63277.0,72013,72013,72013,2571867,38790.5278,10,True,PASS,failed,True,,,,acf025546cf667b5,completed,"{'revision': 1, 'iterations': 40, 'sample_count': 10, 'measurement_iterations_multiplier': 4, 'warmup_iterations': 3, 'gpu_completion_mode': 'per_iteration', 'unit': 'us', 'direction': 'lower_is_better'}"
deck,parent,tiny_draw.inline_buffers.vertex_shader,20261005-122730160-7a18453af6ac45a086a0826d59f7e37f,63050.3,60455,62436.0,69087,69087,69087,2522030,38790.5278,10,True,PASS,failed,True,,,,acf025546cf667b5,completed,"{'revision': 1, 'iterations': 40, 'sample_count': 10, 'measurement_iterations_multiplier': 4, 'warmup_iterations': 3, 'gpu_completion_mode': 'per_iteration', 'unit': 'us', 'direction': 'lower_is_better'}"
deck,parent,tiny_draw.inline_elements.fixed_function,20261005-122730160-7a18453af6ac45a086a0826d59f7e37f,59789.2,57841,59449.5,62718,62718,62718,2391586,38790.5278,10,True,PASS,failed,True,,,,acf025546cf667b5,completed,"{'revision': 1, 'iterations': 40, 'sample_count': 10, 'measurement_iterations_multiplier': 4, 'warmup_iterations': 3, 'gpu_completion_mode': 'per_iteration', 'unit': 'us', 'direction': 'lower_is_better'}"
deck,parent,tiny_draw.inline_elements.vertex_shader,20261005-122730160-7a18453af6ac45a086a0826d59f7e37f,59536.1,57443,59452.0,62219,62219,62219,2381458,38790.5278,10,True,PASS,failed,True,,,,acf025546cf667b5,completed,"{'revision': 1, 'iterations': 40, 'sample_count': 10, 'measurement_iterations_multiplier': 4, 'warmup_iterations': 3, 'gpu_completion_mode': 'per_iteration', 'unit': 'us', 'direction': 'lower_is_better'}"
deck,parent,uniform_thrash.uniform_thrash,20261005-122810994-46650b7de8e141a5a815ff1ff94ed5bf,4373.5,3487,4305.0,5332,5332,5332,174954,14421.935,10,True,PASS,failed,True,,,,ad445c59f8b11925,completed,"{'revision': 1, 'iterations': 40, 'sample_count': 10, 'measurement_iterations_multiplier': 4, 'warmup_iterations': 3, 'gpu_completion_mode': 'per_iteration', 'unit': 'us', 'direction': 'lower_is_better'}"
deck,parent,vertex_buffer_allocation.mixed.arrays,20261005-122832298-309dcf33cb9247c984e88bd32f16fded,56658.4,50792,56740.5,62701,62701,62701,2266354,147956.7272,10,True,PASS,not evaluated,True,,,,377e6c029807f325,completed,"{'revision': 1, 'iterations': 40, 'sample_count': 10, 'measurement_iterations_multiplier': 4, 'warmup_iterations': 3, 'gpu_completion_mode': 'per_iteration', 'unit': 'us', 'direction': 'lower_is_better'}"
deck,parent,vertex_buffer_allocation.mixed.inline_arrays,20261005-122832298-309dcf33cb9247c984e88bd32f16fded,442699.3,428973,444474.5,451285,451285,451285,17707987,147956.7272,10,True,PASS,not evaluated,True,,,,377e6c029807f325,completed,"{'revision': 1, 'iterations': 40, 'sample_count': 10, 'measurement_iterations_multiplier': 4, 'warmup_iterations': 3, 'gpu_completion_mode': 'per_iteration', 'unit': 'us', 'direction': 'lower_is_better'}"
deck,parent,vertex_buffer_allocation.mixed.inline_buffers,20261005-122832298-309dcf33cb9247c984e88bd32f16fded,1738661.7,1713305,1734624.0,1773870,1773870,1773870,69546486,147956.7272,10,True,PASS,not evaluated,True,,,,377e6c029807f325,completed,"{'revision': 1, 'iterations': 40, 'sample_count': 10, 'measurement_iterations_multiplier': 4, 'warmup_iterations': 3, 'gpu_completion_mode': 'per_iteration', 'unit': 'us', 'direction': 'lower_is_better'}"
deck,parent,vertex_buffer_allocation.mixed.inline_elements,20261005-122832298-309dcf33cb9247c984e88bd32f16fded,56504.6,53314,56465.5,59636,59636,59636,2260201,147956.7272,10,True,PASS,not evaluated,True,,,,377e6c029807f325,completed,"{'revision': 1, 'iterations': 40, 'sample_count': 10, 'measurement_iterations_multiplier': 4, 'warmup_iterations': 3, 'gpu_completion_mode': 'per_iteration', 'unit': 'us', 'direction': 'lower_is_better'}"
deck,parent,vertex_buffer_allocation.tiny.arrays,20261005-122832298-309dcf33cb9247c984e88bd32f16fded,68343.5,66102,68383.0,72206,72206,72206,2733757,147956.7272,10,True,PASS,not evaluated,True,,,,377e6c029807f325,completed,"{'revision': 1, 'iterations': 40, 'sample_count': 10, 'measurement_iterations_multiplier': 4, 'warmup_iterations': 3, 'gpu_completion_mode': 'per_iteration', 'unit': 'us', 'direction': 'lower_is_better'}"
deck,parent,vertex_buffer_allocation.tiny.inline_arrays,20261005-122832298-309dcf33cb9247c984e88bd32f16fded,83592.6,77288,80000.5,92607,92607,92607,3343715,147956.7272,10,True,PASS,not evaluated,True,,,,377e6c029807f325,completed,"{'revision': 1, 'iterations': 40, 'sample_count': 10, 'measurement_iterations_multiplier': 4, 'warmup_iterations': 3, 'gpu_completion_mode': 'per_iteration', 'unit': 'us', 'direction': 'lower_is_better'}"
deck,parent,vertex_buffer_allocation.tiny.inline_buffers,20261005-122832298-309dcf33cb9247c984e88bd32f16fded,81454.7,80482,81060.0,84671,84671,84671,3258204,147956.7272,10,True,PASS,not evaluated,True,,,,377e6c029807f325,completed,"{'revision': 1, 'iterations': 40, 'sample_count': 10, 'measurement_iterations_multiplier': 4, 'warmup_iterations': 3, 'gpu_completion_mode': 'per_iteration', 'unit': 'us', 'direction': 'lower_is_better'}"
deck,parent,vertex_buffer_allocation.tiny.inline_elements,20261005-122832298-309dcf33cb9247c984e88bd32f16fded,70724.6,68350,69073.0,77836,77836,77836,2828996,147956.7272,10,True,PASS,not evaluated,True,,,,377e6c029807f325,completed,"{'revision': 1, 'iterations': 40, 'sample_count': 10, 'measurement_iterations_multiplier': 4, 'warmup_iterations': 3, 'gpu_completion_mode': 'per_iteration', 'unit': 'us', 'direction': 'lower_is_better'}"
deck,parent,vertex_buffer_allocation.rising_transient_growth,20261005-122832298-309dcf33cb9247c984e88bd32f16fded,1373033,1373033,1373033,1373033,1373033,1373033,5492135,147956.7272,1,True,PASS,not evaluated,False,,,,377e6c029807f325,completed,"{'revision': 1, 'iterations': 4, 'sample_count': 1, 'measurement_iterations_multiplier': 4, 'warmup_iterations': 3, 'gpu_completion_mode': 'per_iteration', 'unit': 'us', 'direction': 'lower_is_better'}"
deck,parent,vertex_buffer_allocation.disjoint_same_page,20261005-122832298-309dcf33cb9247c984e88bd32f16fded,76396.9,61521,75123.0,88794,88794,88794,3055894,147956.7272,10,True,PASS,not evaluated,True,,,,fdcd25a37910bb25,completed,"{'revision': 1, 'iterations': 40, 'sample_count': 10, 'measurement_iterations_multiplier': 4, 'warmup_iterations': 3, 'gpu_completion_mode': 'per_iteration', 'unit': 'us', 'direction': 'lower_is_better'}"
deck,candidate,busy_pfifo.pfifo_saturation,20261005-123111330-cba35865ddeb4831941bc6d8ae154d19,161758,117920,131608.0,228644,228644,228644,6470336,89068.0447,10,True,PASS,not evaluated,True,,,,618832b1599bf211,completed,"{'revision': 1, 'iterations': 40, 'sample_count': 10, 'measurement_iterations_multiplier': 4, 'warmup_iterations': 3, 'gpu_completion_mode': 'per_iteration', 'unit': 'us', 'direction': 'lower_is_better'}"
deck,candidate,busy_pfifo.pgraph_pattern_polling,20261005-123111330-cba35865ddeb4831941bc6d8ae154d19,8985214,8985214,8985214,8985214,8985214,8985214,35940858,89068.0447,1,True,PASS,not evaluated,True,,,,386d0f085e98c325,completed,"{'revision': 1, 'iterations': 4, 'sample_count': 1, 'measurement_iterations_multiplier': 4, 'warmup_iterations': 3, 'gpu_completion_mode': 'per_iteration', 'unit': 'us', 'direction': 'lower_is_better'}"
deck,candidate,pfifo_array_elements.array_element_pgr2,20261005-123111330-cba35865ddeb4831941bc6d8ae154d19,1496.875,1368,1474.5,1734,1734,1734,47913,89068.0447,8,True,PASS,not evaluated,True,,,,bbc8b0702ffd0325,completed,"{'revision': 1, 'iterations': 32, 'sample_count': 8, 'measurement_iterations_multiplier': 4, 'warmup_iterations': 3, 'gpu_completion_mode': 'per_iteration', 'unit': 'us', 'direction': 'lower_is_better'}"
deck,candidate,pfifo_array_elements.array_element16,20261005-123111330-cba35865ddeb4831941bc6d8ae154d19,1826.25,1629,1760.5,2277,2277,2277,58453,89068.0447,8,True,PASS,not evaluated,True,,,,9c884de2a5d32325,completed,"{'revision': 1, 'iterations': 32, 'sample_count': 8, 'measurement_iterations_multiplier': 4, 'warmup_iterations': 3, 'gpu_completion_mode': 'per_iteration', 'unit': 'us', 'direction': 'lower_is_better'}"
deck,candidate,pfifo_array_elements.array_element32,20261005-123111330-cba35865ddeb4831941bc6d8ae154d19,1770.125,1702,1766.0,1900,1900,1900,56659,89068.0447,8,True,PASS,not evaluated,True,,,,e079f0cf1a994325,completed,"{'revision': 1, 'iterations': 32, 'sample_count': 8, 'measurement_iterations_multiplier': 4, 'warmup_iterations': 3, 'gpu_completion_mode': 'per_iteration', 'unit': 'us', 'direction': 'lower_is_better'}"
deck,candidate,pfifo_packet_boundary.array_element16_overflow,20261005-123111330-cba35865ddeb4831941bc6d8ae154d19,31631,31631,31631,31631,31631,31631,126526,89068.0447,1,True,PASS,not evaluated,False,,,,4d1756526f052325,completed,"{'revision': 1, 'iterations': 4, 'sample_count': 1, 'measurement_iterations_multiplier': 4, 'warmup_iterations': 3, 'gpu_completion_mode': 'per_iteration', 'unit': 'us', 'direction': 'lower_is_better'}"
deck,candidate,pfifo_packet_boundary.array_element32_overflow,20261005-123111330-cba35865ddeb4831941bc6d8ae154d19,63872,63872,63872,63872,63872,63872,255491,89068.0447,1,True,PASS,not evaluated,False,,,,6eb7071be692a325,completed,"{'revision': 1, 'iterations': 4, 'sample_count': 1, 'measurement_iterations_multiplier': 4, 'warmup_iterations': 3, 'gpu_completion_mode': 'per_iteration', 'unit': 'us', 'direction': 'lower_is_better'}"
deck,candidate,pfifo_packet_boundary.inline_array_overflow,20261005-123111330-cba35865ddeb4831941bc6d8ae154d19,67281,67281,67281,67281,67281,67281,269125,89068.0447,1,True,PASS,not evaluated,False,,,,847da1930526a325,completed,"{'revision': 1, 'iterations': 4, 'sample_count': 1, 'measurement_iterations_multiplier': 4, 'warmup_iterations': 3, 'gpu_completion_mode': 'per_iteration', 'unit': 'us', 'direction': 'lower_is_better'}"
deck,candidate,pfifo_packet_boundary.incrementing_inline_fallback,20261005-123111330-cba35865ddeb4831941bc6d8ae154d19,65,65,65,65,65,65,262,89068.0447,1,True,PASS,not evaluated,False,,,,640439ee8ecd2325,completed,"{'revision': 1, 'iterations': 4, 'sample_count': 1, 'measurement_iterations_multiplier': 4, 'warmup_iterations': 3, 'gpu_completion_mode': 'per_iteration', 'unit': 'us', 'direction': 'lower_is_better'}"
deck,candidate,cpu_floating_point.sse_scalar,20261005-123242446-f687b57d3f0746488f75dad55aa42aac,1211565.4,1200035,1212215.5,1225415,1225415,1225415,48462629,175346.9205,10,True,PASS,passed,True,,,,6962077c244da325,completed,"{'revision': 1, 'iterations': 40, 'sample_count': 10, 'measurement_iterations_multiplier': 4, 'warmup_iterations': 3, 'gpu_completion_mode': 'per_iteration', 'unit': 'us', 'direction': 'lower_is_better'}"
deck,candidate,cpu_floating_point.x87_scalar,20261005-123242446-f687b57d3f0746488f75dad55aa42aac,1130934.6,1094694,1128318.0,1187299,1187299,1187299,45237394,175346.9205,10,True,PASS,passed,True,,,,6962077c244da325,completed,"{'revision': 1, 'iterations': 40, 'sample_count': 10, 'measurement_iterations_multiplier': 4, 'warmup_iterations': 3, 'gpu_completion_mode': 'per_iteration', 'unit': 'us', 'direction': 'lower_is_better'}"
deck,candidate,cpu_translation_blocks.direct_loop,20261005-123242446-f687b57d3f0746488f75dad55aa42aac,18856.2,18490,18588.5,20192,20192,20192,754262,175346.9205,10,True,PASS,passed,True,,,,bd1fc9bf0c318325,completed,"{'revision': 1, 'iterations': 40, 'sample_count': 10, 'measurement_iterations_multiplier': 4, 'warmup_iterations': 3, 'gpu_completion_mode': 'per_iteration', 'unit': 'us', 'direction': 'lower_is_better'}"
deck,candidate,cpu_translation_blocks.indirect_dispatch,20261005-123242446-f687b57d3f0746488f75dad55aa42aac,63192.5,61007,62425.5,66497,66497,66497,2527718,175346.9205,10,True,PASS,passed,True,,,,c0426cf669a02325,completed,"{'revision': 1, 'iterations': 40, 'sample_count': 10, 'measurement_iterations_multiplier': 4, 'warmup_iterations': 3, 'gpu_completion_mode': 'per_iteration', 'unit': 'us', 'direction': 'lower_is_better'}"
deck,candidate,cpu_translation_blocks.indirect_dispatch_stress,20261005-123242446-f687b57d3f0746488f75dad55aa42aac,1314573.1,1271376,1317471.5,1348719,1348719,1348719,52582942,175346.9205,10,True,PASS,passed,True,,,,fbd507cb0c622325,completed,"{'revision': 1, 'iterations': 40, 'sample_count': 10, 'measurement_iterations_multiplier': 4, 'warmup_iterations': 3, 'gpu_completion_mode': 'per_iteration', 'unit': 'us', 'direction': 'lower_is_better'}"
deck,candidate,fill_rate.solid,20261005-123539845-4e19ba35e0754d97902db6b0b6d4fdb3,3950,3329,4028.5,4247,4247,4247,158016,15369.1395,10,True,PASS,failed,True,,,,aa539e0bcd4e54b3,completed,"{'revision': 1, 'iterations': 40, 'sample_count': 10, 'measurement_iterations_multiplier': 4, 'warmup_iterations': 3, 'gpu_completion_mode': 'per_iteration', 'unit': 'us', 'direction': 'lower_is_better'}"
deck,candidate,fill_rate.textured,20261005-123539845-4e19ba35e0754d97902db6b0b6d4fdb3,8534.8,6955,8380.0,9788,9788,9788,341405,15369.1395,10,True,PASS,failed,True,,,,92f42c56c1fbe869,completed,"{'revision': 1, 'iterations': 40, 'sample_count': 10, 'measurement_iterations_multiplier': 4, 'warmup_iterations': 3, 'gpu_completion_mode': 'per_iteration', 'unit': 'us', 'direction': 'lower_is_better'}"
deck,candidate,pipeline_texture_switch.clear_texture_normal,20261005-123557341-adf321f0e5c34f34bc5e5bd3fe63d906,41186.25,33438,39818.5,58495,58495,58495,1317972,24595.2003,8,True,PASS,not evaluated,True,,,,22ba4f1405cda325,completed,"{'revision': 1, 'iterations': 32, 'sample_count': 8, 'measurement_iterations_multiplier': 4, 'warmup_iterations': 3, 'gpu_completion_mode': 'per_iteration', 'unit': 'us', 'direction': 'lower_is_better'}"
deck,candidate,pipeline_texture_switch.palette_dma_remap,20261005-123557341-adf321f0e5c34f34bc5e5bd3fe63d906,16572,16572,16572,16572,16572,16572,66288,24595.2003,1,True,PASS,not evaluated,False,,,,fbf687de65082325,completed,"{'revision': 1, 'iterations': 4, 'sample_count': 1, 'measurement_iterations_multiplier': 4, 'warmup_iterations': 3, 'gpu_completion_mode': 'per_iteration', 'unit': 'us', 'direction': 'lower_is_better'}"
deck,candidate,pipeline_texture_switch.palette_only_update,20261005-123557341-adf321f0e5c34f34bc5e5bd3fe63d906,60871,60871,60871,60871,60871,60871,243485,24595.2003,1,True,PASS,not evaluated,False,,,,467aab2f95cda325,completed,"{'revision': 1, 'iterations': 4, 'sample_count': 1, 'measurement_iterations_multiplier': 4, 'warmup_iterations': 3, 'gpu_completion_mode': 'per_iteration', 'unit': 'us', 'direction': 'lower_is_better'}"
deck,candidate,pipeline_texture_switch.sampler_only_identity,20261005-123557341-adf321f0e5c34f34bc5e5bd3fe63d906,62724.75,58766,60801.0,74395,74395,74395,2007204,24595.2003,8,True,PASS,not evaluated,True,,,,0b8438c8404da325,completed,"{'revision': 1, 'iterations': 32, 'sample_count': 8, 'measurement_iterations_multiplier': 4, 'warmup_iterations': 3, 'gpu_completion_mode': 'per_iteration', 'unit': 'us', 'direction': 'lower_is_better'}"
deck,candidate,pipeline_texture_switch.shader_negative_control,20261005-123557341-adf321f0e5c34f34bc5e5bd3fe63d906,49159.625,43368,48260.0,57665,57665,57665,1573123,24595.2003,8,True,PASS,not evaluated,True,,,,f110c8bd6338c325,completed,"{'revision': 1, 'iterations': 32, 'sample_count': 8, 'measurement_iterations_multiplier': 4, 'warmup_iterations': 3, 'gpu_completion_mode': 'per_iteration', 'unit': 'us', 'direction': 'lower_is_better'}"
deck,candidate,pipeline_texture_switch.shared_page_overlap,20261005-123557341-adf321f0e5c34f34bc5e5bd3fe63d906,47206,47206,47206,47206,47206,47206,188827,24595.2003,1,True,PASS,not evaluated,False,,,,83bb59a8648da325,completed,"{'revision': 1, 'iterations': 4, 'sample_count': 1, 'measurement_iterations_multiplier': 4, 'warmup_iterations': 3, 'gpu_completion_mode': 'per_iteration', 'unit': 'us', 'direction': 'lower_is_better'}"
deck,candidate,pipeline_texture_switch.texture_dma_remap,20261005-123557341-adf321f0e5c34f34bc5e5bd3fe63d906,16544,16544,16544,16544,16544,16544,66176,24595.2003,1,True,PASS,not evaluated,False,,,,fbf687de65082325,completed,"{'revision': 1, 'iterations': 4, 'sample_count': 1, 'measurement_iterations_multiplier': 4, 'warmup_iterations': 3, 'gpu_completion_mode': 'per_iteration', 'unit': 'us', 'direction': 'lower_is_better'}"
deck,candidate,pipeline_texture_switch.texture_switch,20261005-123557341-adf321f0e5c34f34bc5e5bd3fe63d906,51086.375,45175,50986.5,56883,56883,56883,1634769,24595.2003,8,True,PASS,not evaluated,True,,,,8ae05d31fb00c325,completed,"{'revision': 1, 'iterations': 32, 'sample_count': 8, 'measurement_iterations_multiplier': 4, 'warmup_iterations': 3, 'gpu_completion_mode': 'per_iteration', 'unit': 'us', 'direction': 'lower_is_better'}"
deck,candidate,report_query.clear_boundary,20261005-123623974-eff428d1120a4b4c8d2574e9e66a07d5,2490.75,1305,2578.0,3502,3502,3502,39858,23276.775,4,True,PASS,not evaluated,False,,,,b5eb7c4b9c8da325,completed,"{'revision': 2, 'iterations': 16, 'sample_count': 4, 'measurement_iterations_multiplier': 4, 'warmup_iterations': 3, 'gpu_completion_mode': 'per_iteration', 'unit': 'us', 'direction': 'lower_is_better'}"
deck,candidate,report_query.dma_descriptor_rewrite,20261005-123623974-eff428d1120a4b4c8d2574e9e66a07d5,15055,15055,15055,15055,15055,15055,15055,23276.775,1,True,PASS,not evaluated,False,,,,c0c0fdbececda325,completed,"{'revision': 2, 'iterations': 1, 'sample_count': 1, 'measurement_iterations_multiplier': 1, 'warmup_iterations': 0, 'gpu_completion_mode': 'per_iteration', 'unit': 'us', 'direction': 'lower_is_better'}"
deck,candidate,report_query.dma_range_guard,20261005-123623974-eff428d1120a4b4c8d2574e9e66a07d5,3379,3379,3379,3379,3379,3379,3379,23276.775,1,True,PASS,not evaluated,False,,,,3f648ce11a4da325,completed,"{'revision': 2, 'iterations': 1, 'sample_count': 1, 'measurement_iterations_multiplier': 1, 'warmup_iterations': 0, 'gpu_completion_mode': 'per_iteration', 'unit': 'us', 'direction': 'lower_is_better'}"
deck,candidate,report_query.dma_target_switch,20261005-123623974-eff428d1120a4b4c8d2574e9e66a07d5,1039.5,773,1022.5,1340,1340,1340,16634,23276.775,4,True,PASS,not evaluated,False,,,,4c4bd8cd440da325,completed,"{'revision': 2, 'iterations': 16, 'sample_count': 4, 'measurement_iterations_multiplier': 4, 'warmup_iterations': 3, 'gpu_completion_mode': 'per_iteration', 'unit': 'us', 'direction': 'lower_is_better'}"
deck,candidate,report_query.fifo_producer_ordering,20261005-123623974-eff428d1120a4b4c8d2574e9e66a07d5,6879.25,6450,6902.0,7263,7263,7263,110072,23276.775,4,True,PASS,not evaluated,False,,,,0d907c24a88da325,completed,"{'revision': 2, 'iterations': 16, 'sample_count': 4, 'measurement_iterations_multiplier': 4, 'warmup_iterations': 3, 'gpu_completion_mode': 'per_iteration', 'unit': 'us', 'direction': 'lower_is_better'}"
deck,candidate,report_query.multiple_boundaries,20261005-123623974-eff428d1120a4b4c8d2574e9e66a07d5,593,416,498.0,960,960,960,9493,23276.775,4,True,PASS,not evaluated,False,,,,0c966fc9ba4da325,completed,"{'revision': 2, 'iterations': 16, 'sample_count': 4, 'measurement_iterations_multiplier': 4, 'warmup_iterations': 3, 'gpu_completion_mode': 'per_iteration', 'unit': 'us', 'direction': 'lower_is_better'}"
deck,candidate,report_query.single_boundary,20261005-123623974-eff428d1120a4b4c8d2574e9e66a07d5,389.75,336,394.0,435,435,435,6244,23276.775,4,True,PASS,not evaluated,False,,,,60e674c9fecda325,completed,"{'revision': 2, 'iterations': 16, 'sample_count': 4, 'measurement_iterations_multiplier': 4, 'warmup_iterations': 3, 'gpu_completion_mode': 'per_iteration', 'unit': 'us', 'direction': 'lower_is_better'}"
deck,candidate,report_query.zero_query,20261005-123623974-eff428d1120a4b4c8d2574e9e66a07d5,802,303,524.5,1856,1856,1856,12834,23276.775,4,True,PASS,not evaluated,False,,,,23875dfeb40da325,completed,"{'revision': 2, 'iterations': 16, 'sample_count': 4, 'measurement_iterations_multiplier': 4, 'warmup_iterations': 3, 'gpu_completion_mode': 'per_iteration', 'unit': 'us', 'direction': 'lower_is_better'}"
deck,candidate,shader_lifecycle.readiness_train_visible,20261005-123649850-e08f82f8a7bd441a922fcea6e9ec61e5,16505,16505,16505,16505,16505,16505,66022,24209.5291,1,True,PASS,not evaluated,False,,,,d4c939c4f0ce4325,completed,"{'revision': 1, 'iterations': 4, 'sample_count': 1, 'measurement_iterations_multiplier': 4, 'warmup_iterations': 3, 'gpu_completion_mode': 'per_iteration', 'unit': 'us', 'direction': 'lower_is_better'}"
deck,candidate,shader_lifecycle.readiness_replay_visible,20261005-123716138-e4648fe43bbc42a3add641a607d6185d,16349,16349,16349,16349,16349,16349,65396,24085.6763,1,True,PASS,not evaluated,False,,,,d4c939c4f0ce4325,completed,"{'revision': 1, 'iterations': 4, 'sample_count': 1, 'measurement_iterations_multiplier': 4, 'warmup_iterations': 3, 'gpu_completion_mode': 'per_iteration', 'unit': 'us', 'direction': 'lower_is_better'}"
deck,candidate,shader_lifecycle.readiness_identical_replay,20261005-123742264-57d76e16b80848ef96ae04e2d2448cc2,4028821,4028821,4028821,4028821,4028821,4028821,16115287,53000.3378,1,True,PASS,not evaluated,False,,,,70615ec6b77f8325,completed,"{'revision': 1, 'iterations': 4, 'sample_count': 1, 'measurement_iterations_multiplier': 4, 'warmup_iterations': 3, 'gpu_completion_mode': 'per_iteration', 'unit': 'us', 'direction': 'lower_is_better'}"
deck,candidate,shader_lifecycle.readiness_uniform_only,20261005-123837302-b77c5d2cb1e146b7a8768af712330363,16299,16299,16299,16299,16299,16299,65199,24156.8554,1,True,PASS,not evaluated,False,,,,113d534d51f95325,completed,"{'revision': 1, 'iterations': 4, 'sample_count': 1, 'measurement_iterations_multiplier': 4, 'warmup_iterations': 3, 'gpu_completion_mode': 'per_iteration', 'unit': 'us', 'direction': 'lower_is_better'}"
deck,candidate,shader_lifecycle.readiness_early_demand,20261005-123903500-38b3c61b27664940adc034f7be95694a,16430,16430,16430,16430,16430,16430,65723,25223.5598,1,True,PASS,not evaluated,False,,,,d4c939c4f0ce4325,completed,"{'revision': 1, 'iterations': 4, 'sample_count': 1, 'measurement_iterations_multiplier': 4, 'warmup_iterations': 3, 'gpu_completion_mode': 'per_iteration', 'unit': 'us', 'direction': 'lower_is_better'}"
deck,candidate,game_load.long_unlocked_scene.cpu,20261005-123930764-2bdde71441be467082ec7cd4e75ca18c,39685.5,38827,39477.0,40719,40719,40719,1269950,251875.8417,8,True,PASS,passed,True,,,,7c59a4dc0f8ba325,completed,"{'revision': 1, 'iterations': 32, 'sample_count': 8, 'measurement_iterations_multiplier': 4, 'warmup_iterations': 3, 'gpu_completion_mode': 'per_iteration', 'unit': 'us', 'direction': 'lower_is_better'}"
deck,candidate,game_load.long_unlocked_scene.pfifo,20261005-123930764-2bdde71441be467082ec7cd4e75ca18c,9632.75,9118,9336.5,10770,10770,10770,308256,251875.8417,8,True,PASS,passed,True,,,,7c59a4dc0f8ba325,completed,"{'revision': 1, 'iterations': 32, 'sample_count': 8, 'measurement_iterations_multiplier': 4, 'warmup_iterations': 3, 'gpu_completion_mode': 'per_iteration', 'unit': 'us', 'direction': 'lower_is_better'}"
deck,candidate,game_load.long_unlocked_scene.alpha_overdraw,20261005-123930764-2bdde71441be467082ec7cd4e75ca18c,104635.375,101925,103931.5,108899,108899,108899,3348343,251875.8417,8,True,PASS,passed,True,,,,7c59a4dc0f8ba325,completed,"{'revision': 1, 'iterations': 32, 'sample_count': 8, 'measurement_iterations_multiplier': 4, 'warmup_iterations': 3, 'gpu_completion_mode': 'per_iteration', 'unit': 'us', 'direction': 'lower_is_better'}"
deck,candidate,game_load.long_unlocked_scene.streaming_surface_reuse,20261005-123930764-2bdde71441be467082ec7cd4e75ca18c,29137.75,23134,28693.0,38465,38465,38465,932419,251875.8417,8,True,PASS,passed,True,,,,7c59a4dc0f8ba325,completed,"{'revision': 1, 'iterations': 32, 'sample_count': 8, 'measurement_iterations_multiplier': 4, 'warmup_iterations': 3, 'gpu_completion_mode': 'per_iteration', 'unit': 'us', 'direction': 'lower_is_better'}"
deck,candidate,game_load.long_unlocked_scene.combined,20261005-123930764-2bdde71441be467082ec7cd4e75ca18c,203143.625,196186,202081.5,209825,209825,209825,6500606,251875.8417,8,True,PASS,passed,True,,,,7c59a4dc0f8ba325,completed,"{'revision': 1, 'iterations': 32, 'sample_count': 8, 'measurement_iterations_multiplier': 4, 'warmup_iterations': 3, 'gpu_completion_mode': 'per_iteration', 'unit': 'us', 'direction': 'lower_is_better'}"
deck,candidate,game_load.long_unlocked_scene.full_system,20261005-123930764-2bdde71441be467082ec7cd4e75ca18c,197274,189227,195387.5,210029,210029,210029,6312780,251875.8417,8,True,PASS,passed,True,,,,7c59a4dc0f8ba325,completed,"{'revision': 1, 'iterations': 32, 'sample_count': 8, 'measurement_iterations_multiplier': 4, 'warmup_iterations': 3, 'gpu_completion_mode': 'per_iteration', 'unit': 'us', 'direction': 'lower_is_better'}"
deck,candidate,game_load.cross_title_hotpath.queued_vertex_cpu_writes,20261005-123930764-2bdde71441be467082ec7cd4e75ca18c,138650.375,131335,135920.5,150720,150720,150720,4436823,251875.8417,8,True,PASS,passed,True,,,,cf19c8d27e2aa325,completed,"{'revision': 1, 'iterations': 32, 'sample_count': 8, 'measurement_iterations_multiplier': 4, 'warmup_iterations': 3, 'gpu_completion_mode': 'per_iteration', 'unit': 'us', 'direction': 'lower_is_better'}"
deck,candidate,game_load.cross_title_hotpath.pgr2_small_draws,20261005-123930764-2bdde71441be467082ec7cd4e75ca18c,277345.25,267422,272775.0,297813,297813,297813,8875062,251875.8417,8,True,PASS,passed,True,,,,2a1e0148d2c0e325,completed,"{'revision': 1, 'iterations': 32, 'sample_count': 8, 'measurement_iterations_multiplier': 4, 'warmup_iterations': 3, 'gpu_completion_mode': 'per_iteration', 'unit': 'us', 'direction': 'lower_is_better'}"
deck,candidate,game_load.cross_title_hotpath.texture_update_reuse,20261005-123930764-2bdde71441be467082ec7cd4e75ca18c,4177.875,3956,4187.5,4305,4305,4305,133699,251875.8417,8,True,PASS,passed,True,,,,5612bef321a56325,completed,"{'revision': 1, 'iterations': 32, 'sample_count': 8, 'measurement_iterations_multiplier': 4, 'warmup_iterations': 3, 'gpu_completion_mode': 'per_iteration', 'unit': 'us', 'direction': 'lower_is_better'}"
deck,candidate,game_load.cross_title_hotpath.surface_reuse,20261005-123930764-2bdde71441be467082ec7cd4e75ca18c,26198.75,21350,26304.0,30412,30412,30412,838378,251875.8417,8,True,PASS,passed,True,,,,846d9f21b7c6a325,completed,"{'revision': 1, 'iterations': 32, 'sample_count': 8, 'measurement_iterations_multiplier': 4, 'warmup_iterations': 3, 'gpu_completion_mode': 'per_iteration', 'unit': 'us', 'direction': 'lower_is_better'}"
deck,candidate,game_load.cross_title_hotpath.pipeline_state_churn,20261005-123930764-2bdde71441be467082ec7cd4e75ca18c,136781.5,132673,136056.0,142620,142620,142620,4377018,251875.8417,8,True,PASS,passed,True,,,,22f040b2add4a325,completed,"{'revision': 1, 'iterations': 32, 'sample_count': 8, 'measurement_iterations_multiplier': 4, 'warmup_iterations': 3, 'gpu_completion_mode': 'per_iteration', 'unit': 'us', 'direction': 'lower_is_better'}"
deck,candidate,game_load.cross_title_hotpath.blend_constant_reuse,20261005-123930764-2bdde71441be467082ec7cd4e75ca18c,267220.125,259022,266198.5,276266,276266,276266,8551058,251875.8417,8,True,PASS,passed,True,,,,a08ca118008fa325,completed,"{'revision': 1, 'iterations': 32, 'sample_count': 8, 'measurement_iterations_multiplier': 4, 'warmup_iterations': 3, 'gpu_completion_mode': 'per_iteration', 'unit': 'us', 'direction': 'lower_is_better'}"
deck,candidate,game_load.cross_title_hotpath.texture_binding_reuse,20261005-123930764-2bdde71441be467082ec7cd4e75ca18c,349174.25,333939,349110.0,363697,363697,363697,11173587,251875.8417,8,True,PASS,passed,True,,,,dfaaa3022df6a325,completed,"{'revision': 1, 'iterations': 32, 'sample_count': 8, 'measurement_iterations_multiplier': 4, 'warmup_iterations': 3, 'gpu_completion_mode': 'per_iteration', 'unit': 'us', 'direction': 'lower_is_better'}"
deck,candidate,game_load.cross_title_hotpath.pgr2_lagspot_inline_elements,20261005-123930764-2bdde71441be467082ec7cd4e75ca18c,214667.875,202369,212693.0,227122,227122,227122,6869384,251875.8417,8,True,PASS,passed,True,,,,1289219c28d5a325,completed,"{'revision': 1, 'iterations': 32, 'sample_count': 8, 'measurement_iterations_multiplier': 4, 'warmup_iterations': 3, 'gpu_completion_mode': 'per_iteration', 'unit': 'us', 'direction': 'lower_is_better'}"
deck,candidate,game_load.cross_title_hotpath.scaled_surface_pressure,20261005-123930764-2bdde71441be467082ec7cd4e75ca18c,2058864,1854928,2106716.0,2197667,2197667,2197667,65883662,251875.8417,8,True,PASS,passed,True,,,,e81e5b4a4675a325,completed,"{'revision': 1, 'iterations': 32, 'sample_count': 8, 'measurement_iterations_multiplier': 4, 'warmup_iterations': 3, 'gpu_completion_mode': 'per_iteration', 'unit': 'us', 'direction': 'lower_is_better'}"
deck,candidate,game_load.cross_title_hotpath.s3tc_streaming_fenced_draws,20261005-123930764-2bdde71441be467082ec7cd4e75ca18c,2624521.25,2572080,2625648.5,2675996,2675996,2675996,83984692,251875.8417,8,True,PASS,passed,True,,,,a0f51c6c46a52325,completed,"{'revision': 1, 'iterations': 32, 'sample_count': 8, 'measurement_iterations_multiplier': 4, 'warmup_iterations': 3, 'gpu_completion_mode': 'per_iteration', 'unit': 'us', 'direction': 'lower_is_better'}"
deck,candidate,game_load.cross_title_hotpath.gpu_wait_control,20261005-123930764-2bdde71441be467082ec7cd4e75ca18c,4793.125,4182,4891.0,5156,5156,5156,153394,251875.8417,8,True,PASS,passed,True,,,,828855c0a34e2325,completed,"{'revision': 1, 'iterations': 32, 'sample_count': 8, 'measurement_iterations_multiplier': 4, 'warmup_iterations': 3, 'gpu_completion_mode': 'per_iteration', 'unit': 'us', 'direction': 'lower_is_better'}"
deck,candidate,game_load.s3tc_sync_factor.dxt1_same_address_wait,20261005-124344690-9b6be97f9b924fa290f3c53e8019d532,17582.875,16042,16743.0,24096,24096,24096,562668,54114.4688,8,True,PASS,failed,True,True,True,,3403675459d4d3d5,completed,"{'revision': 1, 'iterations': 32, 'sample_count': 8, 'measurement_iterations_multiplier': 4, 'warmup_iterations': 3, 'gpu_completion_mode': 'per_iteration', 'unit': 'us', 'direction': 'lower_is_better'}"
deck,candidate,game_load.s3tc_sync_factor.dxt1_same_address_queued,20261005-124344690-9b6be97f9b924fa290f3c53e8019d532,17589,16156,16644.5,25181,25181,25181,562855,54114.4688,8,True,PASS,failed,True,False,False,unsynchronized same-address writes have no defined per-draw source generation,a21876131b66f042,completed,"{'revision': 1, 'iterations': 32, 'sample_count': 8, 'measurement_iterations_multiplier': 4, 'warmup_iterations': 3, 'gpu_completion_mode': 'per_iteration', 'unit': 'us', 'direction': 'lower_is_better'}"
deck,candidate,game_load.s3tc_sync_factor.dxt1_ring_payload_generations,20261005-124344690-9b6be97f9b924fa290f3c53e8019d532,50058.375,49440,49973.5,51356,51356,51356,1601879,54114.4688,8,True,PASS,failed,True,True,True,,3403675459d4d3d5,completed,"{'revision': 1, 'iterations': 32, 'sample_count': 8, 'measurement_iterations_multiplier': 4, 'warmup_iterations': 3, 'gpu_completion_mode': 'per_iteration', 'unit': 'us', 'direction': 'lower_is_better'}"
deck,candidate,game_load.s3tc_sync_factor.dxt1_dirty_once_redraw,20261005-124344690-9b6be97f9b924fa290f3c53e8019d532,16679.125,16455,16679.0,16991,16991,16991,533741,54114.4688,8,True,PASS,passed,True,True,True,,428c04bbb0a62725,completed,"{'revision': 1, 'iterations': 32, 'sample_count': 8, 'measurement_iterations_multiplier': 4, 'warmup_iterations': 3, 'gpu_completion_mode': 'per_iteration', 'unit': 'us', 'direction': 'lower_is_better'}"
deck,candidate,game_load.s3tc_sync_factor.rgba8_same_address_wait,20261005-124344690-9b6be97f9b924fa290f3c53e8019d532,70414,67746,70880.0,71200,71200,71200,2253256,54114.4688,8,True,PASS,passed,True,True,True,,3403675459d4d3d5,completed,"{'revision': 1, 'iterations': 32, 'sample_count': 8, 'measurement_iterations_multiplier': 4, 'warmup_iterations': 3, 'gpu_completion_mode': 'per_iteration', 'unit': 'us', 'direction': 'lower_is_better'}"
deck,candidate,game_load.s3tc_sync_factor.rgba8_same_address_queued,20261005-124344690-9b6be97f9b924fa290f3c53e8019d532,66681.875,65683,66662.5,67651,67651,67651,2133835,54114.4688,8,True,PASS,failed,True,False,False,unsynchronized same-address writes have no defined per-draw source generation,913cdb604af49acf,completed,"{'revision': 1, 'iterations': 32, 'sample_count': 8, 'measurement_iterations_multiplier': 4, 'warmup_iterations': 3, 'gpu_completion_mode': 'per_iteration', 'unit': 'us', 'direction': 'lower_is_better'}"
deck,candidate,game_load.s3tc_sync_factor.rgba8_ring_payload_generations,20261005-124344690-9b6be97f9b924fa290f3c53e8019d532,271324,266082,268299.5,284546,284546,284546,8682379,54114.4688,8,True,PASS,passed,True,True,True,,3403675459d4d3d5,completed,"{'revision': 1, 'iterations': 32, 'sample_count': 8, 'measurement_iterations_multiplier': 4, 'warmup_iterations': 3, 'gpu_completion_mode': 'per_iteration', 'unit': 'us', 'direction': 'lower_is_better'}"
deck,candidate,game_load.s3tc_sync_factor.rgba8_dirty_once_redraw,20261005-124344690-9b6be97f9b924fa290f3c53e8019d532,16665.625,16346,16655.5,16980,16980,16980,533311,54114.4688,8,True,PASS,passed,True,True,True,,428c04bbb0a62725,completed,"{'revision': 1, 'iterations': 32, 'sample_count': 8, 'measurement_iterations_multiplier': 4, 'warmup_iterations': 3, 'gpu_completion_mode': 'per_iteration', 'unit': 'us', 'direction': 'lower_is_better'}"
deck,candidate,game_load.s3tc_sync_factor.bc2_native_eligible,20261005-124344690-9b6be97f9b924fa290f3c53e8019d532,83259.25,82621,83260.5,83840,83840,83840,2664305,54114.4688,8,True,PASS,failed,True,True,True,,3403675459d4d3d5,completed,"{'revision': 1, 'iterations': 32, 'sample_count': 8, 'measurement_iterations_multiplier': 4, 'warmup_iterations': 3, 'gpu_completion_mode': 'per_iteration', 'unit': 'us', 'direction': 'lower_is_better'}"
deck,candidate,game_load.s3tc_sync_factor.bc2_bordered_fallback,20261005-124344690-9b6be97f9b924fa290f3c53e8019d532,199032,196182,199531.5,201606,201606,201606,6369034,54114.4688,8,True,PASS,passed,True,True,True,,db28300321744de5,completed,"{'revision': 1, 'iterations': 32, 'sample_count': 8, 'measurement_iterations_multiplier': 4, 'warmup_iterations': 3, 'gpu_completion_mode': 'per_iteration', 'unit': 'us', 'direction': 'lower_is_better'}"
deck,candidate,game_load.s3tc_sync_factor.bc3_native_eligible,20261005-124344690-9b6be97f9b924fa290f3c53e8019d532,79852.75,75274,80570.0,82966,82966,82966,2555299,54114.4688,8,True,PASS,failed,True,True,True,,3403675459d4d3d5,completed,"{'revision': 1, 'iterations': 32, 'sample_count': 8, 'measurement_iterations_multiplier': 4, 'warmup_iterations': 3, 'gpu_completion_mode': 'per_iteration', 'unit': 'us', 'direction': 'lower_is_better'}"
deck,candidate,game_load.s3tc_sync_factor.bc3_bordered_fallback,20261005-124344690-9b6be97f9b924fa290f3c53e8019d532,194843.625,185390,195155.0,201809,201809,201809,6235006,54114.4688,8,True,PASS,passed,True,True,True,,db28300321744de5,completed,"{'revision': 1, 'iterations': 32, 'sample_count': 8, 'measurement_iterations_multiplier': 4, 'warmup_iterations': 3, 'gpu_completion_mode': 'per_iteration', 'unit': 'us', 'direction': 'lower_is_better'}"
deck,candidate,game_load.repeated_display,20261005-124440843-4482327c847b4d499c4c783505979891,16656,16464,16653.5,16871,16871,16871,533002,35577.4603,8,True,PASS,passed,True,,,,36f446003b9d6325,completed,"{'revision': 1, 'iterations': 32, 'sample_count': 8, 'measurement_iterations_multiplier': 4, 'warmup_iterations': 3, 'gpu_completion_mode': 'per_iteration', 'unit': 'us', 'direction': 'lower_is_better'}"
deck,candidate,game_load.repeated_display_boosted,20261005-124440843-4482327c847b4d499c4c783505979891,49982,49866,49998.0,50007,50007,50007,1599437,35577.4603,8,True,PASS,passed,True,,,,b2bc760cb1fba325,completed,"{'revision': 1, 'iterations': 32, 'sample_count': 8, 'measurement_iterations_multiplier': 4, 'warmup_iterations': 3, 'gpu_completion_mode': 'per_iteration', 'unit': 'us', 'direction': 'lower_is_better'}"
deck,candidate,game_load.doax_menu_representative.cpu_only,20261005-124440843-4482327c847b4d499c4c783505979891,22996.25,21392,23222.0,24327,24327,24327,735894,35577.4603,8,True,PASS,passed,True,,,,5abb9d9faaa22325,completed,"{'revision': 1, 'iterations': 32, 'sample_count': 8, 'measurement_iterations_multiplier': 4, 'warmup_iterations': 3, 'gpu_completion_mode': 'per_iteration', 'unit': 'us', 'direction': 'lower_is_better'}"
deck,candidate,game_load.doax_menu_representative.pfifo_only,20261005-124440843-4482327c847b4d499c4c783505979891,4463.625,4315,4457.0,4648,4648,4648,142849,35577.4603,8,True,PASS,passed,True,,,,f9826bbdd7912325,completed,"{'revision': 1, 'iterations': 32, 'sample_count': 8, 'measurement_iterations_multiplier': 4, 'warmup_iterations': 3, 'gpu_completion_mode': 'per_iteration', 'unit': 'us', 'direction': 'lower_is_better'}"
deck,candidate,game_load.doax_menu_representative.gpu_only,20261005-124440843-4482327c847b4d499c4c783505979891,51385.875,49899,51125.5,54562,54562,54562,1644357,35577.4603,8,True,PASS,passed,True,,,,d3984ab7dcb8e325,completed,"{'revision': 1, 'iterations': 32, 'sample_count': 8, 'measurement_iterations_multiplier': 4, 'warmup_iterations': 3, 'gpu_completion_mode': 'per_iteration', 'unit': 'us', 'direction': 'lower_is_better'}"
deck,candidate,game_load.doax_menu_representative.streaming_only,20261005-124440843-4482327c847b4d499c4c783505979891,16656.25,10673,17150.0,19986,19986,19986,533014,35577.4603,8,True,PASS,passed,True,,,,491294aadc23a325,completed,"{'revision': 1, 'iterations': 32, 'sample_count': 8, 'measurement_iterations_multiplier': 4, 'warmup_iterations': 3, 'gpu_completion_mode': 'per_iteration', 'unit': 'us', 'direction': 'lower_is_better'}"
deck,candidate,game_load.doax_menu_representative.cpu_pfifo_gpu,20261005-124440843-4482327c847b4d499c4c783505979891,72749.625,71395,72175.0,76679,76679,76679,2328001,35577.4603,8,True,PASS,failed,True,,,,5d530c66b8da2325,completed,"{'revision': 1, 'iterations': 32, 'sample_count': 8, 'measurement_iterations_multiplier': 4, 'warmup_iterations': 3, 'gpu_completion_mode': 'per_iteration', 'unit': 'us', 'direction': 'lower_is_better'}"
deck,candidate,game_load.doax_menu_representative.cpu_pfifo_gpu_streaming,20261005-124440843-4482327c847b4d499c4c783505979891,89381.625,83624,89386.0,96201,96201,96201,2860225,35577.4603,8,True,PASS,passed,True,,,,9e98944350a52325,completed,"{'revision': 1, 'iterations': 32, 'sample_count': 8, 'measurement_iterations_multiplier': 4, 'warmup_iterations': 3, 'gpu_completion_mode': 'per_iteration', 'unit': 'us', 'direction': 'lower_is_better'}"
deck,candidate,game_load.doax_menu_representative.full_system,20261005-124440843-4482327c847b4d499c4c783505979891,88869.5,82293,87025.5,98641,98641,98641,2843840,35577.4603,8,True,PASS,passed,True,,,,7896e875a8ad2325,completed,"{'revision': 1, 'iterations': 32, 'sample_count': 8, 'measurement_iterations_multiplier': 4, 'warmup_iterations': 3, 'gpu_completion_mode': 'per_iteration', 'unit': 'us', 'direction': 'lower_is_better'}"
deck,candidate,game_load.doax_menu_stress.cpu_only,20261005-124440843-4482327c847b4d499c4c783505979891,43227.75,42303,42878.5,46331,46331,46331,1383307,35577.4603,8,True,PASS,passed,True,,,,4b7c157e1e9ce325,completed,"{'revision': 1, 'iterations': 32, 'sample_count': 8, 'measurement_iterations_multiplier': 4, 'warmup_iterations': 3, 'gpu_completion_mode': 'per_iteration', 'unit': 'us', 'direction': 'lower_is_better'}"
deck,candidate,game_load.doax_menu_stress.pfifo_only,20261005-124440843-4482327c847b4d499c4c783505979891,8848,8622,8698.0,9582,9582,9582,283153,35577.4603,8,True,PASS,passed,True,,,,f46d8f2a39a6e325,completed,"{'revision': 1, 'iterations': 32, 'sample_count': 8, 'measurement_iterations_multiplier': 4, 'warmup_iterations': 3, 'gpu_completion_mode': 'per_iteration', 'unit': 'us', 'direction': 'lower_is_better'}"
deck,candidate,game_load.doax_menu_stress.gpu_only,20261005-124440843-4482327c847b4d499c4c783505979891,91707.75,89881,90911.5,95684,95684,95684,2934660,35577.4603,8,True,PASS,passed,True,,,,bcaf8b0e8de5a325,completed,"{'revision': 1, 'iterations': 32, 'sample_count': 8, 'measurement_iterations_multiplier': 4, 'warmup_iterations': 3, 'gpu_completion_mode': 'per_iteration', 'unit': 'us', 'direction': 'lower_is_better'}"
deck,candidate,game_load.doax_menu_stress.streaming_only,20261005-124518488-ead4b9e1ec56461fa2ef2562f8622c42,32852.875,21365,34233.0,42359,42359,42359,1051299,84380.7645,8,True,PASS,passed,True,,,,06e0eccda97d2325,completed,"{'revision': 1, 'iterations': 32, 'sample_count': 8, 'measurement_iterations_multiplier': 4, 'warmup_iterations': 3, 'gpu_completion_mode': 'per_iteration', 'unit': 'us', 'direction': 'lower_is_better'}"
deck,candidate,game_load.doax_menu_stress.cpu_pfifo_gpu,20261005-124518488-ead4b9e1ec56461fa2ef2562f8622c42,147649.5,140483,147446.0,156905,156905,156905,4724797,84380.7645,8,True,PASS,failed,True,,,,30f332d7669ba325,completed,"{'revision': 1, 'iterations': 32, 'sample_count': 8, 'measurement_iterations_multiplier': 4, 'warmup_iterations': 3, 'gpu_completion_mode': 'per_iteration', 'unit': 'us', 'direction': 'lower_is_better'}"
deck,candidate,game_load.doax_menu_stress.cpu_pfifo_gpu_streaming,20261005-124518488-ead4b9e1ec56461fa2ef2562f8622c42,168478.375,164246,168579.5,173436,173436,173436,5391319,84380.7645,8,True,PASS,passed,True,,,,d4d9dedf3ef06325,completed,"{'revision': 1, 'iterations': 32, 'sample_count': 8, 'measurement_iterations_multiplier': 4, 'warmup_iterations': 3, 'gpu_completion_mode': 'per_iteration', 'unit': 'us', 'direction': 'lower_is_better'}"
deck,candidate,game_load.doax_menu_stress.full_system,20261005-124518488-ead4b9e1ec56461fa2ef2562f8622c42,166278.25,161131,166978.5,171478,171478,171478,5320917,84380.7645,8,True,PASS,passed,True,,,,8cf51e8eb67fa325,completed,"{'revision': 1, 'iterations': 32, 'sample_count': 8, 'measurement_iterations_multiplier': 4, 'warmup_iterations': 3, 'gpu_completion_mode': 'per_iteration', 'unit': 'us', 'direction': 'lower_is_better'}"
deck,candidate,game_load.pgr2_ai_backup.cpu_only,20261005-124518488-ead4b9e1ec56461fa2ef2562f8622c42,70917.375,68292,71121.5,72555,72555,72555,2269366,84380.7645,8,True,PASS,passed,True,,,,e6df98b3e513a325,completed,"{'revision': 1, 'iterations': 32, 'sample_count': 8, 'measurement_iterations_multiplier': 4, 'warmup_iterations': 3, 'gpu_completion_mode': 'per_iteration', 'unit': 'us', 'direction': 'lower_is_better'}"
deck,candidate,game_load.pgr2_ai_backup.pfifo_only,20261005-124518488-ead4b9e1ec56461fa2ef2562f8622c42,33004.5,31115,32628.0,34934,34934,34934,1056161,84380.7645,8,True,PASS,passed,True,,,,e57ef83b3a66e325,completed,"{'revision': 1, 'iterations': 32, 'sample_count': 8, 'measurement_iterations_multiplier': 4, 'warmup_iterations': 3, 'gpu_completion_mode': 'per_iteration', 'unit': 'us', 'direction': 'lower_is_better'}"
deck,candidate,game_load.pgr2_ai_backup.gpu_only,20261005-124518488-ead4b9e1ec56461fa2ef2562f8622c42,235378.25,228908,234317.5,246829,246829,246829,7532115,84380.7645,8,True,PASS,passed,True,,,,02ffd9b12aa96325,completed,"{'revision': 1, 'iterations': 32, 'sample_count': 8, 'measurement_iterations_multiplier': 4, 'warmup_iterations': 3, 'gpu_completion_mode': 'per_iteration', 'unit': 'us', 'direction': 'lower_is_better'}"
deck,candidate,game_load.pgr2_ai_backup.streaming_only,20261005-124518488-ead4b9e1ec56461fa2ef2562f8622c42,9164.875,5867,10107.0,11107,11107,11107,293289,84380.7645,8,True,PASS,passed,True,,,,155df5f182392325,completed,"{'revision': 1, 'iterations': 32, 'sample_count': 8, 'measurement_iterations_multiplier': 4, 'warmup_iterations': 3, 'gpu_completion_mode': 'per_iteration', 'unit': 'us', 'direction': 'lower_is_better'}"
deck,candidate,game_load.pgr2_ai_backup.cpu_pfifo_gpu,20261005-124518488-ead4b9e1ec56461fa2ef2562f8622c42,372367.5,362081,372844.5,386845,386845,386845,11915771,84380.7645,8,True,PASS,failed,True,,,,519ce083c370e325,completed,"{'revision': 1, 'iterations': 32, 'sample_count': 8, 'measurement_iterations_multiplier': 4, 'warmup_iterations': 3, 'gpu_completion_mode': 'per_iteration', 'unit': 'us', 'direction': 'lower_is_better'}"
deck,candidate,game_load.pgr2_ai_backup.cpu_pfifo_gpu_streaming,20261005-124518488-ead4b9e1ec56461fa2ef2562f8622c42,347464.125,338408,345326.5,359934,359934,359934,11118867,84380.7645,8,True,PASS,passed,True,,,,66a43765efc02325,completed,"{'revision': 1, 'iterations': 32, 'sample_count': 8, 'measurement_iterations_multiplier': 4, 'warmup_iterations': 3, 'gpu_completion_mode': 'per_iteration', 'unit': 'us', 'direction': 'lower_is_better'}"
deck,candidate,game_load.pgr2_ai_backup.full_system,20261005-124518488-ead4b9e1ec56461fa2ef2562f8622c42,352811.375,348654,352111.0,361736,361736,361736,11289973,84380.7645,8,True,PASS,passed,True,,,,55485325870d6325,completed,"{'revision': 1, 'iterations': 32, 'sample_count': 8, 'measurement_iterations_multiplier': 4, 'warmup_iterations': 3, 'gpu_completion_mode': 'per_iteration', 'unit': 'us', 'direction': 'lower_is_better'}"
deck,candidate,high_vertex_count.arrays,20261005-124644944-7360a555ce3048d1afaece90f8d7e1d4,139.92,96,109.0,324,352,466,56112,38348.6914,100,True,PASS,failed,True,,,,e67a1ce72784a588,completed,"{'revision': 1, 'iterations': 400, 'sample_count': 100, 'measurement_iterations_multiplier': 4, 'warmup_iterations': 3, 'gpu_completion_mode': 'per_iteration', 'unit': 'us', 'direction': 'lower_is_better'}"
deck,candidate,high_vertex_count.inline_arrays,20261005-124644944-7360a555ce3048d1afaece90f8d7e1d4,113784.8,107840,111787.5,129628,129628,129628,4551401,38348.6914,10,True,PASS,failed,True,,,,e67a1ce72784a588,completed,"{'revision': 1, 'iterations': 40, 'sample_count': 10, 'measurement_iterations_multiplier': 4, 'warmup_iterations': 3, 'gpu_completion_mode': 'per_iteration', 'unit': 'us', 'direction': 'lower_is_better'}"
deck,candidate,high_vertex_count.inline_buffers,20261005-124644944-7360a555ce3048d1afaece90f8d7e1d4,651461.2,635885,653521,670138,670138,670138,13029233,38348.6914,5,True,PASS,failed,True,,,,e67a1ce72784a588,completed,"{'revision': 1, 'iterations': 20, 'sample_count': 5, 'measurement_iterations_multiplier': 4, 'warmup_iterations': 3, 'gpu_completion_mode': 'per_iteration', 'unit': 'us', 'direction': 'lower_is_better'}"
deck,candidate,high_vertex_count.inline_elements,20261005-124644944-7360a555ce3048d1afaece90f8d7e1d4,6022.08,5827,5969.5,6342,6678,6678,1204504,38348.6914,50,True,PASS,failed,True,,,,e67a1ce72784a588,completed,"{'revision': 1, 'iterations': 200, 'sample_count': 50, 'measurement_iterations_multiplier': 4, 'warmup_iterations': 3, 'gpu_completion_mode': 'per_iteration', 'unit': 'us', 'direction': 'lower_is_better'}"
deck,candidate,primitive_type.line_loop.fixed_function,20261005-124644944-7360a555ce3048d1afaece90f8d7e1d4,2263.8,2074,2268.0,2464,2464,2464,90566,38348.6914,10,True,PASS,failed,True,,,,4024a5cb9bd0fa4e,completed,"{'revision': 1, 'iterations': 40, 'sample_count': 10, 'measurement_iterations_multiplier': 4, 'warmup_iterations': 3, 'gpu_completion_mode': 'per_iteration', 'unit': 'us', 'direction': 'lower_is_better'}"
deck,candidate,primitive_type.line_loop.vertex_shader,20261005-124644944-7360a555ce3048d1afaece90f8d7e1d4,2381.7,2229,2382.5,2571,2571,2571,95285,38348.6914,10,True,PASS,failed,True,,,,4024a5cb9bd0fa4e,completed,"{'revision': 1, 'iterations': 40, 'sample_count': 10, 'measurement_iterations_multiplier': 4, 'warmup_iterations': 3, 'gpu_completion_mode': 'per_iteration', 'unit': 'us', 'direction': 'lower_is_better'}"
deck,candidate,primitive_type.line_strip.fixed_function,20261005-124644944-7360a555ce3048d1afaece90f8d7e1d4,1315.3,1179,1308.0,1445,1445,1445,52620,38348.6914,10,True,PASS,failed,True,,,,4024a5cb9bd0fa4e,completed,"{'revision': 1, 'iterations': 40, 'sample_count': 10, 'measurement_iterations_multiplier': 4, 'warmup_iterations': 3, 'gpu_completion_mode': 'per_iteration', 'unit': 'us', 'direction': 'lower_is_better'}"
deck,candidate,primitive_type.line_strip.vertex_shader,20261005-124644944-7360a555ce3048d1afaece90f8d7e1d4,1167.8,1088,1162.0,1295,1295,1295,46732,38348.6914,10,True,PASS,failed,True,,,,4024a5cb9bd0fa4e,completed,"{'revision': 1, 'iterations': 40, 'sample_count': 10, 'measurement_iterations_multiplier': 4, 'warmup_iterations': 3, 'gpu_completion_mode': 'per_iteration', 'unit': 'us', 'direction': 'lower_is_better'}"
deck,candidate,primitive_type.lines.fixed_function,20261005-124644944-7360a555ce3048d1afaece90f8d7e1d4,4674,4209,4688.0,4967,4967,4967,186979,38348.6914,10,True,PASS,failed,True,,,,5440c372c6a2a101,completed,"{'revision': 1, 'iterations': 40, 'sample_count': 10, 'measurement_iterations_multiplier': 4, 'warmup_iterations': 3, 'gpu_completion_mode': 'per_iteration', 'unit': 'us', 'direction': 'lower_is_better'}"
deck,candidate,primitive_type.lines.vertex_shader,20261005-124644944-7360a555ce3048d1afaece90f8d7e1d4,4174,3823,4128.0,4616,4616,4616,166970,38348.6914,10,True,PASS,failed,True,,,,5440c372c6a2a101,completed,"{'revision': 1, 'iterations': 40, 'sample_count': 10, 'measurement_iterations_multiplier': 4, 'warmup_iterations': 3, 'gpu_completion_mode': 'per_iteration', 'unit': 'us', 'direction': 'lower_is_better'}"
deck,candidate,primitive_type.points.fixed_function,20261005-124644944-7360a555ce3048d1afaece90f8d7e1d4,2272.2,1945,2334.0,2486,2486,2486,90902,38348.6914,10,True,PASS,failed,True,,,,6813f0dbe94bac3c,completed,"{'revision': 1, 'iterations': 40, 'sample_count': 10, 'measurement_iterations_multiplier': 4, 'warmup_iterations': 3, 'gpu_completion_mode': 'per_iteration', 'unit': 'us', 'direction': 'lower_is_better'}"
deck,candidate,primitive_type.points.vertex_shader,20261005-124644944-7360a555ce3048d1afaece90f8d7e1d4,2349.7,2100,2349.0,2492,2492,2492,94003,38348.6914,10,True,PASS,failed,True,,,,6813f0dbe94bac3c,completed,"{'revision': 1, 'iterations': 40, 'sample_count': 10, 'measurement_iterations_multiplier': 4, 'warmup_iterations': 3, 'gpu_completion_mode': 'per_iteration', 'unit': 'us', 'direction': 'lower_is_better'}"
deck,candidate,primitive_type.polygon.fixed_function,20261005-124725334-c6f1acb7f817493887806c0ae63173d9,2681.1,2272,2686.5,3072,3072,3072,107259,18561.6982,10,True,PASS,failed,True,,,,e0d0b9dbefa71269,completed,"{'revision': 1, 'iterations': 40, 'sample_count': 10, 'measurement_iterations_multiplier': 4, 'warmup_iterations': 3, 'gpu_completion_mode': 'per_iteration', 'unit': 'us', 'direction': 'lower_is_better'}"
deck,candidate,primitive_type.polygon.vertex_shader,20261005-124725334-c6f1acb7f817493887806c0ae63173d9,5826.6,4447,6125.5,7351,7351,7351,233077,18561.6982,10,True,PASS,failed,True,,,,e0d0b9dbefa71269,completed,"{'revision': 1, 'iterations': 40, 'sample_count': 10, 'measurement_iterations_multiplier': 4, 'warmup_iterations': 3, 'gpu_completion_mode': 'per_iteration', 'unit': 'us', 'direction': 'lower_is_better'}"
deck,candidate,primitive_type.quad_strip.fixed_function,20261005-124725334-c6f1acb7f817493887806c0ae63173d9,7401.6,3952,7027.0,11581,11581,11581,296074,18561.6982,10,True,PASS,failed,True,,,,e1f46a0779ee1f21,completed,"{'revision': 1, 'iterations': 40, 'sample_count': 10, 'measurement_iterations_multiplier': 4, 'warmup_iterations': 3, 'gpu_completion_mode': 'per_iteration', 'unit': 'us', 'direction': 'lower_is_better'}"
deck,candidate,primitive_type.quad_strip.vertex_shader,20261005-124725334-c6f1acb7f817493887806c0ae63173d9,4283.3,4062,4281.5,4573,4573,4573,171346,18561.6982,10,True,PASS,failed,True,,,,e1f46a0779ee1f21,completed,"{'revision': 1, 'iterations': 40, 'sample_count': 10, 'measurement_iterations_multiplier': 4, 'warmup_iterations': 3, 'gpu_completion_mode': 'per_iteration', 'unit': 'us', 'direction': 'lower_is_better'}"
deck,candidate,primitive_type.quads.fixed_function,20261005-124725334-c6f1acb7f817493887806c0ae63173d9,6659.4,4024,7639.5,8890,8890,8890,266389,18561.6982,10,True,PASS,failed,True,,,,d14f30833e638324,completed,"{'revision': 1, 'iterations': 40, 'sample_count': 10, 'measurement_iterations_multiplier': 4, 'warmup_iterations': 3, 'gpu_completion_mode': 'per_iteration', 'unit': 'us', 'direction': 'lower_is_better'}"
deck,candidate,primitive_type.quads.vertex_shader,20261005-124725334-c6f1acb7f817493887806c0ae63173d9,7033,5088,6817.0,9152,9152,9152,281336,18561.6982,10,True,PASS,failed,True,,,,d14f30833e638324,completed,"{'revision': 1, 'iterations': 40, 'sample_count': 10, 'measurement_iterations_multiplier': 4, 'warmup_iterations': 3, 'gpu_completion_mode': 'per_iteration', 'unit': 'us', 'direction': 'lower_is_better'}"
deck,candidate,primitive_type.triangle_fan.fixed_function,20261005-124725334-c6f1acb7f817493887806c0ae63173d9,1325.6,1273,1321.5,1422,1422,1422,53043,18561.6982,10,True,PASS,failed,True,,,,eadb3b4945fe25df,completed,"{'revision': 1, 'iterations': 40, 'sample_count': 10, 'measurement_iterations_multiplier': 4, 'warmup_iterations': 3, 'gpu_completion_mode': 'per_iteration', 'unit': 'us', 'direction': 'lower_is_better'}"
deck,candidate,primitive_type.triangle_fan.vertex_shader,20261005-124725334-c6f1acb7f817493887806c0ae63173d9,1327,1249,1324.0,1373,1373,1373,53091,18561.6982,10,True,PASS,failed,True,,,,eadb3b4945fe25df,completed,"{'revision': 1, 'iterations': 40, 'sample_count': 10, 'measurement_iterations_multiplier': 4, 'warmup_iterations': 3, 'gpu_completion_mode': 'per_iteration', 'unit': 'us', 'direction': 'lower_is_better'}"
deck,candidate,primitive_type.triangle_strip.fixed_function,20261005-124725334-c6f1acb7f817493887806c0ae63173d9,2165.1,2018,2168.5,2282,2282,2282,86611,18561.6982,10,True,PASS,failed,True,,,,ee7f6eeeb2263031,completed,"{'revision': 1, 'iterations': 40, 'sample_count': 10, 'measurement_iterations_multiplier': 4, 'warmup_iterations': 3, 'gpu_completion_mode': 'per_iteration', 'unit': 'us', 'direction': 'lower_is_better'}"
deck,candidate,primitive_type.triangle_strip.vertex_shader,20261005-124725334-c6f1acb7f817493887806c0ae63173d9,2276.3,2111,2289.5,2375,2375,2375,91067,18561.6982,10,True,PASS,failed,True,,,,ee7f6eeeb2263031,completed,"{'revision': 1, 'iterations': 40, 'sample_count': 10, 'measurement_iterations_multiplier': 4, 'warmup_iterations': 3, 'gpu_completion_mode': 'per_iteration', 'unit': 'us', 'direction': 'lower_is_better'}"
deck,candidate,primitive_type.triangles.fixed_function,20261005-124725334-c6f1acb7f817493887806c0ae63173d9,6105.4,4346,6357.5,6583,6583,6583,244229,18561.6982,10,True,PASS,failed,True,,,,a53b3ecbc7019828,completed,"{'revision': 1, 'iterations': 40, 'sample_count': 10, 'measurement_iterations_multiplier': 4, 'warmup_iterations': 3, 'gpu_completion_mode': 'per_iteration', 'unit': 'us', 'direction': 'lower_is_better'}"
deck,candidate,primitive_type.triangles.vertex_shader,20261005-124725334-c6f1acb7f817493887806c0ae63173d9,5922.5,4384,6295.5,6720,6720,6720,236913,18561.6982,10,True,PASS,failed,True,,,,a53b3ecbc7019828,completed,"{'revision': 1, 'iterations': 40, 'sample_count': 10, 'measurement_iterations_multiplier': 4, 'warmup_iterations': 3, 'gpu_completion_mode': 'per_iteration', 'unit': 'us', 'direction': 'lower_is_better'}"
deck,candidate,texture_cubemap_fallback.bordered_palette_size1,20261005-130132692-fb97274b521a4e1cad199a07e11dc0d1,16657.25,16409,16658.0,16866,16866,16866,533043,132884.2858,8,True,FAIL,failed,True,,,,56d00ed89334a325,completed,"{'revision': 1, 'iterations': 32, 'sample_count': 8, 'measurement_iterations_multiplier': 4, 'warmup_iterations': 3, 'gpu_completion_mode': 'per_iteration', 'unit': 'us', 'direction': 'lower_is_better'}"
deck,candidate,texture_cubemap_fallback.bordered_palette_size2,20261005-130132692-fb97274b521a4e1cad199a07e11dc0d1,16621.75,16462,16653.0,16717,16717,16717,531908,132884.2858,8,True,FAIL,failed,True,,,,bb93d50a6b1ba325,completed,"{'revision': 1, 'iterations': 32, 'sample_count': 8, 'measurement_iterations_multiplier': 4, 'warmup_iterations': 3, 'gpu_completion_mode': 'per_iteration', 'unit': 'us', 'direction': 'lower_is_better'}"
deck,candidate,texture_cubemap_fallback.bordered_palette_size4,20261005-130132692-fb97274b521a4e1cad199a07e11dc0d1,16649.25,16483,16655.5,16738,16738,16738,532789,132884.2858,8,True,FAIL,failed,True,,,,55460e1d2302a325,completed,"{'revision': 1, 'iterations': 32, 'sample_count': 8, 'measurement_iterations_multiplier': 4, 'warmup_iterations': 3, 'gpu_completion_mode': 'per_iteration', 'unit': 'us', 'direction': 'lower_is_better'}"
deck,candidate,texture_cubemap_fallback.bordered_palette_size8,20261005-130132692-fb97274b521a4e1cad199a07e11dc0d1,16659.125,16560,16649.0,16745,16745,16745,533105,132884.2858,8,True,FAIL,failed,True,,,,53ccfb3cac5633d3,completed,"{'revision': 1, 'iterations': 32, 'sample_count': 8, 'measurement_iterations_multiplier': 4, 'warmup_iterations': 3, 'gpu_completion_mode': 'per_iteration', 'unit': 'us', 'direction': 'lower_is_better'}"
deck,candidate,texture_cubemap_fallback.bordered_r6g5b5_size1,20261005-130132692-fb97274b521a4e1cad199a07e11dc0d1,16655.625,16584,16670.0,16701,16701,16701,532996,132884.2858,8,True,FAIL,failed,True,,,,56d00ed89334a325,completed,"{'revision': 1, 'iterations': 32, 'sample_count': 8, 'measurement_iterations_multiplier': 4, 'warmup_iterations': 3, 'gpu_completion_mode': 'per_iteration', 'unit': 'us', 'direction': 'lower_is_better'}"
deck,candidate,texture_cubemap_fallback.bordered_r6g5b5_size2,20261005-130132692-fb97274b521a4e1cad199a07e11dc0d1,16663.375,16592,16674.5,16701,16701,16701,533239,132884.2858,8,True,FAIL,failed,True,,,,0e8ba11521b73f45,completed,"{'revision': 1, 'iterations': 32, 'sample_count': 8, 'measurement_iterations_multiplier': 4, 'warmup_iterations': 3, 'gpu_completion_mode': 'per_iteration', 'unit': 'us', 'direction': 'lower_is_better'}"
deck,candidate,texture_cubemap_fallback.bordered_r6g5b5_size4,20261005-130132692-fb97274b521a4e1cad199a07e11dc0d1,16648.25,16525,16658.0,16723,16723,16723,532754,132884.2858,8,True,FAIL,failed,True,,,,31dbcc2110e01525,completed,"{'revision': 1, 'iterations': 32, 'sample_count': 8, 'measurement_iterations_multiplier': 4, 'warmup_iterations': 3, 'gpu_completion_mode': 'per_iteration', 'unit': 'us', 'direction': 'lower_is_better'}"
deck,candidate,texture_cubemap_fallback.bordered_rgba8_size1,20261005-130132692-fb97274b521a4e1cad199a07e11dc0d1,16655.25,16538,16668.0,16692,16692,16692,532975,132884.2858,8,True,FAIL,failed,True,,,,56d00ed89334a325,completed,"{'revision': 1, 'iterations': 32, 'sample_count': 8, 'measurement_iterations_multiplier': 4, 'warmup_iterations': 3, 'gpu_completion_mode': 'per_iteration', 'unit': 'us', 'direction': 'lower_is_better'}"
deck,candidate,texture_cubemap_fallback.bordered_rgba8_size2,20261005-130132692-fb97274b521a4e1cad199a07e11dc0d1,16651.25,16519,16653.5,16731,16731,16731,532852,132884.2858,8,True,FAIL,failed,True,,,,bb93d50a6b1ba325,completed,"{'revision': 1, 'iterations': 32, 'sample_count': 8, 'measurement_iterations_multiplier': 4, 'warmup_iterations': 3, 'gpu_completion_mode': 'per_iteration', 'unit': 'us', 'direction': 'lower_is_better'}"
deck,candidate,texture_cubemap_fallback.bordered_rgba8_size4,20261005-130132692-fb97274b521a4e1cad199a07e11dc0d1,16654.125,16573,16666.5,16703,16703,16703,532946,132884.2858,8,True,FAIL,failed,True,,,,55460e1d2302a325,completed,"{'revision': 1, 'iterations': 32, 'sample_count': 8, 'measurement_iterations_multiplier': 4, 'warmup_iterations': 3, 'gpu_completion_mode': 'per_iteration', 'unit': 'us', 'direction': 'lower_is_better'}"
deck,candidate,texture_cubemap_fallback.bordered_rgba8_size8,20261005-130132692-fb97274b521a4e1cad199a07e11dc0d1,16655.75,16582,16672.0,16720,16720,16720,532989,132884.2858,8,True,FAIL,failed,True,,,,f3129198a7b005f5,completed,"{'revision': 1, 'iterations': 32, 'sample_count': 8, 'measurement_iterations_multiplier': 4, 'warmup_iterations': 3, 'gpu_completion_mode': 'per_iteration', 'unit': 'us', 'direction': 'lower_is_better'}"
deck,candidate,texture_cubemap_fallback.unbordered_subblock_dxt1,20261005-130132692-fb97274b521a4e1cad199a07e11dc0d1,16662,16612,16662.0,16714,16714,16714,533200,132884.2858,8,True,PASS,passed,True,,,,be0f2013c1997ca5,completed,"{'revision': 1, 'iterations': 32, 'sample_count': 8, 'measurement_iterations_multiplier': 4, 'warmup_iterations': 3, 'gpu_completion_mode': 'per_iteration', 'unit': 'us', 'direction': 'lower_is_better'}"
deck,candidate,texture_cubemap_fallback.bordered_r6g5b5_size8,20261005-130347621-5e4514cbc4e44416960d39a95e773c70,16560.375,15860,16613.0,16892,16892,16892,529948,24730.2018,8,True,FAIL,failed,True,,,,72ca2acdd1d976a5,completed,"{'revision': 1, 'iterations': 32, 'sample_count': 8, 'measurement_iterations_multiplier': 4, 'warmup_iterations': 3, 'gpu_completion_mode': 'per_iteration', 'unit': 'us', 'direction': 'lower_is_better'}"
deck,candidate,surface.basic,20261005-130414401-3fd3706ba8684bc99e31db01780cd21f,43447.7,37620,42593.0,50843,50843,50843,1737923,37049.3435,10,True,PASS,failed,True,,,,cf6533efef4c476e,completed,"{'revision': 1, 'iterations': 40, 'sample_count': 10, 'measurement_iterations_multiplier': 4, 'warmup_iterations': 3, 'gpu_completion_mode': 'per_iteration', 'unit': 'us', 'direction': 'lower_is_better'}"
deck,candidate,surface.cpu_read_after_gpu_write,20261005-130414401-3fd3706ba8684bc99e31db01780cd21f,3964.25,3171,3841.5,4644,4947,4947,317173,37049.3435,20,True,PASS,passed,True,,,,572720976b602325,completed,"{'revision': 1, 'iterations': 80, 'sample_count': 20, 'measurement_iterations_multiplier': 4, 'warmup_iterations': 3, 'gpu_completion_mode': 'per_iteration', 'unit': 'us', 'direction': 'lower_is_better'}"
deck,candidate,surface.cpu_read_clean_surface,20261005-130414401-3fd3706ba8684bc99e31db01780cd21f,372.24,192,346.0,549,591,606,149040,37049.3435,100,True,PASS,passed,True,,,,aa32af524aa52325,completed,"{'revision': 1, 'iterations': 400, 'sample_count': 100, 'measurement_iterations_multiplier': 4, 'warmup_iterations': 3, 'gpu_completion_mode': 'per_iteration', 'unit': 'us', 'direction': 'lower_is_better'}"
deck,candidate,surface.framebuffer_working_set_002,20261005-130414401-3fd3706ba8684bc99e31db01780cd21f,5181.2,2731,5348.5,6435,6436,6436,414539,37049.3435,20,True,PASS,failed,True,,,,cb732f2ae5736b2d,completed,"{'revision': 1, 'iterations': 80, 'sample_count': 20, 'measurement_iterations_multiplier': 4, 'warmup_iterations': 3, 'gpu_completion_mode': 'per_iteration', 'unit': 'us', 'direction': 'lower_is_better'}"
deck,candidate,surface.framebuffer_working_set_008,20261005-130414401-3fd3706ba8684bc99e31db01780cd21f,5009.2,2930,5293.5,6212,6236,6236,400760,37049.3435,20,True,PASS,failed,True,,,,7ffda0d97cce712d,completed,"{'revision': 1, 'iterations': 80, 'sample_count': 20, 'measurement_iterations_multiplier': 4, 'warmup_iterations': 3, 'gpu_completion_mode': 'per_iteration', 'unit': 'us', 'direction': 'lower_is_better'}"
deck,candidate,surface.framebuffer_working_set_032,20261005-130414401-3fd3706ba8684bc99e31db01780cd21f,5549.9,4710,5458.5,6417,6526,6526,444028,37049.3435,20,True,PASS,failed,True,,,,2baad45ae0ed71a5,completed,"{'revision': 1, 'iterations': 80, 'sample_count': 20, 'measurement_iterations_multiplier': 4, 'warmup_iterations': 3, 'gpu_completion_mode': 'per_iteration', 'unit': 'us', 'direction': 'lower_is_better'}"
deck,candidate,surface.framebuffer_working_set_064,20261005-130414401-3fd3706ba8684bc99e31db01780cd21f,5543.55,4475,5534.0,6336,6626,6626,443514,37049.3435,20,True,PASS,failed,True,,,,2baad45ae0ed71a5,completed,"{'revision': 1, 'iterations': 80, 'sample_count': 20, 'measurement_iterations_multiplier': 4, 'warmup_iterations': 3, 'gpu_completion_mode': 'per_iteration', 'unit': 'us', 'direction': 'lower_is_better'}"
deck,candidate,surface.full_clear_elision_guard,20261005-130414401-3fd3706ba8684bc99e31db01780cd21f,6391.32,1939,7171.0,9906,10111,10726,2556671,37049.3435,100,True,PASS,failed,True,,,,49bc2d7eec9c4725,completed,"{'revision': 1, 'iterations': 400, 'sample_count': 100, 'measurement_iterations_multiplier': 4, 'warmup_iterations': 3, 'gpu_completion_mode': 'per_iteration', 'unit': 'us', 'direction': 'lower_is_better'}"
deck,candidate,surface.overlapping_surface_churn_representative,20261005-130414401-3fd3706ba8684bc99e31db01780cd21f,6970.45,3282,7196.5,9373,11136,11807,2788330,37049.3435,100,True,PASS,failed,True,,,,7a8c35cdc9c70725,completed,"{'revision': 1, 'iterations': 400, 'sample_count': 100, 'measurement_iterations_multiplier': 4, 'warmup_iterations': 3, 'gpu_completion_mode': 'per_iteration', 'unit': 'us', 'direction': 'lower_is_better'}"
deck,candidate,surface.overlapping_surface_churn_stress,20261005-130414401-3fd3706ba8684bc99e31db01780cd21f,82707.4,76541,80252.5,107247,107247,107247,3308309,37049.3435,10,True,PASS,failed,True,,,,7a8c35cdc9c70725,completed,"{'revision': 1, 'iterations': 40, 'sample_count': 10, 'measurement_iterations_multiplier': 4, 'warmup_iterations': 3, 'gpu_completion_mode': 'per_iteration', 'unit': 'us', 'direction': 'lower_is_better'}"
deck,candidate,surface.partial_channel_clear_guard,20261005-130414401-3fd3706ba8684bc99e31db01780cd21f,7461.61,1872,8391.0,10475,11089,27101,2984796,37049.3435,100,True,PASS,failed,True,,,,b52bc22d6eedd725,completed,"{'revision': 1, 'iterations': 400, 'sample_count': 100, 'measurement_iterations_multiplier': 4, 'warmup_iterations': 3, 'gpu_completion_mode': 'per_iteration', 'unit': 'us', 'direction': 'lower_is_better'}"
deck,candidate,surface.surface_download_path,20261005-130414401-3fd3706ba8684bc99e31db01780cd21f,81989.2,45130,66853.0,182700,182700,182700,3279585,37049.3435,10,True,PASS,failed,True,,,,3a281ef8b6b324c2,completed,"{'revision': 1, 'iterations': 40, 'sample_count': 10, 'measurement_iterations_multiplier': 4, 'warmup_iterations': 3, 'gpu_completion_mode': 'per_iteration', 'unit': 'us', 'direction': 'lower_is_better'}"
deck,candidate,surface.surface_list_lookup_002,20261005-130453495-31287019972048b8881bf3b02a84248f,4819.55,2924,5100.5,6042,6286,6286,385598,80488.0332,20,True,PASS,failed,True,,,,fa475bc695046525,completed,"{'revision': 1, 'iterations': 80, 'sample_count': 20, 'measurement_iterations_multiplier': 4, 'warmup_iterations': 3, 'gpu_completion_mode': 'per_iteration', 'unit': 'us', 'direction': 'lower_is_better'}"
deck,candidate,surface.surface_list_lookup_008,20261005-130453495-31287019972048b8881bf3b02a84248f,5761.35,5128,5711.0,6580,6619,6619,460940,80488.0332,20,True,PASS,failed,True,,,,9489ca620c4f97a5,completed,"{'revision': 1, 'iterations': 80, 'sample_count': 20, 'measurement_iterations_multiplier': 4, 'warmup_iterations': 3, 'gpu_completion_mode': 'per_iteration', 'unit': 'us', 'direction': 'lower_is_better'}"
deck,candidate,surface.surface_list_lookup_032,20261005-130453495-31287019972048b8881bf3b02a84248f,4957.95,3372,5250.5,6058,6171,6171,396661,80488.0332,20,True,PASS,failed,True,,,,8cdf93e7e3e6ce25,completed,"{'revision': 1, 'iterations': 80, 'sample_count': 20, 'measurement_iterations_multiplier': 4, 'warmup_iterations': 3, 'gpu_completion_mode': 'per_iteration', 'unit': 'us', 'direction': 'lower_is_better'}"
deck,candidate,surface.surface_list_lookup_128,20261005-130453495-31287019972048b8881bf3b02a84248f,4535.95,2322,5410.0,5777,6434,6434,362906,80488.0332,20,True,PASS,failed,True,,,,8cdf93e7e3e6ce25,completed,"{'revision': 1, 'iterations': 80, 'sample_count': 20, 'measurement_iterations_multiplier': 4, 'warmup_iterations': 3, 'gpu_completion_mode': 'per_iteration', 'unit': 'us', 'direction': 'lower_is_better'}"
deck,candidate,surface.vulkan_memory_pressure.representative.growth,20261005-130453495-31287019972048b8881bf3b02a84248f,181344.25,140738,189585.0,205469,205469,205469,2901511,80488.0332,4,True,PASS,failed,True,,,,17046af640418325,completed,"{'revision': 1, 'iterations': 16, 'sample_count': 4, 'measurement_iterations_multiplier': 4, 'warmup_iterations': 3, 'gpu_completion_mode': 'per_iteration', 'unit': 'us', 'direction': 'lower_is_better'}"
deck,candidate,surface.vulkan_memory_pressure.representative.plateau,20261005-130453495-31287019972048b8881bf3b02a84248f,187283.75,160123,190369.5,208273,208273,208273,2996547,80488.0332,4,True,PASS,failed,True,,,,490075aafd91af25,completed,"{'revision': 1, 'iterations': 16, 'sample_count': 4, 'measurement_iterations_multiplier': 4, 'warmup_iterations': 3, 'gpu_completion_mode': 'per_iteration', 'unit': 'us', 'direction': 'lower_is_better'}"
deck,candidate,surface.vulkan_memory_pressure.representative.alias_resize,20261005-130453495-31287019972048b8881bf3b02a84248f,127390,76791,137728.0,157313,157313,157313,2038247,80488.0332,4,True,PASS,failed,True,,,,ed56b68868e2f325,completed,"{'revision': 1, 'iterations': 16, 'sample_count': 4, 'measurement_iterations_multiplier': 4, 'warmup_iterations': 3, 'gpu_completion_mode': 'per_iteration', 'unit': 'us', 'direction': 'lower_is_better'}"
deck,candidate,surface.vulkan_memory_pressure.representative.reuse,20261005-130453495-31287019972048b8881bf3b02a84248f,154687,145707,155239.0,162563,162563,162563,2474995,80488.0332,4,True,PASS,failed,True,,,,b8b4854297220f25,completed,"{'revision': 1, 'iterations': 16, 'sample_count': 4, 'measurement_iterations_multiplier': 4, 'warmup_iterations': 3, 'gpu_completion_mode': 'per_iteration', 'unit': 'us', 'direction': 'lower_is_better'}"
deck,candidate,surface.vulkan_memory_pressure.representative.idle_retention,20261005-130453495-31287019972048b8881bf3b02a84248f,1997.25,1641,1794.5,2759,2759,2759,31962,80488.0332,4,True,PASS,failed,True,,,,dfa4d6a81f791525,completed,"{'revision': 1, 'iterations': 16, 'sample_count': 4, 'measurement_iterations_multiplier': 4, 'warmup_iterations': 3, 'gpu_completion_mode': 'per_iteration', 'unit': 'us', 'direction': 'lower_is_better'}"
deck,candidate,surface.vulkan_memory_pressure.stress.growth,20261005-130453495-31287019972048b8881bf3b02a84248f,757361,720359,758665.0,791755,791755,791755,12117783,80488.0332,4,True,PASS,failed,True,,,,17a43e09af9b8325,completed,"{'revision': 1, 'iterations': 16, 'sample_count': 4, 'measurement_iterations_multiplier': 4, 'warmup_iterations': 3, 'gpu_completion_mode': 'per_iteration', 'unit': 'us', 'direction': 'lower_is_better'}"
deck,candidate,surface.vulkan_memory_pressure.stress.plateau,20261005-130453495-31287019972048b8881bf3b02a84248f,675182,589401,697766.0,715795,715795,715795,10802920,80488.0332,4,True,PASS,failed,True,,,,4732cd7c1520a325,completed,"{'revision': 1, 'iterations': 16, 'sample_count': 4, 'measurement_iterations_multiplier': 4, 'warmup_iterations': 3, 'gpu_completion_mode': 'per_iteration', 'unit': 'us', 'direction': 'lower_is_better'}"
deck,candidate,surface.vulkan_memory_pressure.stress.alias_resize,20261005-130453495-31287019972048b8881bf3b02a84248f,510198.5,482414,511734.0,534912,534912,534912,8163181,80488.0332,4,True,PASS,failed,True,,,,34e2ce9b25a3bf25,completed,"{'revision': 1, 'iterations': 16, 'sample_count': 4, 'measurement_iterations_multiplier': 4, 'warmup_iterations': 3, 'gpu_completion_mode': 'per_iteration', 'unit': 'us', 'direction': 'lower_is_better'}"
deck,candidate,surface.vulkan_memory_pressure.stress.reuse,20261005-130453495-31287019972048b8881bf3b02a84248f,674591.75,546836,696022.0,759487,759487,759487,10793475,80488.0332,4,True,PASS,failed,True,,,,0a989678bb57ff25,completed,"{'revision': 1, 'iterations': 16, 'sample_count': 4, 'measurement_iterations_multiplier': 4, 'warmup_iterations': 3, 'gpu_completion_mode': 'per_iteration', 'unit': 'us', 'direction': 'lower_is_better'}"
deck,candidate,surface.vulkan_memory_pressure.stress.idle_retention,20261005-130453495-31287019972048b8881bf3b02a84248f,2833.75,2606,2821.5,3086,3086,3086,45346,80488.0332,4,True,PASS,failed,True,,,,c60ef78ce0171b25,completed,"{'revision': 1, 'iterations': 16, 'sample_count': 4, 'measurement_iterations_multiplier': 4, 'warmup_iterations': 3, 'gpu_completion_mode': 'per_iteration', 'unit': 'us', 'direction': 'lower_is_better'}"
deck,candidate,tiny_draw.arrays.fixed_function,20261005-130616032-ba07109264314b429ae4272654f0d5c0,71289.1,64417,69005.0,81590,81590,81590,2851578,39114.3965,10,True,PASS,failed,True,,,,acf025546cf667b5,completed,"{'revision': 1, 'iterations': 40, 'sample_count': 10, 'measurement_iterations_multiplier': 4, 'warmup_iterations': 3, 'gpu_completion_mode': 'per_iteration', 'unit': 'us', 'direction': 'lower_is_better'}"
deck,candidate,tiny_draw.arrays.vertex_shader,20261005-130616032-ba07109264314b429ae4272654f0d5c0,64018.6,57554,59817.0,89230,89230,89230,2560762,39114.3965,10,True,PASS,failed,True,,,,acf025546cf667b5,completed,"{'revision': 1, 'iterations': 40, 'sample_count': 10, 'measurement_iterations_multiplier': 4, 'warmup_iterations': 3, 'gpu_completion_mode': 'per_iteration', 'unit': 'us', 'direction': 'lower_is_better'}"
deck,candidate,tiny_draw.inline_arrays.fixed_function,20261005-130616032-ba07109264314b429ae4272654f0d5c0,79476,75443,79216.5,89019,89019,89019,3179054,39114.3965,10,True,PASS,failed,True,,,,acf025546cf667b5,completed,"{'revision': 1, 'iterations': 40, 'sample_count': 10, 'measurement_iterations_multiplier': 4, 'warmup_iterations': 3, 'gpu_completion_mode': 'per_iteration', 'unit': 'us', 'direction': 'lower_is_better'}"
deck,candidate,tiny_draw.inline_arrays.vertex_shader,20261005-130616032-ba07109264314b429ae4272654f0d5c0,78537.1,74655,78566.5,83054,83054,83054,3141498,39114.3965,10,True,PASS,failed,True,,,,acf025546cf667b5,completed,"{'revision': 1, 'iterations': 40, 'sample_count': 10, 'measurement_iterations_multiplier': 4, 'warmup_iterations': 3, 'gpu_completion_mode': 'per_iteration', 'unit': 'us', 'direction': 'lower_is_better'}"
deck,candidate,tiny_draw.inline_buffers.fixed_function,20261005-130616032-ba07109264314b429ae4272654f0d5c0,66081.1,60382,65373.5,70966,70966,70966,2643262,39114.3965,10,True,PASS,failed,True,,,,acf025546cf667b5,completed,"{'revision': 1, 'iterations': 40, 'sample_count': 10, 'measurement_iterations_multiplier': 4, 'warmup_iterations': 3, 'gpu_completion_mode': 'per_iteration', 'unit': 'us', 'direction': 'lower_is_better'}"
deck,candidate,tiny_draw.inline_buffers.vertex_shader,20261005-130616032-ba07109264314b429ae4272654f0d5c0,63504.2,60207,62243.5,72212,72212,72212,2540183,39114.3965,10,True,PASS,failed,True,,,,acf025546cf667b5,completed,"{'revision': 1, 'iterations': 40, 'sample_count': 10, 'measurement_iterations_multiplier': 4, 'warmup_iterations': 3, 'gpu_completion_mode': 'per_iteration', 'unit': 'us', 'direction': 'lower_is_better'}"
deck,candidate,tiny_draw.inline_elements.fixed_function,20261005-130616032-ba07109264314b429ae4272654f0d5c0,60457,58008,60568.5,64599,64599,64599,2418293,39114.3965,10,True,PASS,failed,True,,,,acf025546cf667b5,completed,"{'revision': 1, 'iterations': 40, 'sample_count': 10, 'measurement_iterations_multiplier': 4, 'warmup_iterations': 3, 'gpu_completion_mode': 'per_iteration', 'unit': 'us', 'direction': 'lower_is_better'}"
deck,candidate,tiny_draw.inline_elements.vertex_shader,20261005-130616032-ba07109264314b429ae4272654f0d5c0,60370.2,57618,59975.5,62824,62824,62824,2414824,39114.3965,10,True,PASS,failed,True,,,,acf025546cf667b5,completed,"{'revision': 1, 'iterations': 40, 'sample_count': 10, 'measurement_iterations_multiplier': 4, 'warmup_iterations': 3, 'gpu_completion_mode': 'per_iteration', 'unit': 'us', 'direction': 'lower_is_better'}"
deck,candidate,uniform_thrash.uniform_thrash,20261005-130657192-28761743cb784d5b9c1e629df164ac9a,4569.7,3528,4495.5,5929,5929,5929,182803,14277.4046,10,True,PASS,failed,True,,,,ad445c59f8b11925,completed,"{'revision': 1, 'iterations': 40, 'sample_count': 10, 'measurement_iterations_multiplier': 4, 'warmup_iterations': 3, 'gpu_completion_mode': 'per_iteration', 'unit': 'us', 'direction': 'lower_is_better'}"
deck,candidate,vertex_buffer_allocation.mixed.arrays,20261005-130714031-615ef484048442478797116e693388e4,58694.1,52751,58116.5,65443,65443,65443,2347779,141577.6719,10,True,PASS,not evaluated,True,,,,377e6c029807f325,completed,"{'revision': 1, 'iterations': 40, 'sample_count': 10, 'measurement_iterations_multiplier': 4, 'warmup_iterations': 3, 'gpu_completion_mode': 'per_iteration', 'unit': 'us', 'direction': 'lower_is_better'}"
deck,candidate,vertex_buffer_allocation.mixed.inline_arrays,20261005-130714031-615ef484048442478797116e693388e4,434785.8,427446,432421.5,447044,447044,447044,17391453,141577.6719,10,True,PASS,not evaluated,True,,,,377e6c029807f325,completed,"{'revision': 1, 'iterations': 40, 'sample_count': 10, 'measurement_iterations_multiplier': 4, 'warmup_iterations': 3, 'gpu_completion_mode': 'per_iteration', 'unit': 'us', 'direction': 'lower_is_better'}"
deck,candidate,vertex_buffer_allocation.mixed.inline_buffers,20261005-130714031-615ef484048442478797116e693388e4,1752331.8,1712410,1756751.5,1796673,1796673,1796673,70093289,141577.6719,10,True,PASS,not evaluated,True,,,,377e6c029807f325,completed,"{'revision': 1, 'iterations': 40, 'sample_count': 10, 'measurement_iterations_multiplier': 4, 'warmup_iterations': 3, 'gpu_completion_mode': 'per_iteration', 'unit': 'us', 'direction': 'lower_is_better'}"
deck,candidate,vertex_buffer_allocation.mixed.inline_elements,20261005-130714031-615ef484048442478797116e693388e4,56362.2,52440,55903.0,61706,61706,61706,2254501,141577.6719,10,True,PASS,not evaluated,True,,,,377e6c029807f325,completed,"{'revision': 1, 'iterations': 40, 'sample_count': 10, 'measurement_iterations_multiplier': 4, 'warmup_iterations': 3, 'gpu_completion_mode': 'per_iteration', 'unit': 'us', 'direction': 'lower_is_better'}"
deck,candidate,vertex_buffer_allocation.tiny.arrays,20261005-130714031-615ef484048442478797116e693388e4,75724.7,70994,74437.5,85142,85142,85142,3029011,141577.6719,10,True,PASS,not evaluated,True,,,,377e6c029807f325,completed,"{'revision': 1, 'iterations': 40, 'sample_count': 10, 'measurement_iterations_multiplier': 4, 'warmup_iterations': 3, 'gpu_completion_mode': 'per_iteration', 'unit': 'us', 'direction': 'lower_is_better'}"
deck,candidate,vertex_buffer_allocation.tiny.inline_arrays,20261005-130714031-615ef484048442478797116e693388e4,84520.3,81291,84517.0,87676,87676,87676,3380830,141577.6719,10,True,PASS,not evaluated,True,,,,377e6c029807f325,completed,"{'revision': 1, 'iterations': 40, 'sample_count': 10, 'measurement_iterations_multiplier': 4, 'warmup_iterations': 3, 'gpu_completion_mode': 'per_iteration', 'unit': 'us', 'direction': 'lower_is_better'}"
deck,candidate,vertex_buffer_allocation.tiny.inline_buffers,20261005-130714031-615ef484048442478797116e693388e4,85683.3,79752,84480.5,92833,92833,92833,3427349,141577.6719,10,True,PASS,not evaluated,True,,,,377e6c029807f325,completed,"{'revision': 1, 'iterations': 40, 'sample_count': 10, 'measurement_iterations_multiplier': 4, 'warmup_iterations': 3, 'gpu_completion_mode': 'per_iteration', 'unit': 'us', 'direction': 'lower_is_better'}"
deck,candidate,vertex_buffer_allocation.tiny.inline_elements,20261005-130714031-615ef484048442478797116e693388e4,72465.6,68787,71894.0,78167,78167,78167,2898637,141577.6719,10,True,PASS,not evaluated,True,,,,377e6c029807f325,completed,"{'revision': 1, 'iterations': 40, 'sample_count': 10, 'measurement_iterations_multiplier': 4, 'warmup_iterations': 3, 'gpu_completion_mode': 'per_iteration', 'unit': 'us', 'direction': 'lower_is_better'}"
deck,candidate,vertex_buffer_allocation.rising_transient_growth,20261005-130714031-615ef484048442478797116e693388e4,1306191,1306191,1306191,1306191,1306191,1306191,5224767,141577.6719,1,True,PASS,not evaluated,False,,,,377e6c029807f325,completed,"{'revision': 1, 'iterations': 4, 'sample_count': 1, 'measurement_iterations_multiplier': 4, 'warmup_iterations': 3, 'gpu_completion_mode': 'per_iteration', 'unit': 'us', 'direction': 'lower_is_better'}"
deck,candidate,vertex_buffer_allocation.disjoint_same_page,20261005-130714031-615ef484048442478797116e693388e4,71004.5,59989,71536.0,83702,83702,83702,2840192,141577.6719,10,True,PASS,not evaluated,True,,,,fdcd25a37910bb25,completed,"{'revision': 1, 'iterations': 40, 'sample_count': 10, 'measurement_iterations_multiplier': 4, 'warmup_iterations': 3, 'gpu_completion_mode': 'per_iteration', 'unit': 'us', 'direction': 'lower_is_better'}"
win,parent,busy_pfifo.pfifo_saturation,20261005-113153768-83657a7c21514af09c280f216d929632,86969.3,86641,86883.5,87834,87834,87834,3478785,48931.6256,10,True,PASS,not evaluated,True,,,,1508607624bb8506,completed,"{'revision': 1, 'iterations': 40, 'sample_count': 10, 'measurement_iterations_multiplier': 4, 'warmup_iterations': 3, 'gpu_completion_mode': 'per_iteration', 'unit': 'us', 'direction': 'lower_is_better'}"
win,parent,busy_pfifo.pgraph_pattern_polling,20261005-113153768-83657a7c21514af09c280f216d929632,4504561,4504561,4504561,4504561,4504561,4504561,18018245,48931.6256,1,True,PASS,not evaluated,True,,,,386d0f085e98c325,completed,"{'revision': 1, 'iterations': 4, 'sample_count': 1, 'measurement_iterations_multiplier': 4, 'warmup_iterations': 3, 'gpu_completion_mode': 'per_iteration', 'unit': 'us', 'direction': 'lower_is_better'}"
win,parent,pfifo_array_elements.array_element_pgr2,20261005-113153768-83657a7c21514af09c280f216d929632,475.375,390,421.0,669,669,669,15223,48931.6256,8,True,PASS,not evaluated,True,,,,bbc8b0702ffd0325,completed,"{'revision': 1, 'iterations': 32, 'sample_count': 8, 'measurement_iterations_multiplier': 4, 'warmup_iterations': 3, 'gpu_completion_mode': 'per_iteration', 'unit': 'us', 'direction': 'lower_is_better'}"
win,parent,pfifo_array_elements.array_element16,20261005-113153768-83657a7c21514af09c280f216d929632,544,509,532.5,644,644,644,17413,48931.6256,8,True,PASS,not evaluated,True,,,,9c884de2a5d32325,completed,"{'revision': 1, 'iterations': 32, 'sample_count': 8, 'measurement_iterations_multiplier': 4, 'warmup_iterations': 3, 'gpu_completion_mode': 'per_iteration', 'unit': 'us', 'direction': 'lower_is_better'}"
win,parent,pfifo_array_elements.array_element32,20261005-113153768-83657a7c21514af09c280f216d929632,966.75,912,950.5,1045,1045,1045,30944,48931.6256,8,True,PASS,not evaluated,True,,,,e079f0cf1a994325,completed,"{'revision': 1, 'iterations': 32, 'sample_count': 8, 'measurement_iterations_multiplier': 4, 'warmup_iterations': 3, 'gpu_completion_mode': 'per_iteration', 'unit': 'us', 'direction': 'lower_is_better'}"
win,parent,pfifo_packet_boundary.array_element16_overflow,20261005-113153768-83657a7c21514af09c280f216d929632,15098,15098,15098,15098,15098,15098,60393,48931.6256,1,True,PASS,not evaluated,False,,,,4d1756526f052325,completed,"{'revision': 1, 'iterations': 4, 'sample_count': 1, 'measurement_iterations_multiplier': 4, 'warmup_iterations': 3, 'gpu_completion_mode': 'per_iteration', 'unit': 'us', 'direction': 'lower_is_better'}"
win,parent,pfifo_packet_boundary.array_element32_overflow,20261005-113153768-83657a7c21514af09c280f216d929632,30760,30760,30760,30760,30760,30760,123041,48931.6256,1,True,PASS,not evaluated,False,,,,6eb7071be692a325,completed,"{'revision': 1, 'iterations': 4, 'sample_count': 1, 'measurement_iterations_multiplier': 4, 'warmup_iterations': 3, 'gpu_completion_mode': 'per_iteration', 'unit': 'us', 'direction': 'lower_is_better'}"
win,parent,pfifo_packet_boundary.inline_array_overflow,20261005-113153768-83657a7c21514af09c280f216d929632,30380,30380,30380,30380,30380,30380,121523,48931.6256,1,True,PASS,not evaluated,False,,,,847da1930526a325,completed,"{'revision': 1, 'iterations': 4, 'sample_count': 1, 'measurement_iterations_multiplier': 4, 'warmup_iterations': 3, 'gpu_completion_mode': 'per_iteration', 'unit': 'us', 'direction': 'lower_is_better'}"
win,parent,pfifo_packet_boundary.incrementing_inline_fallback,20261005-113153768-83657a7c21514af09c280f216d929632,28,28,28,28,28,28,113,48931.6256,1,True,PASS,not evaluated,False,,,,640439ee8ecd2325,completed,"{'revision': 1, 'iterations': 4, 'sample_count': 1, 'measurement_iterations_multiplier': 4, 'warmup_iterations': 3, 'gpu_completion_mode': 'per_iteration', 'unit': 'us', 'direction': 'lower_is_better'}"
win,parent,cpu_floating_point.sse_scalar,20261005-113245345-09c612a158ea487697a1299919f04af6,509751.6,484148,513368.5,528331,528331,528331,20390080,106435.5108,10,True,PASS,passed,True,,,,6962077c244da325,completed,"{'revision': 1, 'iterations': 40, 'sample_count': 10, 'measurement_iterations_multiplier': 4, 'warmup_iterations': 3, 'gpu_completion_mode': 'per_iteration', 'unit': 'us', 'direction': 'lower_is_better'}"
win,parent,cpu_floating_point.x87_scalar,20261005-113245345-09c612a158ea487697a1299919f04af6,807296.7,805394,806772.5,812333,812333,812333,32291883,106435.5108,10,True,PASS,passed,True,,,,6962077c244da325,completed,"{'revision': 1, 'iterations': 40, 'sample_count': 10, 'measurement_iterations_multiplier': 4, 'warmup_iterations': 3, 'gpu_completion_mode': 'per_iteration', 'unit': 'us', 'direction': 'lower_is_better'}"
win,parent,cpu_translation_blocks.direct_loop,20261005-113245345-09c612a158ea487697a1299919f04af6,9840.7,9822,9829.0,9926,9926,9926,393651,106435.5108,10,True,PASS,passed,True,,,,bd1fc9bf0c318325,completed,"{'revision': 1, 'iterations': 40, 'sample_count': 10, 'measurement_iterations_multiplier': 4, 'warmup_iterations': 3, 'gpu_completion_mode': 'per_iteration', 'unit': 'us', 'direction': 'lower_is_better'}"
win,parent,cpu_translation_blocks.indirect_dispatch,20261005-113245345-09c612a158ea487697a1299919f04af6,41227.3,41019,41218.0,41465,41465,41465,1649104,106435.5108,10,True,PASS,passed,True,,,,c0426cf669a02325,completed,"{'revision': 1, 'iterations': 40, 'sample_count': 10, 'measurement_iterations_multiplier': 4, 'warmup_iterations': 3, 'gpu_completion_mode': 'per_iteration', 'unit': 'us', 'direction': 'lower_is_better'}"
win,parent,cpu_translation_blocks.indirect_dispatch_stress,20261005-113245345-09c612a158ea487697a1299919f04af6,822703.8,820377,821580.5,829350,829350,829350,32908167,106435.5108,10,True,PASS,passed,True,,,,fbd507cb0c622325,completed,"{'revision': 1, 'iterations': 40, 'sample_count': 10, 'measurement_iterations_multiplier': 4, 'warmup_iterations': 3, 'gpu_completion_mode': 'per_iteration', 'unit': 'us', 'direction': 'lower_is_better'}"
win,parent,fill_rate.solid,20261005-113434919-fcace30e983543c0b625d44e6222abbc,1649.7,1378,1683.0,1925,1925,1925,66005,12185.489,10,True,PASS,passed,True,,,,08b0f60773aac775,completed,"{'revision': 1, 'iterations': 40, 'sample_count': 10, 'measurement_iterations_multiplier': 4, 'warmup_iterations': 3, 'gpu_completion_mode': 'per_iteration', 'unit': 'us', 'direction': 'lower_is_better'}"
win,parent,fill_rate.textured,20261005-113434919-fcace30e983543c0b625d44e6222abbc,1201.8,1112,1154.5,1699,1699,1699,48092,12185.489,10,True,PASS,passed,True,,,,99b433323df1684d,completed,"{'revision': 1, 'iterations': 40, 'sample_count': 10, 'measurement_iterations_multiplier': 4, 'warmup_iterations': 3, 'gpu_completion_mode': 'per_iteration', 'unit': 'us', 'direction': 'lower_is_better'}"
win,parent,pipeline_texture_switch.clear_texture_normal,20261005-113449724-fd70ca3d062548a184831adb62fc620b,12831.375,12689,12817.0,13127,13127,13127,410619,15652.5975,8,True,PASS,not evaluated,True,,,,22ba4f1405cda325,completed,"{'revision': 1, 'iterations': 32, 'sample_count': 8, 'measurement_iterations_multiplier': 4, 'warmup_iterations': 3, 'gpu_completion_mode': 'per_iteration', 'unit': 'us', 'direction': 'lower_is_better'}"
win,parent,pipeline_texture_switch.palette_dma_remap,20261005-113449724-fd70ca3d062548a184831adb62fc620b,16603,16603,16603,16603,16603,16603,66413,15652.5975,1,True,PASS,not evaluated,False,,,,fbf687de65082325,completed,"{'revision': 1, 'iterations': 4, 'sample_count': 1, 'measurement_iterations_multiplier': 4, 'warmup_iterations': 3, 'gpu_completion_mode': 'per_iteration', 'unit': 'us', 'direction': 'lower_is_better'}"
win,parent,pipeline_texture_switch.palette_only_update,20261005-113449724-fd70ca3d062548a184831adb62fc620b,18295,18295,18295,18295,18295,18295,73183,15652.5975,1,True,PASS,not evaluated,False,,,,467aab2f95cda325,completed,"{'revision': 1, 'iterations': 4, 'sample_count': 1, 'measurement_iterations_multiplier': 4, 'warmup_iterations': 3, 'gpu_completion_mode': 'per_iteration', 'unit': 'us', 'direction': 'lower_is_better'}"
win,parent,pipeline_texture_switch.sampler_only_identity,20261005-113449724-fd70ca3d062548a184831adb62fc620b,22920.875,22486,22770.0,23752,23752,23752,733475,15652.5975,8,True,PASS,not evaluated,True,,,,0b8438c8404da325,completed,"{'revision': 1, 'iterations': 32, 'sample_count': 8, 'measurement_iterations_multiplier': 4, 'warmup_iterations': 3, 'gpu_completion_mode': 'per_iteration', 'unit': 'us', 'direction': 'lower_is_better'}"
win,parent,pipeline_texture_switch.shader_negative_control,20261005-113449724-fd70ca3d062548a184831adb62fc620b,18446.875,18308,18424.0,18714,18714,18714,590310,15652.5975,8,True,PASS,not evaluated,True,,,,f110c8bd6338c325,completed,"{'revision': 1, 'iterations': 32, 'sample_count': 8, 'measurement_iterations_multiplier': 4, 'warmup_iterations': 3, 'gpu_completion_mode': 'per_iteration', 'unit': 'us', 'direction': 'lower_is_better'}"
win,parent,pipeline_texture_switch.shared_page_overlap,20261005-113449724-fd70ca3d062548a184831adb62fc620b,19134,19134,19134,19134,19134,19134,76539,15652.5975,1,True,PASS,not evaluated,False,,,,83bb59a8648da325,completed,"{'revision': 1, 'iterations': 4, 'sample_count': 1, 'measurement_iterations_multiplier': 4, 'warmup_iterations': 3, 'gpu_completion_mode': 'per_iteration', 'unit': 'us', 'direction': 'lower_is_better'}"
win,parent,pipeline_texture_switch.texture_dma_remap,20261005-113449724-fd70ca3d062548a184831adb62fc620b,16619,16619,16619,16619,16619,16619,66476,15652.5975,1,True,PASS,not evaluated,False,,,,fbf687de65082325,completed,"{'revision': 1, 'iterations': 4, 'sample_count': 1, 'measurement_iterations_multiplier': 4, 'warmup_iterations': 3, 'gpu_completion_mode': 'per_iteration', 'unit': 'us', 'direction': 'lower_is_better'}"
win,parent,pipeline_texture_switch.texture_switch,20261005-113449724-fd70ca3d062548a184831adb62fc620b,18694.375,18531,18657.0,19101,19101,19101,598231,15652.5975,8,True,PASS,not evaluated,True,,,,8ae05d31fb00c325,completed,"{'revision': 1, 'iterations': 32, 'sample_count': 8, 'measurement_iterations_multiplier': 4, 'warmup_iterations': 3, 'gpu_completion_mode': 'per_iteration', 'unit': 'us', 'direction': 'lower_is_better'}"
win,parent,report_query.clear_boundary,20261005-113508004-8238d10f8a0f4fc2aa686f52344afdc8,1218.75,742,1342.0,1449,1449,1449,19502,12552.2504,4,True,PASS,not evaluated,False,,,,b5eb7c4b9c8da325,completed,"{'revision': 2, 'iterations': 16, 'sample_count': 4, 'measurement_iterations_multiplier': 4, 'warmup_iterations': 3, 'gpu_completion_mode': 'per_iteration', 'unit': 'us', 'direction': 'lower_is_better'}"
win,parent,report_query.dma_descriptor_rewrite,20261005-113508004-8238d10f8a0f4fc2aa686f52344afdc8,4090,4090,4090,4090,4090,4090,4090,12552.2504,1,True,PASS,not evaluated,False,,,,c0c0fdbececda325,completed,"{'revision': 2, 'iterations': 1, 'sample_count': 1, 'measurement_iterations_multiplier': 1, 'warmup_iterations': 0, 'gpu_completion_mode': 'per_iteration', 'unit': 'us', 'direction': 'lower_is_better'}"
win,parent,report_query.dma_range_guard,20261005-113508004-8238d10f8a0f4fc2aa686f52344afdc8,1802,1802,1802,1802,1802,1802,1802,12552.2504,1,True,PASS,not evaluated,False,,,,3f648ce11a4da325,completed,"{'revision': 2, 'iterations': 1, 'sample_count': 1, 'measurement_iterations_multiplier': 1, 'warmup_iterations': 0, 'gpu_completion_mode': 'per_iteration', 'unit': 'us', 'direction': 'lower_is_better'}"
win,parent,report_query.dma_target_switch,20261005-113508004-8238d10f8a0f4fc2aa686f52344afdc8,1339.25,1243,1286.5,1541,1541,1541,21432,12552.2504,4,True,PASS,not evaluated,False,,,,4c4bd8cd440da325,completed,"{'revision': 2, 'iterations': 16, 'sample_count': 4, 'measurement_iterations_multiplier': 4, 'warmup_iterations': 3, 'gpu_completion_mode': 'per_iteration', 'unit': 'us', 'direction': 'lower_is_better'}"
win,parent,report_query.fifo_producer_ordering,20261005-113508004-8238d10f8a0f4fc2aa686f52344afdc8,1365.75,1195,1325.0,1618,1618,1618,21858,12552.2504,4,True,PASS,not evaluated,False,,,,0d907c24a88da325,completed,"{'revision': 2, 'iterations': 16, 'sample_count': 4, 'measurement_iterations_multiplier': 4, 'warmup_iterations': 3, 'gpu_completion_mode': 'per_iteration', 'unit': 'us', 'direction': 'lower_is_better'}"
win,parent,report_query.multiple_boundaries,20261005-113508004-8238d10f8a0f4fc2aa686f52344afdc8,617.5,522,624.5,699,699,699,9887,12552.2504,4,True,PASS,not evaluated,False,,,,0c966fc9ba4da325,completed,"{'revision': 2, 'iterations': 16, 'sample_count': 4, 'measurement_iterations_multiplier': 4, 'warmup_iterations': 3, 'gpu_completion_mode': 'per_iteration', 'unit': 'us', 'direction': 'lower_is_better'}"
win,parent,report_query.single_boundary,20261005-113508004-8238d10f8a0f4fc2aa686f52344afdc8,994.5,730,987.5,1273,1273,1273,15917,12552.2504,4,True,PASS,not evaluated,False,,,,60e674c9fecda325,completed,"{'revision': 2, 'iterations': 16, 'sample_count': 4, 'measurement_iterations_multiplier': 4, 'warmup_iterations': 3, 'gpu_completion_mode': 'per_iteration', 'unit': 'us', 'direction': 'lower_is_better'}"
win,parent,report_query.zero_query,20261005-113508004-8238d10f8a0f4fc2aa686f52344afdc8,701.5,493,661.5,990,990,990,11227,12552.2504,4,True,PASS,not evaluated,False,,,,23875dfeb40da325,completed,"{'revision': 2, 'iterations': 16, 'sample_count': 4, 'measurement_iterations_multiplier': 4, 'warmup_iterations': 3, 'gpu_completion_mode': 'per_iteration', 'unit': 'us', 'direction': 'lower_is_better'}"
win,parent,shader_lifecycle.readiness_train_visible,20261005-113523178-c97aa63401354a9a99e4bcb7da437daa,16614,16614,16614,16614,16614,16614,66459,22087.3094,1,True,PASS,not evaluated,False,,,,d4c939c4f0ce4325,completed,"{'revision': 1, 'iterations': 4, 'sample_count': 1, 'measurement_iterations_multiplier': 4, 'warmup_iterations': 3, 'gpu_completion_mode': 'per_iteration', 'unit': 'us', 'direction': 'lower_is_better'}"
win,parent,shader_lifecycle.readiness_replay_visible,20261005-113547888-9d54b30eb4c04eeaac155caa6eb7f4ed,16480,16480,16480,16480,16480,16480,65923,22075.5372,1,True,PASS,not evaluated,False,,,,d4c939c4f0ce4325,completed,"{'revision': 1, 'iterations': 4, 'sample_count': 1, 'measurement_iterations_multiplier': 4, 'warmup_iterations': 3, 'gpu_completion_mode': 'per_iteration', 'unit': 'us', 'direction': 'lower_is_better'}"
win,parent,shader_lifecycle.readiness_identical_replay,20261005-113612592-f90a51cba58040b4b5478229a3b1c399,4014959,4014959,4014959,4014959,4014959,4014959,16059839,50132.8055,1,True,PASS,not evaluated,False,,,,70615ec6b77f8325,completed,"{'revision': 1, 'iterations': 4, 'sample_count': 1, 'measurement_iterations_multiplier': 4, 'warmup_iterations': 3, 'gpu_completion_mode': 'per_iteration', 'unit': 'us', 'direction': 'lower_is_better'}"
win,parent,shader_lifecycle.readiness_uniform_only,20261005-113705860-a3b2be8eebb5409fbc76e252584471f4,16552,16552,16552,16552,16552,16552,66211,22119.3709,1,True,PASS,not evaluated,False,,,,113d534d51f95325,completed,"{'revision': 1, 'iterations': 4, 'sample_count': 1, 'measurement_iterations_multiplier': 4, 'warmup_iterations': 3, 'gpu_completion_mode': 'per_iteration', 'unit': 'us', 'direction': 'lower_is_better'}"
win,parent,shader_lifecycle.readiness_early_demand,20261005-113730604-54df7e5640d04872b7ff4a16c4a629e0,16510,16510,16510,16510,16510,16510,66040,22156.9079,1,True,PASS,not evaluated,False,,,,d4c939c4f0ce4325,completed,"{'revision': 1, 'iterations': 4, 'sample_count': 1, 'measurement_iterations_multiplier': 4, 'warmup_iterations': 3, 'gpu_completion_mode': 'per_iteration', 'unit': 'us', 'direction': 'lower_is_better'}"
win,parent,game_load.long_unlocked_scene.cpu,20261005-113755379-87fe0fa404e9406a94c9980e34a361cf,24389.25,24217,24392.5,24700,24700,24700,780471,91030.393,8,True,PASS,passed,True,,,,7c59a4dc0f8ba325,completed,"{'revision': 1, 'iterations': 32, 'sample_count': 8, 'measurement_iterations_multiplier': 4, 'warmup_iterations': 3, 'gpu_completion_mode': 'per_iteration', 'unit': 'us', 'direction': 'lower_is_better'}"
win,parent,game_load.long_unlocked_scene.pfifo,20261005-113755379-87fe0fa404e9406a94c9980e34a361cf,5837,5396,5827.0,6220,6220,6220,186800,91030.393,8,True,PASS,passed,True,,,,7c59a4dc0f8ba325,completed,"{'revision': 1, 'iterations': 32, 'sample_count': 8, 'measurement_iterations_multiplier': 4, 'warmup_iterations': 3, 'gpu_completion_mode': 'per_iteration', 'unit': 'us', 'direction': 'lower_is_better'}"
win,parent,game_load.long_unlocked_scene.alpha_overdraw,20261005-113755379-87fe0fa404e9406a94c9980e34a361cf,50168.125,49784,50072.0,50598,50598,50598,1605386,91030.393,8,True,PASS,passed,True,,,,7c59a4dc0f8ba325,completed,"{'revision': 1, 'iterations': 32, 'sample_count': 8, 'measurement_iterations_multiplier': 4, 'warmup_iterations': 3, 'gpu_completion_mode': 'per_iteration', 'unit': 'us', 'direction': 'lower_is_better'}"
win,parent,game_load.long_unlocked_scene.streaming_surface_reuse,20261005-113755379-87fe0fa404e9406a94c9980e34a361cf,16871.125,16388,16881.5,17521,17521,17521,539884,91030.393,8,True,PASS,passed,True,,,,7c59a4dc0f8ba325,completed,"{'revision': 1, 'iterations': 32, 'sample_count': 8, 'measurement_iterations_multiplier': 4, 'warmup_iterations': 3, 'gpu_completion_mode': 'per_iteration', 'unit': 'us', 'direction': 'lower_is_better'}"
win,parent,game_load.long_unlocked_scene.combined,20261005-113755379-87fe0fa404e9406a94c9980e34a361cf,97662.25,96856,97703.0,98195,98195,98195,3125205,91030.393,8,True,PASS,passed,True,,,,7c59a4dc0f8ba325,completed,"{'revision': 1, 'iterations': 32, 'sample_count': 8, 'measurement_iterations_multiplier': 4, 'warmup_iterations': 3, 'gpu_completion_mode': 'per_iteration', 'unit': 'us', 'direction': 'lower_is_better'}"
win,parent,game_load.long_unlocked_scene.full_system,20261005-113755379-87fe0fa404e9406a94c9980e34a361cf,98134.125,97526,98031.0,99006,99006,99006,3140306,91030.393,8,True,PASS,passed,True,,,,7c59a4dc0f8ba325,completed,"{'revision': 1, 'iterations': 32, 'sample_count': 8, 'measurement_iterations_multiplier': 4, 'warmup_iterations': 3, 'gpu_completion_mode': 'per_iteration', 'unit': 'us', 'direction': 'lower_is_better'}"
win,parent,game_load.cross_title_hotpath.queued_vertex_cpu_writes,20261005-113755379-87fe0fa404e9406a94c9980e34a361cf,66141.75,62550,66642.5,66919,66919,66919,2116549,91030.393,8,True,PASS,passed,True,,,,cf19c8d27e2aa325,completed,"{'revision': 1, 'iterations': 32, 'sample_count': 8, 'measurement_iterations_multiplier': 4, 'warmup_iterations': 3, 'gpu_completion_mode': 'per_iteration', 'unit': 'us', 'direction': 'lower_is_better'}"
win,parent,game_load.cross_title_hotpath.pgr2_small_draws,20261005-113755379-87fe0fa404e9406a94c9980e34a361cf,123244.375,114381,124561.5,125057,125057,125057,3943830,91030.393,8,True,PASS,passed,True,,,,2a1e0148d2c0e325,completed,"{'revision': 1, 'iterations': 32, 'sample_count': 8, 'measurement_iterations_multiplier': 4, 'warmup_iterations': 3, 'gpu_completion_mode': 'per_iteration', 'unit': 'us', 'direction': 'lower_is_better'}"
win,parent,game_load.cross_title_hotpath.texture_update_reuse,20261005-113755379-87fe0fa404e9406a94c9980e34a361cf,2949.375,2914,2955.0,2971,2971,2971,94390,91030.393,8,True,PASS,passed,True,,,,5612bef321a56325,completed,"{'revision': 1, 'iterations': 32, 'sample_count': 8, 'measurement_iterations_multiplier': 4, 'warmup_iterations': 3, 'gpu_completion_mode': 'per_iteration', 'unit': 'us', 'direction': 'lower_is_better'}"
win,parent,game_load.cross_title_hotpath.surface_reuse,20261005-113755379-87fe0fa404e9406a94c9980e34a361cf,6491.125,5891,6434.0,7461,7461,7461,207725,91030.393,8,True,PASS,passed,True,,,,846d9f21b7c6a325,completed,"{'revision': 1, 'iterations': 32, 'sample_count': 8, 'measurement_iterations_multiplier': 4, 'warmup_iterations': 3, 'gpu_completion_mode': 'per_iteration', 'unit': 'us', 'direction': 'lower_is_better'}"
win,parent,game_load.cross_title_hotpath.pipeline_state_churn,20261005-113755379-87fe0fa404e9406a94c9980e34a361cf,66653.25,66331,66645.0,67010,67010,67010,2132915,91030.393,8,True,PASS,passed,True,,,,22f040b2add4a325,completed,"{'revision': 1, 'iterations': 32, 'sample_count': 8, 'measurement_iterations_multiplier': 4, 'warmup_iterations': 3, 'gpu_completion_mode': 'per_iteration', 'unit': 'us', 'direction': 'lower_is_better'}"
win,parent,game_load.cross_title_hotpath.blend_constant_reuse,20261005-113755379-87fe0fa404e9406a94c9980e34a361cf,113016.75,104131,114560.0,116781,116781,116781,3616545,91030.393,8,True,PASS,passed,True,,,,a08ca118008fa325,completed,"{'revision': 1, 'iterations': 32, 'sample_count': 8, 'measurement_iterations_multiplier': 4, 'warmup_iterations': 3, 'gpu_completion_mode': 'per_iteration', 'unit': 'us', 'direction': 'lower_is_better'}"
win,parent,game_load.cross_title_hotpath.texture_binding_reuse,20261005-113755379-87fe0fa404e9406a94c9980e34a361cf,150001.875,149444,150037.5,150451,150451,150451,4800070,91030.393,8,True,PASS,passed,True,,,,dfaaa3022df6a325,completed,"{'revision': 1, 'iterations': 32, 'sample_count': 8, 'measurement_iterations_multiplier': 4, 'warmup_iterations': 3, 'gpu_completion_mode': 'per_iteration', 'unit': 'us', 'direction': 'lower_is_better'}"
win,parent,game_load.cross_title_hotpath.pgr2_lagspot_inline_elements,20261005-113755379-87fe0fa404e9406a94c9980e34a361cf,100521.5,97365,100656.5,103127,103127,103127,3216705,91030.393,8,True,PASS,passed,True,,,,1289219c28d5a325,completed,"{'revision': 1, 'iterations': 32, 'sample_count': 8, 'measurement_iterations_multiplier': 4, 'warmup_iterations': 3, 'gpu_completion_mode': 'per_iteration', 'unit': 'us', 'direction': 'lower_is_better'}"
win,parent,game_load.cross_title_hotpath.scaled_surface_pressure,20261005-113755379-87fe0fa404e9406a94c9980e34a361cf,300041.375,232703,293791.5,367860,367860,367860,9601335,91030.393,8,True,PASS,passed,True,,,,e81e5b4a4675a325,completed,"{'revision': 1, 'iterations': 32, 'sample_count': 8, 'measurement_iterations_multiplier': 4, 'warmup_iterations': 3, 'gpu_completion_mode': 'per_iteration', 'unit': 'us', 'direction': 'lower_is_better'}"
win,parent,game_load.cross_title_hotpath.s3tc_streaming_fenced_draws,20261005-113755379-87fe0fa404e9406a94c9980e34a361cf,1000057.25,999482,1000115.0,1000561,1000561,1000561,32001845,91030.393,8,True,PASS,passed,True,,,,a0f51c6c46a52325,completed,"{'revision': 1, 'iterations': 32, 'sample_count': 8, 'measurement_iterations_multiplier': 4, 'warmup_iterations': 3, 'gpu_completion_mode': 'per_iteration', 'unit': 'us', 'direction': 'lower_is_better'}"
win,parent,game_load.cross_title_hotpath.gpu_wait_control,20261005-113755379-87fe0fa404e9406a94c9980e34a361cf,1064.625,1018,1069.0,1117,1117,1117,34075,91030.393,8,True,PASS,passed,True,,,,828855c0a34e2325,completed,"{'revision': 1, 'iterations': 32, 'sample_count': 8, 'measurement_iterations_multiplier': 4, 'warmup_iterations': 3, 'gpu_completion_mode': 'per_iteration', 'unit': 'us', 'direction': 'lower_is_better'}"
win,parent,game_load.s3tc_sync_factor.dxt1_same_address_wait,20261005-113929032-490fbbc3f37c42a88dd1257428f6749f,16656.75,16583,16675.5,16721,16721,16721,533024,33635.958,8,True,PASS,failed,True,True,True,,3403675459d4d3d5,completed,"{'revision': 1, 'iterations': 32, 'sample_count': 8, 'measurement_iterations_multiplier': 4, 'warmup_iterations': 3, 'gpu_completion_mode': 'per_iteration', 'unit': 'us', 'direction': 'lower_is_better'}"
win,parent,game_load.s3tc_sync_factor.dxt1_same_address_queued,20261005-113929032-490fbbc3f37c42a88dd1257428f6749f,16664.125,16463,16648.0,16847,16847,16847,533266,33635.958,8,True,PASS,failed,True,False,False,unsynchronized same-address writes have no defined per-draw source generation,57a1f9c052be2a0c,completed,"{'revision': 1, 'iterations': 32, 'sample_count': 8, 'measurement_iterations_multiplier': 4, 'warmup_iterations': 3, 'gpu_completion_mode': 'per_iteration', 'unit': 'us', 'direction': 'lower_is_better'}"
win,parent,game_load.s3tc_sync_factor.dxt1_ring_payload_generations,20261005-113929032-490fbbc3f37c42a88dd1257428f6749f,26562.75,20848,29017.0,29327,29327,29327,850016,33635.958,8,True,PASS,failed,True,True,True,,3403675459d4d3d5,completed,"{'revision': 1, 'iterations': 32, 'sample_count': 8, 'measurement_iterations_multiplier': 4, 'warmup_iterations': 3, 'gpu_completion_mode': 'per_iteration', 'unit': 'us', 'direction': 'lower_is_better'}"
win,parent,game_load.s3tc_sync_factor.dxt1_dirty_once_redraw,20261005-113929032-490fbbc3f37c42a88dd1257428f6749f,16662.625,16629,16660.0,16707,16707,16707,533218,33635.958,8,True,PASS,passed,True,True,True,,428c04bbb0a62725,completed,"{'revision': 1, 'iterations': 32, 'sample_count': 8, 'measurement_iterations_multiplier': 4, 'warmup_iterations': 3, 'gpu_completion_mode': 'per_iteration', 'unit': 'us', 'direction': 'lower_is_better'}"
win,parent,game_load.s3tc_sync_factor.rgba8_same_address_wait,20261005-113929032-490fbbc3f37c42a88dd1257428f6749f,50003.625,49587,49987.0,50402,50402,50402,1600127,33635.958,8,True,PASS,passed,True,True,True,,3403675459d4d3d5,completed,"{'revision': 1, 'iterations': 32, 'sample_count': 8, 'measurement_iterations_multiplier': 4, 'warmup_iterations': 3, 'gpu_completion_mode': 'per_iteration', 'unit': 'us', 'direction': 'lower_is_better'}"
win,parent,game_load.s3tc_sync_factor.rgba8_same_address_queued,20261005-113929032-490fbbc3f37c42a88dd1257428f6749f,50025.875,49680,50009.5,50216,50216,50216,1600836,33635.958,8,True,PASS,failed,True,False,False,unsynchronized same-address writes have no defined per-draw source generation,a38ff809aa5a7703,completed,"{'revision': 1, 'iterations': 32, 'sample_count': 8, 'measurement_iterations_multiplier': 4, 'warmup_iterations': 3, 'gpu_completion_mode': 'per_iteration', 'unit': 'us', 'direction': 'lower_is_better'}"
win,parent,game_load.s3tc_sync_factor.rgba8_ring_payload_generations,20261005-113929032-490fbbc3f37c42a88dd1257428f6749f,133378.25,132755,133484.0,133724,133724,133724,4268113,33635.958,8,True,PASS,passed,True,True,True,,3403675459d4d3d5,completed,"{'revision': 1, 'iterations': 32, 'sample_count': 8, 'measurement_iterations_multiplier': 4, 'warmup_iterations': 3, 'gpu_completion_mode': 'per_iteration', 'unit': 'us', 'direction': 'lower_is_better'}"
win,parent,game_load.s3tc_sync_factor.rgba8_dirty_once_redraw,20261005-113929032-490fbbc3f37c42a88dd1257428f6749f,16643.75,16479,16642.0,16783,16783,16783,532610,33635.958,8,True,PASS,passed,True,True,True,,428c04bbb0a62725,completed,"{'revision': 1, 'iterations': 32, 'sample_count': 8, 'measurement_iterations_multiplier': 4, 'warmup_iterations': 3, 'gpu_completion_mode': 'per_iteration', 'unit': 'us', 'direction': 'lower_is_better'}"
win,parent,game_load.s3tc_sync_factor.bc2_native_eligible,20261005-113929032-490fbbc3f37c42a88dd1257428f6749f,33816.625,32910,33289.5,37767,37767,37767,1082137,33635.958,8,True,PASS,failed,True,True,True,,3403675459d4d3d5,completed,"{'revision': 1, 'iterations': 32, 'sample_count': 8, 'measurement_iterations_multiplier': 4, 'warmup_iterations': 3, 'gpu_completion_mode': 'per_iteration', 'unit': 'us', 'direction': 'lower_is_better'}"
win,parent,game_load.s3tc_sync_factor.bc2_bordered_fallback,20261005-113929032-490fbbc3f37c42a88dd1257428f6749f,99965,99651,99987.0,100244,100244,100244,3198896,33635.958,8,True,PASS,passed,True,True,True,,db28300321744de5,completed,"{'revision': 1, 'iterations': 32, 'sample_count': 8, 'measurement_iterations_multiplier': 4, 'warmup_iterations': 3, 'gpu_completion_mode': 'per_iteration', 'unit': 'us', 'direction': 'lower_is_better'}"
win,parent,game_load.s3tc_sync_factor.bc3_native_eligible,20261005-113929032-490fbbc3f37c42a88dd1257428f6749f,33916.875,33034,33388.0,37917,37917,37917,1085347,33635.958,8,True,PASS,failed,True,True,True,,3403675459d4d3d5,completed,"{'revision': 1, 'iterations': 32, 'sample_count': 8, 'measurement_iterations_multiplier': 4, 'warmup_iterations': 3, 'gpu_completion_mode': 'per_iteration', 'unit': 'us', 'direction': 'lower_is_better'}"
win,parent,game_load.s3tc_sync_factor.bc3_bordered_fallback,20261005-113929032-490fbbc3f37c42a88dd1257428f6749f,99980.25,99727,99956.5,100247,100247,100247,3199385,33635.958,8,True,PASS,passed,True,True,True,,db28300321744de5,completed,"{'revision': 1, 'iterations': 32, 'sample_count': 8, 'measurement_iterations_multiplier': 4, 'warmup_iterations': 3, 'gpu_completion_mode': 'per_iteration', 'unit': 'us', 'direction': 'lower_is_better'}"
win,parent,game_load.repeated_display,20261005-114005288-c020a6d3adbf418c97dd6489ee4cd046,16641.25,16459,16676.0,16719,16719,16719,532532,22883.5717,8,True,PASS,passed,True,,,,36f446003b9d6325,completed,"{'revision': 1, 'iterations': 32, 'sample_count': 8, 'measurement_iterations_multiplier': 4, 'warmup_iterations': 3, 'gpu_completion_mode': 'per_iteration', 'unit': 'us', 'direction': 'lower_is_better'}"
win,parent,game_load.repeated_display_boosted,20261005-114005288-c020a6d3adbf418c97dd6489ee4cd046,48434.125,45700,49756.0,50034,50034,50034,1549904,22883.5717,8,True,PASS,passed,True,,,,b2bc760cb1fba325,completed,"{'revision': 1, 'iterations': 32, 'sample_count': 8, 'measurement_iterations_multiplier': 4, 'warmup_iterations': 3, 'gpu_completion_mode': 'per_iteration', 'unit': 'us', 'direction': 'lower_is_better'}"
win,parent,game_load.doax_menu_representative.cpu_only,20261005-114005288-c020a6d3adbf418c97dd6489ee4cd046,13667.875,13576,13654.0,13795,13795,13795,437386,22883.5717,8,True,PASS,passed,True,,,,5abb9d9faaa22325,completed,"{'revision': 1, 'iterations': 32, 'sample_count': 8, 'measurement_iterations_multiplier': 4, 'warmup_iterations': 3, 'gpu_completion_mode': 'per_iteration', 'unit': 'us', 'direction': 'lower_is_better'}"
win,parent,game_load.doax_menu_representative.pfifo_only,20261005-114005288-c020a6d3adbf418c97dd6489ee4cd046,2456.375,2419,2452.0,2550,2550,2550,78620,22883.5717,8,True,PASS,passed,True,,,,f9826bbdd7912325,completed,"{'revision': 1, 'iterations': 32, 'sample_count': 8, 'measurement_iterations_multiplier': 4, 'warmup_iterations': 3, 'gpu_completion_mode': 'per_iteration', 'unit': 'us', 'direction': 'lower_is_better'}"
win,parent,game_load.doax_menu_representative.gpu_only,20261005-114005288-c020a6d3adbf418c97dd6489ee4cd046,17332.75,17224,17291.5,17640,17640,17640,554656,22883.5717,8,True,PASS,passed,True,,,,d3984ab7dcb8e325,completed,"{'revision': 1, 'iterations': 32, 'sample_count': 8, 'measurement_iterations_multiplier': 4, 'warmup_iterations': 3, 'gpu_completion_mode': 'per_iteration', 'unit': 'us', 'direction': 'lower_is_better'}"
win,parent,game_load.doax_menu_representative.streaming_only,20261005-114005288-c020a6d3adbf418c97dd6489ee4cd046,5558.75,5360,5465.0,5825,5825,5825,177893,22883.5717,8,True,PASS,passed,True,,,,491294aadc23a325,completed,"{'revision': 1, 'iterations': 32, 'sample_count': 8, 'measurement_iterations_multiplier': 4, 'warmup_iterations': 3, 'gpu_completion_mode': 'per_iteration', 'unit': 'us', 'direction': 'lower_is_better'}"
win,parent,game_load.doax_menu_representative.cpu_pfifo_gpu,20261005-114005288-c020a6d3adbf418c97dd6489ee4cd046,33443.75,33313,33438.5,33626,33626,33626,1070204,22883.5717,8,True,PASS,passed,True,,,,302026d9f9232325,completed,"{'revision': 1, 'iterations': 32, 'sample_count': 8, 'measurement_iterations_multiplier': 4, 'warmup_iterations': 3, 'gpu_completion_mode': 'per_iteration', 'unit': 'us', 'direction': 'lower_is_better'}"
win,parent,game_load.doax_menu_representative.cpu_pfifo_gpu_streaming,20261005-114005288-c020a6d3adbf418c97dd6489ee4cd046,37533.125,37301,37543.0,37732,37732,37732,1201072,22883.5717,8,True,PASS,passed,True,,,,9e98944350a52325,completed,"{'revision': 1, 'iterations': 32, 'sample_count': 8, 'measurement_iterations_multiplier': 4, 'warmup_iterations': 3, 'gpu_completion_mode': 'per_iteration', 'unit': 'us', 'direction': 'lower_is_better'}"
win,parent,game_load.doax_menu_representative.full_system,20261005-114005288-c020a6d3adbf418c97dd6489ee4cd046,37633.375,36996,37565.0,38426,38426,38426,1204282,22883.5717,8,True,PASS,passed,True,,,,7896e875a8ad2325,completed,"{'revision': 1, 'iterations': 32, 'sample_count': 8, 'measurement_iterations_multiplier': 4, 'warmup_iterations': 3, 'gpu_completion_mode': 'per_iteration', 'unit': 'us', 'direction': 'lower_is_better'}"
win,parent,game_load.doax_menu_stress.cpu_only,20261005-114005288-c020a6d3adbf418c97dd6489ee4cd046,27243.5,26944,27287.5,27327,27327,27327,871800,22883.5717,8,True,PASS,passed,True,,,,4b7c157e1e9ce325,completed,"{'revision': 1, 'iterations': 32, 'sample_count': 8, 'measurement_iterations_multiplier': 4, 'warmup_iterations': 3, 'gpu_completion_mode': 'per_iteration', 'unit': 'us', 'direction': 'lower_is_better'}"
win,parent,game_load.doax_menu_stress.pfifo_only,20261005-114005288-c020a6d3adbf418c97dd6489ee4cd046,4857.625,4823,4854.5,4906,4906,4906,155455,22883.5717,8,True,PASS,passed,True,,,,f46d8f2a39a6e325,completed,"{'revision': 1, 'iterations': 32, 'sample_count': 8, 'measurement_iterations_multiplier': 4, 'warmup_iterations': 3, 'gpu_completion_mode': 'per_iteration', 'unit': 'us', 'direction': 'lower_is_better'}"
win,parent,game_load.doax_menu_stress.gpu_only,20261005-114005288-c020a6d3adbf418c97dd6489ee4cd046,34612.25,34078,34544.0,35568,35568,35568,1107608,22883.5717,8,True,PASS,passed,True,,,,bcaf8b0e8de5a325,completed,"{'revision': 1, 'iterations': 32, 'sample_count': 8, 'measurement_iterations_multiplier': 4, 'warmup_iterations': 3, 'gpu_completion_mode': 'per_iteration', 'unit': 'us', 'direction': 'lower_is_better'}"
win,parent,game_load.doax_menu_stress.streaming_only,20261005-114030788-3ffe9f388f9848be97d1e3d11b79b364,16229.25,15400,16123.0,17058,17058,17058,519347,42127.3289,8,True,PASS,passed,True,,,,06e0eccda97d2325,completed,"{'revision': 1, 'iterations': 32, 'sample_count': 8, 'measurement_iterations_multiplier': 4, 'warmup_iterations': 3, 'gpu_completion_mode': 'per_iteration', 'unit': 'us', 'direction': 'lower_is_better'}"
win,parent,game_load.doax_menu_stress.cpu_pfifo_gpu,20261005-114030788-3ffe9f388f9848be97d1e3d11b79b364,66696.375,66197,66490.0,67953,67953,67953,2134295,42127.3289,8,True,PASS,passed,True,,,,7707cd4649e4a325,completed,"{'revision': 1, 'iterations': 32, 'sample_count': 8, 'measurement_iterations_multiplier': 4, 'warmup_iterations': 3, 'gpu_completion_mode': 'per_iteration', 'unit': 'us', 'direction': 'lower_is_better'}"
win,parent,game_load.doax_menu_stress.cpu_pfifo_gpu_streaming,20261005-114030788-3ffe9f388f9848be97d1e3d11b79b364,72537,71979,72420.5,73347,73347,73347,2321198,42127.3289,8,True,PASS,passed,True,,,,d4d9dedf3ef06325,completed,"{'revision': 1, 'iterations': 32, 'sample_count': 8, 'measurement_iterations_multiplier': 4, 'warmup_iterations': 3, 'gpu_completion_mode': 'per_iteration', 'unit': 'us', 'direction': 'lower_is_better'}"
win,parent,game_load.doax_menu_stress.full_system,20261005-114030788-3ffe9f388f9848be97d1e3d11b79b364,72875.25,72068,72771.5,74392,74392,74392,2332016,42127.3289,8,True,PASS,passed,True,,,,8cf51e8eb67fa325,completed,"{'revision': 1, 'iterations': 32, 'sample_count': 8, 'measurement_iterations_multiplier': 4, 'warmup_iterations': 3, 'gpu_completion_mode': 'per_iteration', 'unit': 'us', 'direction': 'lower_is_better'}"
win,parent,game_load.pgr2_ai_backup.cpu_only,20261005-114030788-3ffe9f388f9848be97d1e3d11b79b364,42557.875,42056,42240.0,44612,44612,44612,1361864,42127.3289,8,True,PASS,passed,True,,,,e6df98b3e513a325,completed,"{'revision': 1, 'iterations': 32, 'sample_count': 8, 'measurement_iterations_multiplier': 4, 'warmup_iterations': 3, 'gpu_completion_mode': 'per_iteration', 'unit': 'us', 'direction': 'lower_is_better'}"
win,parent,game_load.pgr2_ai_backup.pfifo_only,20261005-114030788-3ffe9f388f9848be97d1e3d11b79b364,15433.25,15238,15413.0,15741,15741,15741,493873,42127.3289,8,True,PASS,passed,True,,,,e57ef83b3a66e325,completed,"{'revision': 1, 'iterations': 32, 'sample_count': 8, 'measurement_iterations_multiplier': 4, 'warmup_iterations': 3, 'gpu_completion_mode': 'per_iteration', 'unit': 'us', 'direction': 'lower_is_better'}"
win,parent,game_load.pgr2_ai_backup.gpu_only,20261005-114030788-3ffe9f388f9848be97d1e3d11b79b364,90128.875,89339,90085.0,90651,90651,90651,2884136,42127.3289,8,True,PASS,passed,True,,,,02ffd9b12aa96325,completed,"{'revision': 1, 'iterations': 32, 'sample_count': 8, 'measurement_iterations_multiplier': 4, 'warmup_iterations': 3, 'gpu_completion_mode': 'per_iteration', 'unit': 'us', 'direction': 'lower_is_better'}"
win,parent,game_load.pgr2_ai_backup.streaming_only,20261005-114030788-3ffe9f388f9848be97d1e3d11b79b364,3671.75,3341,3607.0,4212,4212,4212,117508,42127.3289,8,True,PASS,passed,True,,,,155df5f182392325,completed,"{'revision': 1, 'iterations': 32, 'sample_count': 8, 'measurement_iterations_multiplier': 4, 'warmup_iterations': 3, 'gpu_completion_mode': 'per_iteration', 'unit': 'us', 'direction': 'lower_is_better'}"
win,parent,game_load.pgr2_ai_backup.cpu_pfifo_gpu,20261005-114030788-3ffe9f388f9848be97d1e3d11b79b364,148570.25,147783,148087.5,152016,152016,152016,4754261,42127.3289,8,True,PASS,passed,True,,,,ab22104929b9e325,completed,"{'revision': 1, 'iterations': 32, 'sample_count': 8, 'measurement_iterations_multiplier': 4, 'warmup_iterations': 3, 'gpu_completion_mode': 'per_iteration', 'unit': 'us', 'direction': 'lower_is_better'}"
win,parent,game_load.pgr2_ai_backup.cpu_pfifo_gpu_streaming,20261005-114030788-3ffe9f388f9848be97d1e3d11b79b364,151606,151010,151617.0,152113,152113,152113,4851400,42127.3289,8,True,PASS,passed,True,,,,66a43765efc02325,completed,"{'revision': 1, 'iterations': 32, 'sample_count': 8, 'measurement_iterations_multiplier': 4, 'warmup_iterations': 3, 'gpu_completion_mode': 'per_iteration', 'unit': 'us', 'direction': 'lower_is_better'}"
win,parent,game_load.pgr2_ai_backup.full_system,20261005-114030788-3ffe9f388f9848be97d1e3d11b79b364,152216.625,151293,151907.0,154190,154190,154190,4870943,42127.3289,8,True,PASS,passed,True,,,,55485325870d6325,completed,"{'revision': 1, 'iterations': 32, 'sample_count': 8, 'measurement_iterations_multiplier': 4, 'warmup_iterations': 3, 'gpu_completion_mode': 'per_iteration', 'unit': 'us', 'direction': 'lower_is_better'}"
win,parent,high_vertex_count.arrays,20261005-114116045-320d2ca8d34448eb9ded7807c5c5fe79,88.65,55,60.5,144,171,367,35617,21793.7709,100,True,PASS,failed,True,,,,a27c67890c2d9083,completed,"{'revision': 1, 'iterations': 400, 'sample_count': 100, 'measurement_iterations_multiplier': 4, 'warmup_iterations': 3, 'gpu_completion_mode': 'per_iteration', 'unit': 'us', 'direction': 'lower_is_better'}"
win,parent,high_vertex_count.inline_arrays,20261005-114116045-320d2ca8d34448eb9ded7807c5c5fe79,59069.7,57796,59032.5,60845,60845,60845,2362802,21793.7709,10,True,PASS,failed,True,,,,a27c67890c2d9083,completed,"{'revision': 1, 'iterations': 40, 'sample_count': 10, 'measurement_iterations_multiplier': 4, 'warmup_iterations': 3, 'gpu_completion_mode': 'per_iteration', 'unit': 'us', 'direction': 'lower_is_better'}"
win,parent,high_vertex_count.inline_buffers,20261005-114116045-320d2ca8d34448eb9ded7807c5c5fe79,228748.6,227763,228579,230257,230257,230257,4574979,21793.7709,5,True,PASS,failed,True,,,,a27c67890c2d9083,completed,"{'revision': 1, 'iterations': 20, 'sample_count': 5, 'measurement_iterations_multiplier': 4, 'warmup_iterations': 3, 'gpu_completion_mode': 'per_iteration', 'unit': 'us', 'direction': 'lower_is_better'}"
win,parent,high_vertex_count.inline_elements,20261005-114116045-320d2ca8d34448eb9ded7807c5c5fe79,3908.8,3852,3894.0,4009,4281,4281,781844,21793.7709,50,True,PASS,failed,True,,,,a27c67890c2d9083,completed,"{'revision': 1, 'iterations': 200, 'sample_count': 50, 'measurement_iterations_multiplier': 4, 'warmup_iterations': 3, 'gpu_completion_mode': 'per_iteration', 'unit': 'us', 'direction': 'lower_is_better'}"
win,parent,primitive_type.line_loop.fixed_function,20261005-114116045-320d2ca8d34448eb9ded7807c5c5fe79,592.5,553,572.5,774,774,774,23718,21793.7709,10,True,PASS,failed,True,,,,f2158581ac6e3919,completed,"{'revision': 1, 'iterations': 40, 'sample_count': 10, 'measurement_iterations_multiplier': 4, 'warmup_iterations': 3, 'gpu_completion_mode': 'per_iteration', 'unit': 'us', 'direction': 'lower_is_better'}"
win,parent,primitive_type.line_loop.vertex_shader,20261005-114116045-320d2ca8d34448eb9ded7807c5c5fe79,597.4,554,582.5,679,679,679,23909,21793.7709,10,True,PASS,failed,True,,,,f2158581ac6e3919,completed,"{'revision': 1, 'iterations': 40, 'sample_count': 10, 'measurement_iterations_multiplier': 4, 'warmup_iterations': 3, 'gpu_completion_mode': 'per_iteration', 'unit': 'us', 'direction': 'lower_is_better'}"
win,parent,primitive_type.line_strip.fixed_function,20261005-114116045-320d2ca8d34448eb9ded7807c5c5fe79,624.8,616,623.0,639,639,639,25006,21793.7709,10,True,PASS,failed,True,,,,f2158581ac6e3919,completed,"{'revision': 1, 'iterations': 40, 'sample_count': 10, 'measurement_iterations_multiplier': 4, 'warmup_iterations': 3, 'gpu_completion_mode': 'per_iteration', 'unit': 'us', 'direction': 'lower_is_better'}"
win,parent,primitive_type.line_strip.vertex_shader,20261005-114116045-320d2ca8d34448eb9ded7807c5c5fe79,605.9,566,584.0,828,828,828,24249,21793.7709,10,True,PASS,failed,True,,,,f2158581ac6e3919,completed,"{'revision': 1, 'iterations': 40, 'sample_count': 10, 'measurement_iterations_multiplier': 4, 'warmup_iterations': 3, 'gpu_completion_mode': 'per_iteration', 'unit': 'us', 'direction': 'lower_is_better'}"
win,parent,primitive_type.lines.fixed_function,20261005-114116045-320d2ca8d34448eb9ded7807c5c5fe79,1151.5,1120,1155.0,1171,1171,1171,46076,21793.7709,10,True,PASS,failed,True,,,,1766a7f93aa72a14,completed,"{'revision': 1, 'iterations': 40, 'sample_count': 10, 'measurement_iterations_multiplier': 4, 'warmup_iterations': 3, 'gpu_completion_mode': 'per_iteration', 'unit': 'us', 'direction': 'lower_is_better'}"
win,parent,primitive_type.lines.vertex_shader,20261005-114116045-320d2ca8d34448eb9ded7807c5c5fe79,1245.7,1208,1250.0,1299,1299,1299,49840,21793.7709,10,True,PASS,failed,True,,,,1766a7f93aa72a14,completed,"{'revision': 1, 'iterations': 40, 'sample_count': 10, 'measurement_iterations_multiplier': 4, 'warmup_iterations': 3, 'gpu_completion_mode': 'per_iteration', 'unit': 'us', 'direction': 'lower_is_better'}"
win,parent,primitive_type.points.fixed_function,20261005-114116045-320d2ca8d34448eb9ded7807c5c5fe79,576.2,545,579.0,596,596,596,23062,21793.7709,10,True,PASS,failed,True,,,,5b296619f665c070,completed,"{'revision': 1, 'iterations': 40, 'sample_count': 10, 'measurement_iterations_multiplier': 4, 'warmup_iterations': 3, 'gpu_completion_mode': 'per_iteration', 'unit': 'us', 'direction': 'lower_is_better'}"
win,parent,primitive_type.points.vertex_shader,20261005-114116045-320d2ca8d34448eb9ded7807c5c5fe79,594.1,555,561.5,869,869,869,23779,21793.7709,10,True,PASS,failed,True,,,,5b296619f665c070,completed,"{'revision': 1, 'iterations': 40, 'sample_count': 10, 'measurement_iterations_multiplier': 4, 'warmup_iterations': 3, 'gpu_completion_mode': 'per_iteration', 'unit': 'us', 'direction': 'lower_is_better'}"
win,parent,primitive_type.polygon.fixed_function,20261005-114140466-16e103cb41f9469cb9f737e005a6cccb,1219.9,1094,1240.5,1387,1387,1387,48806,13238.3229,10,True,PASS,failed,True,,,,2c4beaa06aba1000,completed,"{'revision': 1, 'iterations': 40, 'sample_count': 10, 'measurement_iterations_multiplier': 4, 'warmup_iterations': 3, 'gpu_completion_mode': 'per_iteration', 'unit': 'us', 'direction': 'lower_is_better'}"
win,parent,primitive_type.polygon.vertex_shader,20261005-114140466-16e103cb41f9469cb9f737e005a6cccb,855.3,821,859.5,871,871,871,34233,13238.3229,10,True,PASS,failed,True,,,,2c4beaa06aba1000,completed,"{'revision': 1, 'iterations': 40, 'sample_count': 10, 'measurement_iterations_multiplier': 4, 'warmup_iterations': 3, 'gpu_completion_mode': 'per_iteration', 'unit': 'us', 'direction': 'lower_is_better'}"
win,parent,primitive_type.quad_strip.fixed_function,20261005-114140466-16e103cb41f9469cb9f737e005a6cccb,1712.4,1680,1713.0,1749,1749,1749,68508,13238.3229,10,True,PASS,failed,True,,,,f64b4495347cec73,completed,"{'revision': 1, 'iterations': 40, 'sample_count': 10, 'measurement_iterations_multiplier': 4, 'warmup_iterations': 3, 'gpu_completion_mode': 'per_iteration', 'unit': 'us', 'direction': 'lower_is_better'}"
win,parent,primitive_type.quad_strip.vertex_shader,20261005-114140466-16e103cb41f9469cb9f737e005a6cccb,1138.2,1113,1139.0,1165,1165,1165,45548,13238.3229,10,True,PASS,failed,True,,,,f64b4495347cec73,completed,"{'revision': 1, 'iterations': 40, 'sample_count': 10, 'measurement_iterations_multiplier': 4, 'warmup_iterations': 3, 'gpu_completion_mode': 'per_iteration', 'unit': 'us', 'direction': 'lower_is_better'}"
win,parent,primitive_type.quads.fixed_function,20261005-114140466-16e103cb41f9469cb9f737e005a6cccb,2229.7,2188,2222.5,2316,2316,2316,89206,13238.3229,10,True,PASS,failed,True,,,,114a1419338256e5,completed,"{'revision': 1, 'iterations': 40, 'sample_count': 10, 'measurement_iterations_multiplier': 4, 'warmup_iterations': 3, 'gpu_completion_mode': 'per_iteration', 'unit': 'us', 'direction': 'lower_is_better'}"
win,parent,primitive_type.quads.vertex_shader,20261005-114140466-16e103cb41f9469cb9f737e005a6cccb,2226,2193,2228.0,2261,2261,2261,89057,13238.3229,10,True,PASS,failed,True,,,,114a1419338256e5,completed,"{'revision': 1, 'iterations': 40, 'sample_count': 10, 'measurement_iterations_multiplier': 4, 'warmup_iterations': 3, 'gpu_completion_mode': 'per_iteration', 'unit': 'us', 'direction': 'lower_is_better'}"
win,parent,primitive_type.triangle_fan.fixed_function,20261005-114140466-16e103cb41f9469cb9f737e005a6cccb,557.3,529,560.0,573,573,573,22299,13238.3229,10,True,PASS,failed,True,,,,36644f0fd11db166,completed,"{'revision': 1, 'iterations': 40, 'sample_count': 10, 'measurement_iterations_multiplier': 4, 'warmup_iterations': 3, 'gpu_completion_mode': 'per_iteration', 'unit': 'us', 'direction': 'lower_is_better'}"
win,parent,primitive_type.triangle_fan.vertex_shader,20261005-114140466-16e103cb41f9469cb9f737e005a6cccb,559.4,534,565.0,573,573,573,22385,13238.3229,10,True,PASS,failed,True,,,,36644f0fd11db166,completed,"{'revision': 1, 'iterations': 40, 'sample_count': 10, 'measurement_iterations_multiplier': 4, 'warmup_iterations': 3, 'gpu_completion_mode': 'per_iteration', 'unit': 'us', 'direction': 'lower_is_better'}"
win,parent,primitive_type.triangle_strip.fixed_function,20261005-114140466-16e103cb41f9469cb9f737e005a6cccb,561.3,539,563.0,576,576,576,22467,13238.3229,10,True,PASS,failed,True,,,,d7b289579fdaa1ab,completed,"{'revision': 1, 'iterations': 40, 'sample_count': 10, 'measurement_iterations_multiplier': 4, 'warmup_iterations': 3, 'gpu_completion_mode': 'per_iteration', 'unit': 'us', 'direction': 'lower_is_better'}"
win,parent,primitive_type.triangle_strip.vertex_shader,20261005-114140466-16e103cb41f9469cb9f737e005a6cccb,570.8,535,572.0,630,630,630,22843,13238.3229,10,True,PASS,failed,True,,,,d7b289579fdaa1ab,completed,"{'revision': 1, 'iterations': 40, 'sample_count': 10, 'measurement_iterations_multiplier': 4, 'warmup_iterations': 3, 'gpu_completion_mode': 'per_iteration', 'unit': 'us', 'direction': 'lower_is_better'}"
win,parent,primitive_type.triangles.fixed_function,20261005-114140466-16e103cb41f9469cb9f737e005a6cccb,1762.5,1734,1760.0,1816,1816,1816,70513,13238.3229,10,True,PASS,failed,True,,,,72f05baf369ceb60,completed,"{'revision': 1, 'iterations': 40, 'sample_count': 10, 'measurement_iterations_multiplier': 4, 'warmup_iterations': 3, 'gpu_completion_mode': 'per_iteration', 'unit': 'us', 'direction': 'lower_is_better'}"
win,parent,primitive_type.triangles.vertex_shader,20261005-114140466-16e103cb41f9469cb9f737e005a6cccb,1673.6,1626,1670.0,1723,1723,1723,66958,13238.3229,10,True,PASS,failed,True,,,,72f05baf369ceb60,completed,"{'revision': 1, 'iterations': 40, 'sample_count': 10, 'measurement_iterations_multiplier': 4, 'warmup_iterations': 3, 'gpu_completion_mode': 'per_iteration', 'unit': 'us', 'direction': 'lower_is_better'}"
win,parent,texture_cubemap_fallback.bordered_palette_size1,20261005-114156338-3a927c826b044b9abf7471d115648d20,16646.75,16532,16665.0,16693,16693,16693,532705,26787.3268,8,False,FAIL,not evaluated,True,,,,56d00ed89334a325,failed,"{'revision': 1, 'iterations': 32, 'sample_count': 8, 'measurement_iterations_multiplier': 4, 'warmup_iterations': 3, 'gpu_completion_mode': 'per_iteration', 'unit': 'us', 'direction': 'lower_is_better'}"
win,parent,surface.basic,20261005-114244350-33cb9d81d726456c86a422752fa98993,19319.3,18783,19391.5,19654,19654,19654,772785,17890.5441,10,True,PASS,failed,True,,,,42459952797c47fa,completed,"{'revision': 1, 'iterations': 40, 'sample_count': 10, 'measurement_iterations_multiplier': 4, 'warmup_iterations': 3, 'gpu_completion_mode': 'per_iteration', 'unit': 'us', 'direction': 'lower_is_better'}"
win,parent,surface.cpu_read_after_gpu_write,20261005-114244350-33cb9d81d726456c86a422752fa98993,947.9,774,831.5,1405,1475,1475,75860,17890.5441,20,True,PASS,passed,True,,,,572720976b602325,completed,"{'revision': 1, 'iterations': 80, 'sample_count': 20, 'measurement_iterations_multiplier': 4, 'warmup_iterations': 3, 'gpu_completion_mode': 'per_iteration', 'unit': 'us', 'direction': 'lower_is_better'}"
win,parent,surface.cpu_read_clean_surface,20261005-114244350-33cb9d81d726456c86a422752fa98993,59.99,56,58.0,63,100,160,24153,17890.5441,100,True,PASS,passed,True,,,,aa32af524aa52325,completed,"{'revision': 1, 'iterations': 400, 'sample_count': 100, 'measurement_iterations_multiplier': 4, 'warmup_iterations': 3, 'gpu_completion_mode': 'per_iteration', 'unit': 'us', 'direction': 'lower_is_better'}"
win,parent,surface.framebuffer_working_set_002,20261005-114244350-33cb9d81d726456c86a422752fa98993,1325.95,1085,1246.0,1644,1679,1679,106109,17890.5441,20,True,PASS,failed,True,,,,9f3b0609a42777d5,completed,"{'revision': 1, 'iterations': 80, 'sample_count': 20, 'measurement_iterations_multiplier': 4, 'warmup_iterations': 3, 'gpu_completion_mode': 'per_iteration', 'unit': 'us', 'direction': 'lower_is_better'}"
win,parent,surface.framebuffer_working_set_008,20261005-114244350-33cb9d81d726456c86a422752fa98993,1376.25,1190,1341.5,1690,1722,1722,110129,17890.5441,20,True,PASS,failed,True,,,,64cbf95dec8f59e5,completed,"{'revision': 1, 'iterations': 80, 'sample_count': 20, 'measurement_iterations_multiplier': 4, 'warmup_iterations': 3, 'gpu_completion_mode': 'per_iteration', 'unit': 'us', 'direction': 'lower_is_better'}"
win,parent,surface.framebuffer_working_set_032,20261005-114244350-33cb9d81d726456c86a422752fa98993,1318.55,1106,1259.0,1614,1812,1812,105506,17890.5441,20,True,PASS,failed,True,,,,a6116feb11a28c25,completed,"{'revision': 1, 'iterations': 80, 'sample_count': 20, 'measurement_iterations_multiplier': 4, 'warmup_iterations': 3, 'gpu_completion_mode': 'per_iteration', 'unit': 'us', 'direction': 'lower_is_better'}"
win,parent,surface.framebuffer_working_set_064,20261005-114244350-33cb9d81d726456c86a422752fa98993,1329.1,1114,1245.0,1739,1873,1873,106355,17890.5441,20,True,PASS,failed,True,,,,a6116feb11a28c25,completed,"{'revision': 1, 'iterations': 80, 'sample_count': 20, 'measurement_iterations_multiplier': 4, 'warmup_iterations': 3, 'gpu_completion_mode': 'per_iteration', 'unit': 'us', 'direction': 'lower_is_better'}"
win,parent,surface.full_clear_elision_guard,20261005-114244350-33cb9d81d726456c86a422752fa98993,1586.59,1505,1537.0,1804,2007,2093,634794,17890.5441,100,True,PASS,failed,True,,,,d91a0e75979a1f25,completed,"{'revision': 1, 'iterations': 400, 'sample_count': 100, 'measurement_iterations_multiplier': 4, 'warmup_iterations': 3, 'gpu_completion_mode': 'per_iteration', 'unit': 'us', 'direction': 'lower_is_better'}"
win,parent,surface.overlapping_surface_churn_representative,20261005-114244350-33cb9d81d726456c86a422752fa98993,2116.36,2007,2081.0,2502,2645,3073,846678,17890.5441,100,True,PASS,failed,True,,,,caf66d4bf5691525,completed,"{'revision': 1, 'iterations': 400, 'sample_count': 100, 'measurement_iterations_multiplier': 4, 'warmup_iterations': 3, 'gpu_completion_mode': 'per_iteration', 'unit': 'us', 'direction': 'lower_is_better'}"
win,parent,surface.overlapping_surface_churn_stress,20261005-114244350-33cb9d81d726456c86a422752fa98993,23370.1,22951,23302.5,24074,24074,24074,934822,17890.5441,10,True,PASS,failed,True,,,,caf66d4bf5691525,completed,"{'revision': 1, 'iterations': 40, 'sample_count': 10, 'measurement_iterations_multiplier': 4, 'warmup_iterations': 3, 'gpu_completion_mode': 'per_iteration', 'unit': 'us', 'direction': 'lower_is_better'}"
win,parent,surface.partial_channel_clear_guard,20261005-114244350-33cb9d81d726456c86a422752fa98993,1603.3,1502,1542.0,1838,2015,2100,641474,17890.5441,100,True,PASS,failed,True,,,,eb2cb498aa73af25,completed,"{'revision': 1, 'iterations': 400, 'sample_count': 100, 'measurement_iterations_multiplier': 4, 'warmup_iterations': 3, 'gpu_completion_mode': 'per_iteration', 'unit': 'us', 'direction': 'lower_is_better'}"
win,parent,surface.surface_download_path,20261005-114244350-33cb9d81d726456c86a422752fa98993,13604.7,13257,13620.0,14017,14017,14017,544200,17890.5441,10,True,PASS,failed,True,,,,2b0e8aac0f8838e8,completed,"{'revision': 1, 'iterations': 40, 'sample_count': 10, 'measurement_iterations_multiplier': 4, 'warmup_iterations': 3, 'gpu_completion_mode': 'per_iteration', 'unit': 'us', 'direction': 'lower_is_better'}"
win,parent,surface.surface_list_lookup_002,20261005-114304865-f7fc2779992a4084b157ca93ffed1a57,1697.85,1352,1711.5,1980,1982,1982,135866,18157.3856,20,True,PASS,failed,True,,,,fa475bc695046525,completed,"{'revision': 1, 'iterations': 80, 'sample_count': 20, 'measurement_iterations_multiplier': 4, 'warmup_iterations': 3, 'gpu_completion_mode': 'per_iteration', 'unit': 'us', 'direction': 'lower_is_better'}"
win,parent,surface.surface_list_lookup_008,20261005-114304865-f7fc2779992a4084b157ca93ffed1a57,1314.15,1113,1251.0,1620,1654,1654,105161,18157.3856,20,True,PASS,failed,True,,,,eaf6788dfe8d2f25,completed,"{'revision': 1, 'iterations': 80, 'sample_count': 20, 'measurement_iterations_multiplier': 4, 'warmup_iterations': 3, 'gpu_completion_mode': 'per_iteration', 'unit': 'us', 'direction': 'lower_is_better'}"
win,parent,surface.surface_list_lookup_032,20261005-114304865-f7fc2779992a4084b157ca93ffed1a57,1354.95,1094,1306.0,1721,1773,1773,108421,18157.3856,20,True,PASS,failed,True,,,,c6275b91195a5325,completed,"{'revision': 1, 'iterations': 80, 'sample_count': 20, 'measurement_iterations_multiplier': 4, 'warmup_iterations': 3, 'gpu_completion_mode': 'per_iteration', 'unit': 'us', 'direction': 'lower_is_better'}"
win,parent,surface.surface_list_lookup_128,20261005-114304865-f7fc2779992a4084b157ca93ffed1a57,1342.1,1201,1243.5,1628,1686,1686,107395,18157.3856,20,True,PASS,failed,True,,,,c6275b91195a5325,completed,"{'revision': 1, 'iterations': 80, 'sample_count': 20, 'measurement_iterations_multiplier': 4, 'warmup_iterations': 3, 'gpu_completion_mode': 'per_iteration', 'unit': 'us', 'direction': 'lower_is_better'}"
win,parent,surface.vulkan_memory_pressure.representative.growth,20261005-114304865-f7fc2779992a4084b157ca93ffed1a57,12329.75,12119,12330.0,12540,12540,12540,197281,18157.3856,4,True,PASS,failed,True,,,,1b85a83206804325,completed,"{'revision': 1, 'iterations': 16, 'sample_count': 4, 'measurement_iterations_multiplier': 4, 'warmup_iterations': 3, 'gpu_completion_mode': 'per_iteration', 'unit': 'us', 'direction': 'lower_is_better'}"
win,parent,surface.vulkan_memory_pressure.representative.plateau,20261005-114304865-f7fc2779992a4084b157ca93ffed1a57,12702.25,12449,12670.0,13020,13020,13020,203239,18157.3856,4,True,PASS,failed,True,,,,94973dc83ee12325,completed,"{'revision': 1, 'iterations': 16, 'sample_count': 4, 'measurement_iterations_multiplier': 4, 'warmup_iterations': 3, 'gpu_completion_mode': 'per_iteration', 'unit': 'us', 'direction': 'lower_is_better'}"
win,parent,surface.vulkan_memory_pressure.representative.alias_resize,20261005-114304865-f7fc2779992a4084b157ca93ffed1a57,12574.5,11999,12558.0,13183,13183,13183,201199,18157.3856,4,True,PASS,failed,True,,,,7e3cba40d2e56b25,completed,"{'revision': 1, 'iterations': 16, 'sample_count': 4, 'measurement_iterations_multiplier': 4, 'warmup_iterations': 3, 'gpu_completion_mode': 'per_iteration', 'unit': 'us', 'direction': 'lower_is_better'}"
win,parent,surface.vulkan_memory_pressure.representative.reuse,20261005-114304865-f7fc2779992a4084b157ca93ffed1a57,12787,12193,12927.5,13100,13100,13100,204601,18157.3856,4,True,PASS,failed,True,,,,834dc31dcb46cb25,completed,"{'revision': 1, 'iterations': 16, 'sample_count': 4, 'measurement_iterations_multiplier': 4, 'warmup_iterations': 3, 'gpu_completion_mode': 'per_iteration', 'unit': 'us', 'direction': 'lower_is_better'}"
win,parent,surface.vulkan_memory_pressure.representative.idle_retention,20261005-114304865-f7fc2779992a4084b157ca93ffed1a57,976.75,811,1024.5,1047,1047,1047,15638,18157.3856,4,True,PASS,failed,True,,,,e45ec923aeb05125,completed,"{'revision': 1, 'iterations': 16, 'sample_count': 4, 'measurement_iterations_multiplier': 4, 'warmup_iterations': 3, 'gpu_completion_mode': 'per_iteration', 'unit': 'us', 'direction': 'lower_is_better'}"
win,parent,surface.vulkan_memory_pressure.stress.growth,20261005-114304865-f7fc2779992a4084b157ca93ffed1a57,47938.75,47585,47987.5,48195,48195,48195,767024,18157.3856,4,True,PASS,failed,True,,,,16b728a467be7f25,completed,"{'revision': 1, 'iterations': 16, 'sample_count': 4, 'measurement_iterations_multiplier': 4, 'warmup_iterations': 3, 'gpu_completion_mode': 'per_iteration', 'unit': 'us', 'direction': 'lower_is_better'}"
win,parent,surface.vulkan_memory_pressure.stress.plateau,20261005-114304865-f7fc2779992a4084b157ca93ffed1a57,47862.75,47762,47851.5,47986,47986,47986,765810,18157.3856,4,True,PASS,failed,True,,,,2936a367d6aa6725,completed,"{'revision': 1, 'iterations': 16, 'sample_count': 4, 'measurement_iterations_multiplier': 4, 'warmup_iterations': 3, 'gpu_completion_mode': 'per_iteration', 'unit': 'us', 'direction': 'lower_is_better'}"
win,parent,surface.vulkan_memory_pressure.stress.alias_resize,20261005-114304865-f7fc2779992a4084b157ca93ffed1a57,51277,50710,51267.5,51863,51863,51863,820440,18157.3856,4,True,PASS,failed,True,,,,d5ab377572e54f25,completed,"{'revision': 1, 'iterations': 16, 'sample_count': 4, 'measurement_iterations_multiplier': 4, 'warmup_iterations': 3, 'gpu_completion_mode': 'per_iteration', 'unit': 'us', 'direction': 'lower_is_better'}"
win,parent,surface.vulkan_memory_pressure.stress.reuse,20261005-114304865-f7fc2779992a4084b157ca93ffed1a57,52919.5,52122,53028.5,53499,53499,53499,846718,18157.3856,4,True,PASS,failed,True,,,,12e4fbb929c6c725,completed,"{'revision': 1, 'iterations': 16, 'sample_count': 4, 'measurement_iterations_multiplier': 4, 'warmup_iterations': 3, 'gpu_completion_mode': 'per_iteration', 'unit': 'us', 'direction': 'lower_is_better'}"
win,parent,surface.vulkan_memory_pressure.stress.idle_retention,20261005-114304865-f7fc2779992a4084b157ca93ffed1a57,567.5,543,573.0,581,581,581,9081,18157.3856,4,True,PASS,failed,True,,,,0289a35e3cbf6925,completed,"{'revision': 1, 'iterations': 16, 'sample_count': 4, 'measurement_iterations_multiplier': 4, 'warmup_iterations': 3, 'gpu_completion_mode': 'per_iteration', 'unit': 'us', 'direction': 'lower_is_better'}"
win,parent,tiny_draw.arrays.fixed_function,20261005-114326147-a97b949d4f8244f699ad25249f473984,32407.9,32252,32361.5,32768,32768,32768,1296334,20740.3719,10,True,PASS,failed,True,,,,acf025546cf667b5,completed,"{'revision': 1, 'iterations': 40, 'sample_count': 10, 'measurement_iterations_multiplier': 4, 'warmup_iterations': 3, 'gpu_completion_mode': 'per_iteration', 'unit': 'us', 'direction': 'lower_is_better'}"
win,parent,tiny_draw.arrays.vertex_shader,20261005-114326147-a97b949d4f8244f699ad25249f473984,23355.6,23200,23320.5,23547,23547,23547,934237,20740.3719,10,True,PASS,failed,True,,,,acf025546cf667b5,completed,"{'revision': 1, 'iterations': 40, 'sample_count': 10, 'measurement_iterations_multiplier': 4, 'warmup_iterations': 3, 'gpu_completion_mode': 'per_iteration', 'unit': 'us', 'direction': 'lower_is_better'}"
win,parent,tiny_draw.inline_arrays.fixed_function,20261005-114326147-a97b949d4f8244f699ad25249f473984,28596.1,28076,28609.5,28876,28876,28876,1143859,20740.3719,10,True,PASS,failed,True,,,,acf025546cf667b5,completed,"{'revision': 1, 'iterations': 40, 'sample_count': 10, 'measurement_iterations_multiplier': 4, 'warmup_iterations': 3, 'gpu_completion_mode': 'per_iteration', 'unit': 'us', 'direction': 'lower_is_better'}"
win,parent,tiny_draw.inline_arrays.vertex_shader,20261005-114326147-a97b949d4f8244f699ad25249f473984,27704.8,27476,27669.0,28112,28112,28112,1108204,20740.3719,10,True,PASS,failed,True,,,,acf025546cf667b5,completed,"{'revision': 1, 'iterations': 40, 'sample_count': 10, 'measurement_iterations_multiplier': 4, 'warmup_iterations': 3, 'gpu_completion_mode': 'per_iteration', 'unit': 'us', 'direction': 'lower_is_better'}"
win,parent,tiny_draw.inline_buffers.fixed_function,20261005-114326147-a97b949d4f8244f699ad25249f473984,17109.7,16800,17074.5,17535,17535,17535,684396,20740.3719,10,True,PASS,failed,True,,,,acf025546cf667b5,completed,"{'revision': 1, 'iterations': 40, 'sample_count': 10, 'measurement_iterations_multiplier': 4, 'warmup_iterations': 3, 'gpu_completion_mode': 'per_iteration', 'unit': 'us', 'direction': 'lower_is_better'}"
win,parent,tiny_draw.inline_buffers.vertex_shader,20261005-114326147-a97b949d4f8244f699ad25249f473984,17145.4,17021,17091.0,17371,17371,17371,685829,20740.3719,10,True,PASS,failed,True,,,,acf025546cf667b5,completed,"{'revision': 1, 'iterations': 40, 'sample_count': 10, 'measurement_iterations_multiplier': 4, 'warmup_iterations': 3, 'gpu_completion_mode': 'per_iteration', 'unit': 'us', 'direction': 'lower_is_better'}"
win,parent,tiny_draw.inline_elements.fixed_function,20261005-114326147-a97b949d4f8244f699ad25249f473984,23222,22932,23189.5,23655,23655,23655,928893,20740.3719,10,True,PASS,failed,True,,,,acf025546cf667b5,completed,"{'revision': 1, 'iterations': 40, 'sample_count': 10, 'measurement_iterations_multiplier': 4, 'warmup_iterations': 3, 'gpu_completion_mode': 'per_iteration', 'unit': 'us', 'direction': 'lower_is_better'}"
win,parent,tiny_draw.inline_elements.vertex_shader,20261005-114326147-a97b949d4f8244f699ad25249f473984,23474.3,23249,23387.0,23793,23793,23793,938987,20740.3719,10,True,PASS,failed,True,,,,acf025546cf667b5,completed,"{'revision': 1, 'iterations': 40, 'sample_count': 10, 'measurement_iterations_multiplier': 4, 'warmup_iterations': 3, 'gpu_completion_mode': 'per_iteration', 'unit': 'us', 'direction': 'lower_is_better'}"
win,parent,uniform_thrash.uniform_thrash,20261005-114349515-cd90932f10d84496a8308176d5473fa1,1676,1477,1671.5,1916,1916,1916,67058,12013.7919,10,True,PASS,failed,True,,,,09eb5907ef624c25,completed,"{'revision': 1, 'iterations': 40, 'sample_count': 10, 'measurement_iterations_multiplier': 4, 'warmup_iterations': 3, 'gpu_completion_mode': 'per_iteration', 'unit': 'us', 'direction': 'lower_is_better'}"
win,parent,vertex_buffer_allocation.mixed.arrays,20261005-114404147-fbf4c12ae06746fdb7b008c706da224c,30214.6,29205,29759.5,31496,31496,31496,1208601,63355.1642,10,True,PASS,not evaluated,True,,,,377e6c029807f325,completed,"{'revision': 1, 'iterations': 40, 'sample_count': 10, 'measurement_iterations_multiplier': 4, 'warmup_iterations': 3, 'gpu_completion_mode': 'per_iteration', 'unit': 'us', 'direction': 'lower_is_better'}"
win,parent,vertex_buffer_allocation.mixed.inline_arrays,20261005-114404147-fbf4c12ae06746fdb7b008c706da224c,223306.9,221540,222825.0,226054,226054,226054,8932293,63355.1642,10,True,PASS,not evaluated,True,,,,377e6c029807f325,completed,"{'revision': 1, 'iterations': 40, 'sample_count': 10, 'measurement_iterations_multiplier': 4, 'warmup_iterations': 3, 'gpu_completion_mode': 'per_iteration', 'unit': 'us', 'direction': 'lower_is_better'}"
win,parent,vertex_buffer_allocation.mixed.inline_buffers,20261005-114404147-fbf4c12ae06746fdb7b008c706da224c,619260.6,617289,619057.5,621213,621213,621213,24770443,63355.1642,10,True,PASS,not evaluated,True,,,,377e6c029807f325,completed,"{'revision': 1, 'iterations': 40, 'sample_count': 10, 'measurement_iterations_multiplier': 4, 'warmup_iterations': 3, 'gpu_completion_mode': 'per_iteration', 'unit': 'us', 'direction': 'lower_is_better'}"
win,parent,vertex_buffer_allocation.mixed.inline_elements,20261005-114404147-fbf4c12ae06746fdb7b008c706da224c,32747.1,32121,32655.0,33583,33583,33583,1309894,63355.1642,10,True,PASS,not evaluated,True,,,,377e6c029807f325,completed,"{'revision': 1, 'iterations': 40, 'sample_count': 10, 'measurement_iterations_multiplier': 4, 'warmup_iterations': 3, 'gpu_completion_mode': 'per_iteration', 'unit': 'us', 'direction': 'lower_is_better'}"
win,parent,vertex_buffer_allocation.tiny.arrays,20261005-114404147-fbf4c12ae06746fdb7b008c706da224c,32761.7,30752,32910.0,33728,33728,33728,1310481,63355.1642,10,True,PASS,not evaluated,True,,,,377e6c029807f325,completed,"{'revision': 1, 'iterations': 40, 'sample_count': 10, 'measurement_iterations_multiplier': 4, 'warmup_iterations': 3, 'gpu_completion_mode': 'per_iteration', 'unit': 'us', 'direction': 'lower_is_better'}"
win,parent,vertex_buffer_allocation.tiny.inline_arrays,20261005-114404147-fbf4c12ae06746fdb7b008c706da224c,35899.8,35582,35934.0,36155,36155,36155,1436004,63355.1642,10,True,PASS,not evaluated,True,,,,377e6c029807f325,completed,"{'revision': 1, 'iterations': 40, 'sample_count': 10, 'measurement_iterations_multiplier': 4, 'warmup_iterations': 3, 'gpu_completion_mode': 'per_iteration', 'unit': 'us', 'direction': 'lower_is_better'}"
win,parent,vertex_buffer_allocation.tiny.inline_buffers,20261005-114404147-fbf4c12ae06746fdb7b008c706da224c,34951.2,34597,34972.5,35382,35382,35382,1398057,63355.1642,10,True,PASS,not evaluated,True,,,,377e6c029807f325,completed,"{'revision': 1, 'iterations': 40, 'sample_count': 10, 'measurement_iterations_multiplier': 4, 'warmup_iterations': 3, 'gpu_completion_mode': 'per_iteration', 'unit': 'us', 'direction': 'lower_is_better'}"
win,parent,vertex_buffer_allocation.tiny.inline_elements,20261005-114404147-fbf4c12ae06746fdb7b008c706da224c,33294.5,32918,33280.5,34151,34151,34151,1331795,63355.1642,10,True,PASS,not evaluated,True,,,,377e6c029807f325,completed,"{'revision': 1, 'iterations': 40, 'sample_count': 10, 'measurement_iterations_multiplier': 4, 'warmup_iterations': 3, 'gpu_completion_mode': 'per_iteration', 'unit': 'us', 'direction': 'lower_is_better'}"
win,parent,vertex_buffer_allocation.rising_transient_growth,20261005-114404147-fbf4c12ae06746fdb7b008c706da224c,655119,655119,655119,655119,655119,655119,2620479,63355.1642,1,True,PASS,not evaluated,False,,,,377e6c029807f325,completed,"{'revision': 1, 'iterations': 4, 'sample_count': 1, 'measurement_iterations_multiplier': 4, 'warmup_iterations': 3, 'gpu_completion_mode': 'per_iteration', 'unit': 'us', 'direction': 'lower_is_better'}"
win,parent,vertex_buffer_allocation.disjoint_same_page,20261005-114404147-fbf4c12ae06746fdb7b008c706da224c,29701.1,24886,29951.5,32286,32286,32286,1188065,63355.1642,10,True,PASS,not evaluated,True,,,,fdcd25a37910bb25,completed,"{'revision': 1, 'iterations': 40, 'sample_count': 10, 'measurement_iterations_multiplier': 4, 'warmup_iterations': 3, 'gpu_completion_mode': 'per_iteration', 'unit': 'us', 'direction': 'lower_is_better'}"
win,candidate,busy_pfifo.pfifo_saturation,20261005-114511156-40ee4f91ee214cb592771c2b1af6ad41,85467.7,85016,85558.0,85879,85879,85879,3418717,47639.2546,10,True,PASS,not evaluated,True,,,,1508607624bb8506,completed,"{'revision': 1, 'iterations': 40, 'sample_count': 10, 'measurement_iterations_multiplier': 4, 'warmup_iterations': 3, 'gpu_completion_mode': 'per_iteration', 'unit': 'us', 'direction': 'lower_is_better'}"
win,candidate,busy_pfifo.pgraph_pattern_polling,20261005-114511156-40ee4f91ee214cb592771c2b1af6ad41,4435881,4435881,4435881,4435881,4435881,4435881,17743525,47639.2546,1,True,PASS,not evaluated,True,,,,386d0f085e98c325,completed,"{'revision': 1, 'iterations': 4, 'sample_count': 1, 'measurement_iterations_multiplier': 4, 'warmup_iterations': 3, 'gpu_completion_mode': 'per_iteration', 'unit': 'us', 'direction': 'lower_is_better'}"
win,candidate,pfifo_array_elements.array_element_pgr2,20261005-114511156-40ee4f91ee214cb592771c2b1af6ad41,461.25,400,417.5,636,636,636,14774,47639.2546,8,True,PASS,not evaluated,True,,,,bbc8b0702ffd0325,completed,"{'revision': 1, 'iterations': 32, 'sample_count': 8, 'measurement_iterations_multiplier': 4, 'warmup_iterations': 3, 'gpu_completion_mode': 'per_iteration', 'unit': 'us', 'direction': 'lower_is_better'}"
win,candidate,pfifo_array_elements.array_element16,20261005-114511156-40ee4f91ee214cb592771c2b1af6ad41,507.625,479,507.5,525,525,525,16262,47639.2546,8,True,PASS,not evaluated,True,,,,9c884de2a5d32325,completed,"{'revision': 1, 'iterations': 32, 'sample_count': 8, 'measurement_iterations_multiplier': 4, 'warmup_iterations': 3, 'gpu_completion_mode': 'per_iteration', 'unit': 'us', 'direction': 'lower_is_better'}"
win,candidate,pfifo_array_elements.array_element32,20261005-114511156-40ee4f91ee214cb592771c2b1af6ad41,918.25,902,914.0,942,942,942,29397,47639.2546,8,True,PASS,not evaluated,True,,,,e079f0cf1a994325,completed,"{'revision': 1, 'iterations': 32, 'sample_count': 8, 'measurement_iterations_multiplier': 4, 'warmup_iterations': 3, 'gpu_completion_mode': 'per_iteration', 'unit': 'us', 'direction': 'lower_is_better'}"
win,candidate,pfifo_packet_boundary.array_element16_overflow,20261005-114511156-40ee4f91ee214cb592771c2b1af6ad41,14692,14692,14692,14692,14692,14692,58771,47639.2546,1,True,PASS,not evaluated,False,,,,4d1756526f052325,completed,"{'revision': 1, 'iterations': 4, 'sample_count': 1, 'measurement_iterations_multiplier': 4, 'warmup_iterations': 3, 'gpu_completion_mode': 'per_iteration', 'unit': 'us', 'direction': 'lower_is_better'}"
win,candidate,pfifo_packet_boundary.array_element32_overflow,20261005-114511156-40ee4f91ee214cb592771c2b1af6ad41,29195,29195,29195,29195,29195,29195,116781,47639.2546,1,True,PASS,not evaluated,False,,,,6eb7071be692a325,completed,"{'revision': 1, 'iterations': 4, 'sample_count': 1, 'measurement_iterations_multiplier': 4, 'warmup_iterations': 3, 'gpu_completion_mode': 'per_iteration', 'unit': 'us', 'direction': 'lower_is_better'}"
win,candidate,pfifo_packet_boundary.inline_array_overflow,20261005-114511156-40ee4f91ee214cb592771c2b1af6ad41,29497,29497,29497,29497,29497,29497,117991,47639.2546,1,True,PASS,not evaluated,False,,,,847da1930526a325,completed,"{'revision': 1, 'iterations': 4, 'sample_count': 1, 'measurement_iterations_multiplier': 4, 'warmup_iterations': 3, 'gpu_completion_mode': 'per_iteration', 'unit': 'us', 'direction': 'lower_is_better'}"
win,candidate,pfifo_packet_boundary.incrementing_inline_fallback,20261005-114511156-40ee4f91ee214cb592771c2b1af6ad41,27,27,27,27,27,27,111,47639.2546,1,True,PASS,not evaluated,False,,,,640439ee8ecd2325,completed,"{'revision': 1, 'iterations': 4, 'sample_count': 1, 'measurement_iterations_multiplier': 4, 'warmup_iterations': 3, 'gpu_completion_mode': 'per_iteration', 'unit': 'us', 'direction': 'lower_is_better'}"
win,candidate,cpu_floating_point.sse_scalar,20261005-114601416-58a57c8be96b4fe882bc6a4de18761db,531465.1,506572,537245.5,551089,551089,551089,21258613,107537.2605,10,True,PASS,passed,True,,,,6962077c244da325,completed,"{'revision': 1, 'iterations': 40, 'sample_count': 10, 'measurement_iterations_multiplier': 4, 'warmup_iterations': 3, 'gpu_completion_mode': 'per_iteration', 'unit': 'us', 'direction': 'lower_is_better'}"
win,candidate,cpu_floating_point.x87_scalar,20261005-114601416-58a57c8be96b4fe882bc6a4de18761db,821669.5,818892,820991.0,826981,826981,826981,32866795,107537.2605,10,True,PASS,passed,True,,,,6962077c244da325,completed,"{'revision': 1, 'iterations': 40, 'sample_count': 10, 'measurement_iterations_multiplier': 4, 'warmup_iterations': 3, 'gpu_completion_mode': 'per_iteration', 'unit': 'us', 'direction': 'lower_is_better'}"
win,candidate,cpu_translation_blocks.direct_loop,20261005-114601416-58a57c8be96b4fe882bc6a4de18761db,9963.8,9837,9935.5,10067,10067,10067,398564,107537.2605,10,True,PASS,passed,True,,,,bd1fc9bf0c318325,completed,"{'revision': 1, 'iterations': 40, 'sample_count': 10, 'measurement_iterations_multiplier': 4, 'warmup_iterations': 3, 'gpu_completion_mode': 'per_iteration', 'unit': 'us', 'direction': 'lower_is_better'}"
win,candidate,cpu_translation_blocks.indirect_dispatch,20261005-114601416-58a57c8be96b4fe882bc6a4de18761db,40317.7,39814,40040.5,43028,43028,43028,1612723,107537.2605,10,True,PASS,passed,True,,,,c0426cf669a02325,completed,"{'revision': 1, 'iterations': 40, 'sample_count': 10, 'measurement_iterations_multiplier': 4, 'warmup_iterations': 3, 'gpu_completion_mode': 'per_iteration', 'unit': 'us', 'direction': 'lower_is_better'}"
win,candidate,cpu_translation_blocks.indirect_dispatch_stress,20261005-114601416-58a57c8be96b4fe882bc6a4de18761db,805424.3,800313,806253.0,810999,810999,810999,32216988,107537.2605,10,True,PASS,passed,True,,,,fbd507cb0c622325,completed,"{'revision': 1, 'iterations': 40, 'sample_count': 10, 'measurement_iterations_multiplier': 4, 'warmup_iterations': 3, 'gpu_completion_mode': 'per_iteration', 'unit': 'us', 'direction': 'lower_is_better'}"
win,candidate,fill_rate.solid,20261005-114751569-6fc7a9b5552c4346babaaf7af1b935e5,1699.8,1538,1677.5,2144,2144,2144,68008,12275.4046,10,True,PASS,passed,True,,,,08b0f60773aac775,completed,"{'revision': 1, 'iterations': 40, 'sample_count': 10, 'measurement_iterations_multiplier': 4, 'warmup_iterations': 3, 'gpu_completion_mode': 'per_iteration', 'unit': 'us', 'direction': 'lower_is_better'}"
win,candidate,fill_rate.textured,20261005-114751569-6fc7a9b5552c4346babaaf7af1b935e5,1194.5,1119,1150.0,1639,1639,1639,47796,12275.4046,10,True,PASS,passed,True,,,,99b433323df1684d,completed,"{'revision': 1, 'iterations': 40, 'sample_count': 10, 'measurement_iterations_multiplier': 4, 'warmup_iterations': 3, 'gpu_completion_mode': 'per_iteration', 'unit': 'us', 'direction': 'lower_is_better'}"
win,candidate,pipeline_texture_switch.clear_texture_normal,20261005-114806459-c603aeb601c1414ca1356434486b4f92,13019,12724,13006.0,13220,13220,13220,416619,15684.079,8,True,PASS,not evaluated,True,,,,22ba4f1405cda325,completed,"{'revision': 1, 'iterations': 32, 'sample_count': 8, 'measurement_iterations_multiplier': 4, 'warmup_iterations': 3, 'gpu_completion_mode': 'per_iteration', 'unit': 'us', 'direction': 'lower_is_better'}"
win,candidate,pipeline_texture_switch.palette_dma_remap,20261005-114806459-c603aeb601c1414ca1356434486b4f92,16635,16635,16635,16635,16635,16635,66543,15684.079,1,True,PASS,not evaluated,False,,,,fbf687de65082325,completed,"{'revision': 1, 'iterations': 4, 'sample_count': 1, 'measurement_iterations_multiplier': 4, 'warmup_iterations': 3, 'gpu_completion_mode': 'per_iteration', 'unit': 'us', 'direction': 'lower_is_better'}"
win,candidate,pipeline_texture_switch.palette_only_update,20261005-114806459-c603aeb601c1414ca1356434486b4f92,18580,18580,18580,18580,18580,18580,74321,15684.079,1,True,PASS,not evaluated,False,,,,467aab2f95cda325,completed,"{'revision': 1, 'iterations': 4, 'sample_count': 1, 'measurement_iterations_multiplier': 4, 'warmup_iterations': 3, 'gpu_completion_mode': 'per_iteration', 'unit': 'us', 'direction': 'lower_is_better'}"
win,candidate,pipeline_texture_switch.sampler_only_identity,20261005-114806459-c603aeb601c1414ca1356434486b4f92,22483.125,22299,22485.0,22671,22671,22671,719475,15684.079,8,True,PASS,not evaluated,True,,,,0b8438c8404da325,completed,"{'revision': 1, 'iterations': 32, 'sample_count': 8, 'measurement_iterations_multiplier': 4, 'warmup_iterations': 3, 'gpu_completion_mode': 'per_iteration', 'unit': 'us', 'direction': 'lower_is_better'}"
win,candidate,pipeline_texture_switch.shader_negative_control,20261005-114806459-c603aeb601c1414ca1356434486b4f92,18514.125,18356,18500.0,18743,18743,18743,592464,15684.079,8,True,PASS,not evaluated,True,,,,f110c8bd6338c325,completed,"{'revision': 1, 'iterations': 32, 'sample_count': 8, 'measurement_iterations_multiplier': 4, 'warmup_iterations': 3, 'gpu_completion_mode': 'per_iteration', 'unit': 'us', 'direction': 'lower_is_better'}"
win,candidate,pipeline_texture_switch.shared_page_overlap,20261005-114806459-c603aeb601c1414ca1356434486b4f92,18648,18648,18648,18648,18648,18648,74594,15684.079,1,True,PASS,not evaluated,False,,,,83bb59a8648da325,completed,"{'revision': 1, 'iterations': 4, 'sample_count': 1, 'measurement_iterations_multiplier': 4, 'warmup_iterations': 3, 'gpu_completion_mode': 'per_iteration', 'unit': 'us', 'direction': 'lower_is_better'}"
win,candidate,pipeline_texture_switch.texture_dma_remap,20261005-114806459-c603aeb601c1414ca1356434486b4f92,16522,16522,16522,16522,16522,16522,66088,15684.079,1,True,PASS,not evaluated,False,,,,fbf687de65082325,completed,"{'revision': 1, 'iterations': 4, 'sample_count': 1, 'measurement_iterations_multiplier': 4, 'warmup_iterations': 3, 'gpu_completion_mode': 'per_iteration', 'unit': 'us', 'direction': 'lower_is_better'}"
win,candidate,pipeline_texture_switch.texture_switch,20261005-114806459-c603aeb601c1414ca1356434486b4f92,18805.25,18611,18780.0,19026,19026,19026,601782,15684.079,8,True,PASS,not evaluated,True,,,,8ae05d31fb00c325,completed,"{'revision': 1, 'iterations': 32, 'sample_count': 8, 'measurement_iterations_multiplier': 4, 'warmup_iterations': 3, 'gpu_completion_mode': 'per_iteration', 'unit': 'us', 'direction': 'lower_is_better'}"
win,candidate,report_query.clear_boundary,20261005-114824771-e0d69ce67fbe42718f16b641bc1d79bf,1399.75,1301,1376.5,1545,1545,1545,22399,12522.6963,4,True,PASS,not evaluated,False,,,,b5eb7c4b9c8da325,completed,"{'revision': 2, 'iterations': 16, 'sample_count': 4, 'measurement_iterations_multiplier': 4, 'warmup_iterations': 3, 'gpu_completion_mode': 'per_iteration', 'unit': 'us', 'direction': 'lower_is_better'}"
win,candidate,report_query.dma_descriptor_rewrite,20261005-114824771-e0d69ce67fbe42718f16b641bc1d79bf,3502,3502,3502,3502,3502,3502,3502,12522.6963,1,True,PASS,not evaluated,False,,,,c0c0fdbececda325,completed,"{'revision': 2, 'iterations': 1, 'sample_count': 1, 'measurement_iterations_multiplier': 1, 'warmup_iterations': 0, 'gpu_completion_mode': 'per_iteration', 'unit': 'us', 'direction': 'lower_is_better'}"
win,candidate,report_query.dma_range_guard,20261005-114824771-e0d69ce67fbe42718f16b641bc1d79bf,1644,1644,1644,1644,1644,1644,1644,12522.6963,1,True,PASS,not evaluated,False,,,,3f648ce11a4da325,completed,"{'revision': 2, 'iterations': 1, 'sample_count': 1, 'measurement_iterations_multiplier': 1, 'warmup_iterations': 0, 'gpu_completion_mode': 'per_iteration', 'unit': 'us', 'direction': 'lower_is_better'}"
win,candidate,report_query.dma_target_switch,20261005-114824771-e0d69ce67fbe42718f16b641bc1d79bf,1262.5,1013,1286.0,1465,1465,1465,20203,12522.6963,4,True,PASS,not evaluated,False,,,,4c4bd8cd440da325,completed,"{'revision': 2, 'iterations': 16, 'sample_count': 4, 'measurement_iterations_multiplier': 4, 'warmup_iterations': 3, 'gpu_completion_mode': 'per_iteration', 'unit': 'us', 'direction': 'lower_is_better'}"
win,candidate,report_query.fifo_producer_ordering,20261005-114824771-e0d69ce67fbe42718f16b641bc1d79bf,1261.5,1139,1205.0,1497,1497,1497,20189,12522.6963,4,True,PASS,not evaluated,False,,,,0d907c24a88da325,completed,"{'revision': 2, 'iterations': 16, 'sample_count': 4, 'measurement_iterations_multiplier': 4, 'warmup_iterations': 3, 'gpu_completion_mode': 'per_iteration', 'unit': 'us', 'direction': 'lower_is_better'}"
win,candidate,report_query.multiple_boundaries,20261005-114824771-e0d69ce67fbe42718f16b641bc1d79bf,724.5,511,740.0,907,907,907,11599,12522.6963,4,True,PASS,not evaluated,False,,,,0c966fc9ba4da325,completed,"{'revision': 2, 'iterations': 16, 'sample_count': 4, 'measurement_iterations_multiplier': 4, 'warmup_iterations': 3, 'gpu_completion_mode': 'per_iteration', 'unit': 'us', 'direction': 'lower_is_better'}"
win,candidate,report_query.single_boundary,20261005-114824771-e0d69ce67fbe42718f16b641bc1d79bf,1055.25,855,1028.0,1310,1310,1310,16892,12522.6963,4,True,PASS,not evaluated,False,,,,60e674c9fecda325,completed,"{'revision': 2, 'iterations': 16, 'sample_count': 4, 'measurement_iterations_multiplier': 4, 'warmup_iterations': 3, 'gpu_completion_mode': 'per_iteration', 'unit': 'us', 'direction': 'lower_is_better'}"
win,candidate,report_query.zero_query,20261005-114824771-e0d69ce67fbe42718f16b641bc1d79bf,611.5,489,503.5,950,950,950,9791,12522.6963,4,True,PASS,not evaluated,False,,,,23875dfeb40da325,completed,"{'revision': 2, 'iterations': 16, 'sample_count': 4, 'measurement_iterations_multiplier': 4, 'warmup_iterations': 3, 'gpu_completion_mode': 'per_iteration', 'unit': 'us', 'direction': 'lower_is_better'}"
win,candidate,shader_lifecycle.readiness_train_visible,20261005-114839906-b1bf60c5edc643eca316476a099dc348,16529,16529,16529,16529,16529,16529,66117,22022.4984,1,True,PASS,not evaluated,False,,,,d4c939c4f0ce4325,completed,"{'revision': 1, 'iterations': 4, 'sample_count': 1, 'measurement_iterations_multiplier': 4, 'warmup_iterations': 3, 'gpu_completion_mode': 'per_iteration', 'unit': 'us', 'direction': 'lower_is_better'}"
win,candidate,shader_lifecycle.readiness_replay_visible,20261005-114904560-c464137c20fb4b14bd23ffb1835d45c0,16599,16599,16599,16599,16599,16599,66398,22082.7129,1,True,PASS,not evaluated,False,,,,d4c939c4f0ce4325,completed,"{'revision': 1, 'iterations': 4, 'sample_count': 1, 'measurement_iterations_multiplier': 4, 'warmup_iterations': 3, 'gpu_completion_mode': 'per_iteration', 'unit': 'us', 'direction': 'lower_is_better'}"
win,candidate,shader_lifecycle.readiness_identical_replay,20261005-114929259-5a2e9347907d4aa2b798a59c0f5e295f,4022183,4022183,4022183,4022183,4022183,4022183,16088732,50209.9358,1,True,PASS,not evaluated,False,,,,70615ec6b77f8325,completed,"{'revision': 1, 'iterations': 4, 'sample_count': 1, 'measurement_iterations_multiplier': 4, 'warmup_iterations': 3, 'gpu_completion_mode': 'per_iteration', 'unit': 'us', 'direction': 'lower_is_better'}"
win,candidate,shader_lifecycle.readiness_uniform_only,20261005-115022102-4128f765498a4deeb86d8e1edfd25809,16510,16510,16510,16510,16510,16510,66040,22064.9167,1,True,PASS,not evaluated,False,,,,113d534d51f95325,completed,"{'revision': 1, 'iterations': 4, 'sample_count': 1, 'measurement_iterations_multiplier': 4, 'warmup_iterations': 3, 'gpu_completion_mode': 'per_iteration', 'unit': 'us', 'direction': 'lower_is_better'}"
win,candidate,shader_lifecycle.readiness_early_demand,20261005-115046799-da444711c35e418796b1789d3eb08171,16584,16584,16584,16584,16584,16584,66339,22191.5616,1,True,PASS,not evaluated,False,,,,d4c939c4f0ce4325,completed,"{'revision': 1, 'iterations': 4, 'sample_count': 1, 'measurement_iterations_multiplier': 4, 'warmup_iterations': 3, 'gpu_completion_mode': 'per_iteration', 'unit': 'us', 'direction': 'lower_is_better'}"
win,candidate,game_load.long_unlocked_scene.cpu,20261005-115111610-b089430363594cfabcb0071ef91e7840,24358.875,24161,24342.0,24719,24719,24719,779495,91047.1033,8,True,PASS,passed,True,,,,7c59a4dc0f8ba325,completed,"{'revision': 1, 'iterations': 32, 'sample_count': 8, 'measurement_iterations_multiplier': 4, 'warmup_iterations': 3, 'gpu_completion_mode': 'per_iteration', 'unit': 'us', 'direction': 'lower_is_better'}"
win,candidate,game_load.long_unlocked_scene.pfifo,20261005-115111610-b089430363594cfabcb0071ef91e7840,5861.125,5646,5862.0,6181,6181,6181,187567,91047.1033,8,True,PASS,passed,True,,,,7c59a4dc0f8ba325,completed,"{'revision': 1, 'iterations': 32, 'sample_count': 8, 'measurement_iterations_multiplier': 4, 'warmup_iterations': 3, 'gpu_completion_mode': 'per_iteration', 'unit': 'us', 'direction': 'lower_is_better'}"
win,candidate,game_load.long_unlocked_scene.alpha_overdraw,20261005-115111610-b089430363594cfabcb0071ef91e7840,48959.375,48460,48907.0,49480,49480,49480,1566714,91047.1033,8,True,PASS,passed,True,,,,7c59a4dc0f8ba325,completed,"{'revision': 1, 'iterations': 32, 'sample_count': 8, 'measurement_iterations_multiplier': 4, 'warmup_iterations': 3, 'gpu_completion_mode': 'per_iteration', 'unit': 'us', 'direction': 'lower_is_better'}"
win,candidate,game_load.long_unlocked_scene.streaming_surface_reuse,20261005-115111610-b089430363594cfabcb0071ef91e7840,16064,15213,16079.5,16808,16808,16808,514065,91047.1033,8,True,PASS,passed,True,,,,7c59a4dc0f8ba325,completed,"{'revision': 1, 'iterations': 32, 'sample_count': 8, 'measurement_iterations_multiplier': 4, 'warmup_iterations': 3, 'gpu_completion_mode': 'per_iteration', 'unit': 'us', 'direction': 'lower_is_better'}"
win,candidate,game_load.long_unlocked_scene.combined,20261005-115111610-b089430363594cfabcb0071ef91e7840,96325.75,95696,96208.0,97032,97032,97032,3082433,91047.1033,8,True,PASS,passed,True,,,,7c59a4dc0f8ba325,completed,"{'revision': 1, 'iterations': 32, 'sample_count': 8, 'measurement_iterations_multiplier': 4, 'warmup_iterations': 3, 'gpu_completion_mode': 'per_iteration', 'unit': 'us', 'direction': 'lower_is_better'}"
win,candidate,game_load.long_unlocked_scene.full_system,20261005-115111610-b089430363594cfabcb0071ef91e7840,96307,95615,96210.5,97667,97667,97667,3081834,91047.1033,8,True,PASS,passed,True,,,,7c59a4dc0f8ba325,completed,"{'revision': 1, 'iterations': 32, 'sample_count': 8, 'measurement_iterations_multiplier': 4, 'warmup_iterations': 3, 'gpu_completion_mode': 'per_iteration', 'unit': 'us', 'direction': 'lower_is_better'}"
win,candidate,game_load.cross_title_hotpath.queued_vertex_cpu_writes,20261005-115111610-b089430363594cfabcb0071ef91e7840,66680.125,66526,66646.5,66842,66842,66842,2133777,91047.1033,8,True,PASS,passed,True,,,,cf19c8d27e2aa325,completed,"{'revision': 1, 'iterations': 32, 'sample_count': 8, 'measurement_iterations_multiplier': 4, 'warmup_iterations': 3, 'gpu_completion_mode': 'per_iteration', 'unit': 'us', 'direction': 'lower_is_better'}"
win,candidate,game_load.cross_title_hotpath.pgr2_small_draws,20261005-115111610-b089430363594cfabcb0071ef91e7840,124221.5,115941,125312.5,125938,125938,125938,3975100,91047.1033,8,True,PASS,passed,True,,,,2a1e0148d2c0e325,completed,"{'revision': 1, 'iterations': 32, 'sample_count': 8, 'measurement_iterations_multiplier': 4, 'warmup_iterations': 3, 'gpu_completion_mode': 'per_iteration', 'unit': 'us', 'direction': 'lower_is_better'}"
win,candidate,game_load.cross_title_hotpath.texture_update_reuse,20261005-115111610-b089430363594cfabcb0071ef91e7840,2989.5,2817,2909.5,3721,3721,3721,95673,91047.1033,8,True,PASS,passed,True,,,,5612bef321a56325,completed,"{'revision': 1, 'iterations': 32, 'sample_count': 8, 'measurement_iterations_multiplier': 4, 'warmup_iterations': 3, 'gpu_completion_mode': 'per_iteration', 'unit': 'us', 'direction': 'lower_is_better'}"
win,candidate,game_load.cross_title_hotpath.surface_reuse,20261005-115111610-b089430363594cfabcb0071ef91e7840,6593.25,6072,6500.0,7554,7554,7554,210998,91047.1033,8,True,PASS,passed,True,,,,846d9f21b7c6a325,completed,"{'revision': 1, 'iterations': 32, 'sample_count': 8, 'measurement_iterations_multiplier': 4, 'warmup_iterations': 3, 'gpu_completion_mode': 'per_iteration', 'unit': 'us', 'direction': 'lower_is_better'}"
win,candidate,game_load.cross_title_hotpath.pipeline_state_churn,20261005-115111610-b089430363594cfabcb0071ef91e7840,66707,66398,66604.0,67252,67252,67252,2134637,91047.1033,8,True,PASS,passed,True,,,,22f040b2add4a325,completed,"{'revision': 1, 'iterations': 32, 'sample_count': 8, 'measurement_iterations_multiplier': 4, 'warmup_iterations': 3, 'gpu_completion_mode': 'per_iteration', 'unit': 'us', 'direction': 'lower_is_better'}"
win,candidate,game_load.cross_title_hotpath.blend_constant_reuse,20261005-115111610-b089430363594cfabcb0071ef91e7840,115604.5,112145,116614.0,116809,116809,116809,3699356,91047.1033,8,True,PASS,passed,True,,,,a08ca118008fa325,completed,"{'revision': 1, 'iterations': 32, 'sample_count': 8, 'measurement_iterations_multiplier': 4, 'warmup_iterations': 3, 'gpu_completion_mode': 'per_iteration', 'unit': 'us', 'direction': 'lower_is_better'}"
win,candidate,game_load.cross_title_hotpath.texture_binding_reuse,20261005-115111610-b089430363594cfabcb0071ef91e7840,149967,149507,149892.0,151209,151209,151209,4798955,91047.1033,8,True,PASS,passed,True,,,,dfaaa3022df6a325,completed,"{'revision': 1, 'iterations': 32, 'sample_count': 8, 'measurement_iterations_multiplier': 4, 'warmup_iterations': 3, 'gpu_completion_mode': 'per_iteration', 'unit': 'us', 'direction': 'lower_is_better'}"
win,candidate,game_load.cross_title_hotpath.pgr2_lagspot_inline_elements,20261005-115111610-b089430363594cfabcb0071ef91e7840,100030.625,99516,100043.0,100519,100519,100519,3200995,91047.1033,8,True,PASS,passed,True,,,,1289219c28d5a325,completed,"{'revision': 1, 'iterations': 32, 'sample_count': 8, 'measurement_iterations_multiplier': 4, 'warmup_iterations': 3, 'gpu_completion_mode': 'per_iteration', 'unit': 'us', 'direction': 'lower_is_better'}"
win,candidate,game_load.cross_title_hotpath.scaled_surface_pressure,20261005-115111610-b089430363594cfabcb0071ef91e7840,301089,232730,296602.0,371855,371855,371855,9634856,91047.1033,8,True,PASS,passed,True,,,,e81e5b4a4675a325,completed,"{'revision': 1, 'iterations': 32, 'sample_count': 8, 'measurement_iterations_multiplier': 4, 'warmup_iterations': 3, 'gpu_completion_mode': 'per_iteration', 'unit': 'us', 'direction': 'lower_is_better'}"
win,candidate,game_load.cross_title_hotpath.s3tc_streaming_fenced_draws,20261005-115111610-b089430363594cfabcb0071ef91e7840,1000137.875,999678,1000153.5,1000630,1000630,1000630,32004432,91047.1033,8,True,PASS,passed,True,,,,a0f51c6c46a52325,completed,"{'revision': 1, 'iterations': 32, 'sample_count': 8, 'measurement_iterations_multiplier': 4, 'warmup_iterations': 3, 'gpu_completion_mode': 'per_iteration', 'unit': 'us', 'direction': 'lower_is_better'}"
win,candidate,game_load.cross_title_hotpath.gpu_wait_control,20261005-115111610-b089430363594cfabcb0071ef91e7840,1101.875,1068,1099.0,1152,1152,1152,35268,91047.1033,8,True,PASS,passed,True,,,,828855c0a34e2325,completed,"{'revision': 1, 'iterations': 32, 'sample_count': 8, 'measurement_iterations_multiplier': 4, 'warmup_iterations': 3, 'gpu_completion_mode': 'per_iteration', 'unit': 'us', 'direction': 'lower_is_better'}"
win,candidate,game_load.s3tc_sync_factor.dxt1_same_address_wait,20261005-115245277-2c0bfb9ea26e48b6b1b4c9c0e665fa65,16653.25,16549,16661.5,16739,16739,16739,532917,33816.4895,8,True,PASS,failed,True,True,True,,3403675459d4d3d5,completed,"{'revision': 1, 'iterations': 32, 'sample_count': 8, 'measurement_iterations_multiplier': 4, 'warmup_iterations': 3, 'gpu_completion_mode': 'per_iteration', 'unit': 'us', 'direction': 'lower_is_better'}"
win,candidate,game_load.s3tc_sync_factor.dxt1_same_address_queued,20261005-115245277-2c0bfb9ea26e48b6b1b4c9c0e665fa65,16657.125,16412,16661.5,16920,16920,16920,533037,33816.4895,8,True,PASS,failed,True,False,False,unsynchronized same-address writes have no defined per-draw source generation,e9fb224ee311fbe7,completed,"{'revision': 1, 'iterations': 32, 'sample_count': 8, 'measurement_iterations_multiplier': 4, 'warmup_iterations': 3, 'gpu_completion_mode': 'per_iteration', 'unit': 'us', 'direction': 'lower_is_better'}"
win,candidate,game_load.s3tc_sync_factor.dxt1_ring_payload_generations,20261005-115245277-2c0bfb9ea26e48b6b1b4c9c0e665fa65,33305.125,33110,33245.5,33530,33530,33530,1065776,33816.4895,8,True,PASS,failed,True,True,True,,3403675459d4d3d5,completed,"{'revision': 1, 'iterations': 32, 'sample_count': 8, 'measurement_iterations_multiplier': 4, 'warmup_iterations': 3, 'gpu_completion_mode': 'per_iteration', 'unit': 'us', 'direction': 'lower_is_better'}"
win,candidate,game_load.s3tc_sync_factor.dxt1_dirty_once_redraw,20261005-115245277-2c0bfb9ea26e48b6b1b4c9c0e665fa65,16660.5,16496,16668.5,16821,16821,16821,533147,33816.4895,8,True,PASS,passed,True,True,True,,428c04bbb0a62725,completed,"{'revision': 1, 'iterations': 32, 'sample_count': 8, 'measurement_iterations_multiplier': 4, 'warmup_iterations': 3, 'gpu_completion_mode': 'per_iteration', 'unit': 'us', 'direction': 'lower_is_better'}"
win,candidate,game_load.s3tc_sync_factor.rgba8_same_address_wait,20261005-115245277-2c0bfb9ea26e48b6b1b4c9c0e665fa65,50017.5,49758,50029.5,50270,50270,50270,1600575,33816.4895,8,True,PASS,passed,True,True,True,,3403675459d4d3d5,completed,"{'revision': 1, 'iterations': 32, 'sample_count': 8, 'measurement_iterations_multiplier': 4, 'warmup_iterations': 3, 'gpu_completion_mode': 'per_iteration', 'unit': 'us', 'direction': 'lower_is_better'}"
win,candidate,game_load.s3tc_sync_factor.rgba8_same_address_queued,20261005-115245277-2c0bfb9ea26e48b6b1b4c9c0e665fa65,49967.25,49618,49963.0,50297,50297,50297,1598962,33816.4895,8,True,PASS,failed,True,False,False,unsynchronized same-address writes have no defined per-draw source generation,3ed5e55ce8983239,completed,"{'revision': 1, 'iterations': 32, 'sample_count': 8, 'measurement_iterations_multiplier': 4, 'warmup_iterations': 3, 'gpu_completion_mode': 'per_iteration', 'unit': 'us', 'direction': 'lower_is_better'}"
win,candidate,game_load.s3tc_sync_factor.rgba8_ring_payload_generations,20261005-115245277-2c0bfb9ea26e48b6b1b4c9c0e665fa65,133275.75,132872,133229.5,133774,133774,133774,4264835,33816.4895,8,True,PASS,passed,True,True,True,,3403675459d4d3d5,completed,"{'revision': 1, 'iterations': 32, 'sample_count': 8, 'measurement_iterations_multiplier': 4, 'warmup_iterations': 3, 'gpu_completion_mode': 'per_iteration', 'unit': 'us', 'direction': 'lower_is_better'}"
win,candidate,game_load.s3tc_sync_factor.rgba8_dirty_once_redraw,20261005-115245277-2c0bfb9ea26e48b6b1b4c9c0e665fa65,16661,16482,16658.0,16884,16884,16884,533163,33816.4895,8,True,PASS,passed,True,True,True,,428c04bbb0a62725,completed,"{'revision': 1, 'iterations': 32, 'sample_count': 8, 'measurement_iterations_multiplier': 4, 'warmup_iterations': 3, 'gpu_completion_mode': 'per_iteration', 'unit': 'us', 'direction': 'lower_is_better'}"
win,candidate,game_load.s3tc_sync_factor.bc2_native_eligible,20261005-115245277-2c0bfb9ea26e48b6b1b4c9c0e665fa65,33290.5,32915,33396.5,33464,33464,33464,1065307,33816.4895,8,True,PASS,failed,True,True,True,,3403675459d4d3d5,completed,"{'revision': 1, 'iterations': 32, 'sample_count': 8, 'measurement_iterations_multiplier': 4, 'warmup_iterations': 3, 'gpu_completion_mode': 'per_iteration', 'unit': 'us', 'direction': 'lower_is_better'}"
win,candidate,game_load.s3tc_sync_factor.bc2_bordered_fallback,20261005-115245277-2c0bfb9ea26e48b6b1b4c9c0e665fa65,100055.625,99603,100071.0,100492,100492,100492,3201792,33816.4895,8,True,PASS,passed,True,True,True,,db28300321744de5,completed,"{'revision': 1, 'iterations': 32, 'sample_count': 8, 'measurement_iterations_multiplier': 4, 'warmup_iterations': 3, 'gpu_completion_mode': 'per_iteration', 'unit': 'us', 'direction': 'lower_is_better'}"
win,candidate,game_load.s3tc_sync_factor.bc3_native_eligible,20261005-115245277-2c0bfb9ea26e48b6b1b4c9c0e665fa65,33314.375,33125,33324.5,33415,33415,33415,1066069,33816.4895,8,True,PASS,failed,True,True,True,,3403675459d4d3d5,completed,"{'revision': 1, 'iterations': 32, 'sample_count': 8, 'measurement_iterations_multiplier': 4, 'warmup_iterations': 3, 'gpu_completion_mode': 'per_iteration', 'unit': 'us', 'direction': 'lower_is_better'}"
win,candidate,game_load.s3tc_sync_factor.bc3_bordered_fallback,20261005-115245277-2c0bfb9ea26e48b6b1b4c9c0e665fa65,99990,99821,99988.0,100172,100172,100172,3199693,33816.4895,8,True,PASS,passed,True,True,True,,db28300321744de5,completed,"{'revision': 1, 'iterations': 32, 'sample_count': 8, 'measurement_iterations_multiplier': 4, 'warmup_iterations': 3, 'gpu_completion_mode': 'per_iteration', 'unit': 'us', 'direction': 'lower_is_better'}"
win,candidate,game_load.repeated_display,20261005-115321721-fef89db12e304f508663cee5565653b1,16641.5,16456,16665.0,16712,16712,16712,532541,22986.2143,8,True,PASS,passed,True,,,,36f446003b9d6325,completed,"{'revision': 1, 'iterations': 32, 'sample_count': 8, 'measurement_iterations_multiplier': 4, 'warmup_iterations': 3, 'gpu_completion_mode': 'per_iteration', 'unit': 'us', 'direction': 'lower_is_better'}"
win,candidate,game_load.repeated_display_boosted,20261005-115321721-fef89db12e304f508663cee5565653b1,49990.625,49944,49979.0,50056,50056,50056,1599710,22986.2143,8,True,PASS,passed,True,,,,b2bc760cb1fba325,completed,"{'revision': 1, 'iterations': 32, 'sample_count': 8, 'measurement_iterations_multiplier': 4, 'warmup_iterations': 3, 'gpu_completion_mode': 'per_iteration', 'unit': 'us', 'direction': 'lower_is_better'}"
win,candidate,game_load.doax_menu_representative.cpu_only,20261005-115321721-fef89db12e304f508663cee5565653b1,13667.125,13595,13659.5,13780,13780,13780,437356,22986.2143,8,True,PASS,passed,True,,,,5abb9d9faaa22325,completed,"{'revision': 1, 'iterations': 32, 'sample_count': 8, 'measurement_iterations_multiplier': 4, 'warmup_iterations': 3, 'gpu_completion_mode': 'per_iteration', 'unit': 'us', 'direction': 'lower_is_better'}"
win,candidate,game_load.doax_menu_representative.pfifo_only,20261005-115321721-fef89db12e304f508663cee5565653b1,2564.125,2391,2434.0,3444,3444,3444,82064,22986.2143,8,True,PASS,passed,True,,,,f9826bbdd7912325,completed,"{'revision': 1, 'iterations': 32, 'sample_count': 8, 'measurement_iterations_multiplier': 4, 'warmup_iterations': 3, 'gpu_completion_mode': 'per_iteration', 'unit': 'us', 'direction': 'lower_is_better'}"
win,candidate,game_load.doax_menu_representative.gpu_only,20261005-115321721-fef89db12e304f508663cee5565653b1,17746,17556,17718.0,18069,18069,18069,567883,22986.2143,8,True,PASS,passed,True,,,,d3984ab7dcb8e325,completed,"{'revision': 1, 'iterations': 32, 'sample_count': 8, 'measurement_iterations_multiplier': 4, 'warmup_iterations': 3, 'gpu_completion_mode': 'per_iteration', 'unit': 'us', 'direction': 'lower_is_better'}"
win,candidate,game_load.doax_menu_representative.streaming_only,20261005-115321721-fef89db12e304f508663cee5565653b1,5332.75,4839,5295.0,6231,6231,6231,170664,22986.2143,8,True,PASS,passed,True,,,,491294aadc23a325,completed,"{'revision': 1, 'iterations': 32, 'sample_count': 8, 'measurement_iterations_multiplier': 4, 'warmup_iterations': 3, 'gpu_completion_mode': 'per_iteration', 'unit': 'us', 'direction': 'lower_is_better'}"
win,candidate,game_load.doax_menu_representative.cpu_pfifo_gpu,20261005-115321721-fef89db12e304f508663cee5565653b1,33896.625,33703,33914.5,34101,34101,34101,1084703,22986.2143,8,True,PASS,passed,True,,,,302026d9f9232325,completed,"{'revision': 1, 'iterations': 32, 'sample_count': 8, 'measurement_iterations_multiplier': 4, 'warmup_iterations': 3, 'gpu_completion_mode': 'per_iteration', 'unit': 'us', 'direction': 'lower_is_better'}"
win,candidate,game_load.doax_menu_representative.cpu_pfifo_gpu_streaming,20261005-115321721-fef89db12e304f508663cee5565653b1,37953,37409,37584.5,39814,39814,39814,1214507,22986.2143,8,True,PASS,passed,True,,,,9e98944350a52325,completed,"{'revision': 1, 'iterations': 32, 'sample_count': 8, 'measurement_iterations_multiplier': 4, 'warmup_iterations': 3, 'gpu_completion_mode': 'per_iteration', 'unit': 'us', 'direction': 'lower_is_better'}"
win,candidate,game_load.doax_menu_representative.full_system,20261005-115321721-fef89db12e304f508663cee5565653b1,38066.75,37173,37808.5,39262,39262,39262,1218145,22986.2143,8,True,PASS,passed,True,,,,7896e875a8ad2325,completed,"{'revision': 1, 'iterations': 32, 'sample_count': 8, 'measurement_iterations_multiplier': 4, 'warmup_iterations': 3, 'gpu_completion_mode': 'per_iteration', 'unit': 'us', 'direction': 'lower_is_better'}"
win,candidate,game_load.doax_menu_stress.cpu_only,20261005-115321721-fef89db12e304f508663cee5565653b1,27240.75,26913,27276.5,27371,27371,27371,871713,22986.2143,8,True,PASS,passed,True,,,,4b7c157e1e9ce325,completed,"{'revision': 1, 'iterations': 32, 'sample_count': 8, 'measurement_iterations_multiplier': 4, 'warmup_iterations': 3, 'gpu_completion_mode': 'per_iteration', 'unit': 'us', 'direction': 'lower_is_better'}"
win,candidate,game_load.doax_menu_stress.pfifo_only,20261005-115321721-fef89db12e304f508663cee5565653b1,4859.125,4807,4856.5,4918,4918,4918,155505,22986.2143,8,True,PASS,passed,True,,,,f46d8f2a39a6e325,completed,"{'revision': 1, 'iterations': 32, 'sample_count': 8, 'measurement_iterations_multiplier': 4, 'warmup_iterations': 3, 'gpu_completion_mode': 'per_iteration', 'unit': 'us', 'direction': 'lower_is_better'}"
win,candidate,game_load.doax_menu_stress.gpu_only,20261005-115321721-fef89db12e304f508663cee5565653b1,35477.625,35349,35454.5,35705,35705,35705,1135297,22986.2143,8,True,PASS,passed,True,,,,bcaf8b0e8de5a325,completed,"{'revision': 1, 'iterations': 32, 'sample_count': 8, 'measurement_iterations_multiplier': 4, 'warmup_iterations': 3, 'gpu_completion_mode': 'per_iteration', 'unit': 'us', 'direction': 'lower_is_better'}"
win,candidate,game_load.doax_menu_stress.streaming_only,20261005-115347328-747734bb5dc549969230f101154d584f,15960.75,15216,15933.0,16566,16566,16566,510759,42072.0192,8,True,PASS,passed,True,,,,06e0eccda97d2325,completed,"{'revision': 1, 'iterations': 32, 'sample_count': 8, 'measurement_iterations_multiplier': 4, 'warmup_iterations': 3, 'gpu_completion_mode': 'per_iteration', 'unit': 'us', 'direction': 'lower_is_better'}"
win,candidate,game_load.doax_menu_stress.cpu_pfifo_gpu,20261005-115347328-747734bb5dc549969230f101154d584f,66558.25,66309,66567.5,66806,66806,66806,2129879,42072.0192,8,True,PASS,passed,True,,,,7707cd4649e4a325,completed,"{'revision': 1, 'iterations': 32, 'sample_count': 8, 'measurement_iterations_multiplier': 4, 'warmup_iterations': 3, 'gpu_completion_mode': 'per_iteration', 'unit': 'us', 'direction': 'lower_is_better'}"
win,candidate,game_load.doax_menu_stress.cpu_pfifo_gpu_streaming,20261005-115347328-747734bb5dc549969230f101154d584f,72591.75,71990,72433.5,73368,73368,73368,2322948,42072.0192,8,True,PASS,passed,True,,,,d4d9dedf3ef06325,completed,"{'revision': 1, 'iterations': 32, 'sample_count': 8, 'measurement_iterations_multiplier': 4, 'warmup_iterations': 3, 'gpu_completion_mode': 'per_iteration', 'unit': 'us', 'direction': 'lower_is_better'}"
win,candidate,game_load.doax_menu_stress.full_system,20261005-115347328-747734bb5dc549969230f101154d584f,72781.125,72107,72537.5,74606,74606,74606,2329009,42072.0192,8,True,PASS,passed,True,,,,8cf51e8eb67fa325,completed,"{'revision': 1, 'iterations': 32, 'sample_count': 8, 'measurement_iterations_multiplier': 4, 'warmup_iterations': 3, 'gpu_completion_mode': 'per_iteration', 'unit': 'us', 'direction': 'lower_is_better'}"
win,candidate,game_load.pgr2_ai_backup.cpu_only,20261005-115347328-747734bb5dc549969230f101154d584f,41759.125,41452,41543.0,42901,42901,42901,1336308,42072.0192,8,True,PASS,passed,True,,,,e6df98b3e513a325,completed,"{'revision': 1, 'iterations': 32, 'sample_count': 8, 'measurement_iterations_multiplier': 4, 'warmup_iterations': 3, 'gpu_completion_mode': 'per_iteration', 'unit': 'us', 'direction': 'lower_is_better'}"
win,candidate,game_load.pgr2_ai_backup.pfifo_only,20261005-115347328-747734bb5dc549969230f101154d584f,15658.625,15352,15394.5,17474,17474,17474,501092,42072.0192,8,True,PASS,passed,True,,,,e57ef83b3a66e325,completed,"{'revision': 1, 'iterations': 32, 'sample_count': 8, 'measurement_iterations_multiplier': 4, 'warmup_iterations': 3, 'gpu_completion_mode': 'per_iteration', 'unit': 'us', 'direction': 'lower_is_better'}"
win,candidate,game_load.pgr2_ai_backup.gpu_only,20261005-115347328-747734bb5dc549969230f101154d584f,90596.5,90317,90641.5,90873,90873,90873,2899104,42072.0192,8,True,PASS,passed,True,,,,02ffd9b12aa96325,completed,"{'revision': 1, 'iterations': 32, 'sample_count': 8, 'measurement_iterations_multiplier': 4, 'warmup_iterations': 3, 'gpu_completion_mode': 'per_iteration', 'unit': 'us', 'direction': 'lower_is_better'}"
win,candidate,game_load.pgr2_ai_backup.streaming_only,20261005-115347328-747734bb5dc549969230f101154d584f,3853.625,3480,3835.0,4530,4530,4530,123327,42072.0192,8,True,PASS,passed,True,,,,155df5f182392325,completed,"{'revision': 1, 'iterations': 32, 'sample_count': 8, 'measurement_iterations_multiplier': 4, 'warmup_iterations': 3, 'gpu_completion_mode': 'per_iteration', 'unit': 'us', 'direction': 'lower_is_better'}"
win,candidate,game_load.pgr2_ai_backup.cpu_pfifo_gpu,20261005-115347328-747734bb5dc549969230f101154d584f,148129.875,147541,148156.5,148741,148741,148741,4740168,42072.0192,8,True,PASS,passed,True,,,,ab22104929b9e325,completed,"{'revision': 1, 'iterations': 32, 'sample_count': 8, 'measurement_iterations_multiplier': 4, 'warmup_iterations': 3, 'gpu_completion_mode': 'per_iteration', 'unit': 'us', 'direction': 'lower_is_better'}"
win,candidate,game_load.pgr2_ai_backup.cpu_pfifo_gpu_streaming,20261005-115347328-747734bb5dc549969230f101154d584f,151084.75,150403,151111.0,151515,151515,151515,4834722,42072.0192,8,True,PASS,passed,True,,,,66a43765efc02325,completed,"{'revision': 1, 'iterations': 32, 'sample_count': 8, 'measurement_iterations_multiplier': 4, 'warmup_iterations': 3, 'gpu_completion_mode': 'per_iteration', 'unit': 'us', 'direction': 'lower_is_better'}"
win,candidate,game_load.pgr2_ai_backup.full_system,20261005-115347328-747734bb5dc549969230f101154d584f,151712.125,151212,151741.5,152232,152232,152232,4854802,42072.0192,8,True,PASS,passed,True,,,,55485325870d6325,completed,"{'revision': 1, 'iterations': 32, 'sample_count': 8, 'measurement_iterations_multiplier': 4, 'warmup_iterations': 3, 'gpu_completion_mode': 'per_iteration', 'unit': 'us', 'direction': 'lower_is_better'}"
win,candidate,high_vertex_count.arrays,20261005-115432021-d2a71d27859d4d9aa126d879c559295d,88.7,56,61.0,140,149,412,35621,21786.4676,100,True,PASS,failed,True,,,,a27c67890c2d9083,completed,"{'revision': 1, 'iterations': 400, 'sample_count': 100, 'measurement_iterations_multiplier': 4, 'warmup_iterations': 3, 'gpu_completion_mode': 'per_iteration', 'unit': 'us', 'direction': 'lower_is_better'}"
win,candidate,high_vertex_count.inline_arrays,20261005-115432021-d2a71d27859d4d9aa126d879c559295d,58852,57539,58776.0,61024,61024,61024,2354090,21786.4676,10,True,PASS,failed,True,,,,a27c67890c2d9083,completed,"{'revision': 1, 'iterations': 40, 'sample_count': 10, 'measurement_iterations_multiplier': 4, 'warmup_iterations': 3, 'gpu_completion_mode': 'per_iteration', 'unit': 'us', 'direction': 'lower_is_better'}"
win,candidate,high_vertex_count.inline_buffers,20261005-115432021-d2a71d27859d4d9aa126d879c559295d,231449.8,230277,230949,232869,232869,232869,4628997,21786.4676,5,True,PASS,failed,True,,,,a27c67890c2d9083,completed,"{'revision': 1, 'iterations': 20, 'sample_count': 5, 'measurement_iterations_multiplier': 4, 'warmup_iterations': 3, 'gpu_completion_mode': 'per_iteration', 'unit': 'us', 'direction': 'lower_is_better'}"
win,candidate,high_vertex_count.inline_elements,20261005-115432021-d2a71d27859d4d9aa126d879c559295d,3928.02,3851,3898.0,4120,4416,4416,785669,21786.4676,50,True,PASS,failed,True,,,,a27c67890c2d9083,completed,"{'revision': 1, 'iterations': 200, 'sample_count': 50, 'measurement_iterations_multiplier': 4, 'warmup_iterations': 3, 'gpu_completion_mode': 'per_iteration', 'unit': 'us', 'direction': 'lower_is_better'}"
win,candidate,primitive_type.line_loop.fixed_function,20261005-115432021-d2a71d27859d4d9aa126d879c559295d,590.7,556,573.0,752,752,752,23641,21786.4676,10,True,PASS,failed,True,,,,f2158581ac6e3919,completed,"{'revision': 1, 'iterations': 40, 'sample_count': 10, 'measurement_iterations_multiplier': 4, 'warmup_iterations': 3, 'gpu_completion_mode': 'per_iteration', 'unit': 'us', 'direction': 'lower_is_better'}"
win,candidate,primitive_type.line_loop.vertex_shader,20261005-115432021-d2a71d27859d4d9aa126d879c559295d,574,554,575.0,586,586,586,22971,21786.4676,10,True,PASS,failed,True,,,,f2158581ac6e3919,completed,"{'revision': 1, 'iterations': 40, 'sample_count': 10, 'measurement_iterations_multiplier': 4, 'warmup_iterations': 3, 'gpu_completion_mode': 'per_iteration', 'unit': 'us', 'direction': 'lower_is_better'}"
win,candidate,primitive_type.line_strip.fixed_function,20261005-115432021-d2a71d27859d4d9aa126d879c559295d,613.8,579,607.0,711,711,711,24567,21786.4676,10,True,PASS,failed,True,,,,f2158581ac6e3919,completed,"{'revision': 1, 'iterations': 40, 'sample_count': 10, 'measurement_iterations_multiplier': 4, 'warmup_iterations': 3, 'gpu_completion_mode': 'per_iteration', 'unit': 'us', 'direction': 'lower_is_better'}"
win,candidate,primitive_type.line_strip.vertex_shader,20261005-115432021-d2a71d27859d4d9aa126d879c559295d,586.6,548,582.5,688,688,688,23477,21786.4676,10,True,PASS,failed,True,,,,f2158581ac6e3919,completed,"{'revision': 1, 'iterations': 40, 'sample_count': 10, 'measurement_iterations_multiplier': 4, 'warmup_iterations': 3, 'gpu_completion_mode': 'per_iteration', 'unit': 'us', 'direction': 'lower_is_better'}"
win,candidate,primitive_type.lines.fixed_function,20261005-115432021-d2a71d27859d4d9aa126d879c559295d,1169.3,1133,1169.5,1193,1193,1193,46792,21786.4676,10,True,PASS,failed,True,,,,1766a7f93aa72a14,completed,"{'revision': 1, 'iterations': 40, 'sample_count': 10, 'measurement_iterations_multiplier': 4, 'warmup_iterations': 3, 'gpu_completion_mode': 'per_iteration', 'unit': 'us', 'direction': 'lower_is_better'}"
win,candidate,primitive_type.lines.vertex_shader,20261005-115432021-d2a71d27859d4d9aa126d879c559295d,1235.5,1194,1230.0,1330,1330,1330,49430,21786.4676,10,True,PASS,failed,True,,,,1766a7f93aa72a14,completed,"{'revision': 1, 'iterations': 40, 'sample_count': 10, 'measurement_iterations_multiplier': 4, 'warmup_iterations': 3, 'gpu_completion_mode': 'per_iteration', 'unit': 'us', 'direction': 'lower_is_better'}"
win,candidate,primitive_type.points.fixed_function,20261005-115432021-d2a71d27859d4d9aa126d879c559295d,586.8,562,578.5,661,661,661,23485,21786.4676,10,True,PASS,failed,True,,,,5b296619f665c070,completed,"{'revision': 1, 'iterations': 40, 'sample_count': 10, 'measurement_iterations_multiplier': 4, 'warmup_iterations': 3, 'gpu_completion_mode': 'per_iteration', 'unit': 'us', 'direction': 'lower_is_better'}"
win,candidate,primitive_type.points.vertex_shader,20261005-115432021-d2a71d27859d4d9aa126d879c559295d,593.9,560,581.0,734,734,734,23777,21786.4676,10,True,PASS,failed,True,,,,5b296619f665c070,completed,"{'revision': 1, 'iterations': 40, 'sample_count': 10, 'measurement_iterations_multiplier': 4, 'warmup_iterations': 3, 'gpu_completion_mode': 'per_iteration', 'unit': 'us', 'direction': 'lower_is_better'}"
win,candidate,primitive_type.polygon.fixed_function,20261005-115456425-b8208295fb98407db6cb1dbc0cb23365,1204.7,1029,1239.5,1301,1301,1301,48201,13213.6981,10,True,PASS,failed,True,,,,2c4beaa06aba1000,completed,"{'revision': 1, 'iterations': 40, 'sample_count': 10, 'measurement_iterations_multiplier': 4, 'warmup_iterations': 3, 'gpu_completion_mode': 'per_iteration', 'unit': 'us', 'direction': 'lower_is_better'}"
win,candidate,primitive_type.polygon.vertex_shader,20261005-115456425-b8208295fb98407db6cb1dbc0cb23365,918,839,882.0,1154,1154,1154,36741,13213.6981,10,True,PASS,failed,True,,,,2c4beaa06aba1000,completed,"{'revision': 1, 'iterations': 40, 'sample_count': 10, 'measurement_iterations_multiplier': 4, 'warmup_iterations': 3, 'gpu_completion_mode': 'per_iteration', 'unit': 'us', 'direction': 'lower_is_better'}"
win,candidate,primitive_type.quad_strip.fixed_function,20261005-115456425-b8208295fb98407db6cb1dbc0cb23365,1781.4,1738,1756.5,1979,1979,1979,71276,13213.6981,10,True,PASS,failed,True,,,,f64b4495347cec73,completed,"{'revision': 1, 'iterations': 40, 'sample_count': 10, 'measurement_iterations_multiplier': 4, 'warmup_iterations': 3, 'gpu_completion_mode': 'per_iteration', 'unit': 'us', 'direction': 'lower_is_better'}"
win,candidate,primitive_type.quad_strip.vertex_shader,20261005-115456425-b8208295fb98407db6cb1dbc0cb23365,1127,1101,1130.5,1146,1146,1146,45093,13213.6981,10,True,PASS,failed,True,,,,f64b4495347cec73,completed,"{'revision': 1, 'iterations': 40, 'sample_count': 10, 'measurement_iterations_multiplier': 4, 'warmup_iterations': 3, 'gpu_completion_mode': 'per_iteration', 'unit': 'us', 'direction': 'lower_is_better'}"
win,candidate,primitive_type.quads.fixed_function,20261005-115456425-b8208295fb98407db6cb1dbc0cb23365,2206.5,2176,2205.5,2245,2245,2245,88273,13213.6981,10,True,PASS,failed,True,,,,114a1419338256e5,completed,"{'revision': 1, 'iterations': 40, 'sample_count': 10, 'measurement_iterations_multiplier': 4, 'warmup_iterations': 3, 'gpu_completion_mode': 'per_iteration', 'unit': 'us', 'direction': 'lower_is_better'}"
win,candidate,primitive_type.quads.vertex_shader,20261005-115456425-b8208295fb98407db6cb1dbc0cb23365,2231.8,2193,2225.5,2310,2310,2310,89287,13213.6981,10,True,PASS,failed,True,,,,114a1419338256e5,completed,"{'revision': 1, 'iterations': 40, 'sample_count': 10, 'measurement_iterations_multiplier': 4, 'warmup_iterations': 3, 'gpu_completion_mode': 'per_iteration', 'unit': 'us', 'direction': 'lower_is_better'}"
win,candidate,primitive_type.triangle_fan.fixed_function,20261005-115456425-b8208295fb98407db6cb1dbc0cb23365,570,536,566.5,632,632,632,22825,13213.6981,10,True,PASS,failed,True,,,,36644f0fd11db166,completed,"{'revision': 1, 'iterations': 40, 'sample_count': 10, 'measurement_iterations_multiplier': 4, 'warmup_iterations': 3, 'gpu_completion_mode': 'per_iteration', 'unit': 'us', 'direction': 'lower_is_better'}"
win,candidate,primitive_type.triangle_fan.vertex_shader,20261005-115456425-b8208295fb98407db6cb1dbc0cb23365,554.1,536,555.0,573,573,573,22181,13213.6981,10,True,PASS,failed,True,,,,36644f0fd11db166,completed,"{'revision': 1, 'iterations': 40, 'sample_count': 10, 'measurement_iterations_multiplier': 4, 'warmup_iterations': 3, 'gpu_completion_mode': 'per_iteration', 'unit': 'us', 'direction': 'lower_is_better'}"
win,candidate,primitive_type.triangle_strip.fixed_function,20261005-115456425-b8208295fb98407db6cb1dbc0cb23365,557.2,534,557.0,573,573,573,22304,13213.6981,10,True,PASS,failed,True,,,,d7b289579fdaa1ab,completed,"{'revision': 1, 'iterations': 40, 'sample_count': 10, 'measurement_iterations_multiplier': 4, 'warmup_iterations': 3, 'gpu_completion_mode': 'per_iteration', 'unit': 'us', 'direction': 'lower_is_better'}"
win,candidate,primitive_type.triangle_strip.vertex_shader,20261005-115456425-b8208295fb98407db6cb1dbc0cb23365,558.9,541,561.0,578,578,578,22370,13213.6981,10,True,PASS,failed,True,,,,d7b289579fdaa1ab,completed,"{'revision': 1, 'iterations': 40, 'sample_count': 10, 'measurement_iterations_multiplier': 4, 'warmup_iterations': 3, 'gpu_completion_mode': 'per_iteration', 'unit': 'us', 'direction': 'lower_is_better'}"
win,candidate,primitive_type.triangles.fixed_function,20261005-115456425-b8208295fb98407db6cb1dbc0cb23365,1744.9,1717,1746.5,1781,1781,1781,69809,13213.6981,10,True,PASS,failed,True,,,,72f05baf369ceb60,completed,"{'revision': 1, 'iterations': 40, 'sample_count': 10, 'measurement_iterations_multiplier': 4, 'warmup_iterations': 3, 'gpu_completion_mode': 'per_iteration', 'unit': 'us', 'direction': 'lower_is_better'}"
win,candidate,primitive_type.triangles.vertex_shader,20261005-115456425-b8208295fb98407db6cb1dbc0cb23365,1653.5,1614,1653.5,1691,1691,1691,66156,13213.6981,10,True,PASS,failed,True,,,,72f05baf369ceb60,completed,"{'revision': 1, 'iterations': 40, 'sample_count': 10, 'measurement_iterations_multiplier': 4, 'warmup_iterations': 3, 'gpu_completion_mode': 'per_iteration', 'unit': 'us', 'direction': 'lower_is_better'}"
win,candidate,texture_cubemap_fallback.bordered_palette_size1,20261005-115512267-659e830d2d764b28856049db7730dfa6,16639.875,16550,16652.0,16741,16741,16741,532484,26888.5817,8,False,FAIL,not evaluated,True,,,,56d00ed89334a325,failed,"{'revision': 1, 'iterations': 32, 'sample_count': 8, 'measurement_iterations_multiplier': 4, 'warmup_iterations': 3, 'gpu_completion_mode': 'per_iteration', 'unit': 'us', 'direction': 'lower_is_better'}"
win,candidate,surface.basic,20261005-115600009-52c75de52b884e459844b44514873e62,20157.9,19670,20086.0,21045,21045,21045,806332,18015.5266,10,True,PASS,failed,True,,,,42459952797c47fa,completed,"{'revision': 1, 'iterations': 40, 'sample_count': 10, 'measurement_iterations_multiplier': 4, 'warmup_iterations': 3, 'gpu_completion_mode': 'per_iteration', 'unit': 'us', 'direction': 'lower_is_better'}"
win,candidate,surface.cpu_read_after_gpu_write,20261005-115600009-52c75de52b884e459844b44514873e62,904,760,824.0,1112,1850,1850,72351,18015.5266,20,True,PASS,passed,True,,,,572720976b602325,completed,"{'revision': 1, 'iterations': 80, 'sample_count': 20, 'measurement_iterations_multiplier': 4, 'warmup_iterations': 3, 'gpu_completion_mode': 'per_iteration', 'unit': 'us', 'direction': 'lower_is_better'}"
win,candidate,surface.cpu_read_clean_surface,20261005-115600009-52c75de52b884e459844b44514873e62,60.92,56,58.0,84,87,91,24497,18015.5266,100,True,PASS,passed,True,,,,aa32af524aa52325,completed,"{'revision': 1, 'iterations': 400, 'sample_count': 100, 'measurement_iterations_multiplier': 4, 'warmup_iterations': 3, 'gpu_completion_mode': 'per_iteration', 'unit': 'us', 'direction': 'lower_is_better'}"
win,candidate,surface.framebuffer_working_set_002,20261005-115600009-52c75de52b884e459844b44514873e62,1260.65,1092,1240.5,1454,1578,1578,100875,18015.5266,20,True,PASS,failed,True,,,,9f3b0609a42777d5,completed,"{'revision': 1, 'iterations': 80, 'sample_count': 20, 'measurement_iterations_multiplier': 4, 'warmup_iterations': 3, 'gpu_completion_mode': 'per_iteration', 'unit': 'us', 'direction': 'lower_is_better'}"
win,candidate,surface.framebuffer_working_set_008,20261005-115600009-52c75de52b884e459844b44514873e62,1407.1,1221,1328.0,1701,1737,1737,112608,18015.5266,20,True,PASS,failed,True,,,,64cbf95dec8f59e5,completed,"{'revision': 1, 'iterations': 80, 'sample_count': 20, 'measurement_iterations_multiplier': 4, 'warmup_iterations': 3, 'gpu_completion_mode': 'per_iteration', 'unit': 'us', 'direction': 'lower_is_better'}"
win,candidate,surface.framebuffer_working_set_032,20261005-115600009-52c75de52b884e459844b44514873e62,1317.85,1088,1208.0,1629,2075,2075,105461,18015.5266,20,True,PASS,failed,True,,,,a6116feb11a28c25,completed,"{'revision': 1, 'iterations': 80, 'sample_count': 20, 'measurement_iterations_multiplier': 4, 'warmup_iterations': 3, 'gpu_completion_mode': 'per_iteration', 'unit': 'us', 'direction': 'lower_is_better'}"
win,candidate,surface.framebuffer_working_set_064,20261005-115600009-52c75de52b884e459844b44514873e62,1316.5,1146,1248.5,1617,1625,1625,105353,18015.5266,20,True,PASS,failed,True,,,,a6116feb11a28c25,completed,"{'revision': 1, 'iterations': 80, 'sample_count': 20, 'measurement_iterations_multiplier': 4, 'warmup_iterations': 3, 'gpu_completion_mode': 'per_iteration', 'unit': 'us', 'direction': 'lower_is_better'}"
win,candidate,surface.full_clear_elision_guard,20261005-115600009-52c75de52b884e459844b44514873e62,1588.82,1504,1537.0,1815,2075,2150,635667,18015.5266,100,True,PASS,failed,True,,,,d91a0e75979a1f25,completed,"{'revision': 1, 'iterations': 400, 'sample_count': 100, 'measurement_iterations_multiplier': 4, 'warmup_iterations': 3, 'gpu_completion_mode': 'per_iteration', 'unit': 'us', 'direction': 'lower_is_better'}"
win,candidate,surface.overlapping_surface_churn_representative,20261005-115600009-52c75de52b884e459844b44514873e62,2119.26,2005,2060.5,2609,2841,3247,847864,18015.5266,100,True,PASS,failed,True,,,,caf66d4bf5691525,completed,"{'revision': 1, 'iterations': 400, 'sample_count': 100, 'measurement_iterations_multiplier': 4, 'warmup_iterations': 3, 'gpu_completion_mode': 'per_iteration', 'unit': 'us', 'direction': 'lower_is_better'}"
win,candidate,surface.overlapping_surface_churn_stress,20261005-115600009-52c75de52b884e459844b44514873e62,23207.4,22717,23212.0,23497,23497,23497,928311,18015.5266,10,True,PASS,failed,True,,,,caf66d4bf5691525,completed,"{'revision': 1, 'iterations': 40, 'sample_count': 10, 'measurement_iterations_multiplier': 4, 'warmup_iterations': 3, 'gpu_completion_mode': 'per_iteration', 'unit': 'us', 'direction': 'lower_is_better'}"
win,candidate,surface.partial_channel_clear_guard,20261005-115600009-52c75de52b884e459844b44514873e62,1609.06,1502,1541.0,1831,2188,3287,643778,18015.5266,100,True,PASS,failed,True,,,,eb2cb498aa73af25,completed,"{'revision': 1, 'iterations': 400, 'sample_count': 100, 'measurement_iterations_multiplier': 4, 'warmup_iterations': 3, 'gpu_completion_mode': 'per_iteration', 'unit': 'us', 'direction': 'lower_is_better'}"
win,candidate,surface.surface_download_path,20261005-115600009-52c75de52b884e459844b44514873e62,13590.3,13242,13639.0,13980,13980,13980,543633,18015.5266,10,True,PASS,failed,True,,,,2b0e8aac0f8838e8,completed,"{'revision': 1, 'iterations': 40, 'sample_count': 10, 'measurement_iterations_multiplier': 4, 'warmup_iterations': 3, 'gpu_completion_mode': 'per_iteration', 'unit': 'us', 'direction': 'lower_is_better'}"
win,candidate,surface.surface_list_lookup_002,20261005-115620641-96c5e73ff90241f0862a5d9d09f9ba87,1736.3,1510,1723.5,2013,2092,2092,138926,18140.3874,20,True,PASS,failed,True,,,,fa475bc695046525,completed,"{'revision': 1, 'iterations': 80, 'sample_count': 20, 'measurement_iterations_multiplier': 4, 'warmup_iterations': 3, 'gpu_completion_mode': 'per_iteration', 'unit': 'us', 'direction': 'lower_is_better'}"
win,candidate,surface.surface_list_lookup_008,20261005-115620641-96c5e73ff90241f0862a5d9d09f9ba87,1372.85,1128,1271.5,1664,2056,2056,109861,18140.3874,20,True,PASS,failed,True,,,,eaf6788dfe8d2f25,completed,"{'revision': 1, 'iterations': 80, 'sample_count': 20, 'measurement_iterations_multiplier': 4, 'warmup_iterations': 3, 'gpu_completion_mode': 'per_iteration', 'unit': 'us', 'direction': 'lower_is_better'}"
win,candidate,surface.surface_list_lookup_032,20261005-115620641-96c5e73ff90241f0862a5d9d09f9ba87,1328.15,1126,1276.0,1577,1599,1599,106279,18140.3874,20,True,PASS,failed,True,,,,c6275b91195a5325,completed,"{'revision': 1, 'iterations': 80, 'sample_count': 20, 'measurement_iterations_multiplier': 4, 'warmup_iterations': 3, 'gpu_completion_mode': 'per_iteration', 'unit': 'us', 'direction': 'lower_is_better'}"
win,candidate,surface.surface_list_lookup_128,20261005-115620641-96c5e73ff90241f0862a5d9d09f9ba87,1341.95,1185,1239.0,1716,1718,1718,107381,18140.3874,20,True,PASS,failed,True,,,,c6275b91195a5325,completed,"{'revision': 1, 'iterations': 80, 'sample_count': 20, 'measurement_iterations_multiplier': 4, 'warmup_iterations': 3, 'gpu_completion_mode': 'per_iteration', 'unit': 'us', 'direction': 'lower_is_better'}"
win,candidate,surface.vulkan_memory_pressure.representative.growth,20261005-115620641-96c5e73ff90241f0862a5d9d09f9ba87,12443.5,12204,12414.0,12742,12742,12742,199100,18140.3874,4,True,PASS,failed,True,,,,1b85a83206804325,completed,"{'revision': 1, 'iterations': 16, 'sample_count': 4, 'measurement_iterations_multiplier': 4, 'warmup_iterations': 3, 'gpu_completion_mode': 'per_iteration', 'unit': 'us', 'direction': 'lower_is_better'}"
win,candidate,surface.vulkan_memory_pressure.representative.plateau,20261005-115620641-96c5e73ff90241f0862a5d9d09f9ba87,12744.75,12340,12810.0,13019,13019,13019,203922,18140.3874,4,True,PASS,failed,True,,,,94973dc83ee12325,completed,"{'revision': 1, 'iterations': 16, 'sample_count': 4, 'measurement_iterations_multiplier': 4, 'warmup_iterations': 3, 'gpu_completion_mode': 'per_iteration', 'unit': 'us', 'direction': 'lower_is_better'}"
win,candidate,surface.vulkan_memory_pressure.representative.alias_resize,20261005-115620641-96c5e73ff90241f0862a5d9d09f9ba87,12717,12210,12660.5,13337,13337,13337,203478,18140.3874,4,True,PASS,failed,True,,,,7e3cba40d2e56b25,completed,"{'revision': 1, 'iterations': 16, 'sample_count': 4, 'measurement_iterations_multiplier': 4, 'warmup_iterations': 3, 'gpu_completion_mode': 'per_iteration', 'unit': 'us', 'direction': 'lower_is_better'}"
win,candidate,surface.vulkan_memory_pressure.representative.reuse,20261005-115620641-96c5e73ff90241f0862a5d9d09f9ba87,12783.75,12099,12958.0,13120,13120,13120,204545,18140.3874,4,True,PASS,failed,True,,,,834dc31dcb46cb25,completed,"{'revision': 1, 'iterations': 16, 'sample_count': 4, 'measurement_iterations_multiplier': 4, 'warmup_iterations': 3, 'gpu_completion_mode': 'per_iteration', 'unit': 'us', 'direction': 'lower_is_better'}"
win,candidate,surface.vulkan_memory_pressure.representative.idle_retention,20261005-115620641-96c5e73ff90241f0862a5d9d09f9ba87,980.5,776,1037.0,1072,1072,1072,15700,18140.3874,4,True,PASS,failed,True,,,,e45ec923aeb05125,completed,"{'revision': 1, 'iterations': 16, 'sample_count': 4, 'measurement_iterations_multiplier': 4, 'warmup_iterations': 3, 'gpu_completion_mode': 'per_iteration', 'unit': 'us', 'direction': 'lower_is_better'}"
win,candidate,surface.vulkan_memory_pressure.stress.growth,20261005-115620641-96c5e73ff90241f0862a5d9d09f9ba87,47715.75,47617,47689.5,47867,47867,47867,763455,18140.3874,4,True,PASS,failed,True,,,,16b728a467be7f25,completed,"{'revision': 1, 'iterations': 16, 'sample_count': 4, 'measurement_iterations_multiplier': 4, 'warmup_iterations': 3, 'gpu_completion_mode': 'per_iteration', 'unit': 'us', 'direction': 'lower_is_better'}"
win,candidate,surface.vulkan_memory_pressure.stress.plateau,20261005-115620641-96c5e73ff90241f0862a5d9d09f9ba87,47694.25,47427,47764.0,47822,47822,47822,763114,18140.3874,4,True,PASS,failed,True,,,,2936a367d6aa6725,completed,"{'revision': 1, 'iterations': 16, 'sample_count': 4, 'measurement_iterations_multiplier': 4, 'warmup_iterations': 3, 'gpu_completion_mode': 'per_iteration', 'unit': 'us', 'direction': 'lower_is_better'}"
win,candidate,surface.vulkan_memory_pressure.stress.alias_resize,20261005-115620641-96c5e73ff90241f0862a5d9d09f9ba87,51690.75,50755,51898.0,52212,52212,52212,827059,18140.3874,4,True,PASS,failed,True,,,,d5ab377572e54f25,completed,"{'revision': 1, 'iterations': 16, 'sample_count': 4, 'measurement_iterations_multiplier': 4, 'warmup_iterations': 3, 'gpu_completion_mode': 'per_iteration', 'unit': 'us', 'direction': 'lower_is_better'}"
win,candidate,surface.vulkan_memory_pressure.stress.reuse,20261005-115620641-96c5e73ff90241f0862a5d9d09f9ba87,50948.25,50335,50829.5,51799,51799,51799,815179,18140.3874,4,True,PASS,failed,True,,,,12e4fbb929c6c725,completed,"{'revision': 1, 'iterations': 16, 'sample_count': 4, 'measurement_iterations_multiplier': 4, 'warmup_iterations': 3, 'gpu_completion_mode': 'per_iteration', 'unit': 'us', 'direction': 'lower_is_better'}"
win,candidate,surface.vulkan_memory_pressure.stress.idle_retention,20261005-115620641-96c5e73ff90241f0862a5d9d09f9ba87,588.25,571,590.5,601,601,601,9417,18140.3874,4,True,PASS,failed,True,,,,0289a35e3cbf6925,completed,"{'revision': 1, 'iterations': 16, 'sample_count': 4, 'measurement_iterations_multiplier': 4, 'warmup_iterations': 3, 'gpu_completion_mode': 'per_iteration', 'unit': 'us', 'direction': 'lower_is_better'}"
win,candidate,tiny_draw.arrays.fixed_function,20261005-115641408-f7975f6ca3c94fd995e6002de6e15b8b,31257.6,30689,31275.0,31871,31871,31871,1250318,20583.628,10,True,PASS,failed,True,,,,acf025546cf667b5,completed,"{'revision': 1, 'iterations': 40, 'sample_count': 10, 'measurement_iterations_multiplier': 4, 'warmup_iterations': 3, 'gpu_completion_mode': 'per_iteration', 'unit': 'us', 'direction': 'lower_is_better'}"
win,candidate,tiny_draw.arrays.vertex_shader,20261005-115641408-f7975f6ca3c94fd995e6002de6e15b8b,22960.5,22841,22962.5,23081,23081,23081,918430,20583.628,10,True,PASS,failed,True,,,,acf025546cf667b5,completed,"{'revision': 1, 'iterations': 40, 'sample_count': 10, 'measurement_iterations_multiplier': 4, 'warmup_iterations': 3, 'gpu_completion_mode': 'per_iteration', 'unit': 'us', 'direction': 'lower_is_better'}"
win,candidate,tiny_draw.inline_arrays.fixed_function,20261005-115641408-f7975f6ca3c94fd995e6002de6e15b8b,28179.1,27644,28232.5,28585,28585,28585,1127182,20583.628,10,True,PASS,failed,True,,,,acf025546cf667b5,completed,"{'revision': 1, 'iterations': 40, 'sample_count': 10, 'measurement_iterations_multiplier': 4, 'warmup_iterations': 3, 'gpu_completion_mode': 'per_iteration', 'unit': 'us', 'direction': 'lower_is_better'}"
win,candidate,tiny_draw.inline_arrays.vertex_shader,20261005-115641408-f7975f6ca3c94fd995e6002de6e15b8b,27577.1,27372,27481.0,28402,28402,28402,1103100,20583.628,10,True,PASS,failed,True,,,,acf025546cf667b5,completed,"{'revision': 1, 'iterations': 40, 'sample_count': 10, 'measurement_iterations_multiplier': 4, 'warmup_iterations': 3, 'gpu_completion_mode': 'per_iteration', 'unit': 'us', 'direction': 'lower_is_better'}"
win,candidate,tiny_draw.inline_buffers.fixed_function,20261005-115641408-f7975f6ca3c94fd995e6002de6e15b8b,17431.5,17357,17442.5,17491,17491,17491,697270,20583.628,10,True,PASS,failed,True,,,,acf025546cf667b5,completed,"{'revision': 1, 'iterations': 40, 'sample_count': 10, 'measurement_iterations_multiplier': 4, 'warmup_iterations': 3, 'gpu_completion_mode': 'per_iteration', 'unit': 'us', 'direction': 'lower_is_better'}"
win,candidate,tiny_draw.inline_buffers.vertex_shader,20261005-115641408-f7975f6ca3c94fd995e6002de6e15b8b,17496.6,17339,17468.0,17963,17963,17963,699880,20583.628,10,True,PASS,failed,True,,,,acf025546cf667b5,completed,"{'revision': 1, 'iterations': 40, 'sample_count': 10, 'measurement_iterations_multiplier': 4, 'warmup_iterations': 3, 'gpu_completion_mode': 'per_iteration', 'unit': 'us', 'direction': 'lower_is_better'}"
win,candidate,tiny_draw.inline_elements.fixed_function,20261005-115641408-f7975f6ca3c94fd995e6002de6e15b8b,22941.1,22785,22972.0,23076,23076,23076,917660,20583.628,10,True,PASS,failed,True,,,,acf025546cf667b5,completed,"{'revision': 1, 'iterations': 40, 'sample_count': 10, 'measurement_iterations_multiplier': 4, 'warmup_iterations': 3, 'gpu_completion_mode': 'per_iteration', 'unit': 'us', 'direction': 'lower_is_better'}"
win,candidate,tiny_draw.inline_elements.vertex_shader,20261005-115641408-f7975f6ca3c94fd995e6002de6e15b8b,23145.2,23046,23153.0,23266,23266,23266,925825,20583.628,10,True,PASS,failed,True,,,,acf025546cf667b5,completed,"{'revision': 1, 'iterations': 40, 'sample_count': 10, 'measurement_iterations_multiplier': 4, 'warmup_iterations': 3, 'gpu_completion_mode': 'per_iteration', 'unit': 'us', 'direction': 'lower_is_better'}"
win,candidate,uniform_thrash.uniform_thrash,20261005-115704611-158d0aec4f6b417bb10146f553eb5cea,1678.3,1581,1662.0,1828,1828,1828,67148,12512.5634,10,True,PASS,failed,True,,,,09eb5907ef624c25,completed,"{'revision': 1, 'iterations': 40, 'sample_count': 10, 'measurement_iterations_multiplier': 4, 'warmup_iterations': 3, 'gpu_completion_mode': 'per_iteration', 'unit': 'us', 'direction': 'lower_is_better'}"
win,candidate,vertex_buffer_allocation.mixed.arrays,20261005-115719739-c08e53eb94b248a895ba5a4193711cc9,30083.5,28945,29566.0,31754,31754,31754,1203361,63740.8107,10,True,PASS,not evaluated,True,,,,377e6c029807f325,completed,"{'revision': 1, 'iterations': 40, 'sample_count': 10, 'measurement_iterations_multiplier': 4, 'warmup_iterations': 3, 'gpu_completion_mode': 'per_iteration', 'unit': 'us', 'direction': 'lower_is_better'}"
win,candidate,vertex_buffer_allocation.mixed.inline_arrays,20261005-115719739-c08e53eb94b248a895ba5a4193711cc9,225674.3,223289,225412.0,229288,229288,229288,9026985,63740.8107,10,True,PASS,not evaluated,True,,,,377e6c029807f325,completed,"{'revision': 1, 'iterations': 40, 'sample_count': 10, 'measurement_iterations_multiplier': 4, 'warmup_iterations': 3, 'gpu_completion_mode': 'per_iteration', 'unit': 'us', 'direction': 'lower_is_better'}"
win,candidate,vertex_buffer_allocation.mixed.inline_buffers,20261005-115719739-c08e53eb94b248a895ba5a4193711cc9,624107.8,620887,624201.0,626283,626283,626283,24964328,63740.8107,10,True,PASS,not evaluated,True,,,,377e6c029807f325,completed,"{'revision': 1, 'iterations': 40, 'sample_count': 10, 'measurement_iterations_multiplier': 4, 'warmup_iterations': 3, 'gpu_completion_mode': 'per_iteration', 'unit': 'us', 'direction': 'lower_is_better'}"
win,candidate,vertex_buffer_allocation.mixed.inline_elements,20261005-115719739-c08e53eb94b248a895ba5a4193711cc9,32713.7,32150,32728.5,33329,33329,33329,1308567,63740.8107,10,True,PASS,not evaluated,True,,,,377e6c029807f325,completed,"{'revision': 1, 'iterations': 40, 'sample_count': 10, 'measurement_iterations_multiplier': 4, 'warmup_iterations': 3, 'gpu_completion_mode': 'per_iteration', 'unit': 'us', 'direction': 'lower_is_better'}"
win,candidate,vertex_buffer_allocation.tiny.arrays,20261005-115719739-c08e53eb94b248a895ba5a4193711cc9,32863.4,31818,32972.0,33192,33192,33192,1314553,63740.8107,10,True,PASS,not evaluated,True,,,,377e6c029807f325,completed,"{'revision': 1, 'iterations': 40, 'sample_count': 10, 'measurement_iterations_multiplier': 4, 'warmup_iterations': 3, 'gpu_completion_mode': 'per_iteration', 'unit': 'us', 'direction': 'lower_is_better'}"
win,candidate,vertex_buffer_allocation.tiny.inline_arrays,20261005-115719739-c08e53eb94b248a895ba5a4193711cc9,35710.9,35456,35708.0,35989,35989,35989,1428447,63740.8107,10,True,PASS,not evaluated,True,,,,377e6c029807f325,completed,"{'revision': 1, 'iterations': 40, 'sample_count': 10, 'measurement_iterations_multiplier': 4, 'warmup_iterations': 3, 'gpu_completion_mode': 'per_iteration', 'unit': 'us', 'direction': 'lower_is_better'}"
win,candidate,vertex_buffer_allocation.tiny.inline_buffers,20261005-115719739-c08e53eb94b248a895ba5a4193711cc9,35092.6,34823,35037.0,35479,35479,35479,1403714,63740.8107,10,True,PASS,not evaluated,True,,,,377e6c029807f325,completed,"{'revision': 1, 'iterations': 40, 'sample_count': 10, 'measurement_iterations_multiplier': 4, 'warmup_iterations': 3, 'gpu_completion_mode': 'per_iteration', 'unit': 'us', 'direction': 'lower_is_better'}"
win,candidate,vertex_buffer_allocation.tiny.inline_elements,20261005-115719739-c08e53eb94b248a895ba5a4193711cc9,33066.4,31586,33266.5,33504,33504,33504,1322671,63740.8107,10,True,PASS,not evaluated,True,,,,377e6c029807f325,completed,"{'revision': 1, 'iterations': 40, 'sample_count': 10, 'measurement_iterations_multiplier': 4, 'warmup_iterations': 3, 'gpu_completion_mode': 'per_iteration', 'unit': 'us', 'direction': 'lower_is_better'}"
win,candidate,vertex_buffer_allocation.rising_transient_growth,20261005-115719739-c08e53eb94b248a895ba5a4193711cc9,658773,658773,658773,658773,658773,658773,2635094,63740.8107,1,True,PASS,not evaluated,False,,,,377e6c029807f325,completed,"{'revision': 1, 'iterations': 4, 'sample_count': 1, 'measurement_iterations_multiplier': 4, 'warmup_iterations': 3, 'gpu_completion_mode': 'per_iteration', 'unit': 'us', 'direction': 'lower_is_better'}"
win,candidate,vertex_buffer_allocation.disjoint_same_page,20261005-115719739-c08e53eb94b248a895ba5a4193711cc9,29620.2,24880,29924.0,32436,32436,32436,1184822,63740.8107,10,True,PASS,not evaluated,True,,,,fdcd25a37910bb25,completed,"{'revision': 1, 'iterations': 40, 'sample_count': 10, 'measurement_iterations_multiplier': 4, 'warmup_iterations': 3, 'gpu_completion_mode': 'per_iteration', 'unit': 'us', 'direction': 'lower_is_better'}"
